<?xml version="1.0" encoding="UTF-8"?>
<gpx version="1.1" creator="strava_segment_to_gpx"
     xmlns="http://www.topografix.com/GPX/1/1">
  <trk>
    <name>Capanne Di Cosola (Pianellette)</name>
    <trkseg>
      <trkpt lat="44.688101" lon="9.306472"><ele>394.1</ele></trkpt>
      <trkpt lat="44.688122" lon="9.306470"><ele>394.1</ele></trkpt>
      <trkpt lat="44.688143" lon="9.306468"><ele>394.1</ele></trkpt>
      <trkpt lat="44.688168" lon="9.306473"><ele>394.1</ele></trkpt>
      <trkpt lat="44.688195" lon="9.306477"><ele>394.1</ele></trkpt>
      <trkpt lat="44.688220" lon="9.306482"><ele>394.1</ele></trkpt>
      <trkpt lat="44.688248" lon="9.306487"><ele>394.1</ele></trkpt>
      <trkpt lat="44.688280" lon="9.306490"><ele>394.2</ele></trkpt>
      <trkpt lat="44.688310" lon="9.306493"><ele>394.2</ele></trkpt>
      <trkpt lat="44.688343" lon="9.306497"><ele>394.2</ele></trkpt>
      <trkpt lat="44.688380" lon="9.306497"><ele>394.2</ele></trkpt>
      <trkpt lat="44.688415" lon="9.306495"><ele>394.2</ele></trkpt>
      <trkpt lat="44.688450" lon="9.306492"><ele>394.1</ele></trkpt>
      <trkpt lat="44.688488" lon="9.306482"><ele>394.1</ele></trkpt>
      <trkpt lat="44.688522" lon="9.306472"><ele>394.1</ele></trkpt>
      <trkpt lat="44.688550" lon="9.306460"><ele>394.2</ele></trkpt>
      <trkpt lat="44.688575" lon="9.306442"><ele>394.2</ele></trkpt>
      <trkpt lat="44.688598" lon="9.306418"><ele>394.2</ele></trkpt>
      <trkpt lat="44.688620" lon="9.306392"><ele>394.3</ele></trkpt>
      <trkpt lat="44.688643" lon="9.306365"><ele>394.3</ele></trkpt>
      <trkpt lat="44.688665" lon="9.306338"><ele>394.4</ele></trkpt>
      <trkpt lat="44.688685" lon="9.306313"><ele>394.4</ele></trkpt>
      <trkpt lat="44.688712" lon="9.306282"><ele>394.5</ele></trkpt>
      <trkpt lat="44.688725" lon="9.306260"><ele>394.6</ele></trkpt>
      <trkpt lat="44.688742" lon="9.306238"><ele>394.6</ele></trkpt>
      <trkpt lat="44.688760" lon="9.306208"><ele>394.7</ele></trkpt>
      <trkpt lat="44.688775" lon="9.306170"><ele>394.8</ele></trkpt>
      <trkpt lat="44.688790" lon="9.306135"><ele>394.8</ele></trkpt>
      <trkpt lat="44.688807" lon="9.306102"><ele>394.9</ele></trkpt>
      <trkpt lat="44.688822" lon="9.306068"><ele>395.0</ele></trkpt>
      <trkpt lat="44.688839" lon="9.306015"><ele>395.2</ele></trkpt>
      <trkpt lat="44.688845" lon="9.305998"><ele>395.2</ele></trkpt>
      <trkpt lat="44.688860" lon="9.305967"><ele>395.3</ele></trkpt>
      <trkpt lat="44.688877" lon="9.305932"><ele>395.4</ele></trkpt>
      <trkpt lat="44.688890" lon="9.305893"><ele>395.5</ele></trkpt>
      <trkpt lat="44.688897" lon="9.305863"><ele>395.6</ele></trkpt>
      <trkpt lat="44.688902" lon="9.305830"><ele>395.7</ele></trkpt>
      <trkpt lat="44.688907" lon="9.305802"><ele>395.8</ele></trkpt>
      <trkpt lat="44.688910" lon="9.305773"><ele>395.8</ele></trkpt>
      <trkpt lat="44.688917" lon="9.305738"><ele>395.9</ele></trkpt>
      <trkpt lat="44.688927" lon="9.305702"><ele>396.0</ele></trkpt>
      <trkpt lat="44.688942" lon="9.305663"><ele>396.2</ele></trkpt>
      <trkpt lat="44.688950" lon="9.305612"><ele>396.3</ele></trkpt>
      <trkpt lat="44.688960" lon="9.305557"><ele>396.4</ele></trkpt>
      <trkpt lat="44.688965" lon="9.305502"><ele>396.6</ele></trkpt>
      <trkpt lat="44.688970" lon="9.305447"><ele>396.7</ele></trkpt>
      <trkpt lat="44.688975" lon="9.305390"><ele>396.8</ele></trkpt>
      <trkpt lat="44.688977" lon="9.305340"><ele>397.0</ele></trkpt>
      <trkpt lat="44.688983" lon="9.305295"><ele>397.1</ele></trkpt>
      <trkpt lat="44.688987" lon="9.305257"><ele>397.2</ele></trkpt>
      <trkpt lat="44.688992" lon="9.305222"><ele>397.3</ele></trkpt>
      <trkpt lat="44.689000" lon="9.305188"><ele>397.4</ele></trkpt>
      <trkpt lat="44.689012" lon="9.305150"><ele>397.6</ele></trkpt>
      <trkpt lat="44.689023" lon="9.305113"><ele>397.7</ele></trkpt>
      <trkpt lat="44.689038" lon="9.305082"><ele>397.8</ele></trkpt>
      <trkpt lat="44.689048" lon="9.305055"><ele>397.9</ele></trkpt>
      <trkpt lat="44.689060" lon="9.305025"><ele>398.0</ele></trkpt>
      <trkpt lat="44.689068" lon="9.305003"><ele>398.1</ele></trkpt>
      <trkpt lat="44.689078" lon="9.304975"><ele>398.2</ele></trkpt>
      <trkpt lat="44.689090" lon="9.304948"><ele>398.3</ele></trkpt>
      <trkpt lat="44.689103" lon="9.304920"><ele>398.4</ele></trkpt>
      <trkpt lat="44.689112" lon="9.304897"><ele>398.5</ele></trkpt>
      <trkpt lat="44.689122" lon="9.304878"><ele>398.7</ele></trkpt>
      <trkpt lat="44.689138" lon="9.304853"><ele>398.8</ele></trkpt>
      <trkpt lat="44.689148" lon="9.304828"><ele>399.0</ele></trkpt>
      <trkpt lat="44.689167" lon="9.304795"><ele>399.2</ele></trkpt>
      <trkpt lat="44.689178" lon="9.304772"><ele>399.4</ele></trkpt>
      <trkpt lat="44.689185" lon="9.304748"><ele>399.6</ele></trkpt>
      <trkpt lat="44.689198" lon="9.304727"><ele>399.8</ele></trkpt>
      <trkpt lat="44.689207" lon="9.304710"><ele>399.9</ele></trkpt>
      <trkpt lat="44.689222" lon="9.304688"><ele>400.1</ele></trkpt>
      <trkpt lat="44.689228" lon="9.304670"><ele>400.3</ele></trkpt>
      <trkpt lat="44.689228" lon="9.304643"><ele>400.4</ele></trkpt>
      <trkpt lat="44.689240" lon="9.304612"><ele>400.7</ele></trkpt>
      <trkpt lat="44.689250" lon="9.304590"><ele>400.9</ele></trkpt>
      <trkpt lat="44.689260" lon="9.304572"><ele>401.0</ele></trkpt>
      <trkpt lat="44.689270" lon="9.304557"><ele>401.2</ele></trkpt>
      <trkpt lat="44.689272" lon="9.304537"><ele>401.3</ele></trkpt>
      <trkpt lat="44.689282" lon="9.304508"><ele>401.5</ele></trkpt>
      <trkpt lat="44.689288" lon="9.304485"><ele>401.7</ele></trkpt>
      <trkpt lat="44.689295" lon="9.304457"><ele>401.9</ele></trkpt>
      <trkpt lat="44.689307" lon="9.304428"><ele>402.1</ele></trkpt>
      <trkpt lat="44.689312" lon="9.304400"><ele>402.3</ele></trkpt>
      <trkpt lat="44.689310" lon="9.304378"><ele>402.4</ele></trkpt>
      <trkpt lat="44.689313" lon="9.304350"><ele>402.6</ele></trkpt>
      <trkpt lat="44.689318" lon="9.304323"><ele>402.8</ele></trkpt>
      <trkpt lat="44.689323" lon="9.304295"><ele>402.9</ele></trkpt>
      <trkpt lat="44.689325" lon="9.304270"><ele>403.1</ele></trkpt>
      <trkpt lat="44.689335" lon="9.304243"><ele>403.3</ele></trkpt>
      <trkpt lat="44.689342" lon="9.304213"><ele>403.5</ele></trkpt>
      <trkpt lat="44.689348" lon="9.304187"><ele>403.6</ele></trkpt>
      <trkpt lat="44.689357" lon="9.304162"><ele>403.8</ele></trkpt>
      <trkpt lat="44.689362" lon="9.304133"><ele>404.0</ele></trkpt>
      <trkpt lat="44.689363" lon="9.304107"><ele>404.1</ele></trkpt>
      <trkpt lat="44.689372" lon="9.304082"><ele>404.3</ele></trkpt>
      <trkpt lat="44.689382" lon="9.304058"><ele>404.4</ele></trkpt>
      <trkpt lat="44.689392" lon="9.304033"><ele>404.6</ele></trkpt>
      <trkpt lat="44.689403" lon="9.304010"><ele>404.7</ele></trkpt>
      <trkpt lat="44.689415" lon="9.303987"><ele>404.9</ele></trkpt>
      <trkpt lat="44.689423" lon="9.303967"><ele>405.0</ele></trkpt>
      <trkpt lat="44.689428" lon="9.303952"><ele>405.1</ele></trkpt>
      <trkpt lat="44.689440" lon="9.303935"><ele>405.2</ele></trkpt>
      <trkpt lat="44.689445" lon="9.303917"><ele>405.3</ele></trkpt>
      <trkpt lat="44.689450" lon="9.303893"><ele>405.4</ele></trkpt>
      <trkpt lat="44.689450" lon="9.303868"><ele>405.6</ele></trkpt>
      <trkpt lat="44.689460" lon="9.303848"><ele>405.7</ele></trkpt>
      <trkpt lat="44.689483" lon="9.303828"><ele>405.9</ele></trkpt>
      <trkpt lat="44.689513" lon="9.303798"><ele>406.1</ele></trkpt>
      <trkpt lat="44.689540" lon="9.303772"><ele>406.4</ele></trkpt>
      <trkpt lat="44.689553" lon="9.303752"><ele>406.5</ele></trkpt>
      <trkpt lat="44.689572" lon="9.303725"><ele>406.7</ele></trkpt>
      <trkpt lat="44.689590" lon="9.303697"><ele>406.9</ele></trkpt>
      <trkpt lat="44.689600" lon="9.303677"><ele>407.0</ele></trkpt>
      <trkpt lat="44.689615" lon="9.303662"><ele>407.1</ele></trkpt>
      <trkpt lat="44.689633" lon="9.303638"><ele>407.3</ele></trkpt>
      <trkpt lat="44.689650" lon="9.303617"><ele>407.4</ele></trkpt>
      <trkpt lat="44.689672" lon="9.303593"><ele>407.6</ele></trkpt>
      <trkpt lat="44.689687" lon="9.303568"><ele>407.8</ele></trkpt>
      <trkpt lat="44.689700" lon="9.303548"><ele>407.9</ele></trkpt>
      <trkpt lat="44.689713" lon="9.303525"><ele>408.0</ele></trkpt>
      <trkpt lat="44.689728" lon="9.303505"><ele>408.2</ele></trkpt>
      <trkpt lat="44.689738" lon="9.303485"><ele>408.3</ele></trkpt>
      <trkpt lat="44.689748" lon="9.303467"><ele>408.5</ele></trkpt>
      <trkpt lat="44.689763" lon="9.303445"><ele>408.6</ele></trkpt>
      <trkpt lat="44.689775" lon="9.303425"><ele>408.8</ele></trkpt>
      <trkpt lat="44.689787" lon="9.303407"><ele>408.9</ele></trkpt>
      <trkpt lat="44.689803" lon="9.303390"><ele>409.1</ele></trkpt>
      <trkpt lat="44.689815" lon="9.303373"><ele>409.2</ele></trkpt>
      <trkpt lat="44.689832" lon="9.303357"><ele>409.4</ele></trkpt>
      <trkpt lat="44.689857" lon="9.303320"><ele>409.7</ele></trkpt>
      <trkpt lat="44.689862" lon="9.303298"><ele>409.8</ele></trkpt>
      <trkpt lat="44.689872" lon="9.303282"><ele>410.0</ele></trkpt>
      <trkpt lat="44.689885" lon="9.303260"><ele>410.1</ele></trkpt>
      <trkpt lat="44.689898" lon="9.303240"><ele>410.3</ele></trkpt>
      <trkpt lat="44.689915" lon="9.303218"><ele>410.5</ele></trkpt>
      <trkpt lat="44.689932" lon="9.303190"><ele>410.7</ele></trkpt>
      <trkpt lat="44.689947" lon="9.303170"><ele>410.9</ele></trkpt>
      <trkpt lat="44.689970" lon="9.303145"><ele>411.1</ele></trkpt>
      <trkpt lat="44.689980" lon="9.303128"><ele>411.2</ele></trkpt>
      <trkpt lat="44.689992" lon="9.303105"><ele>411.4</ele></trkpt>
      <trkpt lat="44.690008" lon="9.303077"><ele>411.6</ele></trkpt>
      <trkpt lat="44.690030" lon="9.303048"><ele>411.9</ele></trkpt>
      <trkpt lat="44.690045" lon="9.303035"><ele>412.0</ele></trkpt>
      <trkpt lat="44.690087" lon="9.303010"><ele>412.4</ele></trkpt>
      <trkpt lat="44.690127" lon="9.302997"><ele>412.7</ele></trkpt>
      <trkpt lat="44.690162" lon="9.302992"><ele>412.9</ele></trkpt>
      <trkpt lat="44.690190" lon="9.302998"><ele>413.2</ele></trkpt>
      <trkpt lat="44.690212" lon="9.303007"><ele>413.3</ele></trkpt>
      <trkpt lat="44.690230" lon="9.303027"><ele>413.5</ele></trkpt>
      <trkpt lat="44.690240" lon="9.303052"><ele>413.6</ele></trkpt>
      <trkpt lat="44.690250" lon="9.303072"><ele>413.8</ele></trkpt>
      <trkpt lat="44.690252" lon="9.303098"><ele>413.9</ele></trkpt>
      <trkpt lat="44.690253" lon="9.303127"><ele>413.9</ele></trkpt>
      <trkpt lat="44.690252" lon="9.303157"><ele>413.9</ele></trkpt>
      <trkpt lat="44.690245" lon="9.303190"><ele>413.9</ele></trkpt>
      <trkpt lat="44.690237" lon="9.303225"><ele>413.9</ele></trkpt>
      <trkpt lat="44.690223" lon="9.303253"><ele>414.0</ele></trkpt>
      <trkpt lat="44.690208" lon="9.303280"><ele>414.0</ele></trkpt>
      <trkpt lat="44.690187" lon="9.303305"><ele>414.0</ele></trkpt>
      <trkpt lat="44.690163" lon="9.303327"><ele>414.0</ele></trkpt>
      <trkpt lat="44.690142" lon="9.303345"><ele>414.0</ele></trkpt>
      <trkpt lat="44.690117" lon="9.303362"><ele>414.0</ele></trkpt>
      <trkpt lat="44.690092" lon="9.303377"><ele>414.1</ele></trkpt>
      <trkpt lat="44.690070" lon="9.303393"><ele>414.1</ele></trkpt>
      <trkpt lat="44.690045" lon="9.303412"><ele>414.2</ele></trkpt>
      <trkpt lat="44.690023" lon="9.303432"><ele>414.2</ele></trkpt>
      <trkpt lat="44.690005" lon="9.303453"><ele>414.2</ele></trkpt>
      <trkpt lat="44.689985" lon="9.303480"><ele>414.3</ele></trkpt>
      <trkpt lat="44.689967" lon="9.303510"><ele>414.4</ele></trkpt>
      <trkpt lat="44.689953" lon="9.303540"><ele>414.4</ele></trkpt>
      <trkpt lat="44.689942" lon="9.303570"><ele>414.5</ele></trkpt>
      <trkpt lat="44.689933" lon="9.303605"><ele>414.5</ele></trkpt>
      <trkpt lat="44.689930" lon="9.303637"><ele>414.6</ele></trkpt>
      <trkpt lat="44.689932" lon="9.303672"><ele>414.6</ele></trkpt>
      <trkpt lat="44.689928" lon="9.303715"><ele>414.7</ele></trkpt>
      <trkpt lat="44.689938" lon="9.303752"><ele>414.8</ele></trkpt>
      <trkpt lat="44.689953" lon="9.303782"><ele>414.8</ele></trkpt>
      <trkpt lat="44.689983" lon="9.303802"><ele>414.9</ele></trkpt>
      <trkpt lat="44.690007" lon="9.303817"><ele>415.0</ele></trkpt>
      <trkpt lat="44.690033" lon="9.303822"><ele>415.2</ele></trkpt>
      <trkpt lat="44.690062" lon="9.303825"><ele>415.4</ele></trkpt>
      <trkpt lat="44.690085" lon="9.303822"><ele>415.5</ele></trkpt>
      <trkpt lat="44.690102" lon="9.303807"><ele>415.7</ele></trkpt>
      <trkpt lat="44.690118" lon="9.303792"><ele>415.8</ele></trkpt>
      <trkpt lat="44.690133" lon="9.303777"><ele>415.9</ele></trkpt>
      <trkpt lat="44.690153" lon="9.303758"><ele>416.1</ele></trkpt>
      <trkpt lat="44.690175" lon="9.303737"><ele>416.3</ele></trkpt>
      <trkpt lat="44.690202" lon="9.303707"><ele>416.6</ele></trkpt>
      <trkpt lat="44.690222" lon="9.303680"><ele>416.8</ele></trkpt>
      <trkpt lat="44.690237" lon="9.303655"><ele>416.9</ele></trkpt>
      <trkpt lat="44.690255" lon="9.303627"><ele>417.1</ele></trkpt>
      <trkpt lat="44.690270" lon="9.303602"><ele>417.3</ele></trkpt>
      <trkpt lat="44.690285" lon="9.303577"><ele>417.5</ele></trkpt>
      <trkpt lat="44.690300" lon="9.303557"><ele>417.7</ele></trkpt>
      <trkpt lat="44.690312" lon="9.303538"><ele>417.8</ele></trkpt>
      <trkpt lat="44.690337" lon="9.303513"><ele>418.1</ele></trkpt>
      <trkpt lat="44.690362" lon="9.303485"><ele>418.4</ele></trkpt>
      <trkpt lat="44.690378" lon="9.303470"><ele>418.5</ele></trkpt>
      <trkpt lat="44.690393" lon="9.303458"><ele>418.7</ele></trkpt>
      <trkpt lat="44.690410" lon="9.303448"><ele>418.9</ele></trkpt>
      <trkpt lat="44.690428" lon="9.303443"><ele>419.0</ele></trkpt>
      <trkpt lat="44.690448" lon="9.303435"><ele>419.3</ele></trkpt>
      <trkpt lat="44.690472" lon="9.303428"><ele>419.5</ele></trkpt>
      <trkpt lat="44.690493" lon="9.303425"><ele>419.8</ele></trkpt>
      <trkpt lat="44.690512" lon="9.303425"><ele>420.2</ele></trkpt>
      <trkpt lat="44.690533" lon="9.303420"><ele>420.6</ele></trkpt>
      <trkpt lat="44.690543" lon="9.303418"><ele>420.8</ele></trkpt>
      <trkpt lat="44.690568" lon="9.303408"><ele>421.4</ele></trkpt>
      <trkpt lat="44.690590" lon="9.303407"><ele>421.7</ele></trkpt>
      <trkpt lat="44.690613" lon="9.303410"><ele>421.8</ele></trkpt>
      <trkpt lat="44.690633" lon="9.303412"><ele>421.8</ele></trkpt>
      <trkpt lat="44.690655" lon="9.303415"><ele>421.5</ele></trkpt>
      <trkpt lat="44.690670" lon="9.303422"><ele>421.3</ele></trkpt>
      <trkpt lat="44.690690" lon="9.303428"><ele>421.4</ele></trkpt>
      <trkpt lat="44.690712" lon="9.303432"><ele>421.5</ele></trkpt>
      <trkpt lat="44.690735" lon="9.303433"><ele>421.7</ele></trkpt>
      <trkpt lat="44.690757" lon="9.303435"><ele>421.8</ele></trkpt>
      <trkpt lat="44.690795" lon="9.303423"><ele>422.0</ele></trkpt>
      <trkpt lat="44.690827" lon="9.303418"><ele>422.2</ele></trkpt>
      <trkpt lat="44.690850" lon="9.303415"><ele>422.4</ele></trkpt>
      <trkpt lat="44.690868" lon="9.303412"><ele>422.5</ele></trkpt>
      <trkpt lat="44.690887" lon="9.303407"><ele>422.6</ele></trkpt>
      <trkpt lat="44.690902" lon="9.303405"><ele>422.7</ele></trkpt>
      <trkpt lat="44.690920" lon="9.303403"><ele>422.9</ele></trkpt>
      <trkpt lat="44.690942" lon="9.303405"><ele>423.0</ele></trkpt>
      <trkpt lat="44.690962" lon="9.303405"><ele>423.2</ele></trkpt>
      <trkpt lat="44.690982" lon="9.303400"><ele>423.3</ele></trkpt>
      <trkpt lat="44.691008" lon="9.303395"><ele>423.5</ele></trkpt>
      <trkpt lat="44.691030" lon="9.303392"><ele>423.6</ele></trkpt>
      <trkpt lat="44.691047" lon="9.303385"><ele>423.8</ele></trkpt>
      <trkpt lat="44.691067" lon="9.303378"><ele>423.9</ele></trkpt>
      <trkpt lat="44.691082" lon="9.303378"><ele>424.0</ele></trkpt>
      <trkpt lat="44.691097" lon="9.303382"><ele>424.1</ele></trkpt>
      <trkpt lat="44.691107" lon="9.303385"><ele>424.2</ele></trkpt>
      <trkpt lat="44.691127" lon="9.303380"><ele>424.3</ele></trkpt>
      <trkpt lat="44.691147" lon="9.303373"><ele>424.5</ele></trkpt>
      <trkpt lat="44.691160" lon="9.303370"><ele>424.6</ele></trkpt>
      <trkpt lat="44.691172" lon="9.303358"><ele>424.7</ele></trkpt>
      <trkpt lat="44.691185" lon="9.303342"><ele>424.8</ele></trkpt>
      <trkpt lat="44.691202" lon="9.303318"><ele>424.9</ele></trkpt>
      <trkpt lat="44.691220" lon="9.303298"><ele>425.1</ele></trkpt>
      <trkpt lat="44.691247" lon="9.303272"><ele>425.3</ele></trkpt>
      <trkpt lat="44.691272" lon="9.303240"><ele>425.5</ele></trkpt>
      <trkpt lat="44.691292" lon="9.303213"><ele>425.7</ele></trkpt>
      <trkpt lat="44.691312" lon="9.303183"><ele>425.8</ele></trkpt>
      <trkpt lat="44.691327" lon="9.303155"><ele>426.0</ele></trkpt>
      <trkpt lat="44.691347" lon="9.303130"><ele>426.1</ele></trkpt>
      <trkpt lat="44.691365" lon="9.303103"><ele>426.3</ele></trkpt>
      <trkpt lat="44.691385" lon="9.303077"><ele>426.4</ele></trkpt>
      <trkpt lat="44.691395" lon="9.303058"><ele>426.5</ele></trkpt>
      <trkpt lat="44.691403" lon="9.303037"><ele>426.6</ele></trkpt>
      <trkpt lat="44.691408" lon="9.303013"><ele>426.7</ele></trkpt>
      <trkpt lat="44.691415" lon="9.302988"><ele>426.8</ele></trkpt>
      <trkpt lat="44.691428" lon="9.302963"><ele>426.9</ele></trkpt>
      <trkpt lat="44.691443" lon="9.302947"><ele>427.0</ele></trkpt>
      <trkpt lat="44.691455" lon="9.302928"><ele>427.0</ele></trkpt>
      <trkpt lat="44.691463" lon="9.302900"><ele>427.1</ele></trkpt>
      <trkpt lat="44.691478" lon="9.302873"><ele>427.2</ele></trkpt>
      <trkpt lat="44.691492" lon="9.302850"><ele>427.3</ele></trkpt>
      <trkpt lat="44.691500" lon="9.302825"><ele>427.4</ele></trkpt>
      <trkpt lat="44.691520" lon="9.302795"><ele>427.5</ele></trkpt>
      <trkpt lat="44.691535" lon="9.302755"><ele>427.7</ele></trkpt>
      <trkpt lat="44.691538" lon="9.302743"><ele>427.7</ele></trkpt>
      <trkpt lat="44.691552" lon="9.302713"><ele>427.8</ele></trkpt>
      <trkpt lat="44.691560" lon="9.302685"><ele>427.9</ele></trkpt>
      <trkpt lat="44.691570" lon="9.302663"><ele>428.0</ele></trkpt>
      <trkpt lat="44.691590" lon="9.302638"><ele>428.2</ele></trkpt>
      <trkpt lat="44.691600" lon="9.302613"><ele>428.3</ele></trkpt>
      <trkpt lat="44.691617" lon="9.302588"><ele>428.4</ele></trkpt>
      <trkpt lat="44.691635" lon="9.302560"><ele>428.5</ele></trkpt>
      <trkpt lat="44.691657" lon="9.302537"><ele>428.7</ele></trkpt>
      <trkpt lat="44.691670" lon="9.302512"><ele>428.8</ele></trkpt>
      <trkpt lat="44.691690" lon="9.302482"><ele>429.0</ele></trkpt>
      <trkpt lat="44.691702" lon="9.302460"><ele>429.1</ele></trkpt>
      <trkpt lat="44.691707" lon="9.302443"><ele>429.1</ele></trkpt>
      <trkpt lat="44.691725" lon="9.302427"><ele>429.3</ele></trkpt>
      <trkpt lat="44.691738" lon="9.302405"><ele>429.4</ele></trkpt>
      <trkpt lat="44.691747" lon="9.302383"><ele>429.5</ele></trkpt>
      <trkpt lat="44.691755" lon="9.302365"><ele>429.6</ele></trkpt>
      <trkpt lat="44.691772" lon="9.302350"><ele>429.7</ele></trkpt>
      <trkpt lat="44.691795" lon="9.302337"><ele>429.9</ele></trkpt>
      <trkpt lat="44.691818" lon="9.302327"><ele>430.0</ele></trkpt>
      <trkpt lat="44.691837" lon="9.302318"><ele>430.1</ele></trkpt>
      <trkpt lat="44.691863" lon="9.302303"><ele>430.3</ele></trkpt>
      <trkpt lat="44.691885" lon="9.302292"><ele>430.5</ele></trkpt>
      <trkpt lat="44.691913" lon="9.302280"><ele>430.7</ele></trkpt>
      <trkpt lat="44.691938" lon="9.302270"><ele>430.8</ele></trkpt>
      <trkpt lat="44.691957" lon="9.302258"><ele>431.0</ele></trkpt>
      <trkpt lat="44.691980" lon="9.302247"><ele>431.1</ele></trkpt>
      <trkpt lat="44.692002" lon="9.302243"><ele>431.3</ele></trkpt>
      <trkpt lat="44.692015" lon="9.302232"><ele>431.4</ele></trkpt>
      <trkpt lat="44.692028" lon="9.302220"><ele>431.5</ele></trkpt>
      <trkpt lat="44.692047" lon="9.302207"><ele>431.6</ele></trkpt>
      <trkpt lat="44.692068" lon="9.302198"><ele>431.8</ele></trkpt>
      <trkpt lat="44.692092" lon="9.302198"><ele>431.9</ele></trkpt>
      <trkpt lat="44.692107" lon="9.302198"><ele>432.0</ele></trkpt>
      <trkpt lat="44.692125" lon="9.302193"><ele>432.2</ele></trkpt>
      <trkpt lat="44.692142" lon="9.302182"><ele>432.3</ele></trkpt>
      <trkpt lat="44.692160" lon="9.302168"><ele>432.5</ele></trkpt>
      <trkpt lat="44.692173" lon="9.302153"><ele>432.6</ele></trkpt>
      <trkpt lat="44.692188" lon="9.302137"><ele>432.7</ele></trkpt>
      <trkpt lat="44.692198" lon="9.302120"><ele>432.8</ele></trkpt>
      <trkpt lat="44.692225" lon="9.302093"><ele>433.1</ele></trkpt>
      <trkpt lat="44.692248" lon="9.302067"><ele>433.3</ele></trkpt>
      <trkpt lat="44.692267" lon="9.302043"><ele>433.5</ele></trkpt>
      <trkpt lat="44.692285" lon="9.302025"><ele>433.6</ele></trkpt>
      <trkpt lat="44.692303" lon="9.302018"><ele>433.8</ele></trkpt>
      <trkpt lat="44.692317" lon="9.302013"><ele>433.9</ele></trkpt>
      <trkpt lat="44.692343" lon="9.301997"><ele>434.1</ele></trkpt>
      <trkpt lat="44.692360" lon="9.301983"><ele>434.2</ele></trkpt>
      <trkpt lat="44.692368" lon="9.301968"><ele>434.3</ele></trkpt>
      <trkpt lat="44.692385" lon="9.301947"><ele>434.5</ele></trkpt>
      <trkpt lat="44.692402" lon="9.301928"><ele>434.7</ele></trkpt>
      <trkpt lat="44.692428" lon="9.301905"><ele>434.9</ele></trkpt>
      <trkpt lat="44.692440" lon="9.301892"><ele>435.1</ele></trkpt>
      <trkpt lat="44.692457" lon="9.301877"><ele>435.2</ele></trkpt>
      <trkpt lat="44.692473" lon="9.301868"><ele>435.3</ele></trkpt>
      <trkpt lat="44.692485" lon="9.301855"><ele>435.5</ele></trkpt>
      <trkpt lat="44.692502" lon="9.301843"><ele>435.6</ele></trkpt>
      <trkpt lat="44.692525" lon="9.301827"><ele>435.8</ele></trkpt>
      <trkpt lat="44.692542" lon="9.301803"><ele>436.0</ele></trkpt>
      <trkpt lat="44.692563" lon="9.301780"><ele>436.3</ele></trkpt>
      <trkpt lat="44.692578" lon="9.301760"><ele>436.4</ele></trkpt>
      <trkpt lat="44.692595" lon="9.301733"><ele>436.7</ele></trkpt>
      <trkpt lat="44.692612" lon="9.301708"><ele>436.9</ele></trkpt>
      <trkpt lat="44.692622" lon="9.301692"><ele>437.0</ele></trkpt>
      <trkpt lat="44.692652" lon="9.301663"><ele>437.3</ele></trkpt>
      <trkpt lat="44.692663" lon="9.301642"><ele>437.4</ele></trkpt>
      <trkpt lat="44.692690" lon="9.301618"><ele>437.7</ele></trkpt>
      <trkpt lat="44.692702" lon="9.301602"><ele>437.8</ele></trkpt>
      <trkpt lat="44.692717" lon="9.301582"><ele>438.0</ele></trkpt>
      <trkpt lat="44.692730" lon="9.301567"><ele>438.1</ele></trkpt>
      <trkpt lat="44.692735" lon="9.301548"><ele>438.2</ele></trkpt>
      <trkpt lat="44.692738" lon="9.301530"><ele>438.3</ele></trkpt>
      <trkpt lat="44.692745" lon="9.301513"><ele>438.4</ele></trkpt>
      <trkpt lat="44.692757" lon="9.301497"><ele>438.6</ele></trkpt>
      <trkpt lat="44.692765" lon="9.301482"><ele>438.7</ele></trkpt>
      <trkpt lat="44.692792" lon="9.301452"><ele>439.0</ele></trkpt>
      <trkpt lat="44.692807" lon="9.301430"><ele>439.3</ele></trkpt>
      <trkpt lat="44.692823" lon="9.301415"><ele>439.4</ele></trkpt>
      <trkpt lat="44.692837" lon="9.301392"><ele>439.6</ele></trkpt>
      <trkpt lat="44.692853" lon="9.301370"><ele>439.8</ele></trkpt>
      <trkpt lat="44.692870" lon="9.301343"><ele>440.1</ele></trkpt>
      <trkpt lat="44.692890" lon="9.301313"><ele>440.4</ele></trkpt>
      <trkpt lat="44.692895" lon="9.301305"><ele>440.4</ele></trkpt>
      <trkpt lat="44.692912" lon="9.301283"><ele>440.7</ele></trkpt>
      <trkpt lat="44.692910" lon="9.301262"><ele>440.8</ele></trkpt>
      <trkpt lat="44.692912" lon="9.301237"><ele>441.0</ele></trkpt>
      <trkpt lat="44.692912" lon="9.301218"><ele>441.1</ele></trkpt>
      <trkpt lat="44.692927" lon="9.301195"><ele>441.3</ele></trkpt>
      <trkpt lat="44.692943" lon="9.301173"><ele>441.6</ele></trkpt>
      <trkpt lat="44.692957" lon="9.301158"><ele>441.7</ele></trkpt>
      <trkpt lat="44.692958" lon="9.301145"><ele>441.8</ele></trkpt>
      <trkpt lat="44.692967" lon="9.301140"><ele>441.9</ele></trkpt>
      <trkpt lat="44.692987" lon="9.301125"><ele>442.1</ele></trkpt>
      <trkpt lat="44.693005" lon="9.301117"><ele>442.3</ele></trkpt>
      <trkpt lat="44.693033" lon="9.301108"><ele>442.5</ele></trkpt>
      <trkpt lat="44.693063" lon="9.301097"><ele>442.8</ele></trkpt>
      <trkpt lat="44.693092" lon="9.301085"><ele>443.1</ele></trkpt>
      <trkpt lat="44.693112" lon="9.301083"><ele>443.2</ele></trkpt>
      <trkpt lat="44.693133" lon="9.301078"><ele>443.4</ele></trkpt>
      <trkpt lat="44.693143" lon="9.301073"><ele>443.4</ele></trkpt>
      <trkpt lat="44.693163" lon="9.301075"><ele>443.6</ele></trkpt>
      <trkpt lat="44.693185" lon="9.301075"><ele>443.7</ele></trkpt>
      <trkpt lat="44.693177" lon="9.301118"><ele>443.9</ele></trkpt>
      <trkpt lat="44.693195" lon="9.301138"><ele>444.0</ele></trkpt>
      <trkpt lat="44.693215" lon="9.301158"><ele>444.2</ele></trkpt>
      <trkpt lat="44.693230" lon="9.301175"><ele>444.3</ele></trkpt>
      <trkpt lat="44.693241" lon="9.301206"><ele>444.5</ele></trkpt>
      <trkpt lat="44.693245" lon="9.301217"><ele>444.5</ele></trkpt>
      <trkpt lat="44.693263" lon="9.301233"><ele>444.6</ele></trkpt>
      <trkpt lat="44.693278" lon="9.301253"><ele>444.8</ele></trkpt>
      <trkpt lat="44.693282" lon="9.301278"><ele>444.9</ele></trkpt>
      <trkpt lat="44.693292" lon="9.301300"><ele>445.0</ele></trkpt>
      <trkpt lat="44.693303" lon="9.301320"><ele>445.2</ele></trkpt>
      <trkpt lat="44.693312" lon="9.301342"><ele>445.3</ele></trkpt>
      <trkpt lat="44.693315" lon="9.301365"><ele>445.5</ele></trkpt>
      <trkpt lat="44.693323" lon="9.301385"><ele>445.6</ele></trkpt>
      <trkpt lat="44.693325" lon="9.301410"><ele>445.8</ele></trkpt>
      <trkpt lat="44.693330" lon="9.301433"><ele>445.9</ele></trkpt>
      <trkpt lat="44.693337" lon="9.301455"><ele>446.1</ele></trkpt>
      <trkpt lat="44.693342" lon="9.301480"><ele>446.3</ele></trkpt>
      <trkpt lat="44.693348" lon="9.301503"><ele>446.4</ele></trkpt>
      <trkpt lat="44.693355" lon="9.301527"><ele>446.6</ele></trkpt>
      <trkpt lat="44.693363" lon="9.301552"><ele>446.8</ele></trkpt>
      <trkpt lat="44.693368" lon="9.301573"><ele>446.9</ele></trkpt>
      <trkpt lat="44.693380" lon="9.301597"><ele>447.1</ele></trkpt>
      <trkpt lat="44.693392" lon="9.301622"><ele>447.3</ele></trkpt>
      <trkpt lat="44.693400" lon="9.301647"><ele>447.5</ele></trkpt>
      <trkpt lat="44.693420" lon="9.301665"><ele>447.7</ele></trkpt>
      <trkpt lat="44.693443" lon="9.301680"><ele>448.0</ele></trkpt>
      <trkpt lat="44.693473" lon="9.301693"><ele>448.2</ele></trkpt>
      <trkpt lat="44.693495" lon="9.301708"><ele>448.5</ele></trkpt>
      <trkpt lat="44.693515" lon="9.301722"><ele>448.6</ele></trkpt>
      <trkpt lat="44.693550" lon="9.301727"><ele>448.9</ele></trkpt>
      <trkpt lat="44.693582" lon="9.301730"><ele>449.2</ele></trkpt>
      <trkpt lat="44.693612" lon="9.301735"><ele>449.4</ele></trkpt>
      <trkpt lat="44.693632" lon="9.301738"><ele>449.5</ele></trkpt>
      <trkpt lat="44.693643" lon="9.301740"><ele>449.6</ele></trkpt>
      <trkpt lat="44.693662" lon="9.301737"><ele>449.7</ele></trkpt>
      <trkpt lat="44.693690" lon="9.301730"><ele>449.9</ele></trkpt>
      <trkpt lat="44.693710" lon="9.301720"><ele>450.0</ele></trkpt>
      <trkpt lat="44.693738" lon="9.301700"><ele>450.2</ele></trkpt>
      <trkpt lat="44.693762" lon="9.301687"><ele>450.3</ele></trkpt>
      <trkpt lat="44.693785" lon="9.301673"><ele>450.4</ele></trkpt>
      <trkpt lat="44.693805" lon="9.301655"><ele>450.6</ele></trkpt>
      <trkpt lat="44.693818" lon="9.301647"><ele>450.7</ele></trkpt>
      <trkpt lat="44.693828" lon="9.301635"><ele>450.7</ele></trkpt>
      <trkpt lat="44.693837" lon="9.301610"><ele>450.8</ele></trkpt>
      <trkpt lat="44.693862" lon="9.301588"><ele>451.0</ele></trkpt>
      <trkpt lat="44.693882" lon="9.301570"><ele>451.1</ele></trkpt>
      <trkpt lat="44.693898" lon="9.301562"><ele>451.2</ele></trkpt>
      <trkpt lat="44.693915" lon="9.301553"><ele>451.3</ele></trkpt>
      <trkpt lat="44.693925" lon="9.301542"><ele>451.4</ele></trkpt>
      <trkpt lat="44.693938" lon="9.301528"><ele>451.5</ele></trkpt>
      <trkpt lat="44.693957" lon="9.301505"><ele>451.7</ele></trkpt>
      <trkpt lat="44.693978" lon="9.301495"><ele>451.8</ele></trkpt>
      <trkpt lat="44.693992" lon="9.301477"><ele>451.9</ele></trkpt>
      <trkpt lat="44.694013" lon="9.301468"><ele>452.1</ele></trkpt>
      <trkpt lat="44.694030" lon="9.301460"><ele>452.2</ele></trkpt>
      <trkpt lat="44.694050" lon="9.301448"><ele>452.3</ele></trkpt>
      <trkpt lat="44.694067" lon="9.301437"><ele>452.5</ele></trkpt>
      <trkpt lat="44.694085" lon="9.301427"><ele>452.6</ele></trkpt>
      <trkpt lat="44.694107" lon="9.301405"><ele>452.8</ele></trkpt>
      <trkpt lat="44.694120" lon="9.301388"><ele>453.0</ele></trkpt>
      <trkpt lat="44.694135" lon="9.301373"><ele>453.1</ele></trkpt>
      <trkpt lat="44.694143" lon="9.301365"><ele>453.2</ele></trkpt>
      <trkpt lat="44.694158" lon="9.301357"><ele>453.3</ele></trkpt>
      <trkpt lat="44.694173" lon="9.301350"><ele>453.4</ele></trkpt>
      <trkpt lat="44.694190" lon="9.301340"><ele>453.6</ele></trkpt>
      <trkpt lat="44.694210" lon="9.301318"><ele>453.8</ele></trkpt>
      <trkpt lat="44.694228" lon="9.301303"><ele>454.0</ele></trkpt>
      <trkpt lat="44.694247" lon="9.301288"><ele>454.2</ele></trkpt>
      <trkpt lat="44.694260" lon="9.301273"><ele>454.3</ele></trkpt>
      <trkpt lat="44.694285" lon="9.301249"><ele>454.5</ele></trkpt>
      <trkpt lat="44.694293" lon="9.301242"><ele>454.6</ele></trkpt>
      <trkpt lat="44.694303" lon="9.301228"><ele>454.7</ele></trkpt>
      <trkpt lat="44.694317" lon="9.301212"><ele>454.9</ele></trkpt>
      <trkpt lat="44.694340" lon="9.301185"><ele>455.1</ele></trkpt>
      <trkpt lat="44.694353" lon="9.301167"><ele>455.3</ele></trkpt>
      <trkpt lat="44.694362" lon="9.301153"><ele>455.4</ele></trkpt>
      <trkpt lat="44.694372" lon="9.301135"><ele>455.6</ele></trkpt>
      <trkpt lat="44.694390" lon="9.301110"><ele>455.8</ele></trkpt>
      <trkpt lat="44.694400" lon="9.301090"><ele>455.9</ele></trkpt>
      <trkpt lat="44.694418" lon="9.301065"><ele>456.2</ele></trkpt>
      <trkpt lat="44.694432" lon="9.301047"><ele>456.3</ele></trkpt>
      <trkpt lat="44.694440" lon="9.301032"><ele>456.5</ele></trkpt>
      <trkpt lat="44.694455" lon="9.301010"><ele>456.7</ele></trkpt>
      <trkpt lat="44.694458" lon="9.301005"><ele>456.7</ele></trkpt>
      <trkpt lat="44.694460" lon="9.300995"><ele>456.8</ele></trkpt>
      <trkpt lat="44.694463" lon="9.300982"><ele>456.9</ele></trkpt>
      <trkpt lat="44.694472" lon="9.300970"><ele>457.0</ele></trkpt>
      <trkpt lat="44.694480" lon="9.300958"><ele>457.1</ele></trkpt>
      <trkpt lat="44.694492" lon="9.300940"><ele>457.2</ele></trkpt>
      <trkpt lat="44.694512" lon="9.300923"><ele>457.4</ele></trkpt>
      <trkpt lat="44.694520" lon="9.300912"><ele>457.5</ele></trkpt>
      <trkpt lat="44.694530" lon="9.300900"><ele>457.6</ele></trkpt>
      <trkpt lat="44.694545" lon="9.300890"><ele>457.8</ele></trkpt>
      <trkpt lat="44.694567" lon="9.300877"><ele>458.0</ele></trkpt>
      <trkpt lat="44.694585" lon="9.300863"><ele>458.1</ele></trkpt>
      <trkpt lat="44.694598" lon="9.300852"><ele>458.3</ele></trkpt>
      <trkpt lat="44.694612" lon="9.300842"><ele>458.4</ele></trkpt>
      <trkpt lat="44.694640" lon="9.300830"><ele>458.6</ele></trkpt>
      <trkpt lat="44.694668" lon="9.300820"><ele>458.9</ele></trkpt>
      <trkpt lat="44.694692" lon="9.300810"><ele>459.1</ele></trkpt>
      <trkpt lat="44.694710" lon="9.300807"><ele>459.2</ele></trkpt>
      <trkpt lat="44.694730" lon="9.300803"><ele>459.4</ele></trkpt>
      <trkpt lat="44.694750" lon="9.300800"><ele>459.6</ele></trkpt>
      <trkpt lat="44.694768" lon="9.300803"><ele>459.7</ele></trkpt>
      <trkpt lat="44.694788" lon="9.300808"><ele>459.9</ele></trkpt>
      <trkpt lat="44.694808" lon="9.300818"><ele>460.1</ele></trkpt>
      <trkpt lat="44.694828" lon="9.300827"><ele>460.2</ele></trkpt>
      <trkpt lat="44.694840" lon="9.300833"><ele>460.3</ele></trkpt>
      <trkpt lat="44.694843" lon="9.300838"><ele>460.3</ele></trkpt>
      <trkpt lat="44.694857" lon="9.300852"><ele>460.5</ele></trkpt>
      <trkpt lat="44.694875" lon="9.300865"><ele>460.6</ele></trkpt>
      <trkpt lat="44.694887" lon="9.300878"><ele>460.8</ele></trkpt>
      <trkpt lat="44.694912" lon="9.300888"><ele>461.0</ele></trkpt>
      <trkpt lat="44.694930" lon="9.300907"><ele>461.1</ele></trkpt>
      <trkpt lat="44.694945" lon="9.300922"><ele>461.3</ele></trkpt>
      <trkpt lat="44.694963" lon="9.300935"><ele>461.4</ele></trkpt>
      <trkpt lat="44.694985" lon="9.300945"><ele>461.6</ele></trkpt>
      <trkpt lat="44.695005" lon="9.300950"><ele>461.8</ele></trkpt>
      <trkpt lat="44.695027" lon="9.300952"><ele>461.9</ele></trkpt>
      <trkpt lat="44.695042" lon="9.300955"><ele>462.0</ele></trkpt>
      <trkpt lat="44.695058" lon="9.300953"><ele>462.2</ele></trkpt>
      <trkpt lat="44.695070" lon="9.300953"><ele>462.3</ele></trkpt>
      <trkpt lat="44.695075" lon="9.300962"><ele>462.3</ele></trkpt>
      <trkpt lat="44.695087" lon="9.300962"><ele>462.4</ele></trkpt>
      <trkpt lat="44.695097" lon="9.300962"><ele>462.5</ele></trkpt>
      <trkpt lat="44.695110" lon="9.300958"><ele>462.6</ele></trkpt>
      <trkpt lat="44.695123" lon="9.300958"><ele>462.7</ele></trkpt>
      <trkpt lat="44.695152" lon="9.300950"><ele>462.9</ele></trkpt>
      <trkpt lat="44.695177" lon="9.300943"><ele>463.1</ele></trkpt>
      <trkpt lat="44.695195" lon="9.300935"><ele>463.2</ele></trkpt>
      <trkpt lat="44.695217" lon="9.300928"><ele>463.4</ele></trkpt>
      <trkpt lat="44.695238" lon="9.300918"><ele>463.6</ele></trkpt>
      <trkpt lat="44.695267" lon="9.300905"><ele>463.8</ele></trkpt>
      <trkpt lat="44.695280" lon="9.300898"><ele>464.0</ele></trkpt>
      <trkpt lat="44.695300" lon="9.300888"><ele>464.1</ele></trkpt>
      <trkpt lat="44.695315" lon="9.300882"><ele>464.2</ele></trkpt>
      <trkpt lat="44.695335" lon="9.300875"><ele>464.4</ele></trkpt>
      <trkpt lat="44.695355" lon="9.300868"><ele>464.6</ele></trkpt>
      <trkpt lat="44.695378" lon="9.300858"><ele>464.8</ele></trkpt>
      <trkpt lat="44.695403" lon="9.300848"><ele>465.0</ele></trkpt>
      <trkpt lat="44.695430" lon="9.300833"><ele>465.2</ele></trkpt>
      <trkpt lat="44.695450" lon="9.300820"><ele>465.4</ele></trkpt>
      <trkpt lat="44.695472" lon="9.300810"><ele>465.6</ele></trkpt>
      <trkpt lat="44.695490" lon="9.300800"><ele>465.7</ele></trkpt>
      <trkpt lat="44.695508" lon="9.300787"><ele>465.9</ele></trkpt>
      <trkpt lat="44.695525" lon="9.300775"><ele>466.1</ele></trkpt>
      <trkpt lat="44.695548" lon="9.300760"><ele>466.3</ele></trkpt>
      <trkpt lat="44.695558" lon="9.300752"><ele>466.4</ele></trkpt>
      <trkpt lat="44.695577" lon="9.300742"><ele>466.6</ele></trkpt>
      <trkpt lat="44.695590" lon="9.300737"><ele>466.7</ele></trkpt>
      <trkpt lat="44.695603" lon="9.300728"><ele>466.8</ele></trkpt>
      <trkpt lat="44.695630" lon="9.300713"><ele>467.1</ele></trkpt>
      <trkpt lat="44.695653" lon="9.300695"><ele>467.3</ele></trkpt>
      <trkpt lat="44.695668" lon="9.300685"><ele>467.4</ele></trkpt>
      <trkpt lat="44.695682" lon="9.300677"><ele>467.6</ele></trkpt>
      <trkpt lat="44.695692" lon="9.300670"><ele>467.7</ele></trkpt>
      <trkpt lat="44.695732" lon="9.300653"><ele>468.0</ele></trkpt>
      <trkpt lat="44.695752" lon="9.300645"><ele>468.2</ele></trkpt>
      <trkpt lat="44.695765" lon="9.300632"><ele>468.4</ele></trkpt>
      <trkpt lat="44.695783" lon="9.300613"><ele>468.6</ele></trkpt>
      <trkpt lat="44.695798" lon="9.300603"><ele>468.7</ele></trkpt>
      <trkpt lat="44.695810" lon="9.300593"><ele>468.8</ele></trkpt>
      <trkpt lat="44.695837" lon="9.300578"><ele>469.1</ele></trkpt>
      <trkpt lat="44.695850" lon="9.300567"><ele>469.3</ele></trkpt>
      <trkpt lat="44.695865" lon="9.300560"><ele>469.4</ele></trkpt>
      <trkpt lat="44.695878" lon="9.300548"><ele>469.6</ele></trkpt>
      <trkpt lat="44.695900" lon="9.300535"><ele>469.8</ele></trkpt>
      <trkpt lat="44.695918" lon="9.300525"><ele>470.0</ele></trkpt>
      <trkpt lat="44.695940" lon="9.300515"><ele>470.3</ele></trkpt>
      <trkpt lat="44.695953" lon="9.300503"><ele>470.4</ele></trkpt>
      <trkpt lat="44.695970" lon="9.300495"><ele>470.6</ele></trkpt>
      <trkpt lat="44.695982" lon="9.300487"><ele>470.8</ele></trkpt>
      <trkpt lat="44.695992" lon="9.300480"><ele>470.9</ele></trkpt>
      <trkpt lat="44.695997" lon="9.300473"><ele>471.0</ele></trkpt>
      <trkpt lat="44.696003" lon="9.300465"><ele>471.0</ele></trkpt>
      <trkpt lat="44.696017" lon="9.300460"><ele>471.2</ele></trkpt>
      <trkpt lat="44.696037" lon="9.300458"><ele>471.4</ele></trkpt>
      <trkpt lat="44.696073" lon="9.300437"><ele>471.8</ele></trkpt>
      <trkpt lat="44.696093" lon="9.300423"><ele>472.0</ele></trkpt>
      <trkpt lat="44.696110" lon="9.300413"><ele>472.2</ele></trkpt>
      <trkpt lat="44.696118" lon="9.300407"><ele>472.3</ele></trkpt>
      <trkpt lat="44.696130" lon="9.300398"><ele>472.5</ele></trkpt>
      <trkpt lat="44.696145" lon="9.300392"><ele>472.6</ele></trkpt>
      <trkpt lat="44.696163" lon="9.300380"><ele>472.8</ele></trkpt>
      <trkpt lat="44.696172" lon="9.300373"><ele>472.9</ele></trkpt>
      <trkpt lat="44.696183" lon="9.300362"><ele>473.1</ele></trkpt>
      <trkpt lat="44.696212" lon="9.300343"><ele>473.4</ele></trkpt>
      <trkpt lat="44.696245" lon="9.300325"><ele>473.8</ele></trkpt>
      <trkpt lat="44.696257" lon="9.300322"><ele>473.9</ele></trkpt>
      <trkpt lat="44.696267" lon="9.300323"><ele>474.0</ele></trkpt>
      <trkpt lat="44.696283" lon="9.300322"><ele>474.1</ele></trkpt>
      <trkpt lat="44.696308" lon="9.300318"><ele>474.4</ele></trkpt>
      <trkpt lat="44.696327" lon="9.300332"><ele>474.6</ele></trkpt>
      <trkpt lat="44.696343" lon="9.300342"><ele>474.8</ele></trkpt>
      <trkpt lat="44.696362" lon="9.300345"><ele>475.0</ele></trkpt>
      <trkpt lat="44.696392" lon="9.300347"><ele>475.3</ele></trkpt>
      <trkpt lat="44.696413" lon="9.300348"><ele>475.5</ele></trkpt>
      <trkpt lat="44.696432" lon="9.300348"><ele>475.7</ele></trkpt>
      <trkpt lat="44.696443" lon="9.300343"><ele>475.8</ele></trkpt>
      <trkpt lat="44.696458" lon="9.300337"><ele>476.0</ele></trkpt>
      <trkpt lat="44.696480" lon="9.300327"><ele>476.2</ele></trkpt>
      <trkpt lat="44.696497" lon="9.300317"><ele>476.4</ele></trkpt>
      <trkpt lat="44.696510" lon="9.300308"><ele>476.5</ele></trkpt>
      <trkpt lat="44.696525" lon="9.300297"><ele>476.7</ele></trkpt>
      <trkpt lat="44.696545" lon="9.300288"><ele>476.9</ele></trkpt>
      <trkpt lat="44.696580" lon="9.300265"><ele>477.3</ele></trkpt>
      <trkpt lat="44.696602" lon="9.300242"><ele>477.5</ele></trkpt>
      <trkpt lat="44.696623" lon="9.300210"><ele>477.8</ele></trkpt>
      <trkpt lat="44.696645" lon="9.300175"><ele>478.1</ele></trkpt>
      <trkpt lat="44.696652" lon="9.300142"><ele>478.2</ele></trkpt>
      <trkpt lat="44.696662" lon="9.300113"><ele>478.4</ele></trkpt>
      <trkpt lat="44.696667" lon="9.300088"><ele>478.6</ele></trkpt>
      <trkpt lat="44.696675" lon="9.300062"><ele>478.7</ele></trkpt>
      <trkpt lat="44.696675" lon="9.300033"><ele>478.8</ele></trkpt>
      <trkpt lat="44.696675" lon="9.300012"><ele>478.9</ele></trkpt>
      <trkpt lat="44.696675" lon="9.299985"><ele>479.1</ele></trkpt>
      <trkpt lat="44.696677" lon="9.299957"><ele>479.2</ele></trkpt>
      <trkpt lat="44.696678" lon="9.299930"><ele>479.3</ele></trkpt>
      <trkpt lat="44.696680" lon="9.299905"><ele>479.4</ele></trkpt>
      <trkpt lat="44.696683" lon="9.299880"><ele>479.5</ele></trkpt>
      <trkpt lat="44.696682" lon="9.299852"><ele>479.7</ele></trkpt>
      <trkpt lat="44.696682" lon="9.299828"><ele>479.8</ele></trkpt>
      <trkpt lat="44.696677" lon="9.299798"><ele>479.9</ele></trkpt>
      <trkpt lat="44.696672" lon="9.299765"><ele>480.0</ele></trkpt>
      <trkpt lat="44.696678" lon="9.299732"><ele>480.2</ele></trkpt>
      <trkpt lat="44.696687" lon="9.299702"><ele>480.3</ele></trkpt>
      <trkpt lat="44.696693" lon="9.299668"><ele>480.5</ele></trkpt>
      <trkpt lat="44.696702" lon="9.299637"><ele>480.6</ele></trkpt>
      <trkpt lat="44.696705" lon="9.299613"><ele>480.8</ele></trkpt>
      <trkpt lat="44.696710" lon="9.299592"><ele>480.9</ele></trkpt>
      <trkpt lat="44.696715" lon="9.299565"><ele>481.0</ele></trkpt>
      <trkpt lat="44.696717" lon="9.299542"><ele>481.1</ele></trkpt>
      <trkpt lat="44.696720" lon="9.299518"><ele>481.2</ele></trkpt>
      <trkpt lat="44.696723" lon="9.299497"><ele>481.3</ele></trkpt>
      <trkpt lat="44.696723" lon="9.299475"><ele>481.4</ele></trkpt>
      <trkpt lat="44.696727" lon="9.299457"><ele>481.5</ele></trkpt>
      <trkpt lat="44.696735" lon="9.299440"><ele>481.6</ele></trkpt>
      <trkpt lat="44.696740" lon="9.299422"><ele>481.7</ele></trkpt>
      <trkpt lat="44.696750" lon="9.299397"><ele>481.8</ele></trkpt>
      <trkpt lat="44.696753" lon="9.299377"><ele>481.9</ele></trkpt>
      <trkpt lat="44.696763" lon="9.299358"><ele>482.1</ele></trkpt>
      <trkpt lat="44.696768" lon="9.299343"><ele>482.1</ele></trkpt>
      <trkpt lat="44.696778" lon="9.299327"><ele>482.2</ele></trkpt>
      <trkpt lat="44.696787" lon="9.299307"><ele>482.4</ele></trkpt>
      <trkpt lat="44.696793" lon="9.299282"><ele>482.5</ele></trkpt>
      <trkpt lat="44.696797" lon="9.299255"><ele>482.6</ele></trkpt>
      <trkpt lat="44.696808" lon="9.299228"><ele>482.8</ele></trkpt>
      <trkpt lat="44.696820" lon="9.299210"><ele>482.9</ele></trkpt>
      <trkpt lat="44.696830" lon="9.299188"><ele>483.0</ele></trkpt>
      <trkpt lat="44.696847" lon="9.299165"><ele>483.2</ele></trkpt>
      <trkpt lat="44.696862" lon="9.299142"><ele>483.4</ele></trkpt>
      <trkpt lat="44.696877" lon="9.299115"><ele>483.6</ele></trkpt>
      <trkpt lat="44.696888" lon="9.299090"><ele>483.8</ele></trkpt>
      <trkpt lat="44.696902" lon="9.299063"><ele>484.0</ele></trkpt>
      <trkpt lat="44.696915" lon="9.299040"><ele>484.2</ele></trkpt>
      <trkpt lat="44.696932" lon="9.299017"><ele>484.4</ele></trkpt>
      <trkpt lat="44.696945" lon="9.298988"><ele>484.6</ele></trkpt>
      <trkpt lat="44.696953" lon="9.298958"><ele>484.8</ele></trkpt>
      <trkpt lat="44.696953" lon="9.298932"><ele>485.0</ele></trkpt>
      <trkpt lat="44.696960" lon="9.298908"><ele>485.2</ele></trkpt>
      <trkpt lat="44.696968" lon="9.298882"><ele>485.3</ele></trkpt>
      <trkpt lat="44.696973" lon="9.298853"><ele>485.5</ele></trkpt>
      <trkpt lat="44.696975" lon="9.298823"><ele>485.7</ele></trkpt>
      <trkpt lat="44.696977" lon="9.298795"><ele>485.9</ele></trkpt>
      <trkpt lat="44.696978" lon="9.298767"><ele>486.0</ele></trkpt>
      <trkpt lat="44.696977" lon="9.298737"><ele>486.2</ele></trkpt>
      <trkpt lat="44.696977" lon="9.298708"><ele>486.4</ele></trkpt>
      <trkpt lat="44.696973" lon="9.298678"><ele>486.5</ele></trkpt>
      <trkpt lat="44.696968" lon="9.298647"><ele>486.7</ele></trkpt>
      <trkpt lat="44.696962" lon="9.298618"><ele>486.8</ele></trkpt>
      <trkpt lat="44.696957" lon="9.298595"><ele>486.9</ele></trkpt>
      <trkpt lat="44.696955" lon="9.298573"><ele>487.1</ele></trkpt>
      <trkpt lat="44.696952" lon="9.298548"><ele>487.2</ele></trkpt>
      <trkpt lat="44.696950" lon="9.298520"><ele>487.3</ele></trkpt>
      <trkpt lat="44.696952" lon="9.298495"><ele>487.4</ele></trkpt>
      <trkpt lat="44.696957" lon="9.298467"><ele>487.6</ele></trkpt>
      <trkpt lat="44.696962" lon="9.298440"><ele>487.7</ele></trkpt>
      <trkpt lat="44.696968" lon="9.298413"><ele>487.9</ele></trkpt>
      <trkpt lat="44.696973" lon="9.298388"><ele>488.0</ele></trkpt>
      <trkpt lat="44.696978" lon="9.298365"><ele>488.1</ele></trkpt>
      <trkpt lat="44.696983" lon="9.298340"><ele>488.2</ele></trkpt>
      <trkpt lat="44.696992" lon="9.298318"><ele>488.3</ele></trkpt>
      <trkpt lat="44.697000" lon="9.298292"><ele>488.5</ele></trkpt>
      <trkpt lat="44.697008" lon="9.298270"><ele>488.6</ele></trkpt>
      <trkpt lat="44.697015" lon="9.298247"><ele>488.7</ele></trkpt>
      <trkpt lat="44.697022" lon="9.298222"><ele>488.9</ele></trkpt>
      <trkpt lat="44.697033" lon="9.298190"><ele>489.1</ele></trkpt>
      <trkpt lat="44.697042" lon="9.298165"><ele>489.2</ele></trkpt>
      <trkpt lat="44.697057" lon="9.298138"><ele>489.4</ele></trkpt>
      <trkpt lat="44.697073" lon="9.298110"><ele>489.6</ele></trkpt>
      <trkpt lat="44.697085" lon="9.298082"><ele>489.8</ele></trkpt>
      <trkpt lat="44.697097" lon="9.298058"><ele>490.0</ele></trkpt>
      <trkpt lat="44.697112" lon="9.298035"><ele>490.2</ele></trkpt>
      <trkpt lat="44.697123" lon="9.298017"><ele>490.3</ele></trkpt>
      <trkpt lat="44.697137" lon="9.298000"><ele>490.5</ele></trkpt>
      <trkpt lat="44.697148" lon="9.297982"><ele>490.7</ele></trkpt>
      <trkpt lat="44.697156" lon="9.297959"><ele>490.8</ele></trkpt>
      <trkpt lat="44.697158" lon="9.297955"><ele>490.9</ele></trkpt>
      <trkpt lat="44.697168" lon="9.297938"><ele>491.0</ele></trkpt>
      <trkpt lat="44.697182" lon="9.297915"><ele>491.2</ele></trkpt>
      <trkpt lat="44.697190" lon="9.297900"><ele>491.4</ele></trkpt>
      <trkpt lat="44.697197" lon="9.297888"><ele>491.5</ele></trkpt>
      <trkpt lat="44.697207" lon="9.297877"><ele>491.6</ele></trkpt>
      <trkpt lat="44.697232" lon="9.297853"><ele>491.9</ele></trkpt>
      <trkpt lat="44.697247" lon="9.297838"><ele>492.2</ele></trkpt>
      <trkpt lat="44.697250" lon="9.297828"><ele>492.3</ele></trkpt>
      <trkpt lat="44.697258" lon="9.297813"><ele>492.5</ele></trkpt>
      <trkpt lat="44.697263" lon="9.297802"><ele>492.6</ele></trkpt>
      <trkpt lat="44.697268" lon="9.297788"><ele>492.8</ele></trkpt>
      <trkpt lat="44.697275" lon="9.297772"><ele>492.9</ele></trkpt>
      <trkpt lat="44.697298" lon="9.297747"><ele>493.3</ele></trkpt>
      <trkpt lat="44.697325" lon="9.297720"><ele>493.8</ele></trkpt>
      <trkpt lat="44.697342" lon="9.297703"><ele>494.1</ele></trkpt>
      <trkpt lat="44.697352" lon="9.297690"><ele>494.3</ele></trkpt>
      <trkpt lat="44.697363" lon="9.297675"><ele>494.5</ele></trkpt>
      <trkpt lat="44.697390" lon="9.297650"><ele>495.0</ele></trkpt>
      <trkpt lat="44.697403" lon="9.297633"><ele>495.2</ele></trkpt>
      <trkpt lat="44.697418" lon="9.297618"><ele>495.5</ele></trkpt>
      <trkpt lat="44.697432" lon="9.297607"><ele>495.7</ele></trkpt>
      <trkpt lat="44.697438" lon="9.297597"><ele>495.8</ele></trkpt>
      <trkpt lat="44.697448" lon="9.297582"><ele>496.0</ele></trkpt>
      <trkpt lat="44.697460" lon="9.297565"><ele>496.3</ele></trkpt>
      <trkpt lat="44.697468" lon="9.297552"><ele>496.5</ele></trkpt>
      <trkpt lat="44.697482" lon="9.297542"><ele>496.7</ele></trkpt>
      <trkpt lat="44.697502" lon="9.297527"><ele>497.0</ele></trkpt>
      <trkpt lat="44.697518" lon="9.297510"><ele>497.3</ele></trkpt>
      <trkpt lat="44.697537" lon="9.297495"><ele>497.6</ele></trkpt>
      <trkpt lat="44.697557" lon="9.297475"><ele>497.9</ele></trkpt>
      <trkpt lat="44.697562" lon="9.297463"><ele>498.0</ele></trkpt>
      <trkpt lat="44.697573" lon="9.297452"><ele>498.2</ele></trkpt>
      <trkpt lat="44.697587" lon="9.297438"><ele>498.4</ele></trkpt>
      <trkpt lat="44.697587" lon="9.297418"><ele>498.6</ele></trkpt>
      <trkpt lat="44.697595" lon="9.297398"><ele>498.8</ele></trkpt>
      <trkpt lat="44.697613" lon="9.297377"><ele>499.2</ele></trkpt>
      <trkpt lat="44.697628" lon="9.297365"><ele>499.4</ele></trkpt>
      <trkpt lat="44.697642" lon="9.297355"><ele>499.6</ele></trkpt>
      <trkpt lat="44.697657" lon="9.297345"><ele>499.8</ele></trkpt>
      <trkpt lat="44.697672" lon="9.297332"><ele>500.0</ele></trkpt>
      <trkpt lat="44.697687" lon="9.297317"><ele>500.3</ele></trkpt>
      <trkpt lat="44.697702" lon="9.297305"><ele>500.5</ele></trkpt>
      <trkpt lat="44.697715" lon="9.297297"><ele>500.7</ele></trkpt>
      <trkpt lat="44.697722" lon="9.297297"><ele>500.8</ele></trkpt>
      <trkpt lat="44.697737" lon="9.297295"><ele>501.0</ele></trkpt>
      <trkpt lat="44.697752" lon="9.297298"><ele>501.2</ele></trkpt>
      <trkpt lat="44.697767" lon="9.297302"><ele>501.3</ele></trkpt>
      <trkpt lat="44.697783" lon="9.297305"><ele>501.5</ele></trkpt>
      <trkpt lat="44.697800" lon="9.297310"><ele>501.8</ele></trkpt>
      <trkpt lat="44.697818" lon="9.297315"><ele>502.0</ele></trkpt>
      <trkpt lat="44.697838" lon="9.297320"><ele>502.2</ele></trkpt>
      <trkpt lat="44.697860" lon="9.297325"><ele>502.3</ele></trkpt>
      <trkpt lat="44.697882" lon="9.297330"><ele>502.3</ele></trkpt>
      <trkpt lat="44.697902" lon="9.297337"><ele>502.3</ele></trkpt>
      <trkpt lat="44.697920" lon="9.297345"><ele>502.1</ele></trkpt>
      <trkpt lat="44.697938" lon="9.297353"><ele>501.7</ele></trkpt>
      <trkpt lat="44.697952" lon="9.297360"><ele>501.5</ele></trkpt>
      <trkpt lat="44.697972" lon="9.297362"><ele>501.6</ele></trkpt>
      <trkpt lat="44.697992" lon="9.297363"><ele>501.8</ele></trkpt>
      <trkpt lat="44.698010" lon="9.297370"><ele>501.9</ele></trkpt>
      <trkpt lat="44.698033" lon="9.297373"><ele>502.1</ele></trkpt>
      <trkpt lat="44.698050" lon="9.297382"><ele>502.3</ele></trkpt>
      <trkpt lat="44.698065" lon="9.297390"><ele>502.4</ele></trkpt>
      <trkpt lat="44.698080" lon="9.297397"><ele>502.6</ele></trkpt>
      <trkpt lat="44.698097" lon="9.297403"><ele>502.8</ele></trkpt>
      <trkpt lat="44.698110" lon="9.297412"><ele>502.9</ele></trkpt>
      <trkpt lat="44.698123" lon="9.297422"><ele>503.1</ele></trkpt>
      <trkpt lat="44.698137" lon="9.297430"><ele>503.2</ele></trkpt>
      <trkpt lat="44.698150" lon="9.297438"><ele>503.4</ele></trkpt>
      <trkpt lat="44.698170" lon="9.297442"><ele>503.6</ele></trkpt>
      <trkpt lat="44.698183" lon="9.297442"><ele>503.7</ele></trkpt>
      <trkpt lat="44.698188" lon="9.297445"><ele>503.7</ele></trkpt>
      <trkpt lat="44.698202" lon="9.297448"><ele>503.9</ele></trkpt>
      <trkpt lat="44.698213" lon="9.297450"><ele>504.0</ele></trkpt>
      <trkpt lat="44.698227" lon="9.297452"><ele>504.1</ele></trkpt>
      <trkpt lat="44.698240" lon="9.297462"><ele>504.3</ele></trkpt>
      <trkpt lat="44.698253" lon="9.297477"><ele>504.4</ele></trkpt>
      <trkpt lat="44.698267" lon="9.297492"><ele>504.6</ele></trkpt>
      <trkpt lat="44.698280" lon="9.297503"><ele>504.8</ele></trkpt>
      <trkpt lat="44.698293" lon="9.297512"><ele>504.9</ele></trkpt>
      <trkpt lat="44.698305" lon="9.297517"><ele>505.0</ele></trkpt>
      <trkpt lat="44.698317" lon="9.297520"><ele>505.1</ele></trkpt>
      <trkpt lat="44.698330" lon="9.297523"><ele>505.3</ele></trkpt>
      <trkpt lat="44.698348" lon="9.297525"><ele>505.4</ele></trkpt>
      <trkpt lat="44.698363" lon="9.297533"><ele>505.6</ele></trkpt>
      <trkpt lat="44.698382" lon="9.297537"><ele>505.8</ele></trkpt>
      <trkpt lat="44.698395" lon="9.297542"><ele>505.9</ele></trkpt>
      <trkpt lat="44.698417" lon="9.297548"><ele>506.1</ele></trkpt>
      <trkpt lat="44.698435" lon="9.297553"><ele>506.3</ele></trkpt>
      <trkpt lat="44.698450" lon="9.297560"><ele>506.4</ele></trkpt>
      <trkpt lat="44.698468" lon="9.297560"><ele>506.6</ele></trkpt>
      <trkpt lat="44.698483" lon="9.297562"><ele>506.7</ele></trkpt>
      <trkpt lat="44.698497" lon="9.297563"><ele>506.9</ele></trkpt>
      <trkpt lat="44.698515" lon="9.297562"><ele>507.0</ele></trkpt>
      <trkpt lat="44.698530" lon="9.297557"><ele>507.2</ele></trkpt>
      <trkpt lat="44.698545" lon="9.297552"><ele>507.3</ele></trkpt>
      <trkpt lat="44.698553" lon="9.297542"><ele>507.4</ele></trkpt>
      <trkpt lat="44.698560" lon="9.297532"><ele>507.5</ele></trkpt>
      <trkpt lat="44.698575" lon="9.297520"><ele>507.7</ele></trkpt>
      <trkpt lat="44.698585" lon="9.297510"><ele>507.8</ele></trkpt>
      <trkpt lat="44.698597" lon="9.297500"><ele>507.9</ele></trkpt>
      <trkpt lat="44.698612" lon="9.297492"><ele>508.1</ele></trkpt>
      <trkpt lat="44.698622" lon="9.297483"><ele>508.2</ele></trkpt>
      <trkpt lat="44.698637" lon="9.297473"><ele>508.4</ele></trkpt>
      <trkpt lat="44.698650" lon="9.297463"><ele>508.5</ele></trkpt>
      <trkpt lat="44.698658" lon="9.297443"><ele>508.6</ele></trkpt>
      <trkpt lat="44.698675" lon="9.297425"><ele>508.8</ele></trkpt>
      <trkpt lat="44.698685" lon="9.297402"><ele>509.0</ele></trkpt>
      <trkpt lat="44.698697" lon="9.297377"><ele>509.1</ele></trkpt>
      <trkpt lat="44.698705" lon="9.297350"><ele>509.3</ele></trkpt>
      <trkpt lat="44.698712" lon="9.297325"><ele>509.4</ele></trkpt>
      <trkpt lat="44.698717" lon="9.297303"><ele>509.6</ele></trkpt>
      <trkpt lat="44.698718" lon="9.297283"><ele>509.7</ele></trkpt>
      <trkpt lat="44.698725" lon="9.297267"><ele>509.8</ele></trkpt>
      <trkpt lat="44.698739" lon="9.297232"><ele>510.0</ele></trkpt>
      <trkpt lat="44.698743" lon="9.297220"><ele>510.1</ele></trkpt>
      <trkpt lat="44.698750" lon="9.297197"><ele>510.2</ele></trkpt>
      <trkpt lat="44.698757" lon="9.297177"><ele>510.3</ele></trkpt>
      <trkpt lat="44.698763" lon="9.297153"><ele>510.4</ele></trkpt>
      <trkpt lat="44.698768" lon="9.297128"><ele>510.6</ele></trkpt>
      <trkpt lat="44.698775" lon="9.297105"><ele>510.7</ele></trkpt>
      <trkpt lat="44.698783" lon="9.297082"><ele>510.8</ele></trkpt>
      <trkpt lat="44.698790" lon="9.297060"><ele>511.0</ele></trkpt>
      <trkpt lat="44.698798" lon="9.297040"><ele>511.1</ele></trkpt>
      <trkpt lat="44.698812" lon="9.297020"><ele>511.2</ele></trkpt>
      <trkpt lat="44.698822" lon="9.297000"><ele>511.4</ele></trkpt>
      <trkpt lat="44.698832" lon="9.296985"><ele>511.5</ele></trkpt>
      <trkpt lat="44.698843" lon="9.296968"><ele>511.6</ele></trkpt>
      <trkpt lat="44.698857" lon="9.296952"><ele>511.7</ele></trkpt>
      <trkpt lat="44.698874" lon="9.296917"><ele>511.9</ele></trkpt>
      <trkpt lat="44.698880" lon="9.296905"><ele>512.0</ele></trkpt>
      <trkpt lat="44.698887" lon="9.296887"><ele>512.1</ele></trkpt>
      <trkpt lat="44.698898" lon="9.296873"><ele>512.3</ele></trkpt>
      <trkpt lat="44.698907" lon="9.296858"><ele>512.4</ele></trkpt>
      <trkpt lat="44.698922" lon="9.296838"><ele>512.5</ele></trkpt>
      <trkpt lat="44.698935" lon="9.296820"><ele>512.7</ele></trkpt>
      <trkpt lat="44.698960" lon="9.296796"><ele>512.9</ele></trkpt>
      <trkpt lat="44.698970" lon="9.296787"><ele>513.0</ele></trkpt>
      <trkpt lat="44.698985" lon="9.296767"><ele>513.1</ele></trkpt>
      <trkpt lat="44.698992" lon="9.296750"><ele>513.3</ele></trkpt>
      <trkpt lat="44.699003" lon="9.296732"><ele>513.4</ele></trkpt>
      <trkpt lat="44.699015" lon="9.296718"><ele>513.5</ele></trkpt>
      <trkpt lat="44.699023" lon="9.296707"><ele>513.6</ele></trkpt>
      <trkpt lat="44.699030" lon="9.296695"><ele>513.7</ele></trkpt>
      <trkpt lat="44.699040" lon="9.296682"><ele>513.8</ele></trkpt>
      <trkpt lat="44.699055" lon="9.296663"><ele>513.9</ele></trkpt>
      <trkpt lat="44.699067" lon="9.296647"><ele>514.0</ele></trkpt>
      <trkpt lat="44.699075" lon="9.296632"><ele>514.1</ele></trkpt>
      <trkpt lat="44.699083" lon="9.296613"><ele>514.3</ele></trkpt>
      <trkpt lat="44.699088" lon="9.296600"><ele>514.3</ele></trkpt>
      <trkpt lat="44.699095" lon="9.296585"><ele>514.4</ele></trkpt>
      <trkpt lat="44.699097" lon="9.296567"><ele>514.5</ele></trkpt>
      <trkpt lat="44.699108" lon="9.296550"><ele>514.7</ele></trkpt>
      <trkpt lat="44.699122" lon="9.296538"><ele>514.8</ele></trkpt>
      <trkpt lat="44.699140" lon="9.296517"><ele>514.9</ele></trkpt>
      <trkpt lat="44.699157" lon="9.296498"><ele>515.1</ele></trkpt>
      <trkpt lat="44.699172" lon="9.296477"><ele>515.2</ele></trkpt>
      <trkpt lat="44.699185" lon="9.296448"><ele>515.4</ele></trkpt>
      <trkpt lat="44.699197" lon="9.296432"><ele>515.5</ele></trkpt>
      <trkpt lat="44.699205" lon="9.296412"><ele>515.6</ele></trkpt>
      <trkpt lat="44.699210" lon="9.296392"><ele>515.7</ele></trkpt>
      <trkpt lat="44.699222" lon="9.296373"><ele>515.8</ele></trkpt>
      <trkpt lat="44.699235" lon="9.296355"><ele>515.9</ele></trkpt>
      <trkpt lat="44.699242" lon="9.296338"><ele>516.0</ele></trkpt>
      <trkpt lat="44.699252" lon="9.296323"><ele>516.1</ele></trkpt>
      <trkpt lat="44.699265" lon="9.296312"><ele>516.2</ele></trkpt>
      <trkpt lat="44.699278" lon="9.296295"><ele>516.3</ele></trkpt>
      <trkpt lat="44.699292" lon="9.296280"><ele>516.4</ele></trkpt>
      <trkpt lat="44.699305" lon="9.296267"><ele>516.5</ele></trkpt>
      <trkpt lat="44.699322" lon="9.296250"><ele>516.6</ele></trkpt>
      <trkpt lat="44.699335" lon="9.296242"><ele>516.7</ele></trkpt>
      <trkpt lat="44.699347" lon="9.296228"><ele>516.8</ele></trkpt>
      <trkpt lat="44.699360" lon="9.296215"><ele>516.9</ele></trkpt>
      <trkpt lat="44.699370" lon="9.296202"><ele>517.0</ele></trkpt>
      <trkpt lat="44.699380" lon="9.296190"><ele>517.1</ele></trkpt>
      <trkpt lat="44.699390" lon="9.296177"><ele>517.2</ele></trkpt>
      <trkpt lat="44.699400" lon="9.296165"><ele>517.3</ele></trkpt>
      <trkpt lat="44.699408" lon="9.296153"><ele>517.4</ele></trkpt>
      <trkpt lat="44.699413" lon="9.296145"><ele>517.4</ele></trkpt>
      <trkpt lat="44.699422" lon="9.296135"><ele>517.5</ele></trkpt>
      <trkpt lat="44.699435" lon="9.296122"><ele>517.7</ele></trkpt>
      <trkpt lat="44.699445" lon="9.296107"><ele>517.8</ele></trkpt>
      <trkpt lat="44.699458" lon="9.296097"><ele>517.9</ele></trkpt>
      <trkpt lat="44.699472" lon="9.296090"><ele>518.0</ele></trkpt>
      <trkpt lat="44.699488" lon="9.296080"><ele>518.1</ele></trkpt>
      <trkpt lat="44.699505" lon="9.296067"><ele>518.3</ele></trkpt>
      <trkpt lat="44.699522" lon="9.296055"><ele>518.5</ele></trkpt>
      <trkpt lat="44.699535" lon="9.296040"><ele>518.6</ele></trkpt>
      <trkpt lat="44.699552" lon="9.296027"><ele>518.8</ele></trkpt>
      <trkpt lat="44.699570" lon="9.296017"><ele>518.9</ele></trkpt>
      <trkpt lat="44.699580" lon="9.296008"><ele>519.0</ele></trkpt>
      <trkpt lat="44.699588" lon="9.295998"><ele>519.1</ele></trkpt>
      <trkpt lat="44.699605" lon="9.295990"><ele>519.3</ele></trkpt>
      <trkpt lat="44.699617" lon="9.295983"><ele>519.4</ele></trkpt>
      <trkpt lat="44.699632" lon="9.295972"><ele>519.5</ele></trkpt>
      <trkpt lat="44.699647" lon="9.295968"><ele>519.6</ele></trkpt>
      <trkpt lat="44.699668" lon="9.295960"><ele>519.8</ele></trkpt>
      <trkpt lat="44.699688" lon="9.295952"><ele>520.0</ele></trkpt>
      <trkpt lat="44.699708" lon="9.295940"><ele>520.1</ele></trkpt>
      <trkpt lat="44.699722" lon="9.295930"><ele>520.3</ele></trkpt>
      <trkpt lat="44.699733" lon="9.295922"><ele>520.4</ele></trkpt>
      <trkpt lat="44.699743" lon="9.295915"><ele>520.4</ele></trkpt>
      <trkpt lat="44.699760" lon="9.295903"><ele>520.6</ele></trkpt>
      <trkpt lat="44.699780" lon="9.295898"><ele>520.7</ele></trkpt>
      <trkpt lat="44.699790" lon="9.295887"><ele>520.8</ele></trkpt>
      <trkpt lat="44.699807" lon="9.295872"><ele>521.0</ele></trkpt>
      <trkpt lat="44.699823" lon="9.295858"><ele>521.1</ele></trkpt>
      <trkpt lat="44.699838" lon="9.295845"><ele>521.3</ele></trkpt>
      <trkpt lat="44.699853" lon="9.295832"><ele>521.4</ele></trkpt>
      <trkpt lat="44.699865" lon="9.295825"><ele>521.5</ele></trkpt>
      <trkpt lat="44.699880" lon="9.295813"><ele>521.6</ele></trkpt>
      <trkpt lat="44.699892" lon="9.295793"><ele>521.7</ele></trkpt>
      <trkpt lat="44.699900" lon="9.295772"><ele>521.9</ele></trkpt>
      <trkpt lat="44.699923" lon="9.295762"><ele>522.1</ele></trkpt>
      <trkpt lat="44.699943" lon="9.295750"><ele>522.3</ele></trkpt>
      <trkpt lat="44.699952" lon="9.295745"><ele>522.3</ele></trkpt>
      <trkpt lat="44.699965" lon="9.295742"><ele>522.5</ele></trkpt>
      <trkpt lat="44.699980" lon="9.295732"><ele>522.6</ele></trkpt>
      <trkpt lat="44.699998" lon="9.295723"><ele>522.8</ele></trkpt>
      <trkpt lat="44.700023" lon="9.295713"><ele>523.0</ele></trkpt>
      <trkpt lat="44.700047" lon="9.295705"><ele>523.3</ele></trkpt>
      <trkpt lat="44.700063" lon="9.295690"><ele>523.4</ele></trkpt>
      <trkpt lat="44.700082" lon="9.295678"><ele>523.6</ele></trkpt>
      <trkpt lat="44.700095" lon="9.295667"><ele>523.8</ele></trkpt>
      <trkpt lat="44.700115" lon="9.295650"><ele>524.0</ele></trkpt>
      <trkpt lat="44.700127" lon="9.295642"><ele>524.2</ele></trkpt>
      <trkpt lat="44.700133" lon="9.295635"><ele>524.2</ele></trkpt>
      <trkpt lat="44.700148" lon="9.295623"><ele>524.4</ele></trkpt>
      <trkpt lat="44.700163" lon="9.295610"><ele>524.6</ele></trkpt>
      <trkpt lat="44.700172" lon="9.295600"><ele>524.7</ele></trkpt>
      <trkpt lat="44.700185" lon="9.295592"><ele>524.8</ele></trkpt>
      <trkpt lat="44.700195" lon="9.295587"><ele>525.0</ele></trkpt>
      <trkpt lat="44.700208" lon="9.295577"><ele>525.1</ele></trkpt>
      <trkpt lat="44.700220" lon="9.295575"><ele>525.2</ele></trkpt>
      <trkpt lat="44.700238" lon="9.295575"><ele>525.4</ele></trkpt>
      <trkpt lat="44.700252" lon="9.295573"><ele>525.5</ele></trkpt>
      <trkpt lat="44.700263" lon="9.295568"><ele>525.7</ele></trkpt>
      <trkpt lat="44.700275" lon="9.295560"><ele>525.8</ele></trkpt>
      <trkpt lat="44.700293" lon="9.295552"><ele>526.0</ele></trkpt>
      <trkpt lat="44.700317" lon="9.295540"><ele>526.2</ele></trkpt>
      <trkpt lat="44.700330" lon="9.295530"><ele>526.4</ele></trkpt>
      <trkpt lat="44.700350" lon="9.295518"><ele>526.6</ele></trkpt>
      <trkpt lat="44.700358" lon="9.295513"><ele>526.7</ele></trkpt>
      <trkpt lat="44.700365" lon="9.295512"><ele>526.8</ele></trkpt>
      <trkpt lat="44.700373" lon="9.295510"><ele>526.8</ele></trkpt>
      <trkpt lat="44.700383" lon="9.295503"><ele>527.0</ele></trkpt>
      <trkpt lat="44.700408" lon="9.295485"><ele>527.2</ele></trkpt>
      <trkpt lat="44.700427" lon="9.295483"><ele>527.4</ele></trkpt>
      <trkpt lat="44.700443" lon="9.295488"><ele>527.6</ele></trkpt>
      <trkpt lat="44.700465" lon="9.295488"><ele>527.8</ele></trkpt>
      <trkpt lat="44.700482" lon="9.295485"><ele>528.0</ele></trkpt>
      <trkpt lat="44.700498" lon="9.295480"><ele>528.1</ele></trkpt>
      <trkpt lat="44.700518" lon="9.295467"><ele>528.3</ele></trkpt>
      <trkpt lat="44.700542" lon="9.295455"><ele>528.6</ele></trkpt>
      <trkpt lat="44.700553" lon="9.295442"><ele>528.7</ele></trkpt>
      <trkpt lat="44.700560" lon="9.295427"><ele>528.9</ele></trkpt>
      <trkpt lat="44.700570" lon="9.295410"><ele>529.0</ele></trkpt>
      <trkpt lat="44.700583" lon="9.295395"><ele>529.2</ele></trkpt>
      <trkpt lat="44.700597" lon="9.295383"><ele>529.4</ele></trkpt>
      <trkpt lat="44.700605" lon="9.295375"><ele>529.5</ele></trkpt>
      <trkpt lat="44.700622" lon="9.295363"><ele>529.7</ele></trkpt>
      <trkpt lat="44.700638" lon="9.295350"><ele>529.9</ele></trkpt>
      <trkpt lat="44.700658" lon="9.295335"><ele>530.1</ele></trkpt>
      <trkpt lat="44.700682" lon="9.295308"><ele>530.4</ele></trkpt>
      <trkpt lat="44.700690" lon="9.295298"><ele>530.5</ele></trkpt>
      <trkpt lat="44.700708" lon="9.295273"><ele>530.8</ele></trkpt>
      <trkpt lat="44.700717" lon="9.295257"><ele>530.9</ele></trkpt>
      <trkpt lat="44.700723" lon="9.295235"><ele>531.1</ele></trkpt>
      <trkpt lat="44.700735" lon="9.295217"><ele>531.2</ele></trkpt>
      <trkpt lat="44.700750" lon="9.295197"><ele>531.4</ele></trkpt>
      <trkpt lat="44.700762" lon="9.295180"><ele>531.6</ele></trkpt>
      <trkpt lat="44.700772" lon="9.295167"><ele>531.7</ele></trkpt>
      <trkpt lat="44.700785" lon="9.295153"><ele>531.8</ele></trkpt>
      <trkpt lat="44.700798" lon="9.295133"><ele>532.0</ele></trkpt>
      <trkpt lat="44.700822" lon="9.295110"><ele>532.3</ele></trkpt>
      <trkpt lat="44.700840" lon="9.295087"><ele>532.5</ele></trkpt>
      <trkpt lat="44.700859" lon="9.295061"><ele>532.7</ele></trkpt>
      <trkpt lat="44.700865" lon="9.295053"><ele>532.8</ele></trkpt>
      <trkpt lat="44.700873" lon="9.295040"><ele>532.9</ele></trkpt>
      <trkpt lat="44.700882" lon="9.295032"><ele>533.0</ele></trkpt>
      <trkpt lat="44.700895" lon="9.295022"><ele>533.1</ele></trkpt>
      <trkpt lat="44.700917" lon="9.295003"><ele>533.3</ele></trkpt>
      <trkpt lat="44.700928" lon="9.294985"><ele>533.4</ele></trkpt>
      <trkpt lat="44.700947" lon="9.294965"><ele>533.6</ele></trkpt>
      <trkpt lat="44.700973" lon="9.294942"><ele>533.9</ele></trkpt>
      <trkpt lat="44.700983" lon="9.294928"><ele>534.0</ele></trkpt>
      <trkpt lat="44.700997" lon="9.294917"><ele>534.1</ele></trkpt>
      <trkpt lat="44.701013" lon="9.294902"><ele>534.2</ele></trkpt>
      <trkpt lat="44.701032" lon="9.294885"><ele>534.4</ele></trkpt>
      <trkpt lat="44.701045" lon="9.294870"><ele>534.5</ele></trkpt>
      <trkpt lat="44.701050" lon="9.294857"><ele>534.6</ele></trkpt>
      <trkpt lat="44.701058" lon="9.294845"><ele>534.6</ele></trkpt>
      <trkpt lat="44.701070" lon="9.294835"><ele>534.7</ele></trkpt>
      <trkpt lat="44.701082" lon="9.294822"><ele>534.8</ele></trkpt>
      <trkpt lat="44.701097" lon="9.294810"><ele>535.0</ele></trkpt>
      <trkpt lat="44.701110" lon="9.294795"><ele>535.1</ele></trkpt>
      <trkpt lat="44.701125" lon="9.294778"><ele>535.2</ele></trkpt>
      <trkpt lat="44.701138" lon="9.294763"><ele>535.3</ele></trkpt>
      <trkpt lat="44.701153" lon="9.294750"><ele>535.4</ele></trkpt>
      <trkpt lat="44.701172" lon="9.294737"><ele>535.5</ele></trkpt>
      <trkpt lat="44.701187" lon="9.294727"><ele>535.6</ele></trkpt>
      <trkpt lat="44.701203" lon="9.294713"><ele>535.7</ele></trkpt>
      <trkpt lat="44.701222" lon="9.294698"><ele>535.8</ele></trkpt>
      <trkpt lat="44.701242" lon="9.294688"><ele>535.9</ele></trkpt>
      <trkpt lat="44.701262" lon="9.294682"><ele>536.0</ele></trkpt>
      <trkpt lat="44.701283" lon="9.294677"><ele>536.2</ele></trkpt>
      <trkpt lat="44.701305" lon="9.294667"><ele>536.3</ele></trkpt>
      <trkpt lat="44.701318" lon="9.294662"><ele>536.3</ele></trkpt>
      <trkpt lat="44.701332" lon="9.294658"><ele>536.4</ele></trkpt>
      <trkpt lat="44.701347" lon="9.294657"><ele>536.5</ele></trkpt>
      <trkpt lat="44.701365" lon="9.294658"><ele>536.6</ele></trkpt>
      <trkpt lat="44.701383" lon="9.294662"><ele>536.7</ele></trkpt>
      <trkpt lat="44.701402" lon="9.294672"><ele>536.7</ele></trkpt>
      <trkpt lat="44.701418" lon="9.294688"><ele>536.8</ele></trkpt>
      <trkpt lat="44.701430" lon="9.294708"><ele>536.9</ele></trkpt>
      <trkpt lat="44.701442" lon="9.294732"><ele>537.0</ele></trkpt>
      <trkpt lat="44.701448" lon="9.294758"><ele>537.1</ele></trkpt>
      <trkpt lat="44.701455" lon="9.294785"><ele>537.2</ele></trkpt>
      <trkpt lat="44.701460" lon="9.294813"><ele>537.2</ele></trkpt>
      <trkpt lat="44.701463" lon="9.294835"><ele>537.3</ele></trkpt>
      <trkpt lat="44.701463" lon="9.294860"><ele>537.4</ele></trkpt>
      <trkpt lat="44.701460" lon="9.294888"><ele>537.4</ele></trkpt>
      <trkpt lat="44.701453" lon="9.294918"><ele>537.5</ele></trkpt>
      <trkpt lat="44.701438" lon="9.294950"><ele>537.6</ele></trkpt>
      <trkpt lat="44.701422" lon="9.294978"><ele>537.6</ele></trkpt>
      <trkpt lat="44.701400" lon="9.295002"><ele>537.7</ele></trkpt>
      <trkpt lat="44.701377" lon="9.295022"><ele>537.8</ele></trkpt>
      <trkpt lat="44.701350" lon="9.295042"><ele>537.9</ele></trkpt>
      <trkpt lat="44.701325" lon="9.295062"><ele>537.9</ele></trkpt>
      <trkpt lat="44.701298" lon="9.295075"><ele>538.0</ele></trkpt>
      <trkpt lat="44.701272" lon="9.295085"><ele>538.1</ele></trkpt>
      <trkpt lat="44.701248" lon="9.295093"><ele>538.2</ele></trkpt>
      <trkpt lat="44.701227" lon="9.295110"><ele>538.3</ele></trkpt>
      <trkpt lat="44.701207" lon="9.295127"><ele>538.3</ele></trkpt>
      <trkpt lat="44.701185" lon="9.295143"><ele>538.4</ele></trkpt>
      <trkpt lat="44.701162" lon="9.295157"><ele>538.5</ele></trkpt>
      <trkpt lat="44.701140" lon="9.295175"><ele>538.6</ele></trkpt>
      <trkpt lat="44.701123" lon="9.295200"><ele>538.7</ele></trkpt>
      <trkpt lat="44.701113" lon="9.295228"><ele>538.8</ele></trkpt>
      <trkpt lat="44.701103" lon="9.295258"><ele>538.9</ele></trkpt>
      <trkpt lat="44.701088" lon="9.295287"><ele>539.0</ele></trkpt>
      <trkpt lat="44.701080" lon="9.295320"><ele>539.1</ele></trkpt>
      <trkpt lat="44.701073" lon="9.295352"><ele>539.2</ele></trkpt>
      <trkpt lat="44.701070" lon="9.295385"><ele>539.3</ele></trkpt>
      <trkpt lat="44.701063" lon="9.295422"><ele>539.5</ele></trkpt>
      <trkpt lat="44.701065" lon="9.295458"><ele>539.6</ele></trkpt>
      <trkpt lat="44.701072" lon="9.295492"><ele>539.8</ele></trkpt>
      <trkpt lat="44.701082" lon="9.295520"><ele>539.9</ele></trkpt>
      <trkpt lat="44.701095" lon="9.295543"><ele>539.9</ele></trkpt>
      <trkpt lat="44.701112" lon="9.295565"><ele>540.0</ele></trkpt>
      <trkpt lat="44.701130" lon="9.295583"><ele>540.1</ele></trkpt>
      <trkpt lat="44.701148" lon="9.295602"><ele>540.2</ele></trkpt>
      <trkpt lat="44.701173" lon="9.295610"><ele>540.2</ele></trkpt>
      <trkpt lat="44.701201" lon="9.295623"><ele>540.3</ele></trkpt>
      <trkpt lat="44.701210" lon="9.295627"><ele>540.4</ele></trkpt>
      <trkpt lat="44.701227" lon="9.295628"><ele>540.4</ele></trkpt>
      <trkpt lat="44.701253" lon="9.295620"><ele>540.5</ele></trkpt>
      <trkpt lat="44.701275" lon="9.295607"><ele>540.6</ele></trkpt>
      <trkpt lat="44.701293" lon="9.295597"><ele>540.7</ele></trkpt>
      <trkpt lat="44.701317" lon="9.295575"><ele>540.8</ele></trkpt>
      <trkpt lat="44.701332" lon="9.295562"><ele>540.8</ele></trkpt>
      <trkpt lat="44.701352" lon="9.295553"><ele>540.9</ele></trkpt>
      <trkpt lat="44.701382" lon="9.295540"><ele>541.1</ele></trkpt>
      <trkpt lat="44.701392" lon="9.295533"><ele>541.1</ele></trkpt>
      <trkpt lat="44.701408" lon="9.295513"><ele>541.2</ele></trkpt>
      <trkpt lat="44.701423" lon="9.295492"><ele>541.3</ele></trkpt>
      <trkpt lat="44.701442" lon="9.295472"><ele>541.4</ele></trkpt>
      <trkpt lat="44.701458" lon="9.295452"><ele>541.5</ele></trkpt>
      <trkpt lat="44.701477" lon="9.295433"><ele>541.6</ele></trkpt>
      <trkpt lat="44.701495" lon="9.295418"><ele>541.7</ele></trkpt>
      <trkpt lat="44.701512" lon="9.295402"><ele>541.8</ele></trkpt>
      <trkpt lat="44.701527" lon="9.295388"><ele>541.9</ele></trkpt>
      <trkpt lat="44.701547" lon="9.295373"><ele>542.0</ele></trkpt>
      <trkpt lat="44.701563" lon="9.295357"><ele>542.1</ele></trkpt>
      <trkpt lat="44.701587" lon="9.295337"><ele>542.2</ele></trkpt>
      <trkpt lat="44.701603" lon="9.295322"><ele>542.3</ele></trkpt>
      <trkpt lat="44.701623" lon="9.295305"><ele>542.5</ele></trkpt>
      <trkpt lat="44.701643" lon="9.295288"><ele>542.6</ele></trkpt>
      <trkpt lat="44.701665" lon="9.295268"><ele>542.7</ele></trkpt>
      <trkpt lat="44.701682" lon="9.295250"><ele>542.8</ele></trkpt>
      <trkpt lat="44.701698" lon="9.295237"><ele>542.9</ele></trkpt>
      <trkpt lat="44.701718" lon="9.295223"><ele>543.1</ele></trkpt>
      <trkpt lat="44.701737" lon="9.295208"><ele>543.2</ele></trkpt>
      <trkpt lat="44.701752" lon="9.295192"><ele>543.3</ele></trkpt>
      <trkpt lat="44.701768" lon="9.295173"><ele>543.4</ele></trkpt>
      <trkpt lat="44.701790" lon="9.295158"><ele>543.6</ele></trkpt>
      <trkpt lat="44.701810" lon="9.295145"><ele>543.7</ele></trkpt>
      <trkpt lat="44.701833" lon="9.295133"><ele>543.9</ele></trkpt>
      <trkpt lat="44.701853" lon="9.295115"><ele>544.0</ele></trkpt>
      <trkpt lat="44.701872" lon="9.295100"><ele>544.2</ele></trkpt>
      <trkpt lat="44.701890" lon="9.295090"><ele>544.3</ele></trkpt>
      <trkpt lat="44.701903" lon="9.295083"><ele>544.4</ele></trkpt>
      <trkpt lat="44.701923" lon="9.295072"><ele>544.6</ele></trkpt>
      <trkpt lat="44.701943" lon="9.295060"><ele>544.7</ele></trkpt>
      <trkpt lat="44.701962" lon="9.295048"><ele>544.8</ele></trkpt>
      <trkpt lat="44.701978" lon="9.295038"><ele>545.0</ele></trkpt>
      <trkpt lat="44.701997" lon="9.295028"><ele>545.1</ele></trkpt>
      <trkpt lat="44.702015" lon="9.295017"><ele>545.3</ele></trkpt>
      <trkpt lat="44.702032" lon="9.295008"><ele>545.4</ele></trkpt>
      <trkpt lat="44.702047" lon="9.295000"><ele>545.5</ele></trkpt>
      <trkpt lat="44.702063" lon="9.294992"><ele>545.6</ele></trkpt>
      <trkpt lat="44.702083" lon="9.294982"><ele>545.8</ele></trkpt>
      <trkpt lat="44.702105" lon="9.294972"><ele>546.0</ele></trkpt>
      <trkpt lat="44.702128" lon="9.294965"><ele>546.2</ele></trkpt>
      <trkpt lat="44.702147" lon="9.294960"><ele>546.3</ele></trkpt>
      <trkpt lat="44.702165" lon="9.294952"><ele>546.4</ele></trkpt>
      <trkpt lat="44.702180" lon="9.294943"><ele>546.6</ele></trkpt>
      <trkpt lat="44.702197" lon="9.294933"><ele>546.7</ele></trkpt>
      <trkpt lat="44.702212" lon="9.294928"><ele>546.8</ele></trkpt>
      <trkpt lat="44.702238" lon="9.294918"><ele>547.1</ele></trkpt>
      <trkpt lat="44.702258" lon="9.294908"><ele>547.2</ele></trkpt>
      <trkpt lat="44.702272" lon="9.294898"><ele>547.4</ele></trkpt>
      <trkpt lat="44.702288" lon="9.294890"><ele>547.5</ele></trkpt>
      <trkpt lat="44.702308" lon="9.294885"><ele>547.7</ele></trkpt>
      <trkpt lat="44.702325" lon="9.294878"><ele>547.8</ele></trkpt>
      <trkpt lat="44.702342" lon="9.294872"><ele>548.0</ele></trkpt>
      <trkpt lat="44.702352" lon="9.294867"><ele>548.1</ele></trkpt>
      <trkpt lat="44.702378" lon="9.294855"><ele>548.3</ele></trkpt>
      <trkpt lat="44.702402" lon="9.294847"><ele>548.5</ele></trkpt>
      <trkpt lat="44.702425" lon="9.294840"><ele>548.7</ele></trkpt>
      <trkpt lat="44.702445" lon="9.294838"><ele>548.8</ele></trkpt>
      <trkpt lat="44.702462" lon="9.294837"><ele>549.0</ele></trkpt>
      <trkpt lat="44.702475" lon="9.294830"><ele>549.1</ele></trkpt>
      <trkpt lat="44.702492" lon="9.294823"><ele>549.3</ele></trkpt>
      <trkpt lat="44.702512" lon="9.294813"><ele>549.4</ele></trkpt>
      <trkpt lat="44.702525" lon="9.294808"><ele>549.5</ele></trkpt>
      <trkpt lat="44.702543" lon="9.294805"><ele>549.7</ele></trkpt>
      <trkpt lat="44.702565" lon="9.294803"><ele>549.9</ele></trkpt>
      <trkpt lat="44.702590" lon="9.294800"><ele>550.1</ele></trkpt>
      <trkpt lat="44.702602" lon="9.294798"><ele>550.2</ele></trkpt>
      <trkpt lat="44.702613" lon="9.294792"><ele>550.3</ele></trkpt>
      <trkpt lat="44.702629" lon="9.294786"><ele>550.5</ele></trkpt>
      <trkpt lat="44.702637" lon="9.294785"><ele>550.6</ele></trkpt>
      <trkpt lat="44.702655" lon="9.294783"><ele>550.7</ele></trkpt>
      <trkpt lat="44.702672" lon="9.294787"><ele>550.9</ele></trkpt>
      <trkpt lat="44.702688" lon="9.294790"><ele>551.0</ele></trkpt>
      <trkpt lat="44.702702" lon="9.294790"><ele>551.1</ele></trkpt>
      <trkpt lat="44.702720" lon="9.294792"><ele>551.3</ele></trkpt>
      <trkpt lat="44.702740" lon="9.294792"><ele>551.5</ele></trkpt>
      <trkpt lat="44.702752" lon="9.294793"><ele>551.6</ele></trkpt>
      <trkpt lat="44.702768" lon="9.294797"><ele>551.8</ele></trkpt>
      <trkpt lat="44.702785" lon="9.294798"><ele>551.9</ele></trkpt>
      <trkpt lat="44.702808" lon="9.294798"><ele>552.1</ele></trkpt>
      <trkpt lat="44.702830" lon="9.294802"><ele>552.3</ele></trkpt>
      <trkpt lat="44.702845" lon="9.294805"><ele>552.4</ele></trkpt>
      <trkpt lat="44.702868" lon="9.294810"><ele>552.6</ele></trkpt>
      <trkpt lat="44.702895" lon="9.294815"><ele>552.9</ele></trkpt>
      <trkpt lat="44.702922" lon="9.294822"><ele>553.1</ele></trkpt>
      <trkpt lat="44.702947" lon="9.294828"><ele>553.3</ele></trkpt>
      <trkpt lat="44.702970" lon="9.294830"><ele>553.5</ele></trkpt>
      <trkpt lat="44.702985" lon="9.294835"><ele>553.6</ele></trkpt>
      <trkpt lat="44.703000" lon="9.294837"><ele>553.7</ele></trkpt>
      <trkpt lat="44.703012" lon="9.294842"><ele>553.8</ele></trkpt>
      <trkpt lat="44.703030" lon="9.294842"><ele>554.0</ele></trkpt>
      <trkpt lat="44.703045" lon="9.294850"><ele>554.1</ele></trkpt>
      <trkpt lat="44.703063" lon="9.294858"><ele>554.2</ele></trkpt>
      <trkpt lat="44.703080" lon="9.294863"><ele>554.4</ele></trkpt>
      <trkpt lat="44.703100" lon="9.294873"><ele>554.5</ele></trkpt>
      <trkpt lat="44.703118" lon="9.294883"><ele>554.7</ele></trkpt>
      <trkpt lat="44.703132" lon="9.294897"><ele>554.8</ele></trkpt>
      <trkpt lat="44.703140" lon="9.294912"><ele>554.9</ele></trkpt>
      <trkpt lat="44.703157" lon="9.294922"><ele>555.1</ele></trkpt>
      <trkpt lat="44.703175" lon="9.294930"><ele>555.2</ele></trkpt>
      <trkpt lat="44.703192" lon="9.294938"><ele>555.4</ele></trkpt>
      <trkpt lat="44.703208" lon="9.294947"><ele>555.5</ele></trkpt>
      <trkpt lat="44.703225" lon="9.294957"><ele>555.7</ele></trkpt>
      <trkpt lat="44.703238" lon="9.294968"><ele>555.8</ele></trkpt>
      <trkpt lat="44.703247" lon="9.294977"><ele>555.9</ele></trkpt>
      <trkpt lat="44.703260" lon="9.294985"><ele>556.0</ele></trkpt>
      <trkpt lat="44.703273" lon="9.294993"><ele>556.1</ele></trkpt>
      <trkpt lat="44.703282" lon="9.295000"><ele>556.2</ele></trkpt>
      <trkpt lat="44.703295" lon="9.295010"><ele>556.3</ele></trkpt>
      <trkpt lat="44.703308" lon="9.295017"><ele>556.5</ele></trkpt>
      <trkpt lat="44.703323" lon="9.295032"><ele>556.6</ele></trkpt>
      <trkpt lat="44.703333" lon="9.295045"><ele>556.7</ele></trkpt>
      <trkpt lat="44.703345" lon="9.295062"><ele>556.9</ele></trkpt>
      <trkpt lat="44.703357" lon="9.295080"><ele>557.0</ele></trkpt>
      <trkpt lat="44.703370" lon="9.295097"><ele>557.2</ele></trkpt>
      <trkpt lat="44.703383" lon="9.295112"><ele>557.3</ele></trkpt>
      <trkpt lat="44.703407" lon="9.295127"><ele>557.5</ele></trkpt>
      <trkpt lat="44.703425" lon="9.295145"><ele>557.7</ele></trkpt>
      <trkpt lat="44.703442" lon="9.295160"><ele>557.9</ele></trkpt>
      <trkpt lat="44.703463" lon="9.295173"><ele>558.1</ele></trkpt>
      <trkpt lat="44.703475" lon="9.295188"><ele>558.2</ele></trkpt>
      <trkpt lat="44.703485" lon="9.295207"><ele>558.4</ele></trkpt>
      <trkpt lat="44.703505" lon="9.295215"><ele>558.5</ele></trkpt>
      <trkpt lat="44.703512" lon="9.295235"><ele>558.7</ele></trkpt>
      <trkpt lat="44.703517" lon="9.295255"><ele>558.8</ele></trkpt>
      <trkpt lat="44.703525" lon="9.295275"><ele>558.9</ele></trkpt>
      <trkpt lat="44.703537" lon="9.295290"><ele>559.1</ele></trkpt>
      <trkpt lat="44.703555" lon="9.295300"><ele>559.2</ele></trkpt>
      <trkpt lat="44.703567" lon="9.295313"><ele>559.3</ele></trkpt>
      <trkpt lat="44.703578" lon="9.295330"><ele>559.5</ele></trkpt>
      <trkpt lat="44.703588" lon="9.295350"><ele>559.6</ele></trkpt>
      <trkpt lat="44.703602" lon="9.295363"><ele>559.7</ele></trkpt>
      <trkpt lat="44.703610" lon="9.295375"><ele>559.8</ele></trkpt>
      <trkpt lat="44.703615" lon="9.295387"><ele>559.9</ele></trkpt>
      <trkpt lat="44.703623" lon="9.295405"><ele>560.0</ele></trkpt>
      <trkpt lat="44.703637" lon="9.295427"><ele>560.2</ele></trkpt>
      <trkpt lat="44.703643" lon="9.295443"><ele>560.3</ele></trkpt>
      <trkpt lat="44.703647" lon="9.295462"><ele>560.4</ele></trkpt>
      <trkpt lat="44.703655" lon="9.295482"><ele>560.6</ele></trkpt>
      <trkpt lat="44.703670" lon="9.295493"><ele>560.7</ele></trkpt>
      <trkpt lat="44.703690" lon="9.295512"><ele>560.9</ele></trkpt>
      <trkpt lat="44.703715" lon="9.295518"><ele>561.1</ele></trkpt>
      <trkpt lat="44.703730" lon="9.295530"><ele>561.3</ele></trkpt>
      <trkpt lat="44.703742" lon="9.295538"><ele>561.4</ele></trkpt>
      <trkpt lat="44.703758" lon="9.295553"><ele>561.6</ele></trkpt>
      <trkpt lat="44.703775" lon="9.295572"><ele>561.7</ele></trkpt>
      <trkpt lat="44.703787" lon="9.295582"><ele>561.9</ele></trkpt>
      <trkpt lat="44.703803" lon="9.295593"><ele>562.0</ele></trkpt>
      <trkpt lat="44.703820" lon="9.295605"><ele>562.2</ele></trkpt>
      <trkpt lat="44.703837" lon="9.295610"><ele>562.3</ele></trkpt>
      <trkpt lat="44.703852" lon="9.295613"><ele>562.5</ele></trkpt>
      <trkpt lat="44.703863" lon="9.295622"><ele>562.6</ele></trkpt>
      <trkpt lat="44.703882" lon="9.295630"><ele>562.7</ele></trkpt>
      <trkpt lat="44.703902" lon="9.295642"><ele>562.9</ele></trkpt>
      <trkpt lat="44.703922" lon="9.295652"><ele>563.1</ele></trkpt>
      <trkpt lat="44.703940" lon="9.295658"><ele>563.2</ele></trkpt>
      <trkpt lat="44.703958" lon="9.295657"><ele>563.4</ele></trkpt>
      <trkpt lat="44.703977" lon="9.295657"><ele>563.5</ele></trkpt>
      <trkpt lat="44.703995" lon="9.295658"><ele>563.7</ele></trkpt>
      <trkpt lat="44.704015" lon="9.295660"><ele>563.8</ele></trkpt>
      <trkpt lat="44.704035" lon="9.295658"><ele>564.0</ele></trkpt>
      <trkpt lat="44.704053" lon="9.295663"><ele>564.1</ele></trkpt>
      <trkpt lat="44.704078" lon="9.295673"><ele>564.3</ele></trkpt>
      <trkpt lat="44.704095" lon="9.295680"><ele>564.4</ele></trkpt>
      <trkpt lat="44.704110" lon="9.295687"><ele>564.6</ele></trkpt>
      <trkpt lat="44.704123" lon="9.295695"><ele>564.7</ele></trkpt>
      <trkpt lat="44.704142" lon="9.295700"><ele>564.8</ele></trkpt>
      <trkpt lat="44.704163" lon="9.295712"><ele>565.0</ele></trkpt>
      <trkpt lat="44.704195" lon="9.295720"><ele>565.2</ele></trkpt>
      <trkpt lat="44.704220" lon="9.295730"><ele>565.4</ele></trkpt>
      <trkpt lat="44.704248" lon="9.295735"><ele>565.7</ele></trkpt>
      <trkpt lat="44.704280" lon="9.295737"><ele>565.9</ele></trkpt>
      <trkpt lat="44.704303" lon="9.295738"><ele>566.1</ele></trkpt>
      <trkpt lat="44.704327" lon="9.295752"><ele>566.3</ele></trkpt>
      <trkpt lat="44.704342" lon="9.295772"><ele>566.5</ele></trkpt>
      <trkpt lat="44.704358" lon="9.295795"><ele>566.7</ele></trkpt>
      <trkpt lat="44.704375" lon="9.295822"><ele>566.9</ele></trkpt>
      <trkpt lat="44.704385" lon="9.295843"><ele>567.1</ele></trkpt>
      <trkpt lat="44.704392" lon="9.295865"><ele>567.3</ele></trkpt>
      <trkpt lat="44.704398" lon="9.295885"><ele>567.4</ele></trkpt>
      <trkpt lat="44.704408" lon="9.295905"><ele>567.6</ele></trkpt>
      <trkpt lat="44.704410" lon="9.295925"><ele>567.7</ele></trkpt>
      <trkpt lat="44.704408" lon="9.295945"><ele>567.9</ele></trkpt>
      <trkpt lat="44.704405" lon="9.295962"><ele>568.0</ele></trkpt>
      <trkpt lat="44.704408" lon="9.295972"><ele>568.1</ele></trkpt>
      <trkpt lat="44.704400" lon="9.295988"><ele>568.2</ele></trkpt>
      <trkpt lat="44.704385" lon="9.296012"><ele>568.4</ele></trkpt>
      <trkpt lat="44.704373" lon="9.296030"><ele>568.6</ele></trkpt>
      <trkpt lat="44.704367" lon="9.296042"><ele>568.7</ele></trkpt>
      <trkpt lat="44.704358" lon="9.296055"><ele>568.8</ele></trkpt>
      <trkpt lat="44.704353" lon="9.296065"><ele>568.9</ele></trkpt>
      <trkpt lat="44.704343" lon="9.296078"><ele>569.0</ele></trkpt>
      <trkpt lat="44.704333" lon="9.296098"><ele>569.2</ele></trkpt>
      <trkpt lat="44.704320" lon="9.296108"><ele>569.3</ele></trkpt>
      <trkpt lat="44.704305" lon="9.296112"><ele>569.5</ele></trkpt>
      <trkpt lat="44.704280" lon="9.296122"><ele>569.7</ele></trkpt>
      <trkpt lat="44.704262" lon="9.296127"><ele>569.8</ele></trkpt>
      <trkpt lat="44.704238" lon="9.296138"><ele>570.0</ele></trkpt>
      <trkpt lat="44.704222" lon="9.296138"><ele>570.1</ele></trkpt>
      <trkpt lat="44.704205" lon="9.296138"><ele>570.2</ele></trkpt>
      <trkpt lat="44.704190" lon="9.296152"><ele>570.3</ele></trkpt>
      <trkpt lat="44.704173" lon="9.296167"><ele>570.5</ele></trkpt>
      <trkpt lat="44.704157" lon="9.296172"><ele>570.6</ele></trkpt>
      <trkpt lat="44.704137" lon="9.296182"><ele>570.7</ele></trkpt>
      <trkpt lat="44.704117" lon="9.296183"><ele>570.8</ele></trkpt>
      <trkpt lat="44.704103" lon="9.296182"><ele>570.9</ele></trkpt>
      <trkpt lat="44.704092" lon="9.296178"><ele>571.0</ele></trkpt>
      <trkpt lat="44.704082" lon="9.296177"><ele>571.1</ele></trkpt>
      <trkpt lat="44.704055" lon="9.296190"><ele>571.2</ele></trkpt>
      <trkpt lat="44.704033" lon="9.296195"><ele>571.4</ele></trkpt>
      <trkpt lat="44.704017" lon="9.296190"><ele>571.5</ele></trkpt>
      <trkpt lat="44.704000" lon="9.296183"><ele>571.6</ele></trkpt>
      <trkpt lat="44.703987" lon="9.296173"><ele>571.7</ele></trkpt>
      <trkpt lat="44.703978" lon="9.296170"><ele>571.7</ele></trkpt>
      <trkpt lat="44.703963" lon="9.296163"><ele>571.8</ele></trkpt>
      <trkpt lat="44.703947" lon="9.296155"><ele>571.9</ele></trkpt>
      <trkpt lat="44.703922" lon="9.296155"><ele>572.1</ele></trkpt>
      <trkpt lat="44.703895" lon="9.296153"><ele>572.2</ele></trkpt>
      <trkpt lat="44.703877" lon="9.296152"><ele>572.4</ele></trkpt>
      <trkpt lat="44.703863" lon="9.296157"><ele>572.4</ele></trkpt>
      <trkpt lat="44.703832" lon="9.296158"><ele>572.6</ele></trkpt>
      <trkpt lat="44.703810" lon="9.296145"><ele>572.8</ele></trkpt>
      <trkpt lat="44.703788" lon="9.296137"><ele>572.9</ele></trkpt>
      <trkpt lat="44.703770" lon="9.296135"><ele>573.0</ele></trkpt>
      <trkpt lat="44.703755" lon="9.296132"><ele>573.1</ele></trkpt>
      <trkpt lat="44.703735" lon="9.296133"><ele>573.2</ele></trkpt>
      <trkpt lat="44.703717" lon="9.296128"><ele>573.4</ele></trkpt>
      <trkpt lat="44.703697" lon="9.296132"><ele>573.5</ele></trkpt>
      <trkpt lat="44.703673" lon="9.296132"><ele>573.6</ele></trkpt>
      <trkpt lat="44.703643" lon="9.296132"><ele>573.8</ele></trkpt>
      <trkpt lat="44.703620" lon="9.296133"><ele>574.0</ele></trkpt>
      <trkpt lat="44.703595" lon="9.296143"><ele>574.2</ele></trkpt>
      <trkpt lat="44.703572" lon="9.296163"><ele>574.3</ele></trkpt>
      <trkpt lat="44.703548" lon="9.296182"><ele>574.5</ele></trkpt>
      <trkpt lat="44.703525" lon="9.296198"><ele>574.7</ele></trkpt>
      <trkpt lat="44.703510" lon="9.296212"><ele>574.8</ele></trkpt>
      <trkpt lat="44.703492" lon="9.296233"><ele>574.9</ele></trkpt>
      <trkpt lat="44.703480" lon="9.296242"><ele>575.0</ele></trkpt>
      <trkpt lat="44.703463" lon="9.296252"><ele>575.1</ele></trkpt>
      <trkpt lat="44.703457" lon="9.296275"><ele>575.3</ele></trkpt>
      <trkpt lat="44.703440" lon="9.296287"><ele>575.4</ele></trkpt>
      <trkpt lat="44.703422" lon="9.296295"><ele>575.5</ele></trkpt>
      <trkpt lat="44.703403" lon="9.296300"><ele>575.6</ele></trkpt>
      <trkpt lat="44.703392" lon="9.296307"><ele>575.7</ele></trkpt>
      <trkpt lat="44.703380" lon="9.296318"><ele>575.8</ele></trkpt>
      <trkpt lat="44.703365" lon="9.296330"><ele>575.9</ele></trkpt>
      <trkpt lat="44.703347" lon="9.296347"><ele>576.0</ele></trkpt>
      <trkpt lat="44.703328" lon="9.296355"><ele>576.1</ele></trkpt>
      <trkpt lat="44.703313" lon="9.296360"><ele>576.2</ele></trkpt>
      <trkpt lat="44.703302" lon="9.296372"><ele>576.2</ele></trkpt>
      <trkpt lat="44.703285" lon="9.296380"><ele>576.3</ele></trkpt>
      <trkpt lat="44.703272" lon="9.296387"><ele>576.4</ele></trkpt>
      <trkpt lat="44.703262" lon="9.296397"><ele>576.4</ele></trkpt>
      <trkpt lat="44.703247" lon="9.296403"><ele>576.5</ele></trkpt>
      <trkpt lat="44.703230" lon="9.296412"><ele>576.6</ele></trkpt>
      <trkpt lat="44.703212" lon="9.296422"><ele>576.6</ele></trkpt>
      <trkpt lat="44.703190" lon="9.296437"><ele>576.8</ele></trkpt>
      <trkpt lat="44.703172" lon="9.296448"><ele>576.8</ele></trkpt>
      <trkpt lat="44.703152" lon="9.296460"><ele>576.9</ele></trkpt>
      <trkpt lat="44.703128" lon="9.296472"><ele>577.0</ele></trkpt>
      <trkpt lat="44.703107" lon="9.296487"><ele>577.1</ele></trkpt>
      <trkpt lat="44.703092" lon="9.296508"><ele>577.2</ele></trkpt>
      <trkpt lat="44.703078" lon="9.296528"><ele>577.2</ele></trkpt>
      <trkpt lat="44.703065" lon="9.296545"><ele>577.3</ele></trkpt>
      <trkpt lat="44.703050" lon="9.296553"><ele>577.4</ele></trkpt>
      <trkpt lat="44.703035" lon="9.296562"><ele>577.4</ele></trkpt>
      <trkpt lat="44.703018" lon="9.296572"><ele>577.5</ele></trkpt>
      <trkpt lat="44.703003" lon="9.296587"><ele>577.6</ele></trkpt>
      <trkpt lat="44.702988" lon="9.296600"><ele>577.6</ele></trkpt>
      <trkpt lat="44.702973" lon="9.296613"><ele>577.7</ele></trkpt>
      <trkpt lat="44.702968" lon="9.296633"><ele>577.7</ele></trkpt>
      <trkpt lat="44.702957" lon="9.296648"><ele>577.8</ele></trkpt>
      <trkpt lat="44.702942" lon="9.296660"><ele>577.8</ele></trkpt>
      <trkpt lat="44.702923" lon="9.296673"><ele>577.9</ele></trkpt>
      <trkpt lat="44.702902" lon="9.296683"><ele>578.0</ele></trkpt>
      <trkpt lat="44.702885" lon="9.296697"><ele>578.1</ele></trkpt>
      <trkpt lat="44.702865" lon="9.296717"><ele>578.2</ele></trkpt>
      <trkpt lat="44.702845" lon="9.296732"><ele>578.2</ele></trkpt>
      <trkpt lat="44.702822" lon="9.296742"><ele>578.3</ele></trkpt>
      <trkpt lat="44.702798" lon="9.296752"><ele>578.4</ele></trkpt>
      <trkpt lat="44.702778" lon="9.296757"><ele>578.5</ele></trkpt>
      <trkpt lat="44.702758" lon="9.296760"><ele>578.5</ele></trkpt>
      <trkpt lat="44.702735" lon="9.296767"><ele>578.6</ele></trkpt>
      <trkpt lat="44.702713" lon="9.296775"><ele>578.7</ele></trkpt>
      <trkpt lat="44.702697" lon="9.296785"><ele>578.8</ele></trkpt>
      <trkpt lat="44.702678" lon="9.296793"><ele>578.9</ele></trkpt>
      <trkpt lat="44.702655" lon="9.296798"><ele>579.0</ele></trkpt>
      <trkpt lat="44.702632" lon="9.296805"><ele>579.1</ele></trkpt>
      <trkpt lat="44.702605" lon="9.296813"><ele>579.3</ele></trkpt>
      <trkpt lat="44.702577" lon="9.296825"><ele>579.4</ele></trkpt>
      <trkpt lat="44.702548" lon="9.296833"><ele>579.5</ele></trkpt>
      <trkpt lat="44.702525" lon="9.296838"><ele>579.6</ele></trkpt>
      <trkpt lat="44.702498" lon="9.296842"><ele>579.8</ele></trkpt>
      <trkpt lat="44.702470" lon="9.296845"><ele>579.9</ele></trkpt>
      <trkpt lat="44.702442" lon="9.296852"><ele>580.1</ele></trkpt>
      <trkpt lat="44.702415" lon="9.296857"><ele>580.2</ele></trkpt>
      <trkpt lat="44.702392" lon="9.296862"><ele>580.3</ele></trkpt>
      <trkpt lat="44.702372" lon="9.296867"><ele>580.4</ele></trkpt>
      <trkpt lat="44.702353" lon="9.296875"><ele>580.5</ele></trkpt>
      <trkpt lat="44.702337" lon="9.296883"><ele>580.6</ele></trkpt>
      <trkpt lat="44.702312" lon="9.296890"><ele>580.8</ele></trkpt>
      <trkpt lat="44.702287" lon="9.296897"><ele>580.9</ele></trkpt>
      <trkpt lat="44.702262" lon="9.296902"><ele>581.0</ele></trkpt>
      <trkpt lat="44.702238" lon="9.296910"><ele>581.2</ele></trkpt>
      <trkpt lat="44.702217" lon="9.296918"><ele>581.3</ele></trkpt>
      <trkpt lat="44.702192" lon="9.296928"><ele>581.4</ele></trkpt>
      <trkpt lat="44.702172" lon="9.296940"><ele>581.5</ele></trkpt>
      <trkpt lat="44.702153" lon="9.296953"><ele>581.6</ele></trkpt>
      <trkpt lat="44.702135" lon="9.296968"><ele>581.8</ele></trkpt>
      <trkpt lat="44.702113" lon="9.296983"><ele>581.9</ele></trkpt>
      <trkpt lat="44.702093" lon="9.296998"><ele>582.0</ele></trkpt>
      <trkpt lat="44.702070" lon="9.297022"><ele>582.2</ele></trkpt>
      <trkpt lat="44.702052" lon="9.297050"><ele>582.4</ele></trkpt>
      <trkpt lat="44.702035" lon="9.297075"><ele>582.6</ele></trkpt>
      <trkpt lat="44.702025" lon="9.297105"><ele>582.7</ele></trkpt>
      <trkpt lat="44.702015" lon="9.297143"><ele>583.0</ele></trkpt>
      <trkpt lat="44.702007" lon="9.297182"><ele>583.2</ele></trkpt>
      <trkpt lat="44.702003" lon="9.297220"><ele>583.4</ele></trkpt>
      <trkpt lat="44.702002" lon="9.297253"><ele>583.6</ele></trkpt>
      <trkpt lat="44.702007" lon="9.297280"><ele>583.8</ele></trkpt>
      <trkpt lat="44.702010" lon="9.297307"><ele>584.0</ele></trkpt>
      <trkpt lat="44.702020" lon="9.297342"><ele>584.2</ele></trkpt>
      <trkpt lat="44.702025" lon="9.297373"><ele>584.4</ele></trkpt>
      <trkpt lat="44.702030" lon="9.297398"><ele>584.6</ele></trkpt>
      <trkpt lat="44.702035" lon="9.297413"><ele>584.7</ele></trkpt>
      <trkpt lat="44.702042" lon="9.297422"><ele>584.8</ele></trkpt>
      <trkpt lat="44.702058" lon="9.297430"><ele>584.9</ele></trkpt>
      <trkpt lat="44.702082" lon="9.297437"><ele>585.2</ele></trkpt>
      <trkpt lat="44.702102" lon="9.297437"><ele>585.3</ele></trkpt>
      <trkpt lat="44.702118" lon="9.297438"><ele>585.4</ele></trkpt>
      <trkpt lat="44.702135" lon="9.297438"><ele>585.6</ele></trkpt>
      <trkpt lat="44.702148" lon="9.297443"><ele>585.7</ele></trkpt>
      <trkpt lat="44.702174" lon="9.297434"><ele>585.9</ele></trkpt>
      <trkpt lat="44.702182" lon="9.297433"><ele>586.0</ele></trkpt>
      <trkpt lat="44.702202" lon="9.297425"><ele>586.1</ele></trkpt>
      <trkpt lat="44.702230" lon="9.297413"><ele>586.3</ele></trkpt>
      <trkpt lat="44.702250" lon="9.297400"><ele>586.5</ele></trkpt>
      <trkpt lat="44.702270" lon="9.297383"><ele>586.6</ele></trkpt>
      <trkpt lat="44.702298" lon="9.297357"><ele>586.8</ele></trkpt>
      <trkpt lat="44.702323" lon="9.297335"><ele>587.0</ele></trkpt>
      <trkpt lat="44.702340" lon="9.297327"><ele>587.1</ele></trkpt>
      <trkpt lat="44.702357" lon="9.297323"><ele>587.3</ele></trkpt>
      <trkpt lat="44.702373" lon="9.297317"><ele>587.4</ele></trkpt>
      <trkpt lat="44.702387" lon="9.297302"><ele>587.5</ele></trkpt>
      <trkpt lat="44.702402" lon="9.297285"><ele>587.6</ele></trkpt>
      <trkpt lat="44.702418" lon="9.297268"><ele>587.7</ele></trkpt>
      <trkpt lat="44.702440" lon="9.297248"><ele>587.9</ele></trkpt>
      <trkpt lat="44.702452" lon="9.297242"><ele>588.0</ele></trkpt>
      <trkpt lat="44.702463" lon="9.297235"><ele>588.1</ele></trkpt>
      <trkpt lat="44.702475" lon="9.297230"><ele>588.2</ele></trkpt>
      <trkpt lat="44.702482" lon="9.297227"><ele>588.2</ele></trkpt>
      <trkpt lat="44.702492" lon="9.297225"><ele>588.3</ele></trkpt>
      <trkpt lat="44.702513" lon="9.297222"><ele>588.5</ele></trkpt>
      <trkpt lat="44.702522" lon="9.297225"><ele>588.5</ele></trkpt>
      <trkpt lat="44.702533" lon="9.297223"><ele>588.6</ele></trkpt>
      <trkpt lat="44.702555" lon="9.297220"><ele>588.8</ele></trkpt>
      <trkpt lat="44.702573" lon="9.297212"><ele>588.9</ele></trkpt>
      <trkpt lat="44.702590" lon="9.297202"><ele>589.0</ele></trkpt>
      <trkpt lat="44.702605" lon="9.297197"><ele>589.1</ele></trkpt>
      <trkpt lat="44.702625" lon="9.297197"><ele>589.3</ele></trkpt>
      <trkpt lat="44.702645" lon="9.297200"><ele>589.4</ele></trkpt>
      <trkpt lat="44.702668" lon="9.297202"><ele>589.6</ele></trkpt>
      <trkpt lat="44.702685" lon="9.297208"><ele>589.7</ele></trkpt>
      <trkpt lat="44.702702" lon="9.297212"><ele>589.9</ele></trkpt>
      <trkpt lat="44.702718" lon="9.297210"><ele>590.0</ele></trkpt>
      <trkpt lat="44.702733" lon="9.297208"><ele>590.1</ele></trkpt>
      <trkpt lat="44.702750" lon="9.297207"><ele>590.3</ele></trkpt>
      <trkpt lat="44.702767" lon="9.297205"><ele>590.4</ele></trkpt>
      <trkpt lat="44.702782" lon="9.297208"><ele>590.5</ele></trkpt>
      <trkpt lat="44.702797" lon="9.297210"><ele>590.6</ele></trkpt>
      <trkpt lat="44.702812" lon="9.297210"><ele>590.8</ele></trkpt>
      <trkpt lat="44.702825" lon="9.297212"><ele>590.9</ele></trkpt>
      <trkpt lat="44.702842" lon="9.297218"><ele>591.0</ele></trkpt>
      <trkpt lat="44.702857" lon="9.297222"><ele>591.1</ele></trkpt>
      <trkpt lat="44.702873" lon="9.297220"><ele>591.3</ele></trkpt>
      <trkpt lat="44.702892" lon="9.297222"><ele>591.4</ele></trkpt>
      <trkpt lat="44.702908" lon="9.297223"><ele>591.5</ele></trkpt>
      <trkpt lat="44.702922" lon="9.297227"><ele>591.7</ele></trkpt>
      <trkpt lat="44.702933" lon="9.297233"><ele>591.8</ele></trkpt>
      <trkpt lat="44.702948" lon="9.297242"><ele>591.9</ele></trkpt>
      <trkpt lat="44.702963" lon="9.297250"><ele>592.0</ele></trkpt>
      <trkpt lat="44.702978" lon="9.297258"><ele>592.2</ele></trkpt>
      <trkpt lat="44.702995" lon="9.297265"><ele>592.3</ele></trkpt>
      <trkpt lat="44.703018" lon="9.297268"><ele>592.5</ele></trkpt>
      <trkpt lat="44.703035" lon="9.297275"><ele>592.7</ele></trkpt>
      <trkpt lat="44.703052" lon="9.297282"><ele>592.8</ele></trkpt>
      <trkpt lat="44.703068" lon="9.297287"><ele>593.0</ele></trkpt>
      <trkpt lat="44.703085" lon="9.297300"><ele>593.1</ele></trkpt>
      <trkpt lat="44.703102" lon="9.297307"><ele>593.3</ele></trkpt>
      <trkpt lat="44.703118" lon="9.297310"><ele>593.4</ele></trkpt>
      <trkpt lat="44.703133" lon="9.297313"><ele>593.5</ele></trkpt>
      <trkpt lat="44.703153" lon="9.297315"><ele>593.7</ele></trkpt>
      <trkpt lat="44.703162" lon="9.297320"><ele>593.8</ele></trkpt>
      <trkpt lat="44.703185" lon="9.297328"><ele>594.0</ele></trkpt>
      <trkpt lat="44.703198" lon="9.297337"><ele>594.1</ele></trkpt>
      <trkpt lat="44.703208" lon="9.297348"><ele>594.2</ele></trkpt>
      <trkpt lat="44.703222" lon="9.297358"><ele>594.3</ele></trkpt>
      <trkpt lat="44.703233" lon="9.297372"><ele>594.5</ele></trkpt>
      <trkpt lat="44.703250" lon="9.297383"><ele>594.6</ele></trkpt>
      <trkpt lat="44.703262" lon="9.297395"><ele>594.8</ele></trkpt>
      <trkpt lat="44.703275" lon="9.297400"><ele>594.9</ele></trkpt>
      <trkpt lat="44.703287" lon="9.297410"><ele>595.0</ele></trkpt>
      <trkpt lat="44.703295" lon="9.297425"><ele>595.1</ele></trkpt>
      <trkpt lat="44.703297" lon="9.297437"><ele>595.2</ele></trkpt>
      <trkpt lat="44.703297" lon="9.297443"><ele>595.2</ele></trkpt>
      <trkpt lat="44.703303" lon="9.297455"><ele>595.3</ele></trkpt>
      <trkpt lat="44.703315" lon="9.297460"><ele>595.4</ele></trkpt>
      <trkpt lat="44.703327" lon="9.297468"><ele>595.6</ele></trkpt>
      <trkpt lat="44.703360" lon="9.297485"><ele>595.9</ele></trkpt>
      <trkpt lat="44.703380" lon="9.297502"><ele>596.1</ele></trkpt>
      <trkpt lat="44.703403" lon="9.297505"><ele>596.3</ele></trkpt>
      <trkpt lat="44.703435" lon="9.297505"><ele>596.6</ele></trkpt>
      <trkpt lat="44.703463" lon="9.297507"><ele>596.9</ele></trkpt>
      <trkpt lat="44.703487" lon="9.297508"><ele>597.1</ele></trkpt>
      <trkpt lat="44.703503" lon="9.297518"><ele>597.3</ele></trkpt>
      <trkpt lat="44.703528" lon="9.297530"><ele>597.5</ele></trkpt>
      <trkpt lat="44.703535" lon="9.297540"><ele>597.6</ele></trkpt>
      <trkpt lat="44.703542" lon="9.297557"><ele>597.7</ele></trkpt>
      <trkpt lat="44.703548" lon="9.297573"><ele>597.8</ele></trkpt>
      <trkpt lat="44.703555" lon="9.297590"><ele>598.0</ele></trkpt>
      <trkpt lat="44.703575" lon="9.297602"><ele>598.2</ele></trkpt>
      <trkpt lat="44.703599" lon="9.297629"><ele>598.5</ele></trkpt>
      <trkpt lat="44.703607" lon="9.297638"><ele>598.6</ele></trkpt>
      <trkpt lat="44.703630" lon="9.297667"><ele>598.8</ele></trkpt>
      <trkpt lat="44.703642" lon="9.297692"><ele>599.0</ele></trkpt>
      <trkpt lat="44.703655" lon="9.297720"><ele>599.2</ele></trkpt>
      <trkpt lat="44.703663" lon="9.297743"><ele>599.4</ele></trkpt>
      <trkpt lat="44.703675" lon="9.297760"><ele>599.5</ele></trkpt>
      <trkpt lat="44.703682" lon="9.297778"><ele>599.7</ele></trkpt>
      <trkpt lat="44.703683" lon="9.297802"><ele>599.8</ele></trkpt>
      <trkpt lat="44.703687" lon="9.297827"><ele>600.0</ele></trkpt>
      <trkpt lat="44.703690" lon="9.297847"><ele>600.1</ele></trkpt>
      <trkpt lat="44.703690" lon="9.297877"><ele>600.3</ele></trkpt>
      <trkpt lat="44.703692" lon="9.297910"><ele>600.5</ele></trkpt>
      <trkpt lat="44.703700" lon="9.297940"><ele>600.7</ele></trkpt>
      <trkpt lat="44.703703" lon="9.297965"><ele>600.9</ele></trkpt>
      <trkpt lat="44.703710" lon="9.297988"><ele>601.0</ele></trkpt>
      <trkpt lat="44.703718" lon="9.298005"><ele>601.1</ele></trkpt>
      <trkpt lat="44.703722" lon="9.298023"><ele>601.2</ele></trkpt>
      <trkpt lat="44.703722" lon="9.298053"><ele>601.4</ele></trkpt>
      <trkpt lat="44.703728" lon="9.298080"><ele>601.6</ele></trkpt>
      <trkpt lat="44.703730" lon="9.298107"><ele>601.8</ele></trkpt>
      <trkpt lat="44.703735" lon="9.298132"><ele>601.9</ele></trkpt>
      <trkpt lat="44.703737" lon="9.298152"><ele>602.1</ele></trkpt>
      <trkpt lat="44.703737" lon="9.298175"><ele>602.2</ele></trkpt>
      <trkpt lat="44.703743" lon="9.298192"><ele>602.3</ele></trkpt>
      <trkpt lat="44.703743" lon="9.298218"><ele>602.5</ele></trkpt>
      <trkpt lat="44.703742" lon="9.298250"><ele>602.7</ele></trkpt>
      <trkpt lat="44.703745" lon="9.298273"><ele>602.8</ele></trkpt>
      <trkpt lat="44.703743" lon="9.298298"><ele>602.9</ele></trkpt>
      <trkpt lat="44.703747" lon="9.298322"><ele>603.1</ele></trkpt>
      <trkpt lat="44.703748" lon="9.298340"><ele>603.2</ele></trkpt>
      <trkpt lat="44.703750" lon="9.298355"><ele>603.2</ele></trkpt>
      <trkpt lat="44.703758" lon="9.298372"><ele>603.4</ele></trkpt>
      <trkpt lat="44.703772" lon="9.298390"><ele>603.5</ele></trkpt>
      <trkpt lat="44.703773" lon="9.298425"><ele>603.7</ele></trkpt>
      <trkpt lat="44.703780" lon="9.298453"><ele>603.9</ele></trkpt>
      <trkpt lat="44.703788" lon="9.298480"><ele>604.0</ele></trkpt>
      <trkpt lat="44.703788" lon="9.298505"><ele>604.1</ele></trkpt>
      <trkpt lat="44.703780" lon="9.298532"><ele>604.3</ele></trkpt>
      <trkpt lat="44.703772" lon="9.298553"><ele>604.4</ele></trkpt>
      <trkpt lat="44.703765" lon="9.298573"><ele>604.5</ele></trkpt>
      <trkpt lat="44.703752" lon="9.298597"><ele>604.7</ele></trkpt>
      <trkpt lat="44.703742" lon="9.298618"><ele>604.8</ele></trkpt>
      <trkpt lat="44.703738" lon="9.298632"><ele>604.9</ele></trkpt>
      <trkpt lat="44.703742" lon="9.298647"><ele>605.0</ele></trkpt>
      <trkpt lat="44.703747" lon="9.298660"><ele>605.1</ele></trkpt>
      <trkpt lat="44.703755" lon="9.298672"><ele>605.2</ele></trkpt>
      <trkpt lat="44.703757" lon="9.298683"><ele>605.2</ele></trkpt>
      <trkpt lat="44.703763" lon="9.298703"><ele>605.3</ele></trkpt>
      <trkpt lat="44.703773" lon="9.298713"><ele>605.4</ele></trkpt>
      <trkpt lat="44.703780" lon="9.298730"><ele>605.5</ele></trkpt>
      <trkpt lat="44.703788" lon="9.298748"><ele>605.7</ele></trkpt>
      <trkpt lat="44.703793" lon="9.298772"><ele>605.8</ele></trkpt>
      <trkpt lat="44.703797" lon="9.298795"><ele>605.9</ele></trkpt>
      <trkpt lat="44.703798" lon="9.298813"><ele>606.0</ele></trkpt>
      <trkpt lat="44.703813" lon="9.298825"><ele>606.1</ele></trkpt>
      <trkpt lat="44.703820" lon="9.298838"><ele>606.2</ele></trkpt>
      <trkpt lat="44.703825" lon="9.298855"><ele>606.3</ele></trkpt>
      <trkpt lat="44.703827" lon="9.298873"><ele>606.4</ele></trkpt>
      <trkpt lat="44.703827" lon="9.298893"><ele>606.5</ele></trkpt>
      <trkpt lat="44.703828" lon="9.298917"><ele>606.6</ele></trkpt>
      <trkpt lat="44.703833" lon="9.298942"><ele>606.8</ele></trkpt>
      <trkpt lat="44.703833" lon="9.298973"><ele>607.0</ele></trkpt>
      <trkpt lat="44.703837" lon="9.299002"><ele>607.1</ele></trkpt>
      <trkpt lat="44.703833" lon="9.299033"><ele>607.3</ele></trkpt>
      <trkpt lat="44.703842" lon="9.299062"><ele>607.5</ele></trkpt>
      <trkpt lat="44.703848" lon="9.299092"><ele>607.7</ele></trkpt>
      <trkpt lat="44.703853" lon="9.299120"><ele>607.9</ele></trkpt>
      <trkpt lat="44.703863" lon="9.299147"><ele>608.0</ele></trkpt>
      <trkpt lat="44.703867" lon="9.299170"><ele>608.2</ele></trkpt>
      <trkpt lat="44.703873" lon="9.299197"><ele>608.4</ele></trkpt>
      <trkpt lat="44.703875" lon="9.299220"><ele>608.5</ele></trkpt>
      <trkpt lat="44.703870" lon="9.299248"><ele>608.7</ele></trkpt>
      <trkpt lat="44.703870" lon="9.299273"><ele>608.9</ele></trkpt>
      <trkpt lat="44.703863" lon="9.299293"><ele>609.0</ele></trkpt>
      <trkpt lat="44.703860" lon="9.299312"><ele>609.2</ele></trkpt>
      <trkpt lat="44.703858" lon="9.299327"><ele>609.3</ele></trkpt>
      <trkpt lat="44.703855" lon="9.299340"><ele>609.4</ele></trkpt>
      <trkpt lat="44.703850" lon="9.299350"><ele>609.4</ele></trkpt>
      <trkpt lat="44.703847" lon="9.299363"><ele>609.5</ele></trkpt>
      <trkpt lat="44.703843" lon="9.299390"><ele>609.7</ele></trkpt>
      <trkpt lat="44.703840" lon="9.299417"><ele>609.9</ele></trkpt>
      <trkpt lat="44.703838" lon="9.299447"><ele>610.1</ele></trkpt>
      <trkpt lat="44.703842" lon="9.299465"><ele>610.3</ele></trkpt>
      <trkpt lat="44.703843" lon="9.299483"><ele>610.4</ele></trkpt>
      <trkpt lat="44.703843" lon="9.299512"><ele>610.6</ele></trkpt>
      <trkpt lat="44.703843" lon="9.299530"><ele>610.7</ele></trkpt>
      <trkpt lat="44.703842" lon="9.299540"><ele>610.8</ele></trkpt>
      <trkpt lat="44.703835" lon="9.299557"><ele>610.9</ele></trkpt>
      <trkpt lat="44.703820" lon="9.299573"><ele>611.1</ele></trkpt>
      <trkpt lat="44.703810" lon="9.299588"><ele>611.3</ele></trkpt>
      <trkpt lat="44.703800" lon="9.299603"><ele>611.4</ele></trkpt>
      <trkpt lat="44.703792" lon="9.299610"><ele>611.5</ele></trkpt>
      <trkpt lat="44.703787" lon="9.299618"><ele>611.5</ele></trkpt>
      <trkpt lat="44.703778" lon="9.299627"><ele>611.7</ele></trkpt>
      <trkpt lat="44.703772" lon="9.299628"><ele>611.7</ele></trkpt>
      <trkpt lat="44.703768" lon="9.299628"><ele>611.7</ele></trkpt>
      <trkpt lat="44.703763" lon="9.299637"><ele>611.8</ele></trkpt>
      <trkpt lat="44.703747" lon="9.299647"><ele>612.0</ele></trkpt>
      <trkpt lat="44.703738" lon="9.299643"><ele>612.1</ele></trkpt>
      <trkpt lat="44.703723" lon="9.299638"><ele>612.2</ele></trkpt>
      <trkpt lat="44.703705" lon="9.299632"><ele>612.4</ele></trkpt>
      <trkpt lat="44.703688" lon="9.299627"><ele>612.5</ele></trkpt>
      <trkpt lat="44.703668" lon="9.299615"><ele>612.7</ele></trkpt>
      <trkpt lat="44.703645" lon="9.299603"><ele>612.9</ele></trkpt>
      <trkpt lat="44.703623" lon="9.299592"><ele>613.1</ele></trkpt>
      <trkpt lat="44.703610" lon="9.299573"><ele>613.3</ele></trkpt>
      <trkpt lat="44.703595" lon="9.299553"><ele>613.4</ele></trkpt>
      <trkpt lat="44.703583" lon="9.299530"><ele>613.6</ele></trkpt>
      <trkpt lat="44.703578" lon="9.299512"><ele>613.7</ele></trkpt>
      <trkpt lat="44.703578" lon="9.299485"><ele>613.8</ele></trkpt>
      <trkpt lat="44.703582" lon="9.299462"><ele>614.0</ele></trkpt>
      <trkpt lat="44.703595" lon="9.299445"><ele>614.1</ele></trkpt>
      <trkpt lat="44.703603" lon="9.299418"><ele>614.2</ele></trkpt>
      <trkpt lat="44.703610" lon="9.299395"><ele>614.4</ele></trkpt>
      <trkpt lat="44.703605" lon="9.299375"><ele>614.5</ele></trkpt>
      <trkpt lat="44.703600" lon="9.299348"><ele>614.6</ele></trkpt>
      <trkpt lat="44.703578" lon="9.299337"><ele>614.8</ele></trkpt>
      <trkpt lat="44.703563" lon="9.299317"><ele>614.9</ele></trkpt>
      <trkpt lat="44.703560" lon="9.299292"><ele>615.1</ele></trkpt>
      <trkpt lat="44.703553" lon="9.299270"><ele>615.2</ele></trkpt>
      <trkpt lat="44.703552" lon="9.299247"><ele>615.3</ele></trkpt>
      <trkpt lat="44.703550" lon="9.299222"><ele>615.4</ele></trkpt>
      <trkpt lat="44.703550" lon="9.299200"><ele>615.5</ele></trkpt>
      <trkpt lat="44.703550" lon="9.299175"><ele>615.7</ele></trkpt>
      <trkpt lat="44.703555" lon="9.299148"><ele>615.8</ele></trkpt>
      <trkpt lat="44.703545" lon="9.299125"><ele>616.0</ele></trkpt>
      <trkpt lat="44.703533" lon="9.299100"><ele>616.1</ele></trkpt>
      <trkpt lat="44.703525" lon="9.299075"><ele>616.3</ele></trkpt>
      <trkpt lat="44.703520" lon="9.299050"><ele>616.4</ele></trkpt>
      <trkpt lat="44.703515" lon="9.299028"><ele>616.6</ele></trkpt>
      <trkpt lat="44.703502" lon="9.299015"><ele>616.7</ele></trkpt>
      <trkpt lat="44.703487" lon="9.299008"><ele>616.8</ele></trkpt>
      <trkpt lat="44.703473" lon="9.298995"><ele>616.9</ele></trkpt>
      <trkpt lat="44.703463" lon="9.298982"><ele>617.0</ele></trkpt>
      <trkpt lat="44.703450" lon="9.298968"><ele>617.2</ele></trkpt>
      <trkpt lat="44.703442" lon="9.298952"><ele>617.3</ele></trkpt>
      <trkpt lat="44.703423" lon="9.298932"><ele>617.5</ele></trkpt>
      <trkpt lat="44.703403" lon="9.298917"><ele>617.7</ele></trkpt>
      <trkpt lat="44.703383" lon="9.298912"><ele>617.8</ele></trkpt>
      <trkpt lat="44.703368" lon="9.298907"><ele>617.9</ele></trkpt>
      <trkpt lat="44.703350" lon="9.298903"><ele>618.1</ele></trkpt>
      <trkpt lat="44.703332" lon="9.298895"><ele>618.2</ele></trkpt>
      <trkpt lat="44.703312" lon="9.298885"><ele>618.4</ele></trkpt>
      <trkpt lat="44.703295" lon="9.298877"><ele>618.6</ele></trkpt>
      <trkpt lat="44.703282" lon="9.298872"><ele>618.7</ele></trkpt>
      <trkpt lat="44.703270" lon="9.298863"><ele>618.8</ele></trkpt>
      <trkpt lat="44.703258" lon="9.298857"><ele>618.9</ele></trkpt>
      <trkpt lat="44.703247" lon="9.298852"><ele>619.0</ele></trkpt>
      <trkpt lat="44.703233" lon="9.298848"><ele>619.1</ele></trkpt>
      <trkpt lat="44.703222" lon="9.298847"><ele>619.2</ele></trkpt>
      <trkpt lat="44.703212" lon="9.298843"><ele>619.2</ele></trkpt>
      <trkpt lat="44.703202" lon="9.298840"><ele>619.3</ele></trkpt>
      <trkpt lat="44.703192" lon="9.298837"><ele>619.4</ele></trkpt>
      <trkpt lat="44.703178" lon="9.298837"><ele>619.5</ele></trkpt>
      <trkpt lat="44.703163" lon="9.298837"><ele>619.6</ele></trkpt>
      <trkpt lat="44.703145" lon="9.298837"><ele>619.8</ele></trkpt>
      <trkpt lat="44.703130" lon="9.298840"><ele>619.9</ele></trkpt>
      <trkpt lat="44.703113" lon="9.298843"><ele>620.0</ele></trkpt>
      <trkpt lat="44.703095" lon="9.298855"><ele>620.2</ele></trkpt>
      <trkpt lat="44.703077" lon="9.298865"><ele>620.4</ele></trkpt>
      <trkpt lat="44.703060" lon="9.298870"><ele>620.5</ele></trkpt>
      <trkpt lat="44.703025" lon="9.298872"><ele>620.8</ele></trkpt>
      <trkpt lat="44.703013" lon="9.298872"><ele>620.9</ele></trkpt>
      <trkpt lat="44.702992" lon="9.298887"><ele>621.0</ele></trkpt>
      <trkpt lat="44.702968" lon="9.298903"><ele>621.2</ele></trkpt>
      <trkpt lat="44.702950" lon="9.298923"><ele>621.4</ele></trkpt>
      <trkpt lat="44.702935" lon="9.298938"><ele>621.5</ele></trkpt>
      <trkpt lat="44.702920" lon="9.298948"><ele>621.6</ele></trkpt>
      <trkpt lat="44.702907" lon="9.298960"><ele>621.8</ele></trkpt>
      <trkpt lat="44.702895" lon="9.298977"><ele>621.9</ele></trkpt>
      <trkpt lat="44.702885" lon="9.298990"><ele>622.0</ele></trkpt>
      <trkpt lat="44.702872" lon="9.299003"><ele>622.1</ele></trkpt>
      <trkpt lat="44.702858" lon="9.299015"><ele>622.2</ele></trkpt>
      <trkpt lat="44.702848" lon="9.299027"><ele>622.3</ele></trkpt>
      <trkpt lat="44.702838" lon="9.299037"><ele>622.4</ele></trkpt>
      <trkpt lat="44.702828" lon="9.299050"><ele>622.4</ele></trkpt>
      <trkpt lat="44.702818" lon="9.299068"><ele>622.5</ele></trkpt>
      <trkpt lat="44.702813" lon="9.299087"><ele>622.6</ele></trkpt>
      <trkpt lat="44.702813" lon="9.299108"><ele>622.7</ele></trkpt>
      <trkpt lat="44.702810" lon="9.299133"><ele>622.8</ele></trkpt>
      <trkpt lat="44.702805" lon="9.299162"><ele>623.0</ele></trkpt>
      <trkpt lat="44.702813" lon="9.299182"><ele>623.1</ele></trkpt>
      <trkpt lat="44.702817" lon="9.299213"><ele>623.2</ele></trkpt>
      <trkpt lat="44.702818" lon="9.299238"><ele>623.3</ele></trkpt>
      <trkpt lat="44.702820" lon="9.299267"><ele>623.5</ele></trkpt>
      <trkpt lat="44.702820" lon="9.299288"><ele>623.6</ele></trkpt>
      <trkpt lat="44.702818" lon="9.299328"><ele>623.7</ele></trkpt>
      <trkpt lat="44.702822" lon="9.299357"><ele>623.9</ele></trkpt>
      <trkpt lat="44.702822" lon="9.299378"><ele>624.0</ele></trkpt>
      <trkpt lat="44.702822" lon="9.299403"><ele>624.1</ele></trkpt>
      <trkpt lat="44.702818" lon="9.299437"><ele>624.2</ele></trkpt>
      <trkpt lat="44.702815" lon="9.299458"><ele>624.4</ele></trkpt>
      <trkpt lat="44.702803" lon="9.299485"><ele>624.5</ele></trkpt>
      <trkpt lat="44.702800" lon="9.299508"><ele>624.6</ele></trkpt>
      <trkpt lat="44.702797" lon="9.299525"><ele>624.7</ele></trkpt>
      <trkpt lat="44.702797" lon="9.299537"><ele>624.8</ele></trkpt>
      <trkpt lat="44.702795" lon="9.299558"><ele>624.9</ele></trkpt>
      <trkpt lat="44.702788" lon="9.299587"><ele>625.0</ele></trkpt>
      <trkpt lat="44.702787" lon="9.299617"><ele>625.2</ele></trkpt>
      <trkpt lat="44.702782" lon="9.299643"><ele>625.3</ele></trkpt>
      <trkpt lat="44.702780" lon="9.299668"><ele>625.4</ele></trkpt>
      <trkpt lat="44.702772" lon="9.299692"><ele>625.6</ele></trkpt>
      <trkpt lat="44.702772" lon="9.299713"><ele>625.7</ele></trkpt>
      <trkpt lat="44.702765" lon="9.299745"><ele>625.8</ele></trkpt>
      <trkpt lat="44.702768" lon="9.299770"><ele>626.0</ele></trkpt>
      <trkpt lat="44.702770" lon="9.299795"><ele>626.1</ele></trkpt>
      <trkpt lat="44.702763" lon="9.299823"><ele>626.3</ele></trkpt>
      <trkpt lat="44.702762" lon="9.299850"><ele>626.4</ele></trkpt>
      <trkpt lat="44.702757" lon="9.299880"><ele>626.5</ele></trkpt>
      <trkpt lat="44.702757" lon="9.299907"><ele>626.7</ele></trkpt>
      <trkpt lat="44.702757" lon="9.299935"><ele>626.8</ele></trkpt>
      <trkpt lat="44.702753" lon="9.299968"><ele>627.0</ele></trkpt>
      <trkpt lat="44.702747" lon="9.299995"><ele>627.2</ele></trkpt>
      <trkpt lat="44.702745" lon="9.300018"><ele>627.3</ele></trkpt>
      <trkpt lat="44.702743" lon="9.300042"><ele>627.4</ele></trkpt>
      <trkpt lat="44.702743" lon="9.300060"><ele>627.5</ele></trkpt>
      <trkpt lat="44.702742" lon="9.300090"><ele>627.7</ele></trkpt>
      <trkpt lat="44.702742" lon="9.300115"><ele>627.8</ele></trkpt>
      <trkpt lat="44.702743" lon="9.300140"><ele>627.9</ele></trkpt>
      <trkpt lat="44.702743" lon="9.300165"><ele>628.1</ele></trkpt>
      <trkpt lat="44.702742" lon="9.300190"><ele>628.2</ele></trkpt>
      <trkpt lat="44.702742" lon="9.300213"><ele>628.3</ele></trkpt>
      <trkpt lat="44.702738" lon="9.300228"><ele>628.4</ele></trkpt>
      <trkpt lat="44.702735" lon="9.300250"><ele>628.5</ele></trkpt>
      <trkpt lat="44.702735" lon="9.300278"><ele>628.7</ele></trkpt>
      <trkpt lat="44.702738" lon="9.300293"><ele>628.8</ele></trkpt>
      <trkpt lat="44.702738" lon="9.300313"><ele>628.9</ele></trkpt>
      <trkpt lat="44.702737" lon="9.300333"><ele>629.0</ele></trkpt>
      <trkpt lat="44.702732" lon="9.300362"><ele>629.1</ele></trkpt>
      <trkpt lat="44.702735" lon="9.300388"><ele>629.3</ele></trkpt>
      <trkpt lat="44.702733" lon="9.300412"><ele>629.4</ele></trkpt>
      <trkpt lat="44.702732" lon="9.300435"><ele>629.5</ele></trkpt>
      <trkpt lat="44.702733" lon="9.300465"><ele>629.7</ele></trkpt>
      <trkpt lat="44.702735" lon="9.300492"><ele>629.8</ele></trkpt>
      <trkpt lat="44.702740" lon="9.300513"><ele>629.9</ele></trkpt>
      <trkpt lat="44.702742" lon="9.300540"><ele>630.0</ele></trkpt>
      <trkpt lat="44.702742" lon="9.300568"><ele>630.2</ele></trkpt>
      <trkpt lat="44.702742" lon="9.300590"><ele>630.3</ele></trkpt>
      <trkpt lat="44.702742" lon="9.300613"><ele>630.4</ele></trkpt>
      <trkpt lat="44.702743" lon="9.300642"><ele>630.6</ele></trkpt>
      <trkpt lat="44.702743" lon="9.300672"><ele>630.7</ele></trkpt>
      <trkpt lat="44.702743" lon="9.300700"><ele>630.9</ele></trkpt>
      <trkpt lat="44.702740" lon="9.300730"><ele>631.0</ele></trkpt>
      <trkpt lat="44.702742" lon="9.300745"><ele>631.1</ele></trkpt>
      <trkpt lat="44.702747" lon="9.300763"><ele>631.2</ele></trkpt>
      <trkpt lat="44.702755" lon="9.300783"><ele>631.3</ele></trkpt>
      <trkpt lat="44.702757" lon="9.300815"><ele>631.5</ele></trkpt>
      <trkpt lat="44.702760" lon="9.300847"><ele>631.7</ele></trkpt>
      <trkpt lat="44.702767" lon="9.300873"><ele>631.8</ele></trkpt>
      <trkpt lat="44.702768" lon="9.300898"><ele>631.9</ele></trkpt>
      <trkpt lat="44.702775" lon="9.300917"><ele>632.0</ele></trkpt>
      <trkpt lat="44.702777" lon="9.300942"><ele>632.2</ele></trkpt>
      <trkpt lat="44.702777" lon="9.300965"><ele>632.3</ele></trkpt>
      <trkpt lat="44.702775" lon="9.300997"><ele>632.4</ele></trkpt>
      <trkpt lat="44.702773" lon="9.301018"><ele>632.5</ele></trkpt>
      <trkpt lat="44.702775" lon="9.301038"><ele>632.6</ele></trkpt>
      <trkpt lat="44.702783" lon="9.301060"><ele>632.8</ele></trkpt>
      <trkpt lat="44.702788" lon="9.301080"><ele>632.8</ele></trkpt>
      <trkpt lat="44.702793" lon="9.301107"><ele>633.0</ele></trkpt>
      <trkpt lat="44.702793" lon="9.301137"><ele>633.1</ele></trkpt>
      <trkpt lat="44.702792" lon="9.301165"><ele>633.2</ele></trkpt>
      <trkpt lat="44.702792" lon="9.301203"><ele>633.4</ele></trkpt>
      <trkpt lat="44.702793" lon="9.301238"><ele>633.6</ele></trkpt>
      <trkpt lat="44.702798" lon="9.301272"><ele>633.7</ele></trkpt>
      <trkpt lat="44.702802" lon="9.301308"><ele>633.9</ele></trkpt>
      <trkpt lat="44.702803" lon="9.301337"><ele>634.0</ele></trkpt>
      <trkpt lat="44.702802" lon="9.301370"><ele>634.2</ele></trkpt>
      <trkpt lat="44.702797" lon="9.301398"><ele>634.3</ele></trkpt>
      <trkpt lat="44.702790" lon="9.301432"><ele>634.4</ele></trkpt>
      <trkpt lat="44.702787" lon="9.301463"><ele>634.6</ele></trkpt>
      <trkpt lat="44.702785" lon="9.301500"><ele>634.7</ele></trkpt>
      <trkpt lat="44.702785" lon="9.301528"><ele>634.9</ele></trkpt>
      <trkpt lat="44.702780" lon="9.301543"><ele>634.9</ele></trkpt>
      <trkpt lat="44.702777" lon="9.301567"><ele>635.0</ele></trkpt>
      <trkpt lat="44.702775" lon="9.301593"><ele>635.1</ele></trkpt>
      <trkpt lat="44.702775" lon="9.301612"><ele>635.2</ele></trkpt>
      <trkpt lat="44.702767" lon="9.301637"><ele>635.3</ele></trkpt>
      <trkpt lat="44.702753" lon="9.301662"><ele>635.5</ele></trkpt>
      <trkpt lat="44.702743" lon="9.301692"><ele>635.6</ele></trkpt>
      <trkpt lat="44.702740" lon="9.301703"><ele>635.7</ele></trkpt>
      <trkpt lat="44.702735" lon="9.301718"><ele>635.7</ele></trkpt>
      <trkpt lat="44.702730" lon="9.301725"><ele>635.8</ele></trkpt>
      <trkpt lat="44.702723" lon="9.301740"><ele>635.8</ele></trkpt>
      <trkpt lat="44.702718" lon="9.301757"><ele>635.9</ele></trkpt>
      <trkpt lat="44.702708" lon="9.301773"><ele>636.0</ele></trkpt>
      <trkpt lat="44.702697" lon="9.301795"><ele>636.1</ele></trkpt>
      <trkpt lat="44.702687" lon="9.301812"><ele>636.2</ele></trkpt>
      <trkpt lat="44.702682" lon="9.301827"><ele>636.3</ele></trkpt>
      <trkpt lat="44.702672" lon="9.301840"><ele>636.3</ele></trkpt>
      <trkpt lat="44.702668" lon="9.301858"><ele>636.4</ele></trkpt>
      <trkpt lat="44.702665" lon="9.301878"><ele>636.5</ele></trkpt>
      <trkpt lat="44.702662" lon="9.301900"><ele>636.6</ele></trkpt>
      <trkpt lat="44.702657" lon="9.301920"><ele>636.7</ele></trkpt>
      <trkpt lat="44.702653" lon="9.301938"><ele>636.8</ele></trkpt>
      <trkpt lat="44.702648" lon="9.301955"><ele>636.8</ele></trkpt>
      <trkpt lat="44.702643" lon="9.301977"><ele>636.9</ele></trkpt>
      <trkpt lat="44.702640" lon="9.301995"><ele>637.0</ele></trkpt>
      <trkpt lat="44.702638" lon="9.302015"><ele>637.1</ele></trkpt>
      <trkpt lat="44.702635" lon="9.302030"><ele>637.2</ele></trkpt>
      <trkpt lat="44.702630" lon="9.302055"><ele>637.3</ele></trkpt>
      <trkpt lat="44.702623" lon="9.302078"><ele>637.4</ele></trkpt>
      <trkpt lat="44.702618" lon="9.302093"><ele>637.5</ele></trkpt>
      <trkpt lat="44.702610" lon="9.302110"><ele>637.6</ele></trkpt>
      <trkpt lat="44.702602" lon="9.302130"><ele>637.7</ele></trkpt>
      <trkpt lat="44.702595" lon="9.302145"><ele>637.8</ele></trkpt>
      <trkpt lat="44.702587" lon="9.302168"><ele>637.9</ele></trkpt>
      <trkpt lat="44.702578" lon="9.302187"><ele>638.0</ele></trkpt>
      <trkpt lat="44.702573" lon="9.302208"><ele>638.1</ele></trkpt>
      <trkpt lat="44.702568" lon="9.302228"><ele>638.2</ele></trkpt>
      <trkpt lat="44.702562" lon="9.302248"><ele>638.4</ele></trkpt>
      <trkpt lat="44.702565" lon="9.302263"><ele>638.4</ele></trkpt>
      <trkpt lat="44.702563" lon="9.302278"><ele>638.5</ele></trkpt>
      <trkpt lat="44.702562" lon="9.302295"><ele>638.6</ele></trkpt>
      <trkpt lat="44.702558" lon="9.302313"><ele>638.7</ele></trkpt>
      <trkpt lat="44.702558" lon="9.302328"><ele>638.8</ele></trkpt>
      <trkpt lat="44.702550" lon="9.302350"><ele>638.9</ele></trkpt>
      <trkpt lat="44.702542" lon="9.302370"><ele>639.1</ele></trkpt>
      <trkpt lat="44.702533" lon="9.302392"><ele>639.2</ele></trkpt>
      <trkpt lat="44.702525" lon="9.302408"><ele>639.3</ele></trkpt>
      <trkpt lat="44.702517" lon="9.302428"><ele>639.4</ele></trkpt>
      <trkpt lat="44.702510" lon="9.302448"><ele>639.5</ele></trkpt>
      <trkpt lat="44.702497" lon="9.302472"><ele>639.7</ele></trkpt>
      <trkpt lat="44.702488" lon="9.302497"><ele>639.8</ele></trkpt>
      <trkpt lat="44.702475" lon="9.302522"><ele>640.0</ele></trkpt>
      <trkpt lat="44.702458" lon="9.302545"><ele>640.2</ele></trkpt>
      <trkpt lat="44.702442" lon="9.302570"><ele>640.4</ele></trkpt>
      <trkpt lat="44.702430" lon="9.302598"><ele>640.6</ele></trkpt>
      <trkpt lat="44.702420" lon="9.302625"><ele>640.7</ele></trkpt>
      <trkpt lat="44.702413" lon="9.302653"><ele>640.9</ele></trkpt>
      <trkpt lat="44.702405" lon="9.302682"><ele>641.0</ele></trkpt>
      <trkpt lat="44.702398" lon="9.302713"><ele>641.2</ele></trkpt>
      <trkpt lat="44.702392" lon="9.302745"><ele>641.4</ele></trkpt>
      <trkpt lat="44.702385" lon="9.302780"><ele>641.6</ele></trkpt>
      <trkpt lat="44.702380" lon="9.302813"><ele>641.8</ele></trkpt>
      <trkpt lat="44.702377" lon="9.302847"><ele>641.9</ele></trkpt>
      <trkpt lat="44.702370" lon="9.302880"><ele>642.1</ele></trkpt>
      <trkpt lat="44.702368" lon="9.302908"><ele>642.2</ele></trkpt>
      <trkpt lat="44.702365" lon="9.302942"><ele>642.4</ele></trkpt>
      <trkpt lat="44.702362" lon="9.302975"><ele>642.6</ele></trkpt>
      <trkpt lat="44.702358" lon="9.303012"><ele>642.8</ele></trkpt>
      <trkpt lat="44.702365" lon="9.303035"><ele>642.9</ele></trkpt>
      <trkpt lat="44.702365" lon="9.303065"><ele>643.1</ele></trkpt>
      <trkpt lat="44.702363" lon="9.303083"><ele>643.2</ele></trkpt>
      <trkpt lat="44.702358" lon="9.303108"><ele>643.3</ele></trkpt>
      <trkpt lat="44.702358" lon="9.303132"><ele>643.4</ele></trkpt>
      <trkpt lat="44.702362" lon="9.303150"><ele>643.5</ele></trkpt>
      <trkpt lat="44.702367" lon="9.303163"><ele>643.6</ele></trkpt>
      <trkpt lat="44.702377" lon="9.303178"><ele>643.7</ele></trkpt>
      <trkpt lat="44.702378" lon="9.303193"><ele>643.8</ele></trkpt>
      <trkpt lat="44.702380" lon="9.303213"><ele>643.9</ele></trkpt>
      <trkpt lat="44.702390" lon="9.303235"><ele>644.1</ele></trkpt>
      <trkpt lat="44.702395" lon="9.303262"><ele>644.2</ele></trkpt>
      <trkpt lat="44.702402" lon="9.303297"><ele>644.4</ele></trkpt>
      <trkpt lat="44.702403" lon="9.303318"><ele>644.5</ele></trkpt>
      <trkpt lat="44.702398" lon="9.303337"><ele>644.6</ele></trkpt>
      <trkpt lat="44.702402" lon="9.303353"><ele>644.7</ele></trkpt>
      <trkpt lat="44.702410" lon="9.303378"><ele>644.9</ele></trkpt>
      <trkpt lat="44.702413" lon="9.303412"><ele>645.0</ele></trkpt>
      <trkpt lat="44.702415" lon="9.303442"><ele>645.2</ele></trkpt>
      <trkpt lat="44.702413" lon="9.303470"><ele>645.3</ele></trkpt>
      <trkpt lat="44.702412" lon="9.303495"><ele>645.5</ele></trkpt>
      <trkpt lat="44.702413" lon="9.303530"><ele>645.6</ele></trkpt>
      <trkpt lat="44.702417" lon="9.303543"><ele>645.7</ele></trkpt>
      <trkpt lat="44.702423" lon="9.303568"><ele>645.9</ele></trkpt>
      <trkpt lat="44.702420" lon="9.303590"><ele>646.0</ele></trkpt>
      <trkpt lat="44.702415" lon="9.303613"><ele>646.1</ele></trkpt>
      <trkpt lat="44.702405" lon="9.303635"><ele>646.2</ele></trkpt>
      <trkpt lat="44.702397" lon="9.303663"><ele>646.4</ele></trkpt>
      <trkpt lat="44.702387" lon="9.303687"><ele>646.5</ele></trkpt>
      <trkpt lat="44.702383" lon="9.303717"><ele>646.7</ele></trkpt>
      <trkpt lat="44.702383" lon="9.303742"><ele>646.8</ele></trkpt>
      <trkpt lat="44.702378" lon="9.303775"><ele>647.0</ele></trkpt>
      <trkpt lat="44.702377" lon="9.303807"><ele>647.1</ele></trkpt>
      <trkpt lat="44.702380" lon="9.303830"><ele>647.3</ele></trkpt>
      <trkpt lat="44.702383" lon="9.303860"><ele>647.4</ele></trkpt>
      <trkpt lat="44.702387" lon="9.303877"><ele>647.5</ele></trkpt>
      <trkpt lat="44.702393" lon="9.303910"><ele>647.7</ele></trkpt>
      <trkpt lat="44.702395" lon="9.303933"><ele>647.8</ele></trkpt>
      <trkpt lat="44.702398" lon="9.303957"><ele>648.0</ele></trkpt>
      <trkpt lat="44.702407" lon="9.303987"><ele>648.1</ele></trkpt>
      <trkpt lat="44.702408" lon="9.304007"><ele>648.2</ele></trkpt>
      <trkpt lat="44.702408" lon="9.304025"><ele>648.3</ele></trkpt>
      <trkpt lat="44.702415" lon="9.304063"><ele>648.5</ele></trkpt>
      <trkpt lat="44.702422" lon="9.304085"><ele>648.7</ele></trkpt>
      <trkpt lat="44.702422" lon="9.304110"><ele>648.8</ele></trkpt>
      <trkpt lat="44.702425" lon="9.304127"><ele>648.9</ele></trkpt>
      <trkpt lat="44.702428" lon="9.304137"><ele>649.0</ele></trkpt>
      <trkpt lat="44.702432" lon="9.304153"><ele>649.1</ele></trkpt>
      <trkpt lat="44.702442" lon="9.304175"><ele>649.2</ele></trkpt>
      <trkpt lat="44.702433" lon="9.304198"><ele>649.3</ele></trkpt>
      <trkpt lat="44.702443" lon="9.304210"><ele>649.4</ele></trkpt>
      <trkpt lat="44.702440" lon="9.304233"><ele>649.6</ele></trkpt>
      <trkpt lat="44.702442" lon="9.304258"><ele>649.7</ele></trkpt>
      <trkpt lat="44.702447" lon="9.304282"><ele>649.8</ele></trkpt>
      <trkpt lat="44.702453" lon="9.304297"><ele>649.9</ele></trkpt>
      <trkpt lat="44.702457" lon="9.304307"><ele>650.0</ele></trkpt>
      <trkpt lat="44.702462" lon="9.304320"><ele>650.1</ele></trkpt>
      <trkpt lat="44.702472" lon="9.304333"><ele>650.2</ele></trkpt>
      <trkpt lat="44.702502" lon="9.304387"><ele>650.5</ele></trkpt>
      <trkpt lat="44.702510" lon="9.304428"><ele>650.7</ele></trkpt>
      <trkpt lat="44.702530" lon="9.304455"><ele>650.9</ele></trkpt>
      <trkpt lat="44.702538" lon="9.304480"><ele>651.1</ele></trkpt>
      <trkpt lat="44.702557" lon="9.304515"><ele>651.3</ele></trkpt>
      <trkpt lat="44.702570" lon="9.304547"><ele>651.5</ele></trkpt>
      <trkpt lat="44.702583" lon="9.304572"><ele>651.6</ele></trkpt>
      <trkpt lat="44.702602" lon="9.304593"><ele>651.8</ele></trkpt>
      <trkpt lat="44.702613" lon="9.304613"><ele>651.9</ele></trkpt>
      <trkpt lat="44.702622" lon="9.304635"><ele>652.0</ele></trkpt>
      <trkpt lat="44.702628" lon="9.304658"><ele>652.1</ele></trkpt>
      <trkpt lat="44.702638" lon="9.304688"><ele>652.3</ele></trkpt>
      <trkpt lat="44.702652" lon="9.304713"><ele>652.4</ele></trkpt>
      <trkpt lat="44.702667" lon="9.304743"><ele>652.6</ele></trkpt>
      <trkpt lat="44.702678" lon="9.304763"><ele>652.7</ele></trkpt>
      <trkpt lat="44.702693" lon="9.304772"><ele>652.8</ele></trkpt>
      <trkpt lat="44.702710" lon="9.304782"><ele>652.9</ele></trkpt>
      <trkpt lat="44.702727" lon="9.304792"><ele>653.0</ele></trkpt>
      <trkpt lat="44.702743" lon="9.304803"><ele>653.1</ele></trkpt>
      <trkpt lat="44.702757" lon="9.304813"><ele>653.2</ele></trkpt>
      <trkpt lat="44.702772" lon="9.304830"><ele>653.3</ele></trkpt>
      <trkpt lat="44.702783" lon="9.304843"><ele>653.4</ele></trkpt>
      <trkpt lat="44.702800" lon="9.304855"><ele>653.5</ele></trkpt>
      <trkpt lat="44.702813" lon="9.304870"><ele>653.6</ele></trkpt>
      <trkpt lat="44.702828" lon="9.304882"><ele>653.7</ele></trkpt>
      <trkpt lat="44.702842" lon="9.304895"><ele>653.8</ele></trkpt>
      <trkpt lat="44.702855" lon="9.304910"><ele>653.9</ele></trkpt>
      <trkpt lat="44.702868" lon="9.304927"><ele>654.0</ele></trkpt>
      <trkpt lat="44.702885" lon="9.304942"><ele>654.2</ele></trkpt>
      <trkpt lat="44.702902" lon="9.304957"><ele>654.3</ele></trkpt>
      <trkpt lat="44.702915" lon="9.304972"><ele>654.4</ele></trkpt>
      <trkpt lat="44.702933" lon="9.304987"><ele>654.5</ele></trkpt>
      <trkpt lat="44.702950" lon="9.305003"><ele>654.6</ele></trkpt>
      <trkpt lat="44.702963" lon="9.305023"><ele>654.8</ele></trkpt>
      <trkpt lat="44.702977" lon="9.305042"><ele>654.9</ele></trkpt>
      <trkpt lat="44.702990" lon="9.305057"><ele>655.0</ele></trkpt>
      <trkpt lat="44.703003" lon="9.305067"><ele>655.1</ele></trkpt>
      <trkpt lat="44.703017" lon="9.305075"><ele>655.2</ele></trkpt>
      <trkpt lat="44.703032" lon="9.305082"><ele>655.3</ele></trkpt>
      <trkpt lat="44.703045" lon="9.305093"><ele>655.3</ele></trkpt>
      <trkpt lat="44.703055" lon="9.305107"><ele>655.4</ele></trkpt>
      <trkpt lat="44.703065" lon="9.305127"><ele>655.5</ele></trkpt>
      <trkpt lat="44.703077" lon="9.305147"><ele>655.6</ele></trkpt>
      <trkpt lat="44.703093" lon="9.305162"><ele>655.8</ele></trkpt>
      <trkpt lat="44.703107" lon="9.305180"><ele>655.9</ele></trkpt>
      <trkpt lat="44.703120" lon="9.305195"><ele>656.0</ele></trkpt>
      <trkpt lat="44.703130" lon="9.305212"><ele>656.1</ele></trkpt>
      <trkpt lat="44.703150" lon="9.305220"><ele>656.2</ele></trkpt>
      <trkpt lat="44.703170" lon="9.305230"><ele>656.3</ele></trkpt>
      <trkpt lat="44.703185" lon="9.305238"><ele>656.4</ele></trkpt>
      <trkpt lat="44.703200" lon="9.305247"><ele>656.6</ele></trkpt>
      <trkpt lat="44.703213" lon="9.305260"><ele>656.7</ele></trkpt>
      <trkpt lat="44.703228" lon="9.305272"><ele>656.8</ele></trkpt>
      <trkpt lat="44.703243" lon="9.305285"><ele>656.9</ele></trkpt>
      <trkpt lat="44.703264" lon="9.305307"><ele>657.1</ele></trkpt>
      <trkpt lat="44.703272" lon="9.305313"><ele>657.1</ele></trkpt>
      <trkpt lat="44.703283" lon="9.305328"><ele>657.2</ele></trkpt>
      <trkpt lat="44.703298" lon="9.305345"><ele>657.4</ele></trkpt>
      <trkpt lat="44.703312" lon="9.305365"><ele>657.5</ele></trkpt>
      <trkpt lat="44.703325" lon="9.305388"><ele>657.6</ele></trkpt>
      <trkpt lat="44.703337" lon="9.305402"><ele>657.7</ele></trkpt>
      <trkpt lat="44.703353" lon="9.305428"><ele>657.9</ele></trkpt>
      <trkpt lat="44.703362" lon="9.305452"><ele>658.0</ele></trkpt>
      <trkpt lat="44.703370" lon="9.305467"><ele>658.1</ele></trkpt>
      <trkpt lat="44.703383" lon="9.305482"><ele>658.3</ele></trkpt>
      <trkpt lat="44.703398" lon="9.305492"><ele>658.4</ele></trkpt>
      <trkpt lat="44.703412" lon="9.305503"><ele>658.5</ele></trkpt>
      <trkpt lat="44.703430" lon="9.305518"><ele>658.6</ele></trkpt>
      <trkpt lat="44.703445" lon="9.305530"><ele>658.8</ele></trkpt>
      <trkpt lat="44.703457" lon="9.305543"><ele>658.9</ele></trkpt>
      <trkpt lat="44.703467" lon="9.305563"><ele>659.0</ele></trkpt>
      <trkpt lat="44.703477" lon="9.305578"><ele>659.1</ele></trkpt>
      <trkpt lat="44.703487" lon="9.305600"><ele>659.3</ele></trkpt>
      <trkpt lat="44.703503" lon="9.305617"><ele>659.4</ele></trkpt>
      <trkpt lat="44.703512" lon="9.305638"><ele>659.6</ele></trkpt>
      <trkpt lat="44.703520" lon="9.305657"><ele>659.7</ele></trkpt>
      <trkpt lat="44.703535" lon="9.305667"><ele>659.8</ele></trkpt>
      <trkpt lat="44.703558" lon="9.305677"><ele>660.0</ele></trkpt>
      <trkpt lat="44.703570" lon="9.305697"><ele>660.2</ele></trkpt>
      <trkpt lat="44.703582" lon="9.305713"><ele>660.3</ele></trkpt>
      <trkpt lat="44.703590" lon="9.305733"><ele>660.5</ele></trkpt>
      <trkpt lat="44.703595" lon="9.305752"><ele>660.6</ele></trkpt>
      <trkpt lat="44.703602" lon="9.305765"><ele>660.7</ele></trkpt>
      <trkpt lat="44.703613" lon="9.305787"><ele>660.9</ele></trkpt>
      <trkpt lat="44.703623" lon="9.305802"><ele>661.0</ele></trkpt>
      <trkpt lat="44.703632" lon="9.305823"><ele>661.1</ele></trkpt>
      <trkpt lat="44.703640" lon="9.305845"><ele>661.3</ele></trkpt>
      <trkpt lat="44.703648" lon="9.305863"><ele>661.4</ele></trkpt>
      <trkpt lat="44.703655" lon="9.305888"><ele>661.6</ele></trkpt>
      <trkpt lat="44.703655" lon="9.305917"><ele>661.8</ele></trkpt>
      <trkpt lat="44.703657" lon="9.305947"><ele>661.9</ele></trkpt>
      <trkpt lat="44.703652" lon="9.305977"><ele>662.1</ele></trkpt>
      <trkpt lat="44.703650" lon="9.306012"><ele>662.2</ele></trkpt>
      <trkpt lat="44.703645" lon="9.306043"><ele>662.4</ele></trkpt>
      <trkpt lat="44.703645" lon="9.306077"><ele>662.5</ele></trkpt>
      <trkpt lat="44.703637" lon="9.306103"><ele>662.6</ele></trkpt>
      <trkpt lat="44.703625" lon="9.306135"><ele>662.8</ele></trkpt>
      <trkpt lat="44.703613" lon="9.306162"><ele>662.9</ele></trkpt>
      <trkpt lat="44.703607" lon="9.306175"><ele>663.0</ele></trkpt>
      <trkpt lat="44.703602" lon="9.306190"><ele>663.1</ele></trkpt>
      <trkpt lat="44.703595" lon="9.306208"><ele>663.2</ele></trkpt>
      <trkpt lat="44.703577" lon="9.306230"><ele>663.3</ele></trkpt>
      <trkpt lat="44.703570" lon="9.306253"><ele>663.4</ele></trkpt>
      <trkpt lat="44.703558" lon="9.306278"><ele>663.5</ele></trkpt>
      <trkpt lat="44.703550" lon="9.306298"><ele>663.6</ele></trkpt>
      <trkpt lat="44.703531" lon="9.306324"><ele>663.8</ele></trkpt>
      <trkpt lat="44.703525" lon="9.306332"><ele>663.8</ele></trkpt>
      <trkpt lat="44.703510" lon="9.306348"><ele>663.9</ele></trkpt>
      <trkpt lat="44.703497" lon="9.306372"><ele>664.1</ele></trkpt>
      <trkpt lat="44.703483" lon="9.306397"><ele>664.2</ele></trkpt>
      <trkpt lat="44.703468" lon="9.306422"><ele>664.3</ele></trkpt>
      <trkpt lat="44.703457" lon="9.306442"><ele>664.4</ele></trkpt>
      <trkpt lat="44.703445" lon="9.306463"><ele>664.5</ele></trkpt>
      <trkpt lat="44.703423" lon="9.306485"><ele>664.7</ele></trkpt>
      <trkpt lat="44.703412" lon="9.306505"><ele>664.8</ele></trkpt>
      <trkpt lat="44.703402" lon="9.306528"><ele>664.9</ele></trkpt>
      <trkpt lat="44.703393" lon="9.306547"><ele>665.0</ele></trkpt>
      <trkpt lat="44.703387" lon="9.306567"><ele>665.0</ele></trkpt>
      <trkpt lat="44.703377" lon="9.306583"><ele>665.1</ele></trkpt>
      <trkpt lat="44.703368" lon="9.306600"><ele>665.2</ele></trkpt>
      <trkpt lat="44.703356" lon="9.306629"><ele>665.3</ele></trkpt>
      <trkpt lat="44.703352" lon="9.306637"><ele>665.4</ele></trkpt>
      <trkpt lat="44.703338" lon="9.306653"><ele>665.5</ele></trkpt>
      <trkpt lat="44.703323" lon="9.306675"><ele>665.6</ele></trkpt>
      <trkpt lat="44.703312" lon="9.306693"><ele>665.7</ele></trkpt>
      <trkpt lat="44.703302" lon="9.306710"><ele>665.8</ele></trkpt>
      <trkpt lat="44.703288" lon="9.306728"><ele>665.9</ele></trkpt>
      <trkpt lat="44.703275" lon="9.306748"><ele>666.1</ele></trkpt>
      <trkpt lat="44.703267" lon="9.306763"><ele>666.2</ele></trkpt>
      <trkpt lat="44.703258" lon="9.306777"><ele>666.3</ele></trkpt>
      <trkpt lat="44.703253" lon="9.306805"><ele>666.4</ele></trkpt>
      <trkpt lat="44.703245" lon="9.306830"><ele>666.5</ele></trkpt>
      <trkpt lat="44.703243" lon="9.306838"><ele>666.6</ele></trkpt>
      <trkpt lat="44.703238" lon="9.306852"><ele>666.7</ele></trkpt>
      <trkpt lat="44.703230" lon="9.306882"><ele>666.8</ele></trkpt>
      <trkpt lat="44.703218" lon="9.306902"><ele>667.0</ele></trkpt>
      <trkpt lat="44.703212" lon="9.306923"><ele>667.1</ele></trkpt>
      <trkpt lat="44.703208" lon="9.306947"><ele>667.2</ele></trkpt>
      <trkpt lat="44.703205" lon="9.306968"><ele>667.3</ele></trkpt>
      <trkpt lat="44.703197" lon="9.306992"><ele>667.4</ele></trkpt>
      <trkpt lat="44.703190" lon="9.307013"><ele>667.6</ele></trkpt>
      <trkpt lat="44.703178" lon="9.307040"><ele>667.7</ele></trkpt>
      <trkpt lat="44.703175" lon="9.307058"><ele>667.8</ele></trkpt>
      <trkpt lat="44.703173" lon="9.307080"><ele>667.9</ele></trkpt>
      <trkpt lat="44.703175" lon="9.307100"><ele>668.0</ele></trkpt>
      <trkpt lat="44.703175" lon="9.307118"><ele>668.1</ele></trkpt>
      <trkpt lat="44.703168" lon="9.307138"><ele>668.2</ele></trkpt>
      <trkpt lat="44.703162" lon="9.307158"><ele>668.4</ele></trkpt>
      <trkpt lat="44.703157" lon="9.307178"><ele>668.5</ele></trkpt>
      <trkpt lat="44.703147" lon="9.307198"><ele>668.6</ele></trkpt>
      <trkpt lat="44.703135" lon="9.307220"><ele>668.7</ele></trkpt>
      <trkpt lat="44.703120" lon="9.307243"><ele>668.9</ele></trkpt>
      <trkpt lat="44.703115" lon="9.307267"><ele>669.0</ele></trkpt>
      <trkpt lat="44.703108" lon="9.307288"><ele>669.1</ele></trkpt>
      <trkpt lat="44.703102" lon="9.307312"><ele>669.3</ele></trkpt>
      <trkpt lat="44.703093" lon="9.307335"><ele>669.4</ele></trkpt>
      <trkpt lat="44.703092" lon="9.307355"><ele>669.5</ele></trkpt>
      <trkpt lat="44.703080" lon="9.307377"><ele>669.7</ele></trkpt>
      <trkpt lat="44.703065" lon="9.307398"><ele>669.8</ele></trkpt>
      <trkpt lat="44.703058" lon="9.307420"><ele>669.9</ele></trkpt>
      <trkpt lat="44.703050" lon="9.307445"><ele>670.1</ele></trkpt>
      <trkpt lat="44.703037" lon="9.307470"><ele>670.2</ele></trkpt>
      <trkpt lat="44.703027" lon="9.307495"><ele>670.4</ele></trkpt>
      <trkpt lat="44.703025" lon="9.307518"><ele>670.5</ele></trkpt>
      <trkpt lat="44.703022" lon="9.307540"><ele>670.6</ele></trkpt>
      <trkpt lat="44.703013" lon="9.307570"><ele>670.8</ele></trkpt>
      <trkpt lat="44.703008" lon="9.307603"><ele>671.0</ele></trkpt>
      <trkpt lat="44.702997" lon="9.307633"><ele>671.2</ele></trkpt>
      <trkpt lat="44.702985" lon="9.307662"><ele>671.3</ele></trkpt>
      <trkpt lat="44.702977" lon="9.307678"><ele>671.4</ele></trkpt>
      <trkpt lat="44.702970" lon="9.307697"><ele>671.5</ele></trkpt>
      <trkpt lat="44.702962" lon="9.307713"><ele>671.7</ele></trkpt>
      <trkpt lat="44.702958" lon="9.307732"><ele>671.8</ele></trkpt>
      <trkpt lat="44.702953" lon="9.307750"><ele>671.9</ele></trkpt>
      <trkpt lat="44.702950" lon="9.307770"><ele>672.0</ele></trkpt>
      <trkpt lat="44.702940" lon="9.307788"><ele>672.1</ele></trkpt>
      <trkpt lat="44.702933" lon="9.307802"><ele>672.2</ele></trkpt>
      <trkpt lat="44.702932" lon="9.307815"><ele>672.3</ele></trkpt>
      <trkpt lat="44.702923" lon="9.307825"><ele>672.4</ele></trkpt>
      <trkpt lat="44.702922" lon="9.307838"><ele>672.4</ele></trkpt>
      <trkpt lat="44.702915" lon="9.307850"><ele>672.5</ele></trkpt>
      <trkpt lat="44.702917" lon="9.307858"><ele>672.6</ele></trkpt>
      <trkpt lat="44.702922" lon="9.307868"><ele>672.7</ele></trkpt>
      <trkpt lat="44.702918" lon="9.307888"><ele>672.8</ele></trkpt>
      <trkpt lat="44.702920" lon="9.307900"><ele>672.8</ele></trkpt>
      <trkpt lat="44.702910" lon="9.307920"><ele>673.0</ele></trkpt>
      <trkpt lat="44.702905" lon="9.307933"><ele>673.0</ele></trkpt>
      <trkpt lat="44.702893" lon="9.307960"><ele>673.2</ele></trkpt>
      <trkpt lat="44.702892" lon="9.307980"><ele>673.3</ele></trkpt>
      <trkpt lat="44.702887" lon="9.308002"><ele>673.4</ele></trkpt>
      <trkpt lat="44.702895" lon="9.308017"><ele>673.5</ele></trkpt>
      <trkpt lat="44.702888" lon="9.308033"><ele>673.6</ele></trkpt>
      <trkpt lat="44.702887" lon="9.308050"><ele>673.7</ele></trkpt>
      <trkpt lat="44.702885" lon="9.308060"><ele>673.8</ele></trkpt>
      <trkpt lat="44.702883" lon="9.308072"><ele>673.8</ele></trkpt>
      <trkpt lat="44.702880" lon="9.308083"><ele>673.9</ele></trkpt>
      <trkpt lat="44.702877" lon="9.308097"><ele>674.0</ele></trkpt>
      <trkpt lat="44.702875" lon="9.308110"><ele>674.0</ele></trkpt>
      <trkpt lat="44.702863" lon="9.308128"><ele>674.1</ele></trkpt>
      <trkpt lat="44.702850" lon="9.308153"><ele>674.3</ele></trkpt>
      <trkpt lat="44.702843" lon="9.308173"><ele>674.4</ele></trkpt>
      <trkpt lat="44.702825" lon="9.308200"><ele>674.6</ele></trkpt>
      <trkpt lat="44.702813" lon="9.308223"><ele>674.7</ele></trkpt>
      <trkpt lat="44.702805" lon="9.308247"><ele>674.8</ele></trkpt>
      <trkpt lat="44.702793" lon="9.308277"><ele>675.0</ele></trkpt>
      <trkpt lat="44.702777" lon="9.308305"><ele>675.1</ele></trkpt>
      <trkpt lat="44.702762" lon="9.308317"><ele>675.2</ele></trkpt>
      <trkpt lat="44.702753" lon="9.308340"><ele>675.4</ele></trkpt>
      <trkpt lat="44.702738" lon="9.308370"><ele>675.5</ele></trkpt>
      <trkpt lat="44.702738" lon="9.308377"><ele>675.6</ele></trkpt>
      <trkpt lat="44.702737" lon="9.308392"><ele>675.6</ele></trkpt>
      <trkpt lat="44.702728" lon="9.308413"><ele>675.7</ele></trkpt>
      <trkpt lat="44.702703" lon="9.308438"><ele>675.9</ele></trkpt>
      <trkpt lat="44.702688" lon="9.308467"><ele>676.1</ele></trkpt>
      <trkpt lat="44.702678" lon="9.308497"><ele>676.3</ele></trkpt>
      <trkpt lat="44.702675" lon="9.308512"><ele>676.3</ele></trkpt>
      <trkpt lat="44.702665" lon="9.308554"><ele>676.5</ele></trkpt>
      <trkpt lat="44.702660" lon="9.308565"><ele>676.6</ele></trkpt>
      <trkpt lat="44.702655" lon="9.308590"><ele>676.7</ele></trkpt>
      <trkpt lat="44.702648" lon="9.308607"><ele>676.8</ele></trkpt>
      <trkpt lat="44.702637" lon="9.308625"><ele>676.9</ele></trkpt>
      <trkpt lat="44.702635" lon="9.308633"><ele>677.0</ele></trkpt>
      <trkpt lat="44.702633" lon="9.308642"><ele>677.0</ele></trkpt>
      <trkpt lat="44.702630" lon="9.308648"><ele>677.0</ele></trkpt>
      <trkpt lat="44.702625" lon="9.308668"><ele>677.1</ele></trkpt>
      <trkpt lat="44.702603" lon="9.308703"><ele>677.4</ele></trkpt>
      <trkpt lat="44.702597" lon="9.308723"><ele>677.5</ele></trkpt>
      <trkpt lat="44.702590" lon="9.308735"><ele>677.5</ele></trkpt>
      <trkpt lat="44.702587" lon="9.308742"><ele>677.6</ele></trkpt>
      <trkpt lat="44.702580" lon="9.308752"><ele>677.6</ele></trkpt>
      <trkpt lat="44.702573" lon="9.308767"><ele>677.7</ele></trkpt>
      <trkpt lat="44.702545" lon="9.308785"><ele>677.9</ele></trkpt>
      <trkpt lat="44.702518" lon="9.308822"><ele>678.2</ele></trkpt>
      <trkpt lat="44.702488" lon="9.308842"><ele>678.4</ele></trkpt>
      <trkpt lat="44.702468" lon="9.308855"><ele>678.5</ele></trkpt>
      <trkpt lat="44.702442" lon="9.308872"><ele>678.7</ele></trkpt>
      <trkpt lat="44.702420" lon="9.308887"><ele>678.8</ele></trkpt>
      <trkpt lat="44.702397" lon="9.308903"><ele>679.0</ele></trkpt>
      <trkpt lat="44.702383" lon="9.308920"><ele>679.1</ele></trkpt>
      <trkpt lat="44.702365" lon="9.308932"><ele>679.2</ele></trkpt>
      <trkpt lat="44.702358" lon="9.308940"><ele>679.3</ele></trkpt>
      <trkpt lat="44.702343" lon="9.308950"><ele>679.4</ele></trkpt>
      <trkpt lat="44.702328" lon="9.308958"><ele>679.5</ele></trkpt>
      <trkpt lat="44.702312" lon="9.308967"><ele>679.6</ele></trkpt>
      <trkpt lat="44.702300" lon="9.308970"><ele>679.7</ele></trkpt>
      <trkpt lat="44.702297" lon="9.308970"><ele>679.7</ele></trkpt>
      <trkpt lat="44.702280" lon="9.308975"><ele>679.9</ele></trkpt>
      <trkpt lat="44.702263" lon="9.308982"><ele>680.0</ele></trkpt>
      <trkpt lat="44.702243" lon="9.308977"><ele>680.1</ele></trkpt>
      <trkpt lat="44.702217" lon="9.308983"><ele>680.3</ele></trkpt>
      <trkpt lat="44.702197" lon="9.308988"><ele>680.5</ele></trkpt>
      <trkpt lat="44.702177" lon="9.308992"><ele>680.6</ele></trkpt>
      <trkpt lat="44.702155" lon="9.308992"><ele>680.8</ele></trkpt>
      <trkpt lat="44.702138" lon="9.309002"><ele>680.9</ele></trkpt>
      <trkpt lat="44.702127" lon="9.309007"><ele>681.0</ele></trkpt>
      <trkpt lat="44.702108" lon="9.309007"><ele>681.2</ele></trkpt>
      <trkpt lat="44.702087" lon="9.309007"><ele>681.3</ele></trkpt>
      <trkpt lat="44.702068" lon="9.309007"><ele>681.5</ele></trkpt>
      <trkpt lat="44.702052" lon="9.309008"><ele>681.6</ele></trkpt>
      <trkpt lat="44.702033" lon="9.309007"><ele>681.8</ele></trkpt>
      <trkpt lat="44.702015" lon="9.309002"><ele>681.9</ele></trkpt>
      <trkpt lat="44.701993" lon="9.309000"><ele>682.1</ele></trkpt>
      <trkpt lat="44.701973" lon="9.309005"><ele>682.3</ele></trkpt>
      <trkpt lat="44.701952" lon="9.309007"><ele>682.4</ele></trkpt>
      <trkpt lat="44.701935" lon="9.309008"><ele>682.6</ele></trkpt>
      <trkpt lat="44.701918" lon="9.309007"><ele>682.7</ele></trkpt>
      <trkpt lat="44.701898" lon="9.309005"><ele>682.9</ele></trkpt>
      <trkpt lat="44.701880" lon="9.309002"><ele>683.0</ele></trkpt>
      <trkpt lat="44.701863" lon="9.309002"><ele>683.2</ele></trkpt>
      <trkpt lat="44.701843" lon="9.309002"><ele>683.3</ele></trkpt>
      <trkpt lat="44.701822" lon="9.309000"><ele>683.5</ele></trkpt>
      <trkpt lat="44.701803" lon="9.308997"><ele>683.7</ele></trkpt>
      <trkpt lat="44.701777" lon="9.308995"><ele>683.9</ele></trkpt>
      <trkpt lat="44.701767" lon="9.308995"><ele>684.0</ele></trkpt>
      <trkpt lat="44.701750" lon="9.308992"><ele>684.2</ele></trkpt>
      <trkpt lat="44.701732" lon="9.308987"><ele>684.3</ele></trkpt>
      <trkpt lat="44.701715" lon="9.308985"><ele>684.5</ele></trkpt>
      <trkpt lat="44.701698" lon="9.308983"><ele>684.6</ele></trkpt>
      <trkpt lat="44.701685" lon="9.308982"><ele>684.8</ele></trkpt>
      <trkpt lat="44.701667" lon="9.308985"><ele>684.9</ele></trkpt>
      <trkpt lat="44.701650" lon="9.308987"><ele>685.1</ele></trkpt>
      <trkpt lat="44.701632" lon="9.308992"><ele>685.2</ele></trkpt>
      <trkpt lat="44.701613" lon="9.309000"><ele>685.4</ele></trkpt>
      <trkpt lat="44.701595" lon="9.309015"><ele>685.6</ele></trkpt>
      <trkpt lat="44.701578" lon="9.309025"><ele>685.8</ele></trkpt>
      <trkpt lat="44.701558" lon="9.309038"><ele>686.0</ele></trkpt>
      <trkpt lat="44.701533" lon="9.309055"><ele>686.2</ele></trkpt>
      <trkpt lat="44.701513" lon="9.309068"><ele>686.4</ele></trkpt>
      <trkpt lat="44.701497" lon="9.309083"><ele>686.6</ele></trkpt>
      <trkpt lat="44.701483" lon="9.309093"><ele>686.7</ele></trkpt>
      <trkpt lat="44.701470" lon="9.309107"><ele>686.9</ele></trkpt>
      <trkpt lat="44.701463" lon="9.309125"><ele>687.0</ele></trkpt>
      <trkpt lat="44.701455" lon="9.309152"><ele>687.1</ele></trkpt>
      <trkpt lat="44.701447" lon="9.309180"><ele>687.3</ele></trkpt>
      <trkpt lat="44.701437" lon="9.309218"><ele>687.5</ele></trkpt>
      <trkpt lat="44.701433" lon="9.309250"><ele>687.7</ele></trkpt>
      <trkpt lat="44.701430" lon="9.309282"><ele>687.9</ele></trkpt>
      <trkpt lat="44.701430" lon="9.309307"><ele>688.0</ele></trkpt>
      <trkpt lat="44.701430" lon="9.309330"><ele>688.1</ele></trkpt>
      <trkpt lat="44.701432" lon="9.309357"><ele>688.3</ele></trkpt>
      <trkpt lat="44.701437" lon="9.309388"><ele>688.4</ele></trkpt>
      <trkpt lat="44.701437" lon="9.309417"><ele>688.6</ele></trkpt>
      <trkpt lat="44.701442" lon="9.309438"><ele>688.7</ele></trkpt>
      <trkpt lat="44.701440" lon="9.309463"><ele>688.8</ele></trkpt>
      <trkpt lat="44.701445" lon="9.309490"><ele>689.0</ele></trkpt>
      <trkpt lat="44.701455" lon="9.309517"><ele>689.1</ele></trkpt>
      <trkpt lat="44.701463" lon="9.309542"><ele>689.3</ele></trkpt>
      <trkpt lat="44.701472" lon="9.309565"><ele>689.4</ele></trkpt>
      <trkpt lat="44.701482" lon="9.309580"><ele>689.6</ele></trkpt>
      <trkpt lat="44.701493" lon="9.309597"><ele>689.7</ele></trkpt>
      <trkpt lat="44.701505" lon="9.309620"><ele>689.9</ele></trkpt>
      <trkpt lat="44.701513" lon="9.309643"><ele>690.0</ele></trkpt>
      <trkpt lat="44.701525" lon="9.309665"><ele>690.2</ele></trkpt>
      <trkpt lat="44.701542" lon="9.309685"><ele>690.3</ele></trkpt>
      <trkpt lat="44.701553" lon="9.309700"><ele>690.4</ele></trkpt>
      <trkpt lat="44.701568" lon="9.309715"><ele>690.6</ele></trkpt>
      <trkpt lat="44.701585" lon="9.309723"><ele>690.7</ele></trkpt>
      <trkpt lat="44.701607" lon="9.309730"><ele>690.9</ele></trkpt>
      <trkpt lat="44.701625" lon="9.309733"><ele>691.0</ele></trkpt>
      <trkpt lat="44.701642" lon="9.309732"><ele>691.1</ele></trkpt>
      <trkpt lat="44.701655" lon="9.309733"><ele>691.2</ele></trkpt>
      <trkpt lat="44.701670" lon="9.309732"><ele>691.2</ele></trkpt>
      <trkpt lat="44.701683" lon="9.309733"><ele>691.3</ele></trkpt>
      <trkpt lat="44.701697" lon="9.309733"><ele>691.4</ele></trkpt>
      <trkpt lat="44.701710" lon="9.309730"><ele>691.5</ele></trkpt>
      <trkpt lat="44.701728" lon="9.309730"><ele>691.6</ele></trkpt>
      <trkpt lat="44.701740" lon="9.309727"><ele>691.6</ele></trkpt>
      <trkpt lat="44.701760" lon="9.309720"><ele>691.7</ele></trkpt>
      <trkpt lat="44.701782" lon="9.309715"><ele>691.8</ele></trkpt>
      <trkpt lat="44.701803" lon="9.309710"><ele>691.9</ele></trkpt>
      <trkpt lat="44.701818" lon="9.309700"><ele>692.0</ele></trkpt>
      <trkpt lat="44.701837" lon="9.309690"><ele>692.1</ele></trkpt>
      <trkpt lat="44.701853" lon="9.309682"><ele>692.2</ele></trkpt>
      <trkpt lat="44.701872" lon="9.309677"><ele>692.2</ele></trkpt>
      <trkpt lat="44.701890" lon="9.309670"><ele>692.3</ele></trkpt>
      <trkpt lat="44.701898" lon="9.309668"><ele>692.4</ele></trkpt>
      <trkpt lat="44.701910" lon="9.309665"><ele>692.4</ele></trkpt>
      <trkpt lat="44.701937" lon="9.309653"><ele>692.5</ele></trkpt>
      <trkpt lat="44.701960" lon="9.309645"><ele>692.7</ele></trkpt>
      <trkpt lat="44.701980" lon="9.309642"><ele>692.8</ele></trkpt>
      <trkpt lat="44.702000" lon="9.309638"><ele>692.9</ele></trkpt>
      <trkpt lat="44.702017" lon="9.309637"><ele>693.0</ele></trkpt>
      <trkpt lat="44.702042" lon="9.309635"><ele>693.2</ele></trkpt>
      <trkpt lat="44.702068" lon="9.309628"><ele>693.4</ele></trkpt>
      <trkpt lat="44.702088" lon="9.309622"><ele>693.5</ele></trkpt>
      <trkpt lat="44.702112" lon="9.309613"><ele>693.7</ele></trkpt>
      <trkpt lat="44.702138" lon="9.309600"><ele>693.9</ele></trkpt>
      <trkpt lat="44.702170" lon="9.309592"><ele>694.1</ele></trkpt>
      <trkpt lat="44.702198" lon="9.309590"><ele>694.3</ele></trkpt>
      <trkpt lat="44.702222" lon="9.309585"><ele>694.4</ele></trkpt>
      <trkpt lat="44.702238" lon="9.309580"><ele>694.6</ele></trkpt>
      <trkpt lat="44.702252" lon="9.309570"><ele>694.7</ele></trkpt>
      <trkpt lat="44.702262" lon="9.309568"><ele>694.7</ele></trkpt>
      <trkpt lat="44.702273" lon="9.309567"><ele>694.8</ele></trkpt>
      <trkpt lat="44.702285" lon="9.309565"><ele>694.9</ele></trkpt>
      <trkpt lat="44.702297" lon="9.309565"><ele>695.0</ele></trkpt>
      <trkpt lat="44.702307" lon="9.309568"><ele>695.1</ele></trkpt>
      <trkpt lat="44.702322" lon="9.309565"><ele>695.2</ele></trkpt>
      <trkpt lat="44.702337" lon="9.309563"><ele>695.3</ele></trkpt>
      <trkpt lat="44.702355" lon="9.309562"><ele>695.4</ele></trkpt>
      <trkpt lat="44.702375" lon="9.309562"><ele>695.5</ele></trkpt>
      <trkpt lat="44.702398" lon="9.309562"><ele>695.7</ele></trkpt>
      <trkpt lat="44.702426" lon="9.309563"><ele>695.9</ele></trkpt>
      <trkpt lat="44.702435" lon="9.309565"><ele>695.9</ele></trkpt>
      <trkpt lat="44.702450" lon="9.309572"><ele>696.0</ele></trkpt>
      <trkpt lat="44.702465" lon="9.309573"><ele>696.2</ele></trkpt>
      <trkpt lat="44.702478" lon="9.309577"><ele>696.2</ele></trkpt>
      <trkpt lat="44.702490" lon="9.309583"><ele>696.3</ele></trkpt>
      <trkpt lat="44.702503" lon="9.309588"><ele>696.4</ele></trkpt>
      <trkpt lat="44.702517" lon="9.309592"><ele>696.5</ele></trkpt>
      <trkpt lat="44.702532" lon="9.309593"><ele>696.6</ele></trkpt>
      <trkpt lat="44.702545" lon="9.309602"><ele>696.7</ele></trkpt>
      <trkpt lat="44.702555" lon="9.309612"><ele>696.8</ele></trkpt>
      <trkpt lat="44.702565" lon="9.309622"><ele>696.9</ele></trkpt>
      <trkpt lat="44.702578" lon="9.309630"><ele>697.0</ele></trkpt>
      <trkpt lat="44.702592" lon="9.309637"><ele>697.1</ele></trkpt>
      <trkpt lat="44.702607" lon="9.309642"><ele>697.2</ele></trkpt>
      <trkpt lat="44.702617" lon="9.309650"><ele>697.3</ele></trkpt>
      <trkpt lat="44.702630" lon="9.309665"><ele>697.4</ele></trkpt>
      <trkpt lat="44.702643" lon="9.309675"><ele>697.5</ele></trkpt>
      <trkpt lat="44.702658" lon="9.309682"><ele>697.6</ele></trkpt>
      <trkpt lat="44.702677" lon="9.309693"><ele>697.8</ele></trkpt>
      <trkpt lat="44.702685" lon="9.309705"><ele>697.9</ele></trkpt>
      <trkpt lat="44.702692" lon="9.309717"><ele>698.0</ele></trkpt>
      <trkpt lat="44.702703" lon="9.309727"><ele>698.1</ele></trkpt>
      <trkpt lat="44.702710" lon="9.309742"><ele>698.2</ele></trkpt>
      <trkpt lat="44.702713" lon="9.309762"><ele>698.3</ele></trkpt>
      <trkpt lat="44.702720" lon="9.309778"><ele>698.4</ele></trkpt>
      <trkpt lat="44.702737" lon="9.309785"><ele>698.5</ele></trkpt>
      <trkpt lat="44.702762" lon="9.309790"><ele>698.7</ele></trkpt>
      <trkpt lat="44.702788" lon="9.309793"><ele>698.9</ele></trkpt>
      <trkpt lat="44.702817" lon="9.309798"><ele>699.1</ele></trkpt>
      <trkpt lat="44.702847" lon="9.309797"><ele>699.4</ele></trkpt>
      <trkpt lat="44.702868" lon="9.309795"><ele>699.5</ele></trkpt>
      <trkpt lat="44.702900" lon="9.309797"><ele>699.8</ele></trkpt>
      <trkpt lat="44.702918" lon="9.309808"><ele>699.9</ele></trkpt>
      <trkpt lat="44.702928" lon="9.309810"><ele>700.0</ele></trkpt>
      <trkpt lat="44.702942" lon="9.309807"><ele>700.1</ele></trkpt>
      <trkpt lat="44.702960" lon="9.309812"><ele>700.3</ele></trkpt>
      <trkpt lat="44.702982" lon="9.309810"><ele>700.4</ele></trkpt>
      <trkpt lat="44.703005" lon="9.309813"><ele>700.6</ele></trkpt>
      <trkpt lat="44.703027" lon="9.309817"><ele>700.8</ele></trkpt>
      <trkpt lat="44.703043" lon="9.309827"><ele>700.9</ele></trkpt>
      <trkpt lat="44.703060" lon="9.309838"><ele>701.1</ele></trkpt>
      <trkpt lat="44.703077" lon="9.309845"><ele>701.2</ele></trkpt>
      <trkpt lat="44.703097" lon="9.309850"><ele>701.4</ele></trkpt>
      <trkpt lat="44.703113" lon="9.309852"><ele>701.5</ele></trkpt>
      <trkpt lat="44.703140" lon="9.309848"><ele>701.7</ele></trkpt>
      <trkpt lat="44.703163" lon="9.309842"><ele>701.9</ele></trkpt>
      <trkpt lat="44.703185" lon="9.309840"><ele>702.1</ele></trkpt>
      <trkpt lat="44.703203" lon="9.309837"><ele>702.2</ele></trkpt>
      <trkpt lat="44.703225" lon="9.309825"><ele>702.5</ele></trkpt>
      <trkpt lat="44.703240" lon="9.309815"><ele>702.6</ele></trkpt>
      <trkpt lat="44.703257" lon="9.309807"><ele>702.8</ele></trkpt>
      <trkpt lat="44.703268" lon="9.309797"><ele>702.9</ele></trkpt>
      <trkpt lat="44.703285" lon="9.309783"><ele>703.0</ele></trkpt>
      <trkpt lat="44.703303" lon="9.309773"><ele>703.2</ele></trkpt>
      <trkpt lat="44.703323" lon="9.309753"><ele>703.4</ele></trkpt>
      <trkpt lat="44.703342" lon="9.309733"><ele>703.6</ele></trkpt>
      <trkpt lat="44.703357" lon="9.309715"><ele>703.8</ele></trkpt>
      <trkpt lat="44.703368" lon="9.309710"><ele>703.9</ele></trkpt>
      <trkpt lat="44.703377" lon="9.309707"><ele>704.0</ele></trkpt>
      <trkpt lat="44.703385" lon="9.309698"><ele>704.1</ele></trkpt>
      <trkpt lat="44.703395" lon="9.309688"><ele>704.2</ele></trkpt>
      <trkpt lat="44.703407" lon="9.309673"><ele>704.3</ele></trkpt>
      <trkpt lat="44.703420" lon="9.309653"><ele>704.5</ele></trkpt>
      <trkpt lat="44.703433" lon="9.309635"><ele>704.6</ele></trkpt>
      <trkpt lat="44.703445" lon="9.309625"><ele>704.7</ele></trkpt>
      <trkpt lat="44.703459" lon="9.309598"><ele>704.9</ele></trkpt>
      <trkpt lat="44.703462" lon="9.309590"><ele>705.0</ele></trkpt>
      <trkpt lat="44.703472" lon="9.309580"><ele>705.1</ele></trkpt>
      <trkpt lat="44.703483" lon="9.309575"><ele>705.2</ele></trkpt>
      <trkpt lat="44.703503" lon="9.309562"><ele>705.3</ele></trkpt>
      <trkpt lat="44.703523" lon="9.309550"><ele>705.5</ele></trkpt>
      <trkpt lat="44.703542" lon="9.309535"><ele>705.7</ele></trkpt>
      <trkpt lat="44.703555" lon="9.309525"><ele>705.8</ele></trkpt>
      <trkpt lat="44.703568" lon="9.309518"><ele>705.9</ele></trkpt>
      <trkpt lat="44.703587" lon="9.309507"><ele>706.1</ele></trkpt>
      <trkpt lat="44.703610" lon="9.309492"><ele>706.3</ele></trkpt>
      <trkpt lat="44.703628" lon="9.309485"><ele>706.4</ele></trkpt>
      <trkpt lat="44.703648" lon="9.309478"><ele>706.6</ele></trkpt>
      <trkpt lat="44.703665" lon="9.309477"><ele>706.7</ele></trkpt>
      <trkpt lat="44.703683" lon="9.309470"><ele>706.9</ele></trkpt>
      <trkpt lat="44.703702" lon="9.309467"><ele>707.0</ele></trkpt>
      <trkpt lat="44.703722" lon="9.309468"><ele>707.1</ele></trkpt>
      <trkpt lat="44.703738" lon="9.309472"><ele>707.2</ele></trkpt>
      <trkpt lat="44.703757" lon="9.309488"><ele>707.4</ele></trkpt>
      <trkpt lat="44.703775" lon="9.309508"><ele>707.5</ele></trkpt>
      <trkpt lat="44.703792" lon="9.309517"><ele>707.6</ele></trkpt>
      <trkpt lat="44.703802" lon="9.309520"><ele>707.7</ele></trkpt>
      <trkpt lat="44.703812" lon="9.309517"><ele>707.7</ele></trkpt>
      <trkpt lat="44.703823" lon="9.309515"><ele>707.8</ele></trkpt>
      <trkpt lat="44.703843" lon="9.309515"><ele>707.9</ele></trkpt>
      <trkpt lat="44.703858" lon="9.309513"><ele>708.0</ele></trkpt>
      <trkpt lat="44.703873" lon="9.309517"><ele>708.1</ele></trkpt>
      <trkpt lat="44.703890" lon="9.309522"><ele>708.2</ele></trkpt>
      <trkpt lat="44.703902" lon="9.309533"><ele>708.3</ele></trkpt>
      <trkpt lat="44.703917" lon="9.309540"><ele>708.4</ele></trkpt>
      <trkpt lat="44.703933" lon="9.309543"><ele>708.5</ele></trkpt>
      <trkpt lat="44.703943" lon="9.309548"><ele>708.6</ele></trkpt>
      <trkpt lat="44.703953" lon="9.309555"><ele>708.7</ele></trkpt>
      <trkpt lat="44.703963" lon="9.309560"><ele>708.7</ele></trkpt>
      <trkpt lat="44.703975" lon="9.309563"><ele>708.8</ele></trkpt>
      <trkpt lat="44.703988" lon="9.309568"><ele>708.9</ele></trkpt>
      <trkpt lat="44.704000" lon="9.309572"><ele>709.0</ele></trkpt>
      <trkpt lat="44.704013" lon="9.309575"><ele>709.1</ele></trkpt>
      <trkpt lat="44.704030" lon="9.309578"><ele>709.2</ele></trkpt>
      <trkpt lat="44.704050" lon="9.309585"><ele>709.4</ele></trkpt>
      <trkpt lat="44.704068" lon="9.309593"><ele>709.5</ele></trkpt>
      <trkpt lat="44.704073" lon="9.309608"><ele>709.6</ele></trkpt>
      <trkpt lat="44.704090" lon="9.309618"><ele>709.7</ele></trkpt>
      <trkpt lat="44.704113" lon="9.309628"><ele>709.9</ele></trkpt>
      <trkpt lat="44.704132" lon="9.309635"><ele>710.1</ele></trkpt>
      <trkpt lat="44.704153" lon="9.309635"><ele>710.2</ele></trkpt>
      <trkpt lat="44.704175" lon="9.309633"><ele>710.4</ele></trkpt>
      <trkpt lat="44.704195" lon="9.309635"><ele>710.6</ele></trkpt>
      <trkpt lat="44.704210" lon="9.309648"><ele>710.7</ele></trkpt>
      <trkpt lat="44.704228" lon="9.309657"><ele>710.9</ele></trkpt>
      <trkpt lat="44.704243" lon="9.309667"><ele>711.0</ele></trkpt>
      <trkpt lat="44.704285" lon="9.309708"><ele>711.4</ele></trkpt>
      <trkpt lat="44.704298" lon="9.309720"><ele>711.6</ele></trkpt>
      <trkpt lat="44.704315" lon="9.309735"><ele>711.7</ele></trkpt>
      <trkpt lat="44.704330" lon="9.309750"><ele>711.9</ele></trkpt>
      <trkpt lat="44.704345" lon="9.309773"><ele>712.1</ele></trkpt>
      <trkpt lat="44.704363" lon="9.309793"><ele>712.3</ele></trkpt>
      <trkpt lat="44.704390" lon="9.309800"><ele>712.5</ele></trkpt>
      <trkpt lat="44.704410" lon="9.309810"><ele>712.7</ele></trkpt>
      <trkpt lat="44.704427" lon="9.309818"><ele>712.8</ele></trkpt>
      <trkpt lat="44.704455" lon="9.309818"><ele>713.1</ele></trkpt>
      <trkpt lat="44.704475" lon="9.309825"><ele>713.2</ele></trkpt>
      <trkpt lat="44.704500" lon="9.309830"><ele>713.4</ele></trkpt>
      <trkpt lat="44.704525" lon="9.309835"><ele>713.5</ele></trkpt>
      <trkpt lat="44.704550" lon="9.309842"><ele>713.7</ele></trkpt>
      <trkpt lat="44.704575" lon="9.309847"><ele>713.9</ele></trkpt>
      <trkpt lat="44.704595" lon="9.309852"><ele>714.0</ele></trkpt>
      <trkpt lat="44.704613" lon="9.309853"><ele>714.1</ele></trkpt>
      <trkpt lat="44.704627" lon="9.309855"><ele>714.1</ele></trkpt>
      <trkpt lat="44.704637" lon="9.309853"><ele>714.2</ele></trkpt>
      <trkpt lat="44.704647" lon="9.309850"><ele>714.2</ele></trkpt>
      <trkpt lat="44.704655" lon="9.309845"><ele>714.3</ele></trkpt>
      <trkpt lat="44.704665" lon="9.309842"><ele>714.3</ele></trkpt>
      <trkpt lat="44.704673" lon="9.309837"><ele>714.4</ele></trkpt>
      <trkpt lat="44.704685" lon="9.309827"><ele>714.4</ele></trkpt>
      <trkpt lat="44.704702" lon="9.309822"><ele>714.5</ele></trkpt>
      <trkpt lat="44.704712" lon="9.309818"><ele>714.6</ele></trkpt>
      <trkpt lat="44.704733" lon="9.309813"><ele>714.7</ele></trkpt>
      <trkpt lat="44.704755" lon="9.309805"><ele>714.8</ele></trkpt>
      <trkpt lat="44.704777" lon="9.309802"><ele>714.9</ele></trkpt>
      <trkpt lat="44.704798" lon="9.309792"><ele>715.0</ele></trkpt>
      <trkpt lat="44.704820" lon="9.309783"><ele>715.1</ele></trkpt>
      <trkpt lat="44.704842" lon="9.309772"><ele>715.2</ele></trkpt>
      <trkpt lat="44.704858" lon="9.309762"><ele>715.3</ele></trkpt>
      <trkpt lat="44.704875" lon="9.309758"><ele>715.4</ele></trkpt>
      <trkpt lat="44.704882" lon="9.309760"><ele>715.5</ele></trkpt>
      <trkpt lat="44.704892" lon="9.309753"><ele>715.5</ele></trkpt>
      <trkpt lat="44.704903" lon="9.309748"><ele>715.6</ele></trkpt>
      <trkpt lat="44.704917" lon="9.309748"><ele>715.7</ele></trkpt>
      <trkpt lat="44.704927" lon="9.309752"><ele>715.7</ele></trkpt>
      <trkpt lat="44.704940" lon="9.309750"><ele>715.8</ele></trkpt>
      <trkpt lat="44.704953" lon="9.309745"><ele>715.9</ele></trkpt>
      <trkpt lat="44.704963" lon="9.309743"><ele>715.9</ele></trkpt>
      <trkpt lat="44.704972" lon="9.309745"><ele>716.0</ele></trkpt>
      <trkpt lat="44.704985" lon="9.309742"><ele>716.1</ele></trkpt>
      <trkpt lat="44.705000" lon="9.309732"><ele>716.2</ele></trkpt>
      <trkpt lat="44.705012" lon="9.309720"><ele>716.3</ele></trkpt>
      <trkpt lat="44.705022" lon="9.309713"><ele>716.3</ele></trkpt>
      <trkpt lat="44.705038" lon="9.309708"><ele>716.4</ele></trkpt>
      <trkpt lat="44.705053" lon="9.309702"><ele>716.5</ele></trkpt>
      <trkpt lat="44.705063" lon="9.309693"><ele>716.6</ele></trkpt>
      <trkpt lat="44.705077" lon="9.309685"><ele>716.7</ele></trkpt>
      <trkpt lat="44.705088" lon="9.309683"><ele>716.8</ele></trkpt>
      <trkpt lat="44.705102" lon="9.309678"><ele>716.9</ele></trkpt>
      <trkpt lat="44.705118" lon="9.309673"><ele>717.0</ele></trkpt>
      <trkpt lat="44.705135" lon="9.309663"><ele>717.1</ele></trkpt>
      <trkpt lat="44.705153" lon="9.309653"><ele>717.3</ele></trkpt>
      <trkpt lat="44.705172" lon="9.309647"><ele>717.4</ele></trkpt>
      <trkpt lat="44.705188" lon="9.309643"><ele>717.5</ele></trkpt>
      <trkpt lat="44.705202" lon="9.309637"><ele>717.6</ele></trkpt>
      <trkpt lat="44.705215" lon="9.309627"><ele>717.8</ele></trkpt>
      <trkpt lat="44.705232" lon="9.309620"><ele>717.9</ele></trkpt>
      <trkpt lat="44.705248" lon="9.309612"><ele>718.0</ele></trkpt>
      <trkpt lat="44.705267" lon="9.309605"><ele>718.2</ele></trkpt>
      <trkpt lat="44.705290" lon="9.309595"><ele>718.3</ele></trkpt>
      <trkpt lat="44.705310" lon="9.309583"><ele>718.5</ele></trkpt>
      <trkpt lat="44.705330" lon="9.309575"><ele>718.7</ele></trkpt>
      <trkpt lat="44.705348" lon="9.309567"><ele>718.8</ele></trkpt>
      <trkpt lat="44.705375" lon="9.309560"><ele>719.1</ele></trkpt>
      <trkpt lat="44.705405" lon="9.309552"><ele>719.3</ele></trkpt>
      <trkpt lat="44.705433" lon="9.309545"><ele>719.5</ele></trkpt>
      <trkpt lat="44.705455" lon="9.309540"><ele>719.7</ele></trkpt>
      <trkpt lat="44.705473" lon="9.309533"><ele>719.9</ele></trkpt>
      <trkpt lat="44.705488" lon="9.309525"><ele>720.0</ele></trkpt>
      <trkpt lat="44.705510" lon="9.309517"><ele>720.2</ele></trkpt>
      <trkpt lat="44.705528" lon="9.309515"><ele>720.3</ele></trkpt>
      <trkpt lat="44.705543" lon="9.309513"><ele>720.4</ele></trkpt>
      <trkpt lat="44.705563" lon="9.309513"><ele>720.6</ele></trkpt>
      <trkpt lat="44.705578" lon="9.309512"><ele>720.7</ele></trkpt>
      <trkpt lat="44.705600" lon="9.309505"><ele>720.9</ele></trkpt>
      <trkpt lat="44.705623" lon="9.309500"><ele>721.0</ele></trkpt>
      <trkpt lat="44.705645" lon="9.309492"><ele>721.2</ele></trkpt>
      <trkpt lat="44.705667" lon="9.309478"><ele>721.4</ele></trkpt>
      <trkpt lat="44.705682" lon="9.309478"><ele>721.5</ele></trkpt>
      <trkpt lat="44.705695" lon="9.309482"><ele>721.6</ele></trkpt>
      <trkpt lat="44.705718" lon="9.309485"><ele>721.8</ele></trkpt>
      <trkpt lat="44.705735" lon="9.309490"><ele>721.9</ele></trkpt>
      <trkpt lat="44.705752" lon="9.309502"><ele>722.0</ele></trkpt>
      <trkpt lat="44.705777" lon="9.309505"><ele>722.2</ele></trkpt>
      <trkpt lat="44.705790" lon="9.309510"><ele>722.3</ele></trkpt>
      <trkpt lat="44.705802" lon="9.309512"><ele>722.4</ele></trkpt>
      <trkpt lat="44.705820" lon="9.309512"><ele>722.6</ele></trkpt>
      <trkpt lat="44.705837" lon="9.309513"><ele>722.7</ele></trkpt>
      <trkpt lat="44.705850" lon="9.309518"><ele>722.8</ele></trkpt>
      <trkpt lat="44.705867" lon="9.309523"><ele>722.9</ele></trkpt>
      <trkpt lat="44.705880" lon="9.309530"><ele>723.0</ele></trkpt>
      <trkpt lat="44.705895" lon="9.309537"><ele>723.1</ele></trkpt>
      <trkpt lat="44.705912" lon="9.309542"><ele>723.3</ele></trkpt>
      <trkpt lat="44.705923" lon="9.309547"><ele>723.3</ele></trkpt>
      <trkpt lat="44.705938" lon="9.309553"><ele>723.4</ele></trkpt>
      <trkpt lat="44.705960" lon="9.309558"><ele>723.6</ele></trkpt>
      <trkpt lat="44.705980" lon="9.309563"><ele>723.8</ele></trkpt>
      <trkpt lat="44.706009" lon="9.309571"><ele>724.0</ele></trkpt>
      <trkpt lat="44.706018" lon="9.309575"><ele>724.0</ele></trkpt>
      <trkpt lat="44.706038" lon="9.309575"><ele>724.2</ele></trkpt>
      <trkpt lat="44.706062" lon="9.309568"><ele>724.4</ele></trkpt>
      <trkpt lat="44.706080" lon="9.309570"><ele>724.5</ele></trkpt>
      <trkpt lat="44.706107" lon="9.309573"><ele>724.7</ele></trkpt>
      <trkpt lat="44.706123" lon="9.309578"><ele>724.9</ele></trkpt>
      <trkpt lat="44.706137" lon="9.309583"><ele>725.0</ele></trkpt>
      <trkpt lat="44.706147" lon="9.309592"><ele>725.1</ele></trkpt>
      <trkpt lat="44.706162" lon="9.309602"><ele>725.2</ele></trkpt>
      <trkpt lat="44.706185" lon="9.309607"><ele>725.4</ele></trkpt>
      <trkpt lat="44.706213" lon="9.309607"><ele>725.7</ele></trkpt>
      <trkpt lat="44.706227" lon="9.309610"><ele>725.8</ele></trkpt>
      <trkpt lat="44.706242" lon="9.309617"><ele>725.9</ele></trkpt>
      <trkpt lat="44.706255" lon="9.309627"><ele>726.0</ele></trkpt>
      <trkpt lat="44.706263" lon="9.309638"><ele>726.1</ele></trkpt>
      <trkpt lat="44.706273" lon="9.309643"><ele>726.2</ele></trkpt>
      <trkpt lat="44.706288" lon="9.309645"><ele>726.3</ele></trkpt>
      <trkpt lat="44.706305" lon="9.309647"><ele>726.5</ele></trkpt>
      <trkpt lat="44.706323" lon="9.309652"><ele>726.6</ele></trkpt>
      <trkpt lat="44.706340" lon="9.309657"><ele>726.8</ele></trkpt>
      <trkpt lat="44.706357" lon="9.309665"><ele>726.9</ele></trkpt>
      <trkpt lat="44.706375" lon="9.309668"><ele>727.0</ele></trkpt>
      <trkpt lat="44.706397" lon="9.309667"><ele>727.2</ele></trkpt>
      <trkpt lat="44.706415" lon="9.309662"><ele>727.3</ele></trkpt>
      <trkpt lat="44.706432" lon="9.309662"><ele>727.5</ele></trkpt>
      <trkpt lat="44.706448" lon="9.309660"><ele>727.6</ele></trkpt>
      <trkpt lat="44.706470" lon="9.309658"><ele>727.7</ele></trkpt>
      <trkpt lat="44.706483" lon="9.309657"><ele>727.8</ele></trkpt>
      <trkpt lat="44.706502" lon="9.309653"><ele>727.9</ele></trkpt>
      <trkpt lat="44.706520" lon="9.309645"><ele>728.0</ele></trkpt>
      <trkpt lat="44.706540" lon="9.309640"><ele>728.2</ele></trkpt>
      <trkpt lat="44.706557" lon="9.309632"><ele>728.3</ele></trkpt>
      <trkpt lat="44.706578" lon="9.309615"><ele>728.4</ele></trkpt>
      <trkpt lat="44.706600" lon="9.309600"><ele>728.6</ele></trkpt>
      <trkpt lat="44.706618" lon="9.309588"><ele>728.7</ele></trkpt>
      <trkpt lat="44.706635" lon="9.309577"><ele>728.8</ele></trkpt>
      <trkpt lat="44.706650" lon="9.309560"><ele>728.9</ele></trkpt>
      <trkpt lat="44.706663" lon="9.309542"><ele>729.1</ele></trkpt>
      <trkpt lat="44.706678" lon="9.309525"><ele>729.2</ele></trkpt>
      <trkpt lat="44.706695" lon="9.309508"><ele>729.3</ele></trkpt>
      <trkpt lat="44.706710" lon="9.309490"><ele>729.4</ele></trkpt>
      <trkpt lat="44.706727" lon="9.309475"><ele>729.6</ele></trkpt>
      <trkpt lat="44.706743" lon="9.309457"><ele>729.7</ele></trkpt>
      <trkpt lat="44.706755" lon="9.309445"><ele>729.8</ele></trkpt>
      <trkpt lat="44.706763" lon="9.309435"><ele>729.9</ele></trkpt>
      <trkpt lat="44.706782" lon="9.309415"><ele>730.0</ele></trkpt>
      <trkpt lat="44.706800" lon="9.309395"><ele>730.2</ele></trkpt>
      <trkpt lat="44.706817" lon="9.309377"><ele>730.3</ele></trkpt>
      <trkpt lat="44.706840" lon="9.309352"><ele>730.6</ele></trkpt>
      <trkpt lat="44.706878" lon="9.309317"><ele>730.9</ele></trkpt>
      <trkpt lat="44.706888" lon="9.309310"><ele>731.0</ele></trkpt>
      <trkpt lat="44.706903" lon="9.309292"><ele>731.1</ele></trkpt>
      <trkpt lat="44.706915" lon="9.309272"><ele>731.3</ele></trkpt>
      <trkpt lat="44.706922" lon="9.309248"><ele>731.4</ele></trkpt>
      <trkpt lat="44.706933" lon="9.309225"><ele>731.5</ele></trkpt>
      <trkpt lat="44.706947" lon="9.309205"><ele>731.7</ele></trkpt>
      <trkpt lat="44.706958" lon="9.309187"><ele>731.8</ele></trkpt>
      <trkpt lat="44.706972" lon="9.309168"><ele>732.0</ele></trkpt>
      <trkpt lat="44.706990" lon="9.309134"><ele>732.2</ele></trkpt>
      <trkpt lat="44.706995" lon="9.309123"><ele>732.3</ele></trkpt>
      <trkpt lat="44.707005" lon="9.309108"><ele>732.4</ele></trkpt>
      <trkpt lat="44.707010" lon="9.309097"><ele>732.5</ele></trkpt>
      <trkpt lat="44.707029" lon="9.309080"><ele>732.6</ele></trkpt>
      <trkpt lat="44.707038" lon="9.309073"><ele>732.7</ele></trkpt>
      <trkpt lat="44.707047" lon="9.309065"><ele>732.8</ele></trkpt>
      <trkpt lat="44.707060" lon="9.309058"><ele>732.9</ele></trkpt>
      <trkpt lat="44.707070" lon="9.309047"><ele>733.0</ele></trkpt>
      <trkpt lat="44.707073" lon="9.309035"><ele>733.1</ele></trkpt>
      <trkpt lat="44.707080" lon="9.309015"><ele>733.2</ele></trkpt>
      <trkpt lat="44.707087" lon="9.308995"><ele>733.3</ele></trkpt>
      <trkpt lat="44.707098" lon="9.308988"><ele>733.4</ele></trkpt>
      <trkpt lat="44.707112" lon="9.308972"><ele>733.5</ele></trkpt>
      <trkpt lat="44.707125" lon="9.308953"><ele>733.6</ele></trkpt>
      <trkpt lat="44.707137" lon="9.308942"><ele>733.7</ele></trkpt>
      <trkpt lat="44.707153" lon="9.308925"><ele>733.9</ele></trkpt>
      <trkpt lat="44.707170" lon="9.308907"><ele>734.0</ele></trkpt>
      <trkpt lat="44.707180" lon="9.308885"><ele>734.1</ele></trkpt>
      <trkpt lat="44.707188" lon="9.308858"><ele>734.3</ele></trkpt>
      <trkpt lat="44.707198" lon="9.308837"><ele>734.4</ele></trkpt>
      <trkpt lat="44.707213" lon="9.308793"><ele>734.6</ele></trkpt>
      <trkpt lat="44.707222" lon="9.308770"><ele>734.8</ele></trkpt>
      <trkpt lat="44.707233" lon="9.308748"><ele>734.9</ele></trkpt>
      <trkpt lat="44.707240" lon="9.308737"><ele>735.0</ele></trkpt>
      <trkpt lat="44.707258" lon="9.308712"><ele>735.1</ele></trkpt>
      <trkpt lat="44.707265" lon="9.308693"><ele>735.2</ele></trkpt>
      <trkpt lat="44.707275" lon="9.308672"><ele>735.4</ele></trkpt>
      <trkpt lat="44.707282" lon="9.308647"><ele>735.5</ele></trkpt>
      <trkpt lat="44.707285" lon="9.308627"><ele>735.6</ele></trkpt>
      <trkpt lat="44.707288" lon="9.308603"><ele>735.7</ele></trkpt>
      <trkpt lat="44.707285" lon="9.308573"><ele>735.8</ele></trkpt>
      <trkpt lat="44.707287" lon="9.308543"><ele>736.0</ele></trkpt>
      <trkpt lat="44.707290" lon="9.308512"><ele>736.1</ele></trkpt>
      <trkpt lat="44.707293" lon="9.308498"><ele>736.2</ele></trkpt>
      <trkpt lat="44.707293" lon="9.308477"><ele>736.3</ele></trkpt>
      <trkpt lat="44.707298" lon="9.308455"><ele>736.4</ele></trkpt>
      <trkpt lat="44.707303" lon="9.308432"><ele>736.6</ele></trkpt>
      <trkpt lat="44.707307" lon="9.308403"><ele>736.7</ele></trkpt>
      <trkpt lat="44.707308" lon="9.308377"><ele>736.9</ele></trkpt>
      <trkpt lat="44.707310" lon="9.308353"><ele>737.0</ele></trkpt>
      <trkpt lat="44.707323" lon="9.308322"><ele>737.2</ele></trkpt>
      <trkpt lat="44.707337" lon="9.308288"><ele>737.4</ele></trkpt>
      <trkpt lat="44.707345" lon="9.308258"><ele>737.6</ele></trkpt>
      <trkpt lat="44.707352" lon="9.308232"><ele>737.8</ele></trkpt>
      <trkpt lat="44.707362" lon="9.308207"><ele>738.0</ele></trkpt>
      <trkpt lat="44.707372" lon="9.308183"><ele>738.1</ele></trkpt>
      <trkpt lat="44.707378" lon="9.308160"><ele>738.3</ele></trkpt>
      <trkpt lat="44.707383" lon="9.308135"><ele>738.5</ele></trkpt>
      <trkpt lat="44.707385" lon="9.308113"><ele>738.6</ele></trkpt>
      <trkpt lat="44.707385" lon="9.308093"><ele>738.7</ele></trkpt>
      <trkpt lat="44.707383" lon="9.308072"><ele>738.8</ele></trkpt>
      <trkpt lat="44.707387" lon="9.308047"><ele>739.0</ele></trkpt>
      <trkpt lat="44.707392" lon="9.308023"><ele>739.2</ele></trkpt>
      <trkpt lat="44.707400" lon="9.308000"><ele>739.3</ele></trkpt>
      <trkpt lat="44.707405" lon="9.307978"><ele>739.4</ele></trkpt>
      <trkpt lat="44.707410" lon="9.307953"><ele>739.6</ele></trkpt>
      <trkpt lat="44.707413" lon="9.307925"><ele>739.7</ele></trkpt>
      <trkpt lat="44.707418" lon="9.307897"><ele>739.9</ele></trkpt>
      <trkpt lat="44.707425" lon="9.307872"><ele>740.0</ele></trkpt>
      <trkpt lat="44.707433" lon="9.307848"><ele>740.1</ele></trkpt>
      <trkpt lat="44.707442" lon="9.307827"><ele>740.3</ele></trkpt>
      <trkpt lat="44.707450" lon="9.307808"><ele>740.4</ele></trkpt>
      <trkpt lat="44.707457" lon="9.307790"><ele>740.5</ele></trkpt>
      <trkpt lat="44.707468" lon="9.307773"><ele>740.5</ele></trkpt>
      <trkpt lat="44.707480" lon="9.307755"><ele>740.6</ele></trkpt>
      <trkpt lat="44.707488" lon="9.307737"><ele>740.7</ele></trkpt>
      <trkpt lat="44.707498" lon="9.307723"><ele>740.8</ele></trkpt>
      <trkpt lat="44.707510" lon="9.307712"><ele>740.9</ele></trkpt>
      <trkpt lat="44.707523" lon="9.307700"><ele>741.0</ele></trkpt>
      <trkpt lat="44.707542" lon="9.307690"><ele>741.1</ele></trkpt>
      <trkpt lat="44.707555" lon="9.307675"><ele>741.2</ele></trkpt>
      <trkpt lat="44.707572" lon="9.307662"><ele>741.3</ele></trkpt>
      <trkpt lat="44.707587" lon="9.307650"><ele>741.4</ele></trkpt>
      <trkpt lat="44.707600" lon="9.307638"><ele>741.4</ele></trkpt>
      <trkpt lat="44.707613" lon="9.307630"><ele>741.5</ele></trkpt>
      <trkpt lat="44.707622" lon="9.307622"><ele>741.6</ele></trkpt>
      <trkpt lat="44.707637" lon="9.307610"><ele>741.6</ele></trkpt>
      <trkpt lat="44.707659" lon="9.307607"><ele>741.8</ele></trkpt>
      <trkpt lat="44.707665" lon="9.307607"><ele>741.8</ele></trkpt>
      <trkpt lat="44.707677" lon="9.307602"><ele>741.8</ele></trkpt>
      <trkpt lat="44.707693" lon="9.307595"><ele>741.9</ele></trkpt>
      <trkpt lat="44.707697" lon="9.307587"><ele>742.0</ele></trkpt>
      <trkpt lat="44.707712" lon="9.307577"><ele>742.1</ele></trkpt>
      <trkpt lat="44.707737" lon="9.307572"><ele>742.2</ele></trkpt>
      <trkpt lat="44.707758" lon="9.307563"><ele>742.3</ele></trkpt>
      <trkpt lat="44.707773" lon="9.307553"><ele>742.4</ele></trkpt>
      <trkpt lat="44.707787" lon="9.307550"><ele>742.5</ele></trkpt>
      <trkpt lat="44.707802" lon="9.307555"><ele>742.5</ele></trkpt>
      <trkpt lat="44.707817" lon="9.307562"><ele>742.6</ele></trkpt>
      <trkpt lat="44.707838" lon="9.307558"><ele>742.7</ele></trkpt>
      <trkpt lat="44.707871" lon="9.307548"><ele>742.9</ele></trkpt>
      <trkpt lat="44.707882" lon="9.307543"><ele>743.0</ele></trkpt>
      <trkpt lat="44.707905" lon="9.307535"><ele>743.1</ele></trkpt>
      <trkpt lat="44.707927" lon="9.307523"><ele>743.2</ele></trkpt>
      <trkpt lat="44.707952" lon="9.307512"><ele>743.3</ele></trkpt>
      <trkpt lat="44.707975" lon="9.307500"><ele>743.5</ele></trkpt>
      <trkpt lat="44.708000" lon="9.307490"><ele>743.6</ele></trkpt>
      <trkpt lat="44.708025" lon="9.307483"><ele>743.7</ele></trkpt>
      <trkpt lat="44.708043" lon="9.307480"><ele>743.7</ele></trkpt>
      <trkpt lat="44.708068" lon="9.307473"><ele>743.7</ele></trkpt>
      <trkpt lat="44.708088" lon="9.307468"><ele>743.7</ele></trkpt>
      <trkpt lat="44.708107" lon="9.307463"><ele>743.7</ele></trkpt>
      <trkpt lat="44.708127" lon="9.307453"><ele>743.7</ele></trkpt>
      <trkpt lat="44.708152" lon="9.307445"><ele>743.7</ele></trkpt>
      <trkpt lat="44.708175" lon="9.307437"><ele>743.7</ele></trkpt>
      <trkpt lat="44.708197" lon="9.307428"><ele>743.7</ele></trkpt>
      <trkpt lat="44.708215" lon="9.307418"><ele>743.7</ele></trkpt>
      <trkpt lat="44.708235" lon="9.307412"><ele>743.9</ele></trkpt>
      <trkpt lat="44.708252" lon="9.307407"><ele>744.0</ele></trkpt>
      <trkpt lat="44.708270" lon="9.307402"><ele>744.2</ele></trkpt>
      <trkpt lat="44.708293" lon="9.307398"><ele>744.4</ele></trkpt>
      <trkpt lat="44.708317" lon="9.307392"><ele>744.6</ele></trkpt>
      <trkpt lat="44.708340" lon="9.307388"><ele>744.8</ele></trkpt>
      <trkpt lat="44.708360" lon="9.307392"><ele>744.9</ele></trkpt>
      <trkpt lat="44.708375" lon="9.307400"><ele>745.1</ele></trkpt>
      <trkpt lat="44.708399" lon="9.307400"><ele>745.3</ele></trkpt>
      <trkpt lat="44.708408" lon="9.307398"><ele>745.3</ele></trkpt>
      <trkpt lat="44.708428" lon="9.307397"><ele>745.5</ele></trkpt>
      <trkpt lat="44.708443" lon="9.307397"><ele>745.6</ele></trkpt>
      <trkpt lat="44.708462" lon="9.307397"><ele>745.8</ele></trkpt>
      <trkpt lat="44.708487" lon="9.307397"><ele>746.0</ele></trkpt>
      <trkpt lat="44.708505" lon="9.307400"><ele>746.1</ele></trkpt>
      <trkpt lat="44.708525" lon="9.307407"><ele>746.3</ele></trkpt>
      <trkpt lat="44.708540" lon="9.307405"><ele>746.4</ele></trkpt>
      <trkpt lat="44.708552" lon="9.307407"><ele>746.5</ele></trkpt>
      <trkpt lat="44.708570" lon="9.307412"><ele>746.6</ele></trkpt>
      <trkpt lat="44.708585" lon="9.307417"><ele>746.8</ele></trkpt>
      <trkpt lat="44.708602" lon="9.307418"><ele>746.9</ele></trkpt>
      <trkpt lat="44.708618" lon="9.307415"><ele>747.0</ele></trkpt>
      <trkpt lat="44.708640" lon="9.307413"><ele>747.2</ele></trkpt>
      <trkpt lat="44.708658" lon="9.307410"><ele>747.3</ele></trkpt>
      <trkpt lat="44.708675" lon="9.307408"><ele>747.5</ele></trkpt>
      <trkpt lat="44.708687" lon="9.307412"><ele>747.6</ele></trkpt>
      <trkpt lat="44.708698" lon="9.307412"><ele>747.6</ele></trkpt>
      <trkpt lat="44.708707" lon="9.307415"><ele>747.7</ele></trkpt>
      <trkpt lat="44.708720" lon="9.307412"><ele>747.8</ele></trkpt>
      <trkpt lat="44.708745" lon="9.307412"><ele>748.0</ele></trkpt>
      <trkpt lat="44.708765" lon="9.307412"><ele>748.2</ele></trkpt>
      <trkpt lat="44.708785" lon="9.307413"><ele>748.3</ele></trkpt>
      <trkpt lat="44.708807" lon="9.307415"><ele>748.5</ele></trkpt>
      <trkpt lat="44.708833" lon="9.307420"><ele>748.7</ele></trkpt>
      <trkpt lat="44.708863" lon="9.307422"><ele>748.9</ele></trkpt>
      <trkpt lat="44.708882" lon="9.307422"><ele>749.1</ele></trkpt>
      <trkpt lat="44.708895" lon="9.307417"><ele>749.2</ele></trkpt>
      <trkpt lat="44.708910" lon="9.307405"><ele>749.3</ele></trkpt>
      <trkpt lat="44.708920" lon="9.307390"><ele>749.4</ele></trkpt>
      <trkpt lat="44.708938" lon="9.307372"><ele>749.6</ele></trkpt>
      <trkpt lat="44.708962" lon="9.307352"><ele>749.8</ele></trkpt>
      <trkpt lat="44.708985" lon="9.307332"><ele>750.0</ele></trkpt>
      <trkpt lat="44.708995" lon="9.307318"><ele>750.1</ele></trkpt>
      <trkpt lat="44.709000" lon="9.307302"><ele>750.2</ele></trkpt>
      <trkpt lat="44.709017" lon="9.307275"><ele>750.4</ele></trkpt>
      <trkpt lat="44.709030" lon="9.307250"><ele>750.6</ele></trkpt>
      <trkpt lat="44.709045" lon="9.307220"><ele>750.8</ele></trkpt>
      <trkpt lat="44.709065" lon="9.307192"><ele>751.0</ele></trkpt>
      <trkpt lat="44.709073" lon="9.307162"><ele>751.2</ele></trkpt>
      <trkpt lat="44.709098" lon="9.307122"><ele>751.4</ele></trkpt>
      <trkpt lat="44.709105" lon="9.307097"><ele>751.6</ele></trkpt>
      <trkpt lat="44.709122" lon="9.307052"><ele>751.9</ele></trkpt>
      <trkpt lat="44.709130" lon="9.307027"><ele>752.0</ele></trkpt>
      <trkpt lat="44.709123" lon="9.306988"><ele>752.2</ele></trkpt>
      <trkpt lat="44.709120" lon="9.306957"><ele>752.4</ele></trkpt>
      <trkpt lat="44.709118" lon="9.306923"><ele>752.6</ele></trkpt>
      <trkpt lat="44.709117" lon="9.306893"><ele>752.7</ele></trkpt>
      <trkpt lat="44.709113" lon="9.306870"><ele>752.8</ele></trkpt>
      <trkpt lat="44.709110" lon="9.306842"><ele>753.0</ele></trkpt>
      <trkpt lat="44.709112" lon="9.306812"><ele>753.1</ele></trkpt>
      <trkpt lat="44.709105" lon="9.306785"><ele>753.3</ele></trkpt>
      <trkpt lat="44.709107" lon="9.306762"><ele>753.4</ele></trkpt>
      <trkpt lat="44.709103" lon="9.306742"><ele>753.5</ele></trkpt>
      <trkpt lat="44.709095" lon="9.306727"><ele>753.6</ele></trkpt>
      <trkpt lat="44.709083" lon="9.306712"><ele>753.7</ele></trkpt>
      <trkpt lat="44.709080" lon="9.306692"><ele>753.8</ele></trkpt>
      <trkpt lat="44.709070" lon="9.306677"><ele>753.9</ele></trkpt>
      <trkpt lat="44.709060" lon="9.306663"><ele>754.0</ele></trkpt>
      <trkpt lat="44.709052" lon="9.306643"><ele>754.2</ele></trkpt>
      <trkpt lat="44.709048" lon="9.306623"><ele>754.3</ele></trkpt>
      <trkpt lat="44.709042" lon="9.306600"><ele>754.4</ele></trkpt>
      <trkpt lat="44.709032" lon="9.306580"><ele>754.5</ele></trkpt>
      <trkpt lat="44.709022" lon="9.306562"><ele>754.6</ele></trkpt>
      <trkpt lat="44.709008" lon="9.306540"><ele>754.8</ele></trkpt>
      <trkpt lat="44.708998" lon="9.306518"><ele>754.9</ele></trkpt>
      <trkpt lat="44.708982" lon="9.306502"><ele>755.1</ele></trkpt>
      <trkpt lat="44.708968" lon="9.306480"><ele>755.2</ele></trkpt>
      <trkpt lat="44.708962" lon="9.306460"><ele>755.3</ele></trkpt>
      <trkpt lat="44.708958" lon="9.306442"><ele>755.4</ele></trkpt>
      <trkpt lat="44.708962" lon="9.306422"><ele>755.6</ele></trkpt>
      <trkpt lat="44.708953" lon="9.306395"><ele>755.7</ele></trkpt>
      <trkpt lat="44.708945" lon="9.306368"><ele>755.9</ele></trkpt>
      <trkpt lat="44.708942" lon="9.306343"><ele>756.0</ele></trkpt>
      <trkpt lat="44.708933" lon="9.306322"><ele>756.2</ele></trkpt>
      <trkpt lat="44.708935" lon="9.306305"><ele>756.3</ele></trkpt>
      <trkpt lat="44.708937" lon="9.306290"><ele>756.4</ele></trkpt>
      <trkpt lat="44.708930" lon="9.306268"><ele>756.5</ele></trkpt>
      <trkpt lat="44.708922" lon="9.306253"><ele>756.6</ele></trkpt>
      <trkpt lat="44.708913" lon="9.306240"><ele>756.7</ele></trkpt>
      <trkpt lat="44.708907" lon="9.306223"><ele>756.8</ele></trkpt>
      <trkpt lat="44.708903" lon="9.306200"><ele>757.0</ele></trkpt>
      <trkpt lat="44.708903" lon="9.306170"><ele>757.2</ele></trkpt>
      <trkpt lat="44.708892" lon="9.306147"><ele>757.4</ele></trkpt>
      <trkpt lat="44.708880" lon="9.306127"><ele>757.5</ele></trkpt>
      <trkpt lat="44.708868" lon="9.306102"><ele>757.7</ele></trkpt>
      <trkpt lat="44.708858" lon="9.306077"><ele>757.9</ele></trkpt>
      <trkpt lat="44.708848" lon="9.306050"><ele>758.1</ele></trkpt>
      <trkpt lat="44.708831" lon="9.306018"><ele>758.4</ele></trkpt>
      <trkpt lat="44.708828" lon="9.306007"><ele>758.4</ele></trkpt>
      <trkpt lat="44.708820" lon="9.305980"><ele>758.6</ele></trkpt>
      <trkpt lat="44.708815" lon="9.305955"><ele>758.8</ele></trkpt>
      <trkpt lat="44.708813" lon="9.305932"><ele>758.9</ele></trkpt>
      <trkpt lat="44.708808" lon="9.305903"><ele>759.1</ele></trkpt>
      <trkpt lat="44.708800" lon="9.305877"><ele>759.3</ele></trkpt>
      <trkpt lat="44.708790" lon="9.305852"><ele>759.5</ele></trkpt>
      <trkpt lat="44.708780" lon="9.305830"><ele>759.7</ele></trkpt>
      <trkpt lat="44.708772" lon="9.305808"><ele>759.8</ele></trkpt>
      <trkpt lat="44.708767" lon="9.305780"><ele>760.0</ele></trkpt>
      <trkpt lat="44.708760" lon="9.305750"><ele>760.2</ele></trkpt>
      <trkpt lat="44.708753" lon="9.305715"><ele>760.5</ele></trkpt>
      <trkpt lat="44.708743" lon="9.305680"><ele>760.7</ele></trkpt>
      <trkpt lat="44.708728" lon="9.305652"><ele>760.9</ele></trkpt>
      <trkpt lat="44.708720" lon="9.305625"><ele>761.1</ele></trkpt>
      <trkpt lat="44.708718" lon="9.305603"><ele>761.3</ele></trkpt>
      <trkpt lat="44.708717" lon="9.305582"><ele>761.4</ele></trkpt>
      <trkpt lat="44.708712" lon="9.305560"><ele>761.6</ele></trkpt>
      <trkpt lat="44.708708" lon="9.305535"><ele>761.7</ele></trkpt>
      <trkpt lat="44.708703" lon="9.305512"><ele>761.9</ele></trkpt>
      <trkpt lat="44.708705" lon="9.305487"><ele>762.0</ele></trkpt>
      <trkpt lat="44.708708" lon="9.305462"><ele>762.2</ele></trkpt>
      <trkpt lat="44.708715" lon="9.305435"><ele>762.3</ele></trkpt>
      <trkpt lat="44.708723" lon="9.305402"><ele>762.5</ele></trkpt>
      <trkpt lat="44.708732" lon="9.305370"><ele>762.7</ele></trkpt>
      <trkpt lat="44.708747" lon="9.305332"><ele>763.0</ele></trkpt>
      <trkpt lat="44.708752" lon="9.305320"><ele>763.1</ele></trkpt>
      <trkpt lat="44.708757" lon="9.305305"><ele>763.1</ele></trkpt>
      <trkpt lat="44.708765" lon="9.305285"><ele>763.1</ele></trkpt>
      <trkpt lat="44.708780" lon="9.305260"><ele>763.1</ele></trkpt>
      <trkpt lat="44.708793" lon="9.305240"><ele>763.1</ele></trkpt>
      <trkpt lat="44.708807" lon="9.305227"><ele>763.1</ele></trkpt>
      <trkpt lat="44.708813" lon="9.305208"><ele>763.1</ele></trkpt>
      <trkpt lat="44.708820" lon="9.305192"><ele>763.1</ele></trkpt>
      <trkpt lat="44.708828" lon="9.305173"><ele>763.1</ele></trkpt>
      <trkpt lat="44.708846" lon="9.305141"><ele>763.0</ele></trkpt>
      <trkpt lat="44.708852" lon="9.305132"><ele>763.0</ele></trkpt>
      <trkpt lat="44.708860" lon="9.305118"><ele>763.0</ele></trkpt>
      <trkpt lat="44.708873" lon="9.305102"><ele>763.0</ele></trkpt>
      <trkpt lat="44.708893" lon="9.305090"><ele>763.0</ele></trkpt>
      <trkpt lat="44.708903" lon="9.305067"><ele>763.0</ele></trkpt>
      <trkpt lat="44.708917" lon="9.305045"><ele>763.0</ele></trkpt>
      <trkpt lat="44.708928" lon="9.305025"><ele>763.0</ele></trkpt>
      <trkpt lat="44.708957" lon="9.305012"><ele>763.2</ele></trkpt>
      <trkpt lat="44.708967" lon="9.304995"><ele>763.3</ele></trkpt>
      <trkpt lat="44.708985" lon="9.304970"><ele>763.5</ele></trkpt>
      <trkpt lat="44.708997" lon="9.304948"><ele>763.7</ele></trkpt>
      <trkpt lat="44.709012" lon="9.304930"><ele>763.8</ele></trkpt>
      <trkpt lat="44.709025" lon="9.304913"><ele>763.9</ele></trkpt>
      <trkpt lat="44.709040" lon="9.304897"><ele>764.1</ele></trkpt>
      <trkpt lat="44.709050" lon="9.304882"><ele>764.2</ele></trkpt>
      <trkpt lat="44.709053" lon="9.304870"><ele>764.3</ele></trkpt>
      <trkpt lat="44.709063" lon="9.304860"><ele>764.4</ele></trkpt>
      <trkpt lat="44.709077" lon="9.304853"><ele>764.5</ele></trkpt>
      <trkpt lat="44.709088" lon="9.304847"><ele>764.6</ele></trkpt>
      <trkpt lat="44.709098" lon="9.304837"><ele>764.7</ele></trkpt>
      <trkpt lat="44.709112" lon="9.304828"><ele>764.8</ele></trkpt>
      <trkpt lat="44.709128" lon="9.304817"><ele>765.0</ele></trkpt>
      <trkpt lat="44.709148" lon="9.304803"><ele>765.2</ele></trkpt>
      <trkpt lat="44.709167" lon="9.304793"><ele>765.3</ele></trkpt>
      <trkpt lat="44.709180" lon="9.304787"><ele>765.4</ele></trkpt>
      <trkpt lat="44.709193" lon="9.304783"><ele>765.6</ele></trkpt>
      <trkpt lat="44.709207" lon="9.304780"><ele>765.7</ele></trkpt>
      <trkpt lat="44.709227" lon="9.304775"><ele>765.9</ele></trkpt>
      <trkpt lat="44.709240" lon="9.304770"><ele>766.0</ele></trkpt>
      <trkpt lat="44.709257" lon="9.304763"><ele>766.1</ele></trkpt>
      <trkpt lat="44.709277" lon="9.304755"><ele>766.3</ele></trkpt>
      <trkpt lat="44.709293" lon="9.304747"><ele>766.5</ele></trkpt>
      <trkpt lat="44.709312" lon="9.304740"><ele>766.6</ele></trkpt>
      <trkpt lat="44.709332" lon="9.304733"><ele>766.8</ele></trkpt>
      <trkpt lat="44.709353" lon="9.304728"><ele>767.0</ele></trkpt>
      <trkpt lat="44.709373" lon="9.304725"><ele>767.2</ele></trkpt>
      <trkpt lat="44.709395" lon="9.304723"><ele>767.4</ele></trkpt>
      <trkpt lat="44.709420" lon="9.304720"><ele>767.6</ele></trkpt>
      <trkpt lat="44.709435" lon="9.304720"><ele>767.7</ele></trkpt>
      <trkpt lat="44.709455" lon="9.304715"><ele>767.9</ele></trkpt>
      <trkpt lat="44.709473" lon="9.304710"><ele>768.1</ele></trkpt>
      <trkpt lat="44.709496" lon="9.304697"><ele>768.3</ele></trkpt>
      <trkpt lat="44.709505" lon="9.304693"><ele>768.4</ele></trkpt>
      <trkpt lat="44.709523" lon="9.304688"><ele>768.5</ele></trkpt>
      <trkpt lat="44.709543" lon="9.304685"><ele>768.7</ele></trkpt>
      <trkpt lat="44.709560" lon="9.304682"><ele>768.8</ele></trkpt>
      <trkpt lat="44.709577" lon="9.304677"><ele>769.0</ele></trkpt>
      <trkpt lat="44.709593" lon="9.304675"><ele>769.1</ele></trkpt>
      <trkpt lat="44.709612" lon="9.304670"><ele>769.3</ele></trkpt>
      <trkpt lat="44.709623" lon="9.304667"><ele>769.4</ele></trkpt>
      <trkpt lat="44.709638" lon="9.304663"><ele>769.5</ele></trkpt>
      <trkpt lat="44.709653" lon="9.304663"><ele>769.6</ele></trkpt>
      <trkpt lat="44.709675" lon="9.304665"><ele>769.8</ele></trkpt>
      <trkpt lat="44.709692" lon="9.304665"><ele>769.9</ele></trkpt>
      <trkpt lat="44.709717" lon="9.304657"><ele>770.1</ele></trkpt>
      <trkpt lat="44.709725" lon="9.304657"><ele>770.2</ele></trkpt>
      <trkpt lat="44.709742" lon="9.304650"><ele>770.3</ele></trkpt>
      <trkpt lat="44.709762" lon="9.304648"><ele>770.5</ele></trkpt>
      <trkpt lat="44.709785" lon="9.304647"><ele>770.7</ele></trkpt>
      <trkpt lat="44.709810" lon="9.304648"><ele>770.9</ele></trkpt>
      <trkpt lat="44.709832" lon="9.304645"><ele>771.1</ele></trkpt>
      <trkpt lat="44.709853" lon="9.304642"><ele>771.2</ele></trkpt>
      <trkpt lat="44.709873" lon="9.304638"><ele>771.4</ele></trkpt>
      <trkpt lat="44.709893" lon="9.304635"><ele>771.5</ele></trkpt>
      <trkpt lat="44.709913" lon="9.304637"><ele>771.7</ele></trkpt>
      <trkpt lat="44.709933" lon="9.304638"><ele>771.9</ele></trkpt>
      <trkpt lat="44.709952" lon="9.304642"><ele>771.6</ele></trkpt>
      <trkpt lat="44.709972" lon="9.304637"><ele>771.6</ele></trkpt>
      <trkpt lat="44.709992" lon="9.304637"><ele>771.7</ele></trkpt>
      <trkpt lat="44.710012" lon="9.304633"><ele>771.8</ele></trkpt>
      <trkpt lat="44.710033" lon="9.304628"><ele>772.0</ele></trkpt>
      <trkpt lat="44.710053" lon="9.304625"><ele>772.1</ele></trkpt>
      <trkpt lat="44.710072" lon="9.304622"><ele>772.2</ele></trkpt>
      <trkpt lat="44.710088" lon="9.304620"><ele>772.3</ele></trkpt>
      <trkpt lat="44.710105" lon="9.304617"><ele>772.4</ele></trkpt>
      <trkpt lat="44.710123" lon="9.304615"><ele>772.5</ele></trkpt>
      <trkpt lat="44.710142" lon="9.304613"><ele>772.6</ele></trkpt>
      <trkpt lat="44.710162" lon="9.304610"><ele>772.7</ele></trkpt>
      <trkpt lat="44.710180" lon="9.304607"><ele>772.8</ele></trkpt>
      <trkpt lat="44.710198" lon="9.304607"><ele>772.9</ele></trkpt>
      <trkpt lat="44.710218" lon="9.304607"><ele>773.0</ele></trkpt>
      <trkpt lat="44.710238" lon="9.304605"><ele>773.2</ele></trkpt>
      <trkpt lat="44.710258" lon="9.304603"><ele>773.3</ele></trkpt>
      <trkpt lat="44.710278" lon="9.304603"><ele>773.4</ele></trkpt>
      <trkpt lat="44.710297" lon="9.304605"><ele>773.5</ele></trkpt>
      <trkpt lat="44.710312" lon="9.304605"><ele>773.6</ele></trkpt>
      <trkpt lat="44.710332" lon="9.304603"><ele>773.7</ele></trkpt>
      <trkpt lat="44.710357" lon="9.304602"><ele>773.9</ele></trkpt>
      <trkpt lat="44.710387" lon="9.304602"><ele>774.1</ele></trkpt>
      <trkpt lat="44.710412" lon="9.304600"><ele>774.2</ele></trkpt>
      <trkpt lat="44.710428" lon="9.304595"><ele>774.3</ele></trkpt>
      <trkpt lat="44.710445" lon="9.304590"><ele>774.4</ele></trkpt>
      <trkpt lat="44.710460" lon="9.304583"><ele>774.5</ele></trkpt>
      <trkpt lat="44.710475" lon="9.304578"><ele>774.6</ele></trkpt>
      <trkpt lat="44.710492" lon="9.304575"><ele>774.7</ele></trkpt>
      <trkpt lat="44.710508" lon="9.304572"><ele>774.8</ele></trkpt>
      <trkpt lat="44.710523" lon="9.304568"><ele>774.9</ele></trkpt>
      <trkpt lat="44.710537" lon="9.304560"><ele>775.0</ele></trkpt>
      <trkpt lat="44.710553" lon="9.304550"><ele>775.1</ele></trkpt>
      <trkpt lat="44.710565" lon="9.304542"><ele>775.2</ele></trkpt>
      <trkpt lat="44.710573" lon="9.304537"><ele>775.2</ele></trkpt>
      <trkpt lat="44.710588" lon="9.304533"><ele>775.3</ele></trkpt>
      <trkpt lat="44.710605" lon="9.304528"><ele>775.4</ele></trkpt>
      <trkpt lat="44.710620" lon="9.304518"><ele>775.5</ele></trkpt>
      <trkpt lat="44.710633" lon="9.304510"><ele>775.6</ele></trkpt>
      <trkpt lat="44.710657" lon="9.304495"><ele>775.7</ele></trkpt>
      <trkpt lat="44.710680" lon="9.304485"><ele>775.9</ele></trkpt>
      <trkpt lat="44.710700" lon="9.304475"><ele>776.0</ele></trkpt>
      <trkpt lat="44.710717" lon="9.304470"><ele>776.1</ele></trkpt>
      <trkpt lat="44.710730" lon="9.304463"><ele>776.2</ele></trkpt>
      <trkpt lat="44.710735" lon="9.304458"><ele>776.2</ele></trkpt>
      <trkpt lat="44.710747" lon="9.304452"><ele>776.3</ele></trkpt>
      <trkpt lat="44.710760" lon="9.304445"><ele>776.3</ele></trkpt>
      <trkpt lat="44.710773" lon="9.304438"><ele>776.4</ele></trkpt>
      <trkpt lat="44.710788" lon="9.304428"><ele>776.5</ele></trkpt>
      <trkpt lat="44.710805" lon="9.304420"><ele>776.6</ele></trkpt>
      <trkpt lat="44.710825" lon="9.304415"><ele>776.7</ele></trkpt>
      <trkpt lat="44.710840" lon="9.304410"><ele>776.8</ele></trkpt>
      <trkpt lat="44.710850" lon="9.304398"><ele>776.9</ele></trkpt>
      <trkpt lat="44.710862" lon="9.304388"><ele>776.9</ele></trkpt>
      <trkpt lat="44.710880" lon="9.304357"><ele>777.1</ele></trkpt>
      <trkpt lat="44.710888" lon="9.304348"><ele>777.1</ele></trkpt>
      <trkpt lat="44.710907" lon="9.304333"><ele>777.2</ele></trkpt>
      <trkpt lat="44.710923" lon="9.304322"><ele>777.3</ele></trkpt>
      <trkpt lat="44.710942" lon="9.304313"><ele>777.4</ele></trkpt>
      <trkpt lat="44.710962" lon="9.304300"><ele>777.6</ele></trkpt>
      <trkpt lat="44.710977" lon="9.304290"><ele>777.6</ele></trkpt>
      <trkpt lat="44.710993" lon="9.304282"><ele>777.7</ele></trkpt>
      <trkpt lat="44.711015" lon="9.304272"><ele>777.8</ele></trkpt>
      <trkpt lat="44.711032" lon="9.304265"><ele>777.9</ele></trkpt>
      <trkpt lat="44.711050" lon="9.304257"><ele>778.0</ele></trkpt>
      <trkpt lat="44.711063" lon="9.304247"><ele>778.1</ele></trkpt>
      <trkpt lat="44.711077" lon="9.304243"><ele>778.2</ele></trkpt>
      <trkpt lat="44.711100" lon="9.304229"><ele>778.3</ele></trkpt>
      <trkpt lat="44.711107" lon="9.304225"><ele>778.3</ele></trkpt>
      <trkpt lat="44.711118" lon="9.304210"><ele>778.4</ele></trkpt>
      <trkpt lat="44.711133" lon="9.304198"><ele>778.5</ele></trkpt>
      <trkpt lat="44.711147" lon="9.304187"><ele>778.5</ele></trkpt>
      <trkpt lat="44.711162" lon="9.304172"><ele>778.6</ele></trkpt>
      <trkpt lat="44.711180" lon="9.304160"><ele>778.7</ele></trkpt>
      <trkpt lat="44.711202" lon="9.304158"><ele>778.8</ele></trkpt>
      <trkpt lat="44.711222" lon="9.304155"><ele>778.9</ele></trkpt>
      <trkpt lat="44.711243" lon="9.304150"><ele>779.0</ele></trkpt>
      <trkpt lat="44.711267" lon="9.304142"><ele>779.1</ele></trkpt>
      <trkpt lat="44.711290" lon="9.304133"><ele>779.2</ele></trkpt>
      <trkpt lat="44.711312" lon="9.304132"><ele>779.3</ele></trkpt>
      <trkpt lat="44.711327" lon="9.304137"><ele>779.4</ele></trkpt>
      <trkpt lat="44.711340" lon="9.304138"><ele>779.5</ele></trkpt>
      <trkpt lat="44.711355" lon="9.304127"><ele>779.6</ele></trkpt>
      <trkpt lat="44.711370" lon="9.304123"><ele>779.7</ele></trkpt>
      <trkpt lat="44.711390" lon="9.304115"><ele>779.8</ele></trkpt>
      <trkpt lat="44.711415" lon="9.304105"><ele>779.9</ele></trkpt>
      <trkpt lat="44.711442" lon="9.304098"><ele>780.1</ele></trkpt>
      <trkpt lat="44.711465" lon="9.304088"><ele>780.2</ele></trkpt>
      <trkpt lat="44.711485" lon="9.304082"><ele>780.3</ele></trkpt>
      <trkpt lat="44.711510" lon="9.304073"><ele>780.4</ele></trkpt>
      <trkpt lat="44.711533" lon="9.304067"><ele>780.6</ele></trkpt>
      <trkpt lat="44.711553" lon="9.304065"><ele>780.7</ele></trkpt>
      <trkpt lat="44.711577" lon="9.304062"><ele>780.8</ele></trkpt>
      <trkpt lat="44.711603" lon="9.304057"><ele>781.0</ele></trkpt>
      <trkpt lat="44.711630" lon="9.304047"><ele>781.1</ele></trkpt>
      <trkpt lat="44.711653" lon="9.304043"><ele>781.3</ele></trkpt>
      <trkpt lat="44.711675" lon="9.304040"><ele>781.4</ele></trkpt>
      <trkpt lat="44.711697" lon="9.304043"><ele>781.5</ele></trkpt>
      <trkpt lat="44.711713" lon="9.304038"><ele>781.6</ele></trkpt>
      <trkpt lat="44.711733" lon="9.304037"><ele>781.7</ele></trkpt>
      <trkpt lat="44.711753" lon="9.304022"><ele>781.9</ele></trkpt>
      <trkpt lat="44.711773" lon="9.304008"><ele>782.0</ele></trkpt>
      <trkpt lat="44.711798" lon="9.303993"><ele>782.2</ele></trkpt>
      <trkpt lat="44.711815" lon="9.303992"><ele>782.3</ele></trkpt>
      <trkpt lat="44.711827" lon="9.303978"><ele>782.4</ele></trkpt>
      <trkpt lat="44.711838" lon="9.303977"><ele>782.5</ele></trkpt>
      <trkpt lat="44.711855" lon="9.303977"><ele>782.6</ele></trkpt>
      <trkpt lat="44.711870" lon="9.303978"><ele>782.7</ele></trkpt>
      <trkpt lat="44.711887" lon="9.303975"><ele>782.8</ele></trkpt>
      <trkpt lat="44.711908" lon="9.303965"><ele>782.9</ele></trkpt>
      <trkpt lat="44.711927" lon="9.303962"><ele>783.0</ele></trkpt>
      <trkpt lat="44.711943" lon="9.303957"><ele>783.2</ele></trkpt>
      <trkpt lat="44.711957" lon="9.303953"><ele>783.2</ele></trkpt>
      <trkpt lat="44.711970" lon="9.303948"><ele>783.3</ele></trkpt>
      <trkpt lat="44.711988" lon="9.303945"><ele>783.5</ele></trkpt>
      <trkpt lat="44.712007" lon="9.303943"><ele>783.6</ele></trkpt>
      <trkpt lat="44.712025" lon="9.303947"><ele>783.7</ele></trkpt>
      <trkpt lat="44.712043" lon="9.303947"><ele>783.8</ele></trkpt>
      <trkpt lat="44.712060" lon="9.303948"><ele>783.9</ele></trkpt>
      <trkpt lat="44.712077" lon="9.303950"><ele>784.0</ele></trkpt>
      <trkpt lat="44.712092" lon="9.303945"><ele>784.1</ele></trkpt>
      <trkpt lat="44.712110" lon="9.303937"><ele>784.3</ele></trkpt>
      <trkpt lat="44.712130" lon="9.303937"><ele>784.4</ele></trkpt>
      <trkpt lat="44.712148" lon="9.303932"><ele>784.5</ele></trkpt>
      <trkpt lat="44.712178" lon="9.303930"><ele>784.7</ele></trkpt>
      <trkpt lat="44.712198" lon="9.303922"><ele>784.8</ele></trkpt>
      <trkpt lat="44.712220" lon="9.303915"><ele>785.0</ele></trkpt>
      <trkpt lat="44.712240" lon="9.303910"><ele>785.1</ele></trkpt>
      <trkpt lat="44.712258" lon="9.303905"><ele>785.2</ele></trkpt>
      <trkpt lat="44.712275" lon="9.303905"><ele>785.3</ele></trkpt>
      <trkpt lat="44.712290" lon="9.303905"><ele>785.4</ele></trkpt>
      <trkpt lat="44.712312" lon="9.303907"><ele>785.5</ele></trkpt>
      <trkpt lat="44.712330" lon="9.303912"><ele>785.6</ele></trkpt>
      <trkpt lat="44.712360" lon="9.303915"><ele>785.8</ele></trkpt>
      <trkpt lat="44.712387" lon="9.303920"><ele>786.0</ele></trkpt>
      <trkpt lat="44.712410" lon="9.303928"><ele>786.1</ele></trkpt>
      <trkpt lat="44.712435" lon="9.303937"><ele>786.3</ele></trkpt>
      <trkpt lat="44.712462" lon="9.303952"><ele>786.4</ele></trkpt>
      <trkpt lat="44.712482" lon="9.303963"><ele>786.6</ele></trkpt>
      <trkpt lat="44.712500" lon="9.303982"><ele>786.7</ele></trkpt>
      <trkpt lat="44.712520" lon="9.303992"><ele>786.9</ele></trkpt>
      <trkpt lat="44.712533" lon="9.304005"><ele>787.0</ele></trkpt>
      <trkpt lat="44.712545" lon="9.304025"><ele>787.1</ele></trkpt>
      <trkpt lat="44.712558" lon="9.304045"><ele>787.2</ele></trkpt>
      <trkpt lat="44.712568" lon="9.304072"><ele>787.4</ele></trkpt>
      <trkpt lat="44.712568" lon="9.304105"><ele>787.6</ele></trkpt>
      <trkpt lat="44.712575" lon="9.304133"><ele>787.7</ele></trkpt>
      <trkpt lat="44.712577" lon="9.304150"><ele>787.8</ele></trkpt>
      <trkpt lat="44.712592" lon="9.304170"><ele>787.9</ele></trkpt>
      <trkpt lat="44.712597" lon="9.304192"><ele>788.0</ele></trkpt>
      <trkpt lat="44.712607" lon="9.304210"><ele>788.1</ele></trkpt>
      <trkpt lat="44.712612" lon="9.304225"><ele>788.2</ele></trkpt>
      <trkpt lat="44.712622" lon="9.304237"><ele>788.3</ele></trkpt>
      <trkpt lat="44.712627" lon="9.304250"><ele>788.4</ele></trkpt>
      <trkpt lat="44.712628" lon="9.304270"><ele>788.5</ele></trkpt>
      <trkpt lat="44.712628" lon="9.304283"><ele>788.5</ele></trkpt>
      <trkpt lat="44.712635" lon="9.304290"><ele>788.6</ele></trkpt>
      <trkpt lat="44.712645" lon="9.304298"><ele>788.6</ele></trkpt>
      <trkpt lat="44.712648" lon="9.304308"><ele>788.7</ele></trkpt>
      <trkpt lat="44.712657" lon="9.304315"><ele>788.7</ele></trkpt>
      <trkpt lat="44.712672" lon="9.304357"><ele>788.9</ele></trkpt>
      <trkpt lat="44.712682" lon="9.304400"><ele>789.1</ele></trkpt>
      <trkpt lat="44.712693" lon="9.304422"><ele>789.2</ele></trkpt>
      <trkpt lat="44.712705" lon="9.304450"><ele>789.4</ele></trkpt>
      <trkpt lat="44.712710" lon="9.304462"><ele>789.4</ele></trkpt>
      <trkpt lat="44.712743" lon="9.304480"><ele>789.6</ele></trkpt>
      <trkpt lat="44.712767" lon="9.304495"><ele>789.7</ele></trkpt>
      <trkpt lat="44.712785" lon="9.304500"><ele>789.8</ele></trkpt>
      <trkpt lat="44.712807" lon="9.304520"><ele>789.9</ele></trkpt>
      <trkpt lat="44.712833" lon="9.304545"><ele>790.1</ele></trkpt>
      <trkpt lat="44.712857" lon="9.304563"><ele>790.2</ele></trkpt>
      <trkpt lat="44.712883" lon="9.304575"><ele>790.4</ele></trkpt>
      <trkpt lat="44.712907" lon="9.304580"><ele>790.5</ele></trkpt>
      <trkpt lat="44.712923" lon="9.304583"><ele>790.6</ele></trkpt>
      <trkpt lat="44.712935" lon="9.304583"><ele>790.6</ele></trkpt>
      <trkpt lat="44.712952" lon="9.304577"><ele>790.7</ele></trkpt>
      <trkpt lat="44.712970" lon="9.304577"><ele>790.8</ele></trkpt>
      <trkpt lat="44.712992" lon="9.304577"><ele>790.9</ele></trkpt>
      <trkpt lat="44.713015" lon="9.304572"><ele>791.1</ele></trkpt>
      <trkpt lat="44.713033" lon="9.304565"><ele>791.2</ele></trkpt>
      <trkpt lat="44.713050" lon="9.304557"><ele>791.3</ele></trkpt>
      <trkpt lat="44.713063" lon="9.304538"><ele>791.4</ele></trkpt>
      <trkpt lat="44.713073" lon="9.304525"><ele>791.4</ele></trkpt>
      <trkpt lat="44.713088" lon="9.304517"><ele>791.5</ele></trkpt>
      <trkpt lat="44.713102" lon="9.304503"><ele>791.6</ele></trkpt>
      <trkpt lat="44.713118" lon="9.304493"><ele>791.7</ele></trkpt>
      <trkpt lat="44.713135" lon="9.304480"><ele>791.9</ele></trkpt>
      <trkpt lat="44.713153" lon="9.304465"><ele>792.0</ele></trkpt>
      <trkpt lat="44.713175" lon="9.304452"><ele>792.1</ele></trkpt>
      <trkpt lat="44.713193" lon="9.304438"><ele>792.3</ele></trkpt>
      <trkpt lat="44.713207" lon="9.304422"><ele>792.4</ele></trkpt>
      <trkpt lat="44.713213" lon="9.304405"><ele>792.4</ele></trkpt>
      <trkpt lat="44.713223" lon="9.304388"><ele>792.5</ele></trkpt>
      <trkpt lat="44.713237" lon="9.304377"><ele>792.6</ele></trkpt>
      <trkpt lat="44.713252" lon="9.304368"><ele>792.7</ele></trkpt>
      <trkpt lat="44.713268" lon="9.304357"><ele>792.8</ele></trkpt>
      <trkpt lat="44.713288" lon="9.304350"><ele>793.0</ele></trkpt>
      <trkpt lat="44.713305" lon="9.304340"><ele>793.1</ele></trkpt>
      <trkpt lat="44.713323" lon="9.304320"><ele>793.2</ele></trkpt>
      <trkpt lat="44.713337" lon="9.304300"><ele>793.3</ele></trkpt>
      <trkpt lat="44.713348" lon="9.304283"><ele>793.4</ele></trkpt>
      <trkpt lat="44.713360" lon="9.304273"><ele>793.5</ele></trkpt>
      <trkpt lat="44.713377" lon="9.304268"><ele>793.6</ele></trkpt>
      <trkpt lat="44.713390" lon="9.304260"><ele>793.7</ele></trkpt>
      <trkpt lat="44.713405" lon="9.304252"><ele>793.8</ele></trkpt>
      <trkpt lat="44.713412" lon="9.304242"><ele>793.9</ele></trkpt>
      <trkpt lat="44.713415" lon="9.304237"><ele>793.9</ele></trkpt>
      <trkpt lat="44.713423" lon="9.304223"><ele>794.0</ele></trkpt>
      <trkpt lat="44.713433" lon="9.304215"><ele>794.1</ele></trkpt>
      <trkpt lat="44.713453" lon="9.304203"><ele>794.2</ele></trkpt>
      <trkpt lat="44.713463" lon="9.304197"><ele>794.3</ele></trkpt>
      <trkpt lat="44.713475" lon="9.304192"><ele>794.3</ele></trkpt>
      <trkpt lat="44.713488" lon="9.304180"><ele>794.4</ele></trkpt>
      <trkpt lat="44.713505" lon="9.304170"><ele>794.6</ele></trkpt>
      <trkpt lat="44.713527" lon="9.304160"><ele>794.7</ele></trkpt>
      <trkpt lat="44.713547" lon="9.304140"><ele>794.9</ele></trkpt>
      <trkpt lat="44.713565" lon="9.304115"><ele>795.0</ele></trkpt>
      <trkpt lat="44.713577" lon="9.304102"><ele>795.1</ele></trkpt>
      <trkpt lat="44.713588" lon="9.304090"><ele>795.2</ele></trkpt>
      <trkpt lat="44.713606" lon="9.304066"><ele>795.3</ele></trkpt>
      <trkpt lat="44.713613" lon="9.304057"><ele>795.4</ele></trkpt>
      <trkpt lat="44.713627" lon="9.304042"><ele>795.5</ele></trkpt>
      <trkpt lat="44.713638" lon="9.304027"><ele>795.6</ele></trkpt>
      <trkpt lat="44.713648" lon="9.304015"><ele>795.7</ele></trkpt>
      <trkpt lat="44.713662" lon="9.304003"><ele>795.8</ele></trkpt>
      <trkpt lat="44.713675" lon="9.303987"><ele>795.9</ele></trkpt>
      <trkpt lat="44.713683" lon="9.303970"><ele>796.0</ele></trkpt>
      <trkpt lat="44.713695" lon="9.303952"><ele>796.1</ele></trkpt>
      <trkpt lat="44.713707" lon="9.303942"><ele>796.1</ele></trkpt>
      <trkpt lat="44.713717" lon="9.303930"><ele>796.2</ele></trkpt>
      <trkpt lat="44.713728" lon="9.303915"><ele>796.3</ele></trkpt>
      <trkpt lat="44.713738" lon="9.303898"><ele>796.4</ele></trkpt>
      <trkpt lat="44.713745" lon="9.303882"><ele>796.5</ele></trkpt>
      <trkpt lat="44.713760" lon="9.303858"><ele>796.6</ele></trkpt>
      <trkpt lat="44.713775" lon="9.303837"><ele>796.7</ele></trkpt>
      <trkpt lat="44.713787" lon="9.303813"><ele>796.9</ele></trkpt>
      <trkpt lat="44.713798" lon="9.303787"><ele>797.0</ele></trkpt>
      <trkpt lat="44.713815" lon="9.303765"><ele>797.1</ele></trkpt>
      <trkpt lat="44.713832" lon="9.303740"><ele>797.3</ele></trkpt>
      <trkpt lat="44.713847" lon="9.303715"><ele>797.4</ele></trkpt>
      <trkpt lat="44.713860" lon="9.303693"><ele>797.5</ele></trkpt>
      <trkpt lat="44.713877" lon="9.303672"><ele>797.7</ele></trkpt>
      <trkpt lat="44.713895" lon="9.303653"><ele>797.8</ele></trkpt>
      <trkpt lat="44.713912" lon="9.303635"><ele>797.9</ele></trkpt>
      <trkpt lat="44.713932" lon="9.303618"><ele>798.1</ele></trkpt>
      <trkpt lat="44.713952" lon="9.303597"><ele>798.2</ele></trkpt>
      <trkpt lat="44.713968" lon="9.303577"><ele>798.3</ele></trkpt>
      <trkpt lat="44.713985" lon="9.303560"><ele>798.5</ele></trkpt>
      <trkpt lat="44.714002" lon="9.303538"><ele>798.6</ele></trkpt>
      <trkpt lat="44.714023" lon="9.303518"><ele>798.7</ele></trkpt>
      <trkpt lat="44.714045" lon="9.303498"><ele>798.9</ele></trkpt>
      <trkpt lat="44.714063" lon="9.303478"><ele>799.0</ele></trkpt>
      <trkpt lat="44.714082" lon="9.303458"><ele>799.2</ele></trkpt>
      <trkpt lat="44.714102" lon="9.303442"><ele>799.3</ele></trkpt>
      <trkpt lat="44.714122" lon="9.303425"><ele>799.5</ele></trkpt>
      <trkpt lat="44.714143" lon="9.303413"><ele>799.6</ele></trkpt>
      <trkpt lat="44.714163" lon="9.303402"><ele>799.7</ele></trkpt>
      <trkpt lat="44.714187" lon="9.303395"><ele>799.9</ele></trkpt>
      <trkpt lat="44.714210" lon="9.303390"><ele>800.0</ele></trkpt>
      <trkpt lat="44.714228" lon="9.303392"><ele>800.1</ele></trkpt>
      <trkpt lat="44.714250" lon="9.303392"><ele>800.3</ele></trkpt>
      <trkpt lat="44.714273" lon="9.303397"><ele>800.4</ele></trkpt>
      <trkpt lat="44.714288" lon="9.303403"><ele>800.5</ele></trkpt>
      <trkpt lat="44.714308" lon="9.303410"><ele>800.7</ele></trkpt>
      <trkpt lat="44.714332" lon="9.303417"><ele>800.8</ele></trkpt>
      <trkpt lat="44.714347" lon="9.303430"><ele>800.9</ele></trkpt>
      <trkpt lat="44.714365" lon="9.303440"><ele>801.0</ele></trkpt>
      <trkpt lat="44.714393" lon="9.303451"><ele>801.2</ele></trkpt>
      <trkpt lat="44.714402" lon="9.303455"><ele>801.3</ele></trkpt>
      <trkpt lat="44.714417" lon="9.303462"><ele>801.4</ele></trkpt>
      <trkpt lat="44.714435" lon="9.303470"><ele>801.5</ele></trkpt>
      <trkpt lat="44.714452" lon="9.303482"><ele>801.6</ele></trkpt>
      <trkpt lat="44.714476" lon="9.303501"><ele>801.8</ele></trkpt>
      <trkpt lat="44.714485" lon="9.303510"><ele>801.8</ele></trkpt>
      <trkpt lat="44.714508" lon="9.303523"><ele>802.0</ele></trkpt>
      <trkpt lat="44.714537" lon="9.303533"><ele>802.2</ele></trkpt>
      <trkpt lat="44.714553" lon="9.303548"><ele>802.3</ele></trkpt>
      <trkpt lat="44.714570" lon="9.303563"><ele>802.4</ele></trkpt>
      <trkpt lat="44.714588" lon="9.303582"><ele>802.5</ele></trkpt>
      <trkpt lat="44.714602" lon="9.303598"><ele>802.6</ele></trkpt>
      <trkpt lat="44.714618" lon="9.303622"><ele>802.7</ele></trkpt>
      <trkpt lat="44.714633" lon="9.303643"><ele>802.8</ele></trkpt>
      <trkpt lat="44.714650" lon="9.303665"><ele>803.0</ele></trkpt>
      <trkpt lat="44.714665" lon="9.303690"><ele>803.1</ele></trkpt>
      <trkpt lat="44.714682" lon="9.303717"><ele>803.2</ele></trkpt>
      <trkpt lat="44.714685" lon="9.303743"><ele>803.3</ele></trkpt>
      <trkpt lat="44.714692" lon="9.303772"><ele>803.4</ele></trkpt>
      <trkpt lat="44.714695" lon="9.303797"><ele>803.5</ele></trkpt>
      <trkpt lat="44.714692" lon="9.303820"><ele>803.6</ele></trkpt>
      <trkpt lat="44.714690" lon="9.303848"><ele>803.6</ele></trkpt>
      <trkpt lat="44.714690" lon="9.303882"><ele>803.7</ele></trkpt>
      <trkpt lat="44.714692" lon="9.303912"><ele>803.8</ele></trkpt>
      <trkpt lat="44.714688" lon="9.303952"><ele>803.9</ele></trkpt>
      <trkpt lat="44.714687" lon="9.303985"><ele>804.0</ele></trkpt>
      <trkpt lat="44.714687" lon="9.304013"><ele>804.0</ele></trkpt>
      <trkpt lat="44.714683" lon="9.304053"><ele>804.1</ele></trkpt>
      <trkpt lat="44.714680" lon="9.304082"><ele>804.1</ele></trkpt>
      <trkpt lat="44.714677" lon="9.304118"><ele>804.1</ele></trkpt>
      <trkpt lat="44.714682" lon="9.304158"><ele>804.2</ele></trkpt>
      <trkpt lat="44.714698" lon="9.304203"><ele>804.2</ele></trkpt>
      <trkpt lat="44.714708" lon="9.304237"><ele>804.2</ele></trkpt>
      <trkpt lat="44.714713" lon="9.304262"><ele>804.2</ele></trkpt>
      <trkpt lat="44.714722" lon="9.304295"><ele>804.2</ele></trkpt>
      <trkpt lat="44.714725" lon="9.304325"><ele>804.2</ele></trkpt>
      <trkpt lat="44.714735" lon="9.304355"><ele>804.2</ele></trkpt>
      <trkpt lat="44.714748" lon="9.304387"><ele>804.2</ele></trkpt>
      <trkpt lat="44.714758" lon="9.304415"><ele>804.2</ele></trkpt>
      <trkpt lat="44.714758" lon="9.304447"><ele>804.2</ele></trkpt>
      <trkpt lat="44.714765" lon="9.304480"><ele>804.2</ele></trkpt>
      <trkpt lat="44.714778" lon="9.304512"><ele>804.2</ele></trkpt>
      <trkpt lat="44.714792" lon="9.304542"><ele>804.2</ele></trkpt>
      <trkpt lat="44.714803" lon="9.304568"><ele>804.1</ele></trkpt>
      <trkpt lat="44.714813" lon="9.304598"><ele>804.1</ele></trkpt>
      <trkpt lat="44.714828" lon="9.304628"><ele>804.1</ele></trkpt>
      <trkpt lat="44.714832" lon="9.304662"><ele>804.1</ele></trkpt>
      <trkpt lat="44.714842" lon="9.304690"><ele>804.1</ele></trkpt>
      <trkpt lat="44.714858" lon="9.304723"><ele>804.1</ele></trkpt>
      <trkpt lat="44.714875" lon="9.304753"><ele>804.1</ele></trkpt>
      <trkpt lat="44.714900" lon="9.304783"><ele>804.1</ele></trkpt>
      <trkpt lat="44.714922" lon="9.304808"><ele>804.0</ele></trkpt>
      <trkpt lat="44.714940" lon="9.304835"><ele>804.0</ele></trkpt>
      <trkpt lat="44.714962" lon="9.304858"><ele>804.0</ele></trkpt>
      <trkpt lat="44.714978" lon="9.304885"><ele>804.0</ele></trkpt>
      <trkpt lat="44.715000" lon="9.304920"><ele>804.0</ele></trkpt>
      <trkpt lat="44.715030" lon="9.304952"><ele>803.9</ele></trkpt>
      <trkpt lat="44.715075" lon="9.304992"><ele>803.9</ele></trkpt>
      <trkpt lat="44.715112" lon="9.305023"><ele>803.8</ele></trkpt>
      <trkpt lat="44.715147" lon="9.305052"><ele>803.8</ele></trkpt>
      <trkpt lat="44.715195" lon="9.305083"><ele>803.7</ele></trkpt>
      <trkpt lat="44.715240" lon="9.305107"><ele>803.6</ele></trkpt>
      <trkpt lat="44.715240" lon="9.305107"><ele>803.6</ele></trkpt>
      <trkpt lat="44.715268" lon="9.305123"><ele>803.6</ele></trkpt>
      <trkpt lat="44.715298" lon="9.305133"><ele>803.5</ele></trkpt>
      <trkpt lat="44.715332" lon="9.305145"><ele>803.4</ele></trkpt>
      <trkpt lat="44.715355" lon="9.305157"><ele>803.4</ele></trkpt>
      <trkpt lat="44.715378" lon="9.305175"><ele>803.3</ele></trkpt>
      <trkpt lat="44.715403" lon="9.305185"><ele>803.2</ele></trkpt>
      <trkpt lat="44.715423" lon="9.305192"><ele>803.2</ele></trkpt>
      <trkpt lat="44.715458" lon="9.305203"><ele>803.1</ele></trkpt>
      <trkpt lat="44.715500" lon="9.305218"><ele>803.0</ele></trkpt>
      <trkpt lat="44.715555" lon="9.305225"><ele>802.9</ele></trkpt>
      <trkpt lat="44.715593" lon="9.305228"><ele>802.8</ele></trkpt>
      <trkpt lat="44.715638" lon="9.305233"><ele>802.8</ele></trkpt>
      <trkpt lat="44.715677" lon="9.305233"><ele>802.7</ele></trkpt>
      <trkpt lat="44.715715" lon="9.305235"><ele>802.6</ele></trkpt>
      <trkpt lat="44.715763" lon="9.305250"><ele>802.5</ele></trkpt>
      <trkpt lat="44.715802" lon="9.305252"><ele>802.5</ele></trkpt>
      <trkpt lat="44.715845" lon="9.305250"><ele>802.4</ele></trkpt>
      <trkpt lat="44.715887" lon="9.305242"><ele>802.3</ele></trkpt>
      <trkpt lat="44.715938" lon="9.305227"><ele>802.2</ele></trkpt>
      <trkpt lat="44.715988" lon="9.305220"><ele>802.1</ele></trkpt>
      <trkpt lat="44.716028" lon="9.305203"><ele>802.1</ele></trkpt>
      <trkpt lat="44.716062" lon="9.305172"><ele>802.0</ele></trkpt>
      <trkpt lat="44.716095" lon="9.305130"><ele>802.0</ele></trkpt>
      <trkpt lat="44.716128" lon="9.305083"><ele>801.9</ele></trkpt>
      <trkpt lat="44.716153" lon="9.305042"><ele>801.9</ele></trkpt>
      <trkpt lat="44.716175" lon="9.304995"><ele>801.8</ele></trkpt>
      <trkpt lat="44.716185" lon="9.304947"><ele>801.8</ele></trkpt>
      <trkpt lat="44.716190" lon="9.304897"><ele>801.7</ele></trkpt>
      <trkpt lat="44.716196" lon="9.304822"><ele>801.7</ele></trkpt>
      <trkpt lat="44.716200" lon="9.304797"><ele>801.6</ele></trkpt>
      <trkpt lat="44.716208" lon="9.304748"><ele>801.6</ele></trkpt>
      <trkpt lat="44.716222" lon="9.304702"><ele>801.5</ele></trkpt>
      <trkpt lat="44.716238" lon="9.304645"><ele>801.4</ele></trkpt>
      <trkpt lat="44.716260" lon="9.304603"><ele>801.3</ele></trkpt>
      <trkpt lat="44.716287" lon="9.304557"><ele>801.3</ele></trkpt>
      <trkpt lat="44.716315" lon="9.304503"><ele>801.2</ele></trkpt>
      <trkpt lat="44.716347" lon="9.304467"><ele>801.1</ele></trkpt>
      <trkpt lat="44.716380" lon="9.304422"><ele>801.0</ele></trkpt>
      <trkpt lat="44.716431" lon="9.304370"><ele>801.0</ele></trkpt>
      <trkpt lat="44.716450" lon="9.304355"><ele>801.0</ele></trkpt>
      <trkpt lat="44.716483" lon="9.304317"><ele>800.9</ele></trkpt>
      <trkpt lat="44.716515" lon="9.304280"><ele>800.9</ele></trkpt>
      <trkpt lat="44.716542" lon="9.304238"><ele>800.9</ele></trkpt>
      <trkpt lat="44.716568" lon="9.304195"><ele>800.9</ele></trkpt>
      <trkpt lat="44.716593" lon="9.304155"><ele>800.9</ele></trkpt>
      <trkpt lat="44.716620" lon="9.304122"><ele>800.9</ele></trkpt>
      <trkpt lat="44.716640" lon="9.304090"><ele>800.9</ele></trkpt>
      <trkpt lat="44.716670" lon="9.304078"><ele>800.9</ele></trkpt>
      <trkpt lat="44.716695" lon="9.304050"><ele>800.9</ele></trkpt>
      <trkpt lat="44.716712" lon="9.304022"><ele>801.0</ele></trkpt>
      <trkpt lat="44.716723" lon="9.303988"><ele>801.0</ele></trkpt>
      <trkpt lat="44.716728" lon="9.303948"><ele>801.1</ele></trkpt>
      <trkpt lat="44.716735" lon="9.303905"><ele>801.2</ele></trkpt>
      <trkpt lat="44.716738" lon="9.303865"><ele>801.3</ele></trkpt>
      <trkpt lat="44.716745" lon="9.303822"><ele>801.4</ele></trkpt>
      <trkpt lat="44.716752" lon="9.303778"><ele>801.5</ele></trkpt>
      <trkpt lat="44.716763" lon="9.303732"><ele>801.6</ele></trkpt>
      <trkpt lat="44.716777" lon="9.303692"><ele>801.8</ele></trkpt>
      <trkpt lat="44.716787" lon="9.303657"><ele>801.9</ele></trkpt>
      <trkpt lat="44.716797" lon="9.303622"><ele>802.0</ele></trkpt>
      <trkpt lat="44.716805" lon="9.303585"><ele>802.1</ele></trkpt>
      <trkpt lat="44.716817" lon="9.303547"><ele>802.3</ele></trkpt>
      <trkpt lat="44.716833" lon="9.303512"><ele>802.4</ele></trkpt>
      <trkpt lat="44.716847" lon="9.303480"><ele>802.6</ele></trkpt>
      <trkpt lat="44.716860" lon="9.303452"><ele>802.7</ele></trkpt>
      <trkpt lat="44.716875" lon="9.303422"><ele>802.9</ele></trkpt>
      <trkpt lat="44.716890" lon="9.303405"><ele>803.0</ele></trkpt>
      <trkpt lat="44.716908" lon="9.303387"><ele>803.2</ele></trkpt>
      <trkpt lat="44.716928" lon="9.303367"><ele>803.3</ele></trkpt>
      <trkpt lat="44.716950" lon="9.303348"><ele>803.5</ele></trkpt>
      <trkpt lat="44.716972" lon="9.303330"><ele>803.7</ele></trkpt>
      <trkpt lat="44.716988" lon="9.303317"><ele>803.8</ele></trkpt>
      <trkpt lat="44.717005" lon="9.303307"><ele>804.0</ele></trkpt>
      <trkpt lat="44.717023" lon="9.303293"><ele>804.1</ele></trkpt>
      <trkpt lat="44.717045" lon="9.303283"><ele>804.3</ele></trkpt>
      <trkpt lat="44.717072" lon="9.303277"><ele>804.5</ele></trkpt>
      <trkpt lat="44.717092" lon="9.303268"><ele>804.7</ele></trkpt>
      <trkpt lat="44.717112" lon="9.303257"><ele>804.9</ele></trkpt>
      <trkpt lat="44.717135" lon="9.303253"><ele>805.1</ele></trkpt>
      <trkpt lat="44.717160" lon="9.303252"><ele>805.3</ele></trkpt>
      <trkpt lat="44.717185" lon="9.303252"><ele>805.5</ele></trkpt>
      <trkpt lat="44.717212" lon="9.303253"><ele>805.7</ele></trkpt>
      <trkpt lat="44.717237" lon="9.303250"><ele>805.9</ele></trkpt>
      <trkpt lat="44.717257" lon="9.303248"><ele>806.1</ele></trkpt>
      <trkpt lat="44.717273" lon="9.303257"><ele>806.2</ele></trkpt>
      <trkpt lat="44.717287" lon="9.303265"><ele>806.3</ele></trkpt>
      <trkpt lat="44.717300" lon="9.303277"><ele>806.5</ele></trkpt>
      <trkpt lat="44.717310" lon="9.303292"><ele>806.6</ele></trkpt>
      <trkpt lat="44.717325" lon="9.303310"><ele>806.8</ele></trkpt>
      <trkpt lat="44.717342" lon="9.303332"><ele>806.9</ele></trkpt>
      <trkpt lat="44.717360" lon="9.303347"><ele>807.1</ele></trkpt>
      <trkpt lat="44.717383" lon="9.303355"><ele>807.3</ele></trkpt>
      <trkpt lat="44.717403" lon="9.303363"><ele>807.5</ele></trkpt>
      <trkpt lat="44.717422" lon="9.303373"><ele>807.7</ele></trkpt>
      <trkpt lat="44.717440" lon="9.303382"><ele>807.8</ele></trkpt>
      <trkpt lat="44.717458" lon="9.303392"><ele>808.0</ele></trkpt>
      <trkpt lat="44.717475" lon="9.303403"><ele>808.1</ele></trkpt>
      <trkpt lat="44.717492" lon="9.303412"><ele>808.3</ele></trkpt>
      <trkpt lat="44.717507" lon="9.303418"><ele>808.4</ele></trkpt>
      <trkpt lat="44.717517" lon="9.303423"><ele>808.5</ele></trkpt>
      <trkpt lat="44.717530" lon="9.303432"><ele>808.6</ele></trkpt>
      <trkpt lat="44.717548" lon="9.303450"><ele>808.8</ele></trkpt>
      <trkpt lat="44.717568" lon="9.303467"><ele>809.0</ele></trkpt>
      <trkpt lat="44.717587" lon="9.303492"><ele>809.2</ele></trkpt>
      <trkpt lat="44.717613" lon="9.303527"><ele>809.5</ele></trkpt>
      <trkpt lat="44.717625" lon="9.303552"><ele>809.6</ele></trkpt>
      <trkpt lat="44.717640" lon="9.303573"><ele>809.8</ele></trkpt>
      <trkpt lat="44.717656" lon="9.303590"><ele>809.9</ele></trkpt>
      <trkpt lat="44.717663" lon="9.303593"><ele>810.0</ele></trkpt>
      <trkpt lat="44.717675" lon="9.303600"><ele>810.1</ele></trkpt>
      <trkpt lat="44.717698" lon="9.303618"><ele>810.3</ele></trkpt>
      <trkpt lat="44.717722" lon="9.303627"><ele>810.5</ele></trkpt>
      <trkpt lat="44.717737" lon="9.303638"><ele>810.6</ele></trkpt>
      <trkpt lat="44.717750" lon="9.303652"><ele>810.7</ele></trkpt>
      <trkpt lat="44.717763" lon="9.303663"><ele>810.9</ele></trkpt>
      <trkpt lat="44.717770" lon="9.303683"><ele>811.0</ele></trkpt>
      <trkpt lat="44.717787" lon="9.303695"><ele>811.1</ele></trkpt>
      <trkpt lat="44.717802" lon="9.303705"><ele>811.2</ele></trkpt>
      <trkpt lat="44.717815" lon="9.303715"><ele>811.3</ele></trkpt>
      <trkpt lat="44.717828" lon="9.303723"><ele>811.4</ele></trkpt>
      <trkpt lat="44.717845" lon="9.303735"><ele>811.6</ele></trkpt>
      <trkpt lat="44.717858" lon="9.303742"><ele>811.7</ele></trkpt>
      <trkpt lat="44.717868" lon="9.303743"><ele>811.7</ele></trkpt>
      <trkpt lat="44.717880" lon="9.303743"><ele>811.8</ele></trkpt>
      <trkpt lat="44.717887" lon="9.303740"><ele>811.9</ele></trkpt>
      <trkpt lat="44.717897" lon="9.303738"><ele>811.9</ele></trkpt>
      <trkpt lat="44.717910" lon="9.303735"><ele>812.0</ele></trkpt>
      <trkpt lat="44.717927" lon="9.303733"><ele>812.2</ele></trkpt>
      <trkpt lat="44.717962" lon="9.303727"><ele>812.4</ele></trkpt>
      <trkpt lat="44.717977" lon="9.303727"><ele>812.5</ele></trkpt>
      <trkpt lat="44.717993" lon="9.303728"><ele>812.6</ele></trkpt>
      <trkpt lat="44.718007" lon="9.303725"><ele>812.7</ele></trkpt>
      <trkpt lat="44.718023" lon="9.303720"><ele>812.8</ele></trkpt>
      <trkpt lat="44.718033" lon="9.303717"><ele>812.9</ele></trkpt>
      <trkpt lat="44.718052" lon="9.303715"><ele>813.0</ele></trkpt>
      <trkpt lat="44.718062" lon="9.303715"><ele>813.1</ele></trkpt>
      <trkpt lat="44.718077" lon="9.303713"><ele>813.2</ele></trkpt>
      <trkpt lat="44.718093" lon="9.303712"><ele>813.3</ele></trkpt>
      <trkpt lat="44.718107" lon="9.303707"><ele>813.4</ele></trkpt>
      <trkpt lat="44.718122" lon="9.303708"><ele>813.5</ele></trkpt>
      <trkpt lat="44.718135" lon="9.303708"><ele>813.6</ele></trkpt>
      <trkpt lat="44.718147" lon="9.303708"><ele>813.7</ele></trkpt>
      <trkpt lat="44.718160" lon="9.303717"><ele>813.8</ele></trkpt>
      <trkpt lat="44.718173" lon="9.303720"><ele>813.9</ele></trkpt>
      <trkpt lat="44.718188" lon="9.303718"><ele>813.9</ele></trkpt>
      <trkpt lat="44.718205" lon="9.303713"><ele>814.1</ele></trkpt>
      <trkpt lat="44.718222" lon="9.303712"><ele>814.2</ele></trkpt>
      <trkpt lat="44.718242" lon="9.303708"><ele>814.3</ele></trkpt>
      <trkpt lat="44.718260" lon="9.303702"><ele>814.4</ele></trkpt>
      <trkpt lat="44.718283" lon="9.303692"><ele>814.6</ele></trkpt>
      <trkpt lat="44.718303" lon="9.303688"><ele>814.7</ele></trkpt>
      <trkpt lat="44.718318" lon="9.303682"><ele>814.8</ele></trkpt>
      <trkpt lat="44.718333" lon="9.303680"><ele>814.9</ele></trkpt>
      <trkpt lat="44.718352" lon="9.303678"><ele>815.0</ele></trkpt>
      <trkpt lat="44.718375" lon="9.303678"><ele>815.2</ele></trkpt>
      <trkpt lat="44.718406" lon="9.303677"><ele>815.4</ele></trkpt>
      <trkpt lat="44.718418" lon="9.303678"><ele>815.5</ele></trkpt>
      <trkpt lat="44.718440" lon="9.303680"><ele>815.6</ele></trkpt>
      <trkpt lat="44.718457" lon="9.303673"><ele>815.7</ele></trkpt>
      <trkpt lat="44.718477" lon="9.303668"><ele>815.9</ele></trkpt>
      <trkpt lat="44.718495" lon="9.303668"><ele>816.0</ele></trkpt>
      <trkpt lat="44.718510" lon="9.303668"><ele>816.1</ele></trkpt>
      <trkpt lat="44.718523" lon="9.303667"><ele>816.2</ele></trkpt>
      <trkpt lat="44.718540" lon="9.303658"><ele>816.3</ele></trkpt>
      <trkpt lat="44.718558" lon="9.303662"><ele>816.4</ele></trkpt>
      <trkpt lat="44.718575" lon="9.303663"><ele>816.5</ele></trkpt>
      <trkpt lat="44.718595" lon="9.303658"><ele>816.7</ele></trkpt>
      <trkpt lat="44.718613" lon="9.303648"><ele>816.8</ele></trkpt>
      <trkpt lat="44.718648" lon="9.303640"><ele>817.0</ele></trkpt>
      <trkpt lat="44.718662" lon="9.303638"><ele>817.1</ele></trkpt>
      <trkpt lat="44.718685" lon="9.303633"><ele>817.3</ele></trkpt>
      <trkpt lat="44.718700" lon="9.303632"><ele>817.4</ele></trkpt>
      <trkpt lat="44.718715" lon="9.303633"><ele>817.5</ele></trkpt>
      <trkpt lat="44.718738" lon="9.303630"><ele>817.6</ele></trkpt>
      <trkpt lat="44.718757" lon="9.303627"><ele>817.8</ele></trkpt>
      <trkpt lat="44.718778" lon="9.303623"><ele>817.9</ele></trkpt>
      <trkpt lat="44.718802" lon="9.303623"><ele>818.1</ele></trkpt>
      <trkpt lat="44.718823" lon="9.303628"><ele>818.3</ele></trkpt>
      <trkpt lat="44.718848" lon="9.303633"><ele>818.4</ele></trkpt>
      <trkpt lat="44.718870" lon="9.303640"><ele>818.6</ele></trkpt>
      <trkpt lat="44.718885" lon="9.303652"><ele>818.7</ele></trkpt>
      <trkpt lat="44.718900" lon="9.303665"><ele>818.9</ele></trkpt>
      <trkpt lat="44.718917" lon="9.303673"><ele>819.0</ele></trkpt>
      <trkpt lat="44.718930" lon="9.303683"><ele>819.1</ele></trkpt>
      <trkpt lat="44.718943" lon="9.303693"><ele>819.2</ele></trkpt>
      <trkpt lat="44.718958" lon="9.303705"><ele>819.4</ele></trkpt>
      <trkpt lat="44.718972" lon="9.303712"><ele>819.5</ele></trkpt>
      <trkpt lat="44.718985" lon="9.303720"><ele>819.6</ele></trkpt>
      <trkpt lat="44.719005" lon="9.303727"><ele>819.7</ele></trkpt>
      <trkpt lat="44.719020" lon="9.303730"><ele>819.9</ele></trkpt>
      <trkpt lat="44.719035" lon="9.303738"><ele>820.0</ele></trkpt>
      <trkpt lat="44.719047" lon="9.303748"><ele>820.1</ele></trkpt>
      <trkpt lat="44.719058" lon="9.303757"><ele>820.2</ele></trkpt>
      <trkpt lat="44.719068" lon="9.303763"><ele>820.3</ele></trkpt>
      <trkpt lat="44.719082" lon="9.303763"><ele>820.4</ele></trkpt>
      <trkpt lat="44.719100" lon="9.303773"><ele>820.5</ele></trkpt>
      <trkpt lat="44.719125" lon="9.303785"><ele>820.7</ele></trkpt>
      <trkpt lat="44.719150" lon="9.303800"><ele>820.9</ele></trkpt>
      <trkpt lat="44.719172" lon="9.303813"><ele>821.1</ele></trkpt>
      <trkpt lat="44.719190" lon="9.303828"><ele>821.2</ele></trkpt>
      <trkpt lat="44.719208" lon="9.303845"><ele>821.4</ele></trkpt>
      <trkpt lat="44.719233" lon="9.303865"><ele>821.6</ele></trkpt>
      <trkpt lat="44.719263" lon="9.303887"><ele>821.9</ele></trkpt>
      <trkpt lat="44.719285" lon="9.303908"><ele>822.1</ele></trkpt>
      <trkpt lat="44.719298" lon="9.303932"><ele>822.2</ele></trkpt>
      <trkpt lat="44.719315" lon="9.303948"><ele>822.4</ele></trkpt>
      <trkpt lat="44.719330" lon="9.303970"><ele>822.5</ele></trkpt>
      <trkpt lat="44.719347" lon="9.303985"><ele>822.7</ele></trkpt>
      <trkpt lat="44.719360" lon="9.303997"><ele>822.8</ele></trkpt>
      <trkpt lat="44.719375" lon="9.304012"><ele>822.9</ele></trkpt>
      <trkpt lat="44.719388" lon="9.304027"><ele>823.0</ele></trkpt>
      <trkpt lat="44.719400" lon="9.304040"><ele>823.2</ele></trkpt>
      <trkpt lat="44.719413" lon="9.304053"><ele>823.3</ele></trkpt>
      <trkpt lat="44.719428" lon="9.304068"><ele>823.4</ele></trkpt>
      <trkpt lat="44.719443" lon="9.304083"><ele>823.5</ele></trkpt>
      <trkpt lat="44.719453" lon="9.304100"><ele>823.7</ele></trkpt>
      <trkpt lat="44.719463" lon="9.304112"><ele>823.7</ele></trkpt>
      <trkpt lat="44.719473" lon="9.304128"><ele>823.9</ele></trkpt>
      <trkpt lat="44.719488" lon="9.304138"><ele>824.0</ele></trkpt>
      <trkpt lat="44.719497" lon="9.304153"><ele>824.1</ele></trkpt>
      <trkpt lat="44.719510" lon="9.304162"><ele>824.2</ele></trkpt>
      <trkpt lat="44.719522" lon="9.304177"><ele>824.3</ele></trkpt>
      <trkpt lat="44.719527" lon="9.304182"><ele>824.3</ele></trkpt>
      <trkpt lat="44.719537" lon="9.304193"><ele>824.4</ele></trkpt>
      <trkpt lat="44.719550" lon="9.304212"><ele>824.6</ele></trkpt>
      <trkpt lat="44.719555" lon="9.304232"><ele>824.7</ele></trkpt>
      <trkpt lat="44.719563" lon="9.304250"><ele>824.8</ele></trkpt>
      <trkpt lat="44.719568" lon="9.304267"><ele>824.9</ele></trkpt>
      <trkpt lat="44.719572" lon="9.304290"><ele>825.0</ele></trkpt>
      <trkpt lat="44.719575" lon="9.304312"><ele>825.1</ele></trkpt>
      <trkpt lat="44.719577" lon="9.304333"><ele>825.2</ele></trkpt>
      <trkpt lat="44.719580" lon="9.304355"><ele>825.3</ele></trkpt>
      <trkpt lat="44.719582" lon="9.304400"><ele>825.5</ele></trkpt>
      <trkpt lat="44.719583" lon="9.304432"><ele>825.7</ele></trkpt>
      <trkpt lat="44.719574" lon="9.304485"><ele>825.9</ele></trkpt>
      <trkpt lat="44.719573" lon="9.304502"><ele>826.0</ele></trkpt>
      <trkpt lat="44.719568" lon="9.304535"><ele>826.2</ele></trkpt>
      <trkpt lat="44.719567" lon="9.304575"><ele>826.4</ele></trkpt>
      <trkpt lat="44.719570" lon="9.304610"><ele>826.5</ele></trkpt>
      <trkpt lat="44.719575" lon="9.304638"><ele>826.7</ele></trkpt>
      <trkpt lat="44.719575" lon="9.304667"><ele>826.8</ele></trkpt>
      <trkpt lat="44.719572" lon="9.304700"><ele>827.0</ele></trkpt>
      <trkpt lat="44.719572" lon="9.304732"><ele>827.1</ele></trkpt>
      <trkpt lat="44.719573" lon="9.304762"><ele>827.2</ele></trkpt>
      <trkpt lat="44.719575" lon="9.304795"><ele>827.4</ele></trkpt>
      <trkpt lat="44.719572" lon="9.304828"><ele>827.6</ele></trkpt>
      <trkpt lat="44.719570" lon="9.304858"><ele>827.7</ele></trkpt>
      <trkpt lat="44.719570" lon="9.304888"><ele>827.8</ele></trkpt>
      <trkpt lat="44.719575" lon="9.304908"><ele>827.9</ele></trkpt>
      <trkpt lat="44.719575" lon="9.304925"><ele>828.0</ele></trkpt>
      <trkpt lat="44.719575" lon="9.304940"><ele>828.1</ele></trkpt>
      <trkpt lat="44.719578" lon="9.304952"><ele>828.1</ele></trkpt>
      <trkpt lat="44.719575" lon="9.304972"><ele>828.2</ele></trkpt>
      <trkpt lat="44.719573" lon="9.304995"><ele>828.3</ele></trkpt>
      <trkpt lat="44.719575" lon="9.305018"><ele>828.4</ele></trkpt>
      <trkpt lat="44.719578" lon="9.305043"><ele>828.5</ele></trkpt>
      <trkpt lat="44.719580" lon="9.305077"><ele>828.7</ele></trkpt>
      <trkpt lat="44.719587" lon="9.305098"><ele>828.8</ele></trkpt>
      <trkpt lat="44.719590" lon="9.305127"><ele>828.9</ele></trkpt>
      <trkpt lat="44.719595" lon="9.305155"><ele>829.0</ele></trkpt>
      <trkpt lat="44.719600" lon="9.305185"><ele>829.2</ele></trkpt>
      <trkpt lat="44.719598" lon="9.305230"><ele>829.4</ele></trkpt>
      <trkpt lat="44.719593" lon="9.305272"><ele>829.6</ele></trkpt>
      <trkpt lat="44.719583" lon="9.305298"><ele>829.7</ele></trkpt>
      <trkpt lat="44.719578" lon="9.305320"><ele>829.8</ele></trkpt>
      <trkpt lat="44.719572" lon="9.305330"><ele>829.9</ele></trkpt>
      <trkpt lat="44.719573" lon="9.305342"><ele>830.0</ele></trkpt>
      <trkpt lat="44.719568" lon="9.305365"><ele>830.1</ele></trkpt>
      <trkpt lat="44.719562" lon="9.305388"><ele>830.2</ele></trkpt>
      <trkpt lat="44.719560" lon="9.305405"><ele>830.3</ele></trkpt>
      <trkpt lat="44.719562" lon="9.305418"><ele>830.3</ele></trkpt>
      <trkpt lat="44.719563" lon="9.305430"><ele>830.4</ele></trkpt>
      <trkpt lat="44.719575" lon="9.305443"><ele>830.5</ele></trkpt>
      <trkpt lat="44.719578" lon="9.305462"><ele>830.6</ele></trkpt>
      <trkpt lat="44.719582" lon="9.305475"><ele>830.7</ele></trkpt>
      <trkpt lat="44.719592" lon="9.305483"><ele>830.8</ele></trkpt>
      <trkpt lat="44.719597" lon="9.305492"><ele>830.8</ele></trkpt>
      <trkpt lat="44.719608" lon="9.305505"><ele>831.0</ele></trkpt>
      <trkpt lat="44.719618" lon="9.305517"><ele>831.1</ele></trkpt>
      <trkpt lat="44.719640" lon="9.305550"><ele>831.3</ele></trkpt>
      <trkpt lat="44.719650" lon="9.305572"><ele>831.4</ele></trkpt>
      <trkpt lat="44.719663" lon="9.305578"><ele>831.5</ele></trkpt>
      <trkpt lat="44.719678" lon="9.305593"><ele>831.7</ele></trkpt>
      <trkpt lat="44.719687" lon="9.305603"><ele>831.8</ele></trkpt>
      <trkpt lat="44.719698" lon="9.305607"><ele>831.8</ele></trkpt>
      <trkpt lat="44.719710" lon="9.305610"><ele>831.9</ele></trkpt>
      <trkpt lat="44.719710" lon="9.305612"><ele>831.9</ele></trkpt>
      <trkpt lat="44.719723" lon="9.305630"><ele>832.1</ele></trkpt>
      <trkpt lat="44.719728" lon="9.305668"><ele>832.3</ele></trkpt>
      <trkpt lat="44.719730" lon="9.305712"><ele>832.5</ele></trkpt>
      <trkpt lat="44.719733" lon="9.305743"><ele>832.6</ele></trkpt>
      <trkpt lat="44.719740" lon="9.305757"><ele>832.7</ele></trkpt>
      <trkpt lat="44.719745" lon="9.305767"><ele>832.8</ele></trkpt>
      <trkpt lat="44.719755" lon="9.305780"><ele>832.8</ele></trkpt>
      <trkpt lat="44.719768" lon="9.305777"><ele>832.9</ele></trkpt>
      <trkpt lat="44.719780" lon="9.305778"><ele>833.0</ele></trkpt>
      <trkpt lat="44.719787" lon="9.305792"><ele>833.1</ele></trkpt>
      <trkpt lat="44.719793" lon="9.305805"><ele>833.1</ele></trkpt>
      <trkpt lat="44.719811" lon="9.305829"><ele>833.3</ele></trkpt>
      <trkpt lat="44.719815" lon="9.305842"><ele>833.4</ele></trkpt>
      <trkpt lat="44.719823" lon="9.305855"><ele>833.4</ele></trkpt>
      <trkpt lat="44.719833" lon="9.305867"><ele>833.5</ele></trkpt>
      <trkpt lat="44.719838" lon="9.305887"><ele>833.6</ele></trkpt>
      <trkpt lat="44.719848" lon="9.305895"><ele>833.7</ele></trkpt>
      <trkpt lat="44.719848" lon="9.305925"><ele>833.8</ele></trkpt>
      <trkpt lat="44.719853" lon="9.305953"><ele>834.0</ele></trkpt>
      <trkpt lat="44.719863" lon="9.305965"><ele>834.0</ele></trkpt>
      <trkpt lat="44.719873" lon="9.305972"><ele>834.1</ele></trkpt>
      <trkpt lat="44.719878" lon="9.305972"><ele>834.2</ele></trkpt>
      <trkpt lat="44.719892" lon="9.305967"><ele>834.2</ele></trkpt>
      <trkpt lat="44.719903" lon="9.305965"><ele>834.3</ele></trkpt>
      <trkpt lat="44.719921" lon="9.305969"><ele>834.4</ele></trkpt>
      <trkpt lat="44.719928" lon="9.305970"><ele>834.5</ele></trkpt>
      <trkpt lat="44.719943" lon="9.305973"><ele>834.6</ele></trkpt>
      <trkpt lat="44.719960" lon="9.305977"><ele>834.7</ele></trkpt>
      <trkpt lat="44.719968" lon="9.305993"><ele>834.8</ele></trkpt>
      <trkpt lat="44.719980" lon="9.306007"><ele>834.9</ele></trkpt>
      <trkpt lat="44.719998" lon="9.306062"><ele>835.2</ele></trkpt>
      <trkpt lat="44.720012" lon="9.306113"><ele>835.5</ele></trkpt>
      <trkpt lat="44.720023" lon="9.306125"><ele>835.6</ele></trkpt>
      <trkpt lat="44.720033" lon="9.306147"><ele>835.7</ele></trkpt>
      <trkpt lat="44.720043" lon="9.306155"><ele>835.8</ele></trkpt>
      <trkpt lat="44.720047" lon="9.306168"><ele>835.9</ele></trkpt>
      <trkpt lat="44.720052" lon="9.306185"><ele>835.9</ele></trkpt>
      <trkpt lat="44.720053" lon="9.306197"><ele>836.0</ele></trkpt>
      <trkpt lat="44.720058" lon="9.306218"><ele>836.1</ele></trkpt>
      <trkpt lat="44.720063" lon="9.306240"><ele>836.2</ele></trkpt>
      <trkpt lat="44.720067" lon="9.306257"><ele>836.3</ele></trkpt>
      <trkpt lat="44.720068" lon="9.306275"><ele>836.4</ele></trkpt>
      <trkpt lat="44.720072" lon="9.306300"><ele>836.5</ele></trkpt>
      <trkpt lat="44.720075" lon="9.306317"><ele>836.6</ele></trkpt>
      <trkpt lat="44.720077" lon="9.306337"><ele>836.7</ele></trkpt>
      <trkpt lat="44.720080" lon="9.306352"><ele>836.8</ele></trkpt>
      <trkpt lat="44.720085" lon="9.306375"><ele>836.9</ele></trkpt>
      <trkpt lat="44.720097" lon="9.306405"><ele>837.1</ele></trkpt>
      <trkpt lat="44.720098" lon="9.306425"><ele>837.2</ele></trkpt>
      <trkpt lat="44.720103" lon="9.306462"><ele>837.4</ele></trkpt>
      <trkpt lat="44.720110" lon="9.306493"><ele>837.6</ele></trkpt>
      <trkpt lat="44.720117" lon="9.306518"><ele>837.7</ele></trkpt>
      <trkpt lat="44.720125" lon="9.306548"><ele>837.9</ele></trkpt>
      <trkpt lat="44.720137" lon="9.306570"><ele>838.1</ele></trkpt>
      <trkpt lat="44.720158" lon="9.306663"><ele>838.6</ele></trkpt>
      <trkpt lat="44.720185" lon="9.306703"><ele>838.8</ele></trkpt>
      <trkpt lat="44.720210" lon="9.306792"><ele>839.3</ele></trkpt>
      <trkpt lat="44.720223" lon="9.306813"><ele>839.4</ele></trkpt>
      <trkpt lat="44.720248" lon="9.306875"><ele>839.8</ele></trkpt>
      <trkpt lat="44.720272" lon="9.306927"><ele>840.1</ele></trkpt>
      <trkpt lat="44.720290" lon="9.306962"><ele>840.3</ele></trkpt>
      <trkpt lat="44.720307" lon="9.306978"><ele>840.3</ele></trkpt>
      <trkpt lat="44.720327" lon="9.306990"><ele>840.4</ele></trkpt>
      <trkpt lat="44.720360" lon="9.307007"><ele>840.4</ele></trkpt>
      <trkpt lat="44.720390" lon="9.307008"><ele>840.5</ele></trkpt>
      <trkpt lat="44.720422" lon="9.307005"><ele>840.5</ele></trkpt>
      <trkpt lat="44.720455" lon="9.307000"><ele>840.5</ele></trkpt>
      <trkpt lat="44.720500" lon="9.306993"><ele>840.5</ele></trkpt>
      <trkpt lat="44.720538" lon="9.306987"><ele>840.7</ele></trkpt>
      <trkpt lat="44.720567" lon="9.306970"><ele>840.8</ele></trkpt>
      <trkpt lat="44.720592" lon="9.306953"><ele>840.9</ele></trkpt>
      <trkpt lat="44.720612" lon="9.306932"><ele>841.0</ele></trkpt>
      <trkpt lat="44.720637" lon="9.306915"><ele>841.1</ele></trkpt>
      <trkpt lat="44.720655" lon="9.306897"><ele>841.2</ele></trkpt>
      <trkpt lat="44.720670" lon="9.306877"><ele>841.3</ele></trkpt>
      <trkpt lat="44.720685" lon="9.306865"><ele>841.4</ele></trkpt>
      <trkpt lat="44.720700" lon="9.306855"><ele>841.4</ele></trkpt>
      <trkpt lat="44.720713" lon="9.306842"><ele>841.5</ele></trkpt>
      <trkpt lat="44.720725" lon="9.306832"><ele>841.6</ele></trkpt>
      <trkpt lat="44.720737" lon="9.306820"><ele>841.6</ele></trkpt>
      <trkpt lat="44.720750" lon="9.306808"><ele>841.7</ele></trkpt>
      <trkpt lat="44.720775" lon="9.306802"><ele>841.8</ele></trkpt>
      <trkpt lat="44.720793" lon="9.306795"><ele>841.9</ele></trkpt>
      <trkpt lat="44.720808" lon="9.306788"><ele>841.9</ele></trkpt>
      <trkpt lat="44.720822" lon="9.306777"><ele>842.0</ele></trkpt>
      <trkpt lat="44.720838" lon="9.306765"><ele>842.1</ele></trkpt>
      <trkpt lat="44.720853" lon="9.306757"><ele>842.1</ele></trkpt>
      <trkpt lat="44.720870" lon="9.306750"><ele>842.2</ele></trkpt>
      <trkpt lat="44.720887" lon="9.306745"><ele>842.3</ele></trkpt>
      <trkpt lat="44.720903" lon="9.306735"><ele>842.4</ele></trkpt>
      <trkpt lat="44.720920" lon="9.306725"><ele>842.5</ele></trkpt>
      <trkpt lat="44.720935" lon="9.306718"><ele>842.6</ele></trkpt>
      <trkpt lat="44.720945" lon="9.306710"><ele>842.6</ele></trkpt>
      <trkpt lat="44.720953" lon="9.306700"><ele>842.7</ele></trkpt>
      <trkpt lat="44.720965" lon="9.306688"><ele>842.8</ele></trkpt>
      <trkpt lat="44.720982" lon="9.306675"><ele>842.9</ele></trkpt>
      <trkpt lat="44.720995" lon="9.306658"><ele>843.0</ele></trkpt>
      <trkpt lat="44.721012" lon="9.306645"><ele>843.1</ele></trkpt>
      <trkpt lat="44.721023" lon="9.306630"><ele>843.2</ele></trkpt>
      <trkpt lat="44.721027" lon="9.306600"><ele>843.3</ele></trkpt>
      <trkpt lat="44.721032" lon="9.306572"><ele>843.4</ele></trkpt>
      <trkpt lat="44.721025" lon="9.306547"><ele>843.6</ele></trkpt>
      <trkpt lat="44.721035" lon="9.306530"><ele>843.7</ele></trkpt>
      <trkpt lat="44.721042" lon="9.306508"><ele>843.8</ele></trkpt>
      <trkpt lat="44.721053" lon="9.306493"><ele>843.9</ele></trkpt>
      <trkpt lat="44.721070" lon="9.306487"><ele>844.0</ele></trkpt>
      <trkpt lat="44.721087" lon="9.306475"><ele>844.1</ele></trkpt>
      <trkpt lat="44.721098" lon="9.306463"><ele>844.2</ele></trkpt>
      <trkpt lat="44.721103" lon="9.306448"><ele>844.3</ele></trkpt>
      <trkpt lat="44.721115" lon="9.306432"><ele>844.4</ele></trkpt>
      <trkpt lat="44.721130" lon="9.306420"><ele>844.5</ele></trkpt>
      <trkpt lat="44.721142" lon="9.306412"><ele>844.6</ele></trkpt>
      <trkpt lat="44.721158" lon="9.306402"><ele>844.7</ele></trkpt>
      <trkpt lat="44.721173" lon="9.306392"><ele>844.8</ele></trkpt>
      <trkpt lat="44.721190" lon="9.306395"><ele>844.9</ele></trkpt>
      <trkpt lat="44.721208" lon="9.306395"><ele>845.0</ele></trkpt>
      <trkpt lat="44.721223" lon="9.306390"><ele>845.1</ele></trkpt>
      <trkpt lat="44.721235" lon="9.306375"><ele>845.2</ele></trkpt>
      <trkpt lat="44.721245" lon="9.306362"><ele>845.3</ele></trkpt>
      <trkpt lat="44.721253" lon="9.306345"><ele>845.4</ele></trkpt>
      <trkpt lat="44.721262" lon="9.306327"><ele>845.5</ele></trkpt>
      <trkpt lat="44.721273" lon="9.306303"><ele>845.6</ele></trkpt>
      <trkpt lat="44.721283" lon="9.306277"><ele>845.8</ele></trkpt>
      <trkpt lat="44.721298" lon="9.306258"><ele>845.9</ele></trkpt>
      <trkpt lat="44.721312" lon="9.306237"><ele>846.0</ele></trkpt>
      <trkpt lat="44.721320" lon="9.306215"><ele>846.2</ele></trkpt>
      <trkpt lat="44.721325" lon="9.306190"><ele>846.3</ele></trkpt>
      <trkpt lat="44.721330" lon="9.306168"><ele>846.4</ele></trkpt>
      <trkpt lat="44.721340" lon="9.306145"><ele>846.5</ele></trkpt>
      <trkpt lat="44.721347" lon="9.306118"><ele>846.7</ele></trkpt>
      <trkpt lat="44.721358" lon="9.306093"><ele>846.8</ele></trkpt>
      <trkpt lat="44.721372" lon="9.306063"><ele>847.0</ele></trkpt>
      <trkpt lat="44.721387" lon="9.306042"><ele>847.1</ele></trkpt>
      <trkpt lat="44.721402" lon="9.306018"><ele>847.3</ele></trkpt>
      <trkpt lat="44.721410" lon="9.305990"><ele>847.4</ele></trkpt>
      <trkpt lat="44.721425" lon="9.305973"><ele>847.5</ele></trkpt>
      <trkpt lat="44.721433" lon="9.305957"><ele>847.6</ele></trkpt>
      <trkpt lat="44.721443" lon="9.305938"><ele>847.8</ele></trkpt>
      <trkpt lat="44.721457" lon="9.305920"><ele>847.9</ele></trkpt>
      <trkpt lat="44.721468" lon="9.305897"><ele>848.0</ele></trkpt>
      <trkpt lat="44.721483" lon="9.305875"><ele>848.2</ele></trkpt>
      <trkpt lat="44.721500" lon="9.305857"><ele>848.3</ele></trkpt>
      <trkpt lat="44.721520" lon="9.305843"><ele>848.5</ele></trkpt>
      <trkpt lat="44.721543" lon="9.305827"><ele>848.7</ele></trkpt>
      <trkpt lat="44.721568" lon="9.305823"><ele>848.9</ele></trkpt>
      <trkpt lat="44.721585" lon="9.305805"><ele>849.0</ele></trkpt>
      <trkpt lat="44.721608" lon="9.305808"><ele>849.2</ele></trkpt>
      <trkpt lat="44.721633" lon="9.305798"><ele>849.4</ele></trkpt>
      <trkpt lat="44.721657" lon="9.305800"><ele>849.5</ele></trkpt>
      <trkpt lat="44.721685" lon="9.305797"><ele>849.8</ele></trkpt>
      <trkpt lat="44.721702" lon="9.305798"><ele>849.9</ele></trkpt>
      <trkpt lat="44.721720" lon="9.305812"><ele>850.0</ele></trkpt>
      <trkpt lat="44.721754" lon="9.305826"><ele>850.3</ele></trkpt>
      <trkpt lat="44.721767" lon="9.305835"><ele>850.4</ele></trkpt>
      <trkpt lat="44.721790" lon="9.305835"><ele>850.6</ele></trkpt>
      <trkpt lat="44.721805" lon="9.305832"><ele>850.7</ele></trkpt>
      <trkpt lat="44.721823" lon="9.305832"><ele>850.8</ele></trkpt>
      <trkpt lat="44.721848" lon="9.305838"><ele>851.0</ele></trkpt>
      <trkpt lat="44.721870" lon="9.305848"><ele>851.1</ele></trkpt>
      <trkpt lat="44.721890" lon="9.305853"><ele>851.3</ele></trkpt>
      <trkpt lat="44.721913" lon="9.305875"><ele>851.5</ele></trkpt>
      <trkpt lat="44.721937" lon="9.305887"><ele>851.6</ele></trkpt>
      <trkpt lat="44.721950" lon="9.305900"><ele>851.7</ele></trkpt>
      <trkpt lat="44.721960" lon="9.305900"><ele>851.8</ele></trkpt>
      <trkpt lat="44.721975" lon="9.305902"><ele>851.9</ele></trkpt>
      <trkpt lat="44.721985" lon="9.305912"><ele>852.0</ele></trkpt>
      <trkpt lat="44.721997" lon="9.305917"><ele>852.1</ele></trkpt>
      <trkpt lat="44.722015" lon="9.305924"><ele>852.2</ele></trkpt>
      <trkpt lat="44.722023" lon="9.305927"><ele>852.2</ele></trkpt>
      <trkpt lat="44.722043" lon="9.305935"><ele>852.4</ele></trkpt>
      <trkpt lat="44.722053" lon="9.305933"><ele>852.4</ele></trkpt>
      <trkpt lat="44.722070" lon="9.305933"><ele>852.6</ele></trkpt>
      <trkpt lat="44.722095" lon="9.305940"><ele>852.7</ele></trkpt>
      <trkpt lat="44.722118" lon="9.305947"><ele>852.9</ele></trkpt>
      <trkpt lat="44.722135" lon="9.305958"><ele>853.0</ele></trkpt>
      <trkpt lat="44.722160" lon="9.305965"><ele>853.2</ele></trkpt>
      <trkpt lat="44.722182" lon="9.305977"><ele>853.4</ele></trkpt>
      <trkpt lat="44.722202" lon="9.305987"><ele>853.6</ele></trkpt>
      <trkpt lat="44.722213" lon="9.306003"><ele>853.7</ele></trkpt>
      <trkpt lat="44.722232" lon="9.306015"><ele>853.8</ele></trkpt>
      <trkpt lat="44.722252" lon="9.306023"><ele>854.0</ele></trkpt>
      <trkpt lat="44.722268" lon="9.306037"><ele>854.1</ele></trkpt>
      <trkpt lat="44.722288" lon="9.306047"><ele>854.3</ele></trkpt>
      <trkpt lat="44.722307" lon="9.306058"><ele>854.5</ele></trkpt>
      <trkpt lat="44.722320" lon="9.306070"><ele>854.6</ele></trkpt>
      <trkpt lat="44.722333" lon="9.306082"><ele>854.7</ele></trkpt>
      <trkpt lat="44.722348" lon="9.306097"><ele>854.8</ele></trkpt>
      <trkpt lat="44.722357" lon="9.306113"><ele>854.9</ele></trkpt>
      <trkpt lat="44.722372" lon="9.306138"><ele>855.1</ele></trkpt>
      <trkpt lat="44.722385" lon="9.306155"><ele>855.2</ele></trkpt>
      <trkpt lat="44.722400" lon="9.306168"><ele>855.4</ele></trkpt>
      <trkpt lat="44.722413" lon="9.306175"><ele>855.5</ele></trkpt>
      <trkpt lat="44.722425" lon="9.306187"><ele>855.5</ele></trkpt>
      <trkpt lat="44.722435" lon="9.306205"><ele>855.7</ele></trkpt>
      <trkpt lat="44.722445" lon="9.306222"><ele>855.8</ele></trkpt>
      <trkpt lat="44.722455" lon="9.306238"><ele>855.9</ele></trkpt>
      <trkpt lat="44.722467" lon="9.306267"><ele>856.0</ele></trkpt>
      <trkpt lat="44.722472" lon="9.306278"><ele>856.1</ele></trkpt>
      <trkpt lat="44.722483" lon="9.306293"><ele>856.2</ele></trkpt>
      <trkpt lat="44.722492" lon="9.306312"><ele>856.3</ele></trkpt>
      <trkpt lat="44.722500" lon="9.306323"><ele>856.3</ele></trkpt>
      <trkpt lat="44.722510" lon="9.306337"><ele>856.4</ele></trkpt>
      <trkpt lat="44.722517" lon="9.306352"><ele>856.5</ele></trkpt>
      <trkpt lat="44.722527" lon="9.306380"><ele>856.7</ele></trkpt>
      <trkpt lat="44.722533" lon="9.306403"><ele>856.8</ele></trkpt>
      <trkpt lat="44.722535" lon="9.306420"><ele>856.8</ele></trkpt>
      <trkpt lat="44.722542" lon="9.306442"><ele>856.9</ele></trkpt>
      <trkpt lat="44.722548" lon="9.306465"><ele>857.1</ele></trkpt>
      <trkpt lat="44.722548" lon="9.306482"><ele>857.1</ele></trkpt>
      <trkpt lat="44.722557" lon="9.306523"><ele>857.3</ele></trkpt>
      <trkpt lat="44.722563" lon="9.306567"><ele>857.5</ele></trkpt>
      <trkpt lat="44.722572" lon="9.306598"><ele>857.7</ele></trkpt>
      <trkpt lat="44.722578" lon="9.306625"><ele>857.8</ele></trkpt>
      <trkpt lat="44.722582" lon="9.306645"><ele>857.9</ele></trkpt>
      <trkpt lat="44.722587" lon="9.306667"><ele>858.0</ele></trkpt>
      <trkpt lat="44.722592" lon="9.306693"><ele>858.1</ele></trkpt>
      <trkpt lat="44.722593" lon="9.306728"><ele>858.3</ele></trkpt>
      <trkpt lat="44.722597" lon="9.306772"><ele>858.5</ele></trkpt>
      <trkpt lat="44.722597" lon="9.306810"><ele>858.7</ele></trkpt>
      <trkpt lat="44.722597" lon="9.306838"><ele>858.8</ele></trkpt>
      <trkpt lat="44.722595" lon="9.306862"><ele>859.0</ele></trkpt>
      <trkpt lat="44.722597" lon="9.306885"><ele>859.1</ele></trkpt>
      <trkpt lat="44.722602" lon="9.306910"><ele>859.2</ele></trkpt>
      <trkpt lat="44.722605" lon="9.306938"><ele>859.4</ele></trkpt>
      <trkpt lat="44.722608" lon="9.306958"><ele>859.5</ele></trkpt>
      <trkpt lat="44.722608" lon="9.306980"><ele>859.6</ele></trkpt>
      <trkpt lat="44.722609" lon="9.307017"><ele>859.8</ele></trkpt>
      <trkpt lat="44.722608" lon="9.307030"><ele>859.9</ele></trkpt>
      <trkpt lat="44.722607" lon="9.307050"><ele>860.0</ele></trkpt>
      <trkpt lat="44.722608" lon="9.307077"><ele>860.1</ele></trkpt>
      <trkpt lat="44.722608" lon="9.307102"><ele>860.2</ele></trkpt>
      <trkpt lat="44.722607" lon="9.307127"><ele>860.4</ele></trkpt>
      <trkpt lat="44.722610" lon="9.307153"><ele>860.5</ele></trkpt>
      <trkpt lat="44.722612" lon="9.307182"><ele>860.7</ele></trkpt>
      <trkpt lat="44.722613" lon="9.307210"><ele>860.8</ele></trkpt>
      <trkpt lat="44.722615" lon="9.307232"><ele>860.9</ele></trkpt>
      <trkpt lat="44.722617" lon="9.307253"><ele>861.1</ele></trkpt>
      <trkpt lat="44.722622" lon="9.307277"><ele>861.2</ele></trkpt>
      <trkpt lat="44.722625" lon="9.307300"><ele>861.3</ele></trkpt>
      <trkpt lat="44.722625" lon="9.307327"><ele>861.5</ele></trkpt>
      <trkpt lat="44.722628" lon="9.307355"><ele>861.6</ele></trkpt>
      <trkpt lat="44.722630" lon="9.307378"><ele>861.7</ele></trkpt>
      <trkpt lat="44.722628" lon="9.307395"><ele>861.8</ele></trkpt>
      <trkpt lat="44.722625" lon="9.307413"><ele>861.9</ele></trkpt>
      <trkpt lat="44.722625" lon="9.307437"><ele>862.1</ele></trkpt>
      <trkpt lat="44.722623" lon="9.307462"><ele>862.2</ele></trkpt>
      <trkpt lat="44.722613" lon="9.307490"><ele>862.4</ele></trkpt>
      <trkpt lat="44.722610" lon="9.307513"><ele>862.5</ele></trkpt>
      <trkpt lat="44.722607" lon="9.307540"><ele>862.6</ele></trkpt>
      <trkpt lat="44.722600" lon="9.307572"><ele>862.8</ele></trkpt>
      <trkpt lat="44.722597" lon="9.307593"><ele>862.9</ele></trkpt>
      <trkpt lat="44.722595" lon="9.307618"><ele>863.1</ele></trkpt>
      <trkpt lat="44.722592" lon="9.307643"><ele>863.2</ele></trkpt>
      <trkpt lat="44.722592" lon="9.307668"><ele>863.3</ele></trkpt>
      <trkpt lat="44.722590" lon="9.307692"><ele>863.5</ele></trkpt>
      <trkpt lat="44.722592" lon="9.307713"><ele>863.6</ele></trkpt>
      <trkpt lat="44.722593" lon="9.307732"><ele>863.7</ele></trkpt>
      <trkpt lat="44.722592" lon="9.307753"><ele>863.8</ele></trkpt>
      <trkpt lat="44.722593" lon="9.307775"><ele>863.9</ele></trkpt>
      <trkpt lat="44.722592" lon="9.307798"><ele>864.0</ele></trkpt>
      <trkpt lat="44.722593" lon="9.307820"><ele>864.2</ele></trkpt>
      <trkpt lat="44.722593" lon="9.307838"><ele>864.3</ele></trkpt>
      <trkpt lat="44.722593" lon="9.307860"><ele>864.4</ele></trkpt>
      <trkpt lat="44.722593" lon="9.307882"><ele>864.5</ele></trkpt>
      <trkpt lat="44.722595" lon="9.307903"><ele>864.6</ele></trkpt>
      <trkpt lat="44.722597" lon="9.307925"><ele>864.7</ele></trkpt>
      <trkpt lat="44.722597" lon="9.307943"><ele>864.8</ele></trkpt>
      <trkpt lat="44.722597" lon="9.307962"><ele>864.9</ele></trkpt>
      <trkpt lat="44.722588" lon="9.307987"><ele>865.1</ele></trkpt>
      <trkpt lat="44.722580" lon="9.308010"><ele>865.2</ele></trkpt>
      <trkpt lat="44.722570" lon="9.308037"><ele>865.4</ele></trkpt>
      <trkpt lat="44.722560" lon="9.308063"><ele>865.6</ele></trkpt>
      <trkpt lat="44.722550" lon="9.308087"><ele>865.7</ele></trkpt>
      <trkpt lat="44.722543" lon="9.308105"><ele>865.9</ele></trkpt>
      <trkpt lat="44.722540" lon="9.308122"><ele>865.9</ele></trkpt>
      <trkpt lat="44.722543" lon="9.308138"><ele>866.0</ele></trkpt>
      <trkpt lat="44.722547" lon="9.308158"><ele>866.2</ele></trkpt>
      <trkpt lat="44.722543" lon="9.308187"><ele>866.3</ele></trkpt>
      <trkpt lat="44.722537" lon="9.308215"><ele>866.5</ele></trkpt>
      <trkpt lat="44.722532" lon="9.308240"><ele>866.6</ele></trkpt>
      <trkpt lat="44.722535" lon="9.308260"><ele>866.7</ele></trkpt>
      <trkpt lat="44.722537" lon="9.308288"><ele>866.9</ele></trkpt>
      <trkpt lat="44.722538" lon="9.308320"><ele>867.1</ele></trkpt>
      <trkpt lat="44.722540" lon="9.308347"><ele>867.2</ele></trkpt>
      <trkpt lat="44.722533" lon="9.308370"><ele>867.3</ele></trkpt>
      <trkpt lat="44.722527" lon="9.308398"><ele>867.5</ele></trkpt>
      <trkpt lat="44.722520" lon="9.308428"><ele>867.7</ele></trkpt>
      <trkpt lat="44.722522" lon="9.308462"><ele>867.9</ele></trkpt>
      <trkpt lat="44.722527" lon="9.308493"><ele>868.0</ele></trkpt>
      <trkpt lat="44.722532" lon="9.308520"><ele>868.2</ele></trkpt>
      <trkpt lat="44.722535" lon="9.308545"><ele>868.3</ele></trkpt>
      <trkpt lat="44.722530" lon="9.308572"><ele>868.5</ele></trkpt>
      <trkpt lat="44.722525" lon="9.308597"><ele>868.6</ele></trkpt>
      <trkpt lat="44.722517" lon="9.308620"><ele>868.8</ele></trkpt>
      <trkpt lat="44.722523" lon="9.308640"><ele>868.9</ele></trkpt>
      <trkpt lat="44.722547" lon="9.308667"><ele>869.1</ele></trkpt>
      <trkpt lat="44.722560" lon="9.308683"><ele>869.2</ele></trkpt>
      <trkpt lat="44.722582" lon="9.308702"><ele>869.4</ele></trkpt>
      <trkpt lat="44.722598" lon="9.308717"><ele>869.6</ele></trkpt>
      <trkpt lat="44.722608" lon="9.308730"><ele>869.7</ele></trkpt>
      <trkpt lat="44.722622" lon="9.308742"><ele>869.8</ele></trkpt>
      <trkpt lat="44.722637" lon="9.308753"><ele>869.9</ele></trkpt>
      <trkpt lat="44.722655" lon="9.308760"><ele>870.1</ele></trkpt>
      <trkpt lat="44.722673" lon="9.308765"><ele>870.2</ele></trkpt>
      <trkpt lat="44.722685" lon="9.308767"><ele>870.3</ele></trkpt>
      <trkpt lat="44.722692" lon="9.308763"><ele>870.4</ele></trkpt>
      <trkpt lat="44.722710" lon="9.308775"><ele>870.5</ele></trkpt>
      <trkpt lat="44.722723" lon="9.308788"><ele>870.6</ele></trkpt>
      <trkpt lat="44.722738" lon="9.308797"><ele>870.8</ele></trkpt>
      <trkpt lat="44.722753" lon="9.308805"><ele>870.9</ele></trkpt>
      <trkpt lat="44.722775" lon="9.308813"><ele>871.1</ele></trkpt>
      <trkpt lat="44.722795" lon="9.308823"><ele>871.2</ele></trkpt>
      <trkpt lat="44.722808" lon="9.308830"><ele>871.3</ele></trkpt>
      <trkpt lat="44.722820" lon="9.308837"><ele>871.5</ele></trkpt>
      <trkpt lat="44.722837" lon="9.308854"><ele>871.6</ele></trkpt>
      <trkpt lat="44.722842" lon="9.308860"><ele>871.7</ele></trkpt>
      <trkpt lat="44.722855" lon="9.308875"><ele>871.8</ele></trkpt>
      <trkpt lat="44.722868" lon="9.308888"><ele>871.9</ele></trkpt>
      <trkpt lat="44.722878" lon="9.308900"><ele>872.0</ele></trkpt>
      <trkpt lat="44.722887" lon="9.308918"><ele>872.2</ele></trkpt>
      <trkpt lat="44.722897" lon="9.308935"><ele>872.3</ele></trkpt>
      <trkpt lat="44.722907" lon="9.308957"><ele>872.4</ele></trkpt>
      <trkpt lat="44.722915" lon="9.308973"><ele>872.6</ele></trkpt>
      <trkpt lat="44.722918" lon="9.308995"><ele>872.7</ele></trkpt>
      <trkpt lat="44.722920" lon="9.309018"><ele>872.8</ele></trkpt>
      <trkpt lat="44.722925" lon="9.309060"><ele>873.0</ele></trkpt>
      <trkpt lat="44.722932" lon="9.309095"><ele>873.2</ele></trkpt>
      <trkpt lat="44.722932" lon="9.309132"><ele>873.4</ele></trkpt>
      <trkpt lat="44.722933" lon="9.309155"><ele>873.5</ele></trkpt>
      <trkpt lat="44.722932" lon="9.309190"><ele>873.7</ele></trkpt>
      <trkpt lat="44.722935" lon="9.309227"><ele>873.9</ele></trkpt>
      <trkpt lat="44.722932" lon="9.309258"><ele>874.1</ele></trkpt>
      <trkpt lat="44.722932" lon="9.309287"><ele>874.2</ele></trkpt>
      <trkpt lat="44.722928" lon="9.309320"><ele>874.4</ele></trkpt>
      <trkpt lat="44.722927" lon="9.309348"><ele>874.5</ele></trkpt>
      <trkpt lat="44.722918" lon="9.309368"><ele>874.6</ele></trkpt>
      <trkpt lat="44.722920" lon="9.309388"><ele>874.7</ele></trkpt>
      <trkpt lat="44.722920" lon="9.309410"><ele>874.8</ele></trkpt>
      <trkpt lat="44.722920" lon="9.309447"><ele>875.0</ele></trkpt>
      <trkpt lat="44.722927" lon="9.309478"><ele>875.1</ele></trkpt>
      <trkpt lat="44.722942" lon="9.309507"><ele>875.3</ele></trkpt>
      <trkpt lat="44.722955" lon="9.309530"><ele>875.4</ele></trkpt>
      <trkpt lat="44.722968" lon="9.309557"><ele>875.6</ele></trkpt>
      <trkpt lat="44.722982" lon="9.309583"><ele>875.7</ele></trkpt>
      <trkpt lat="44.722997" lon="9.309617"><ele>875.9</ele></trkpt>
      <trkpt lat="44.723025" lon="9.309655"><ele>876.2</ele></trkpt>
      <trkpt lat="44.723047" lon="9.309678"><ele>876.3</ele></trkpt>
      <trkpt lat="44.723067" lon="9.309693"><ele>876.3</ele></trkpt>
      <trkpt lat="44.723085" lon="9.309703"><ele>876.3</ele></trkpt>
      <trkpt lat="44.723097" lon="9.309712"><ele>876.3</ele></trkpt>
      <trkpt lat="44.723108" lon="9.309718"><ele>876.3</ele></trkpt>
      <trkpt lat="44.723122" lon="9.309722"><ele>876.3</ele></trkpt>
      <trkpt lat="44.723137" lon="9.309723"><ele>876.3</ele></trkpt>
      <trkpt lat="44.723153" lon="9.309723"><ele>876.3</ele></trkpt>
      <trkpt lat="44.723170" lon="9.309722"><ele>876.4</ele></trkpt>
      <trkpt lat="44.723185" lon="9.309720"><ele>876.4</ele></trkpt>
      <trkpt lat="44.723203" lon="9.309717"><ele>876.4</ele></trkpt>
      <trkpt lat="44.723225" lon="9.309710"><ele>876.4</ele></trkpt>
      <trkpt lat="44.723247" lon="9.309700"><ele>876.4</ele></trkpt>
      <trkpt lat="44.723270" lon="9.309690"><ele>876.4</ele></trkpt>
      <trkpt lat="44.723283" lon="9.309687"><ele>876.4</ele></trkpt>
      <trkpt lat="44.723302" lon="9.309688"><ele>876.5</ele></trkpt>
      <trkpt lat="44.723323" lon="9.309692"><ele>876.6</ele></trkpt>
      <trkpt lat="44.723350" lon="9.309690"><ele>876.7</ele></trkpt>
      <trkpt lat="44.723372" lon="9.309685"><ele>876.8</ele></trkpt>
      <trkpt lat="44.723390" lon="9.309682"><ele>876.9</ele></trkpt>
      <trkpt lat="44.723410" lon="9.309673"><ele>877.0</ele></trkpt>
      <trkpt lat="44.723427" lon="9.309663"><ele>877.1</ele></trkpt>
      <trkpt lat="44.723443" lon="9.309655"><ele>877.2</ele></trkpt>
      <trkpt lat="44.723460" lon="9.309640"><ele>877.3</ele></trkpt>
      <trkpt lat="44.723477" lon="9.309640"><ele>877.4</ele></trkpt>
      <trkpt lat="44.723492" lon="9.309640"><ele>877.4</ele></trkpt>
      <trkpt lat="44.723513" lon="9.309638"><ele>877.6</ele></trkpt>
      <trkpt lat="44.723540" lon="9.309642"><ele>877.7</ele></trkpt>
      <trkpt lat="44.723563" lon="9.309635"><ele>877.8</ele></trkpt>
      <trkpt lat="44.723590" lon="9.309623"><ele>878.0</ele></trkpt>
      <trkpt lat="44.723607" lon="9.309617"><ele>878.1</ele></trkpt>
      <trkpt lat="44.723627" lon="9.309612"><ele>878.2</ele></trkpt>
      <trkpt lat="44.723647" lon="9.309607"><ele>878.3</ele></trkpt>
      <trkpt lat="44.723672" lon="9.309605"><ele>878.4</ele></trkpt>
      <trkpt lat="44.723693" lon="9.309610"><ele>878.6</ele></trkpt>
      <trkpt lat="44.723717" lon="9.309612"><ele>878.7</ele></trkpt>
      <trkpt lat="44.723738" lon="9.309618"><ele>878.8</ele></trkpt>
      <trkpt lat="44.723760" lon="9.309625"><ele>879.0</ele></trkpt>
      <trkpt lat="44.723790" lon="9.309630"><ele>879.2</ele></trkpt>
      <trkpt lat="44.723812" lon="9.309635"><ele>879.3</ele></trkpt>
      <trkpt lat="44.723833" lon="9.309637"><ele>879.5</ele></trkpt>
      <trkpt lat="44.723855" lon="9.309637"><ele>879.6</ele></trkpt>
      <trkpt lat="44.723870" lon="9.309640"><ele>879.7</ele></trkpt>
      <trkpt lat="44.723882" lon="9.309640"><ele>879.8</ele></trkpt>
      <trkpt lat="44.723897" lon="9.309645"><ele>879.9</ele></trkpt>
      <trkpt lat="44.723917" lon="9.309655"><ele>880.1</ele></trkpt>
      <trkpt lat="44.723938" lon="9.309652"><ele>880.2</ele></trkpt>
      <trkpt lat="44.723960" lon="9.309665"><ele>880.4</ele></trkpt>
      <trkpt lat="44.723978" lon="9.309675"><ele>880.5</ele></trkpt>
      <trkpt lat="44.724030" lon="9.309688"><ele>880.9</ele></trkpt>
      <trkpt lat="44.724048" lon="9.309697"><ele>881.0</ele></trkpt>
      <trkpt lat="44.724078" lon="9.309725"><ele>881.3</ele></trkpt>
      <trkpt lat="44.724107" lon="9.309755"><ele>881.5</ele></trkpt>
      <trkpt lat="44.724133" lon="9.309785"><ele>881.8</ele></trkpt>
      <trkpt lat="44.724170" lon="9.309810"><ele>882.0</ele></trkpt>
      <trkpt lat="44.724198" lon="9.309832"><ele>882.3</ele></trkpt>
      <trkpt lat="44.724222" lon="9.309852"><ele>882.4</ele></trkpt>
      <trkpt lat="44.724242" lon="9.309877"><ele>882.6</ele></trkpt>
      <trkpt lat="44.724268" lon="9.309905"><ele>882.8</ele></trkpt>
      <trkpt lat="44.724293" lon="9.309925"><ele>883.0</ele></trkpt>
      <trkpt lat="44.724312" lon="9.309937"><ele>883.1</ele></trkpt>
      <trkpt lat="44.724342" lon="9.309952"><ele>883.3</ele></trkpt>
      <trkpt lat="44.724370" lon="9.309965"><ele>883.5</ele></trkpt>
      <trkpt lat="44.724403" lon="9.309982"><ele>883.5</ele></trkpt>
      <trkpt lat="44.724432" lon="9.309995"><ele>883.4</ele></trkpt>
      <trkpt lat="44.724467" lon="9.310008"><ele>883.7</ele></trkpt>
      <trkpt lat="44.724492" lon="9.310018"><ele>883.8</ele></trkpt>
      <trkpt lat="44.724527" lon="9.310025"><ele>884.0</ele></trkpt>
      <trkpt lat="44.724562" lon="9.310025"><ele>884.2</ele></trkpt>
      <trkpt lat="44.724597" lon="9.310020"><ele>884.4</ele></trkpt>
      <trkpt lat="44.724630" lon="9.310013"><ele>884.6</ele></trkpt>
      <trkpt lat="44.724662" lon="9.310003"><ele>884.7</ele></trkpt>
      <trkpt lat="44.724695" lon="9.309990"><ele>884.9</ele></trkpt>
      <trkpt lat="44.724732" lon="9.309972"><ele>885.1</ele></trkpt>
      <trkpt lat="44.724767" lon="9.309955"><ele>885.3</ele></trkpt>
      <trkpt lat="44.724800" lon="9.309938"><ele>885.5</ele></trkpt>
      <trkpt lat="44.724830" lon="9.309918"><ele>885.6</ele></trkpt>
      <trkpt lat="44.724853" lon="9.309895"><ele>885.8</ele></trkpt>
      <trkpt lat="44.724878" lon="9.309867"><ele>885.9</ele></trkpt>
      <trkpt lat="44.724902" lon="9.309840"><ele>886.1</ele></trkpt>
      <trkpt lat="44.724927" lon="9.309813"><ele>886.2</ele></trkpt>
      <trkpt lat="44.724955" lon="9.309788"><ele>886.4</ele></trkpt>
      <trkpt lat="44.724987" lon="9.309765"><ele>886.5</ele></trkpt>
      <trkpt lat="44.725018" lon="9.309742"><ele>886.7</ele></trkpt>
      <trkpt lat="44.725047" lon="9.309717"><ele>886.8</ele></trkpt>
      <trkpt lat="44.725077" lon="9.309697"><ele>887.0</ele></trkpt>
      <trkpt lat="44.725103" lon="9.309678"><ele>887.1</ele></trkpt>
      <trkpt lat="44.725128" lon="9.309667"><ele>887.2</ele></trkpt>
      <trkpt lat="44.725150" lon="9.309655"><ele>887.3</ele></trkpt>
      <trkpt lat="44.725172" lon="9.309643"><ele>887.3</ele></trkpt>
      <trkpt lat="44.725198" lon="9.309623"><ele>887.4</ele></trkpt>
      <trkpt lat="44.725227" lon="9.309595"><ele>887.6</ele></trkpt>
      <trkpt lat="44.725257" lon="9.309568"><ele>887.7</ele></trkpt>
      <trkpt lat="44.725287" lon="9.309542"><ele>887.8</ele></trkpt>
      <trkpt lat="44.725313" lon="9.309518"><ele>887.9</ele></trkpt>
      <trkpt lat="44.725332" lon="9.309500"><ele>887.9</ele></trkpt>
      <trkpt lat="44.725345" lon="9.309483"><ele>888.0</ele></trkpt>
      <trkpt lat="44.725355" lon="9.309472"><ele>888.0</ele></trkpt>
      <trkpt lat="44.725372" lon="9.309450"><ele>888.0</ele></trkpt>
      <trkpt lat="44.725380" lon="9.309443"><ele>888.1</ele></trkpt>
      <trkpt lat="44.725400" lon="9.309433"><ele>888.1</ele></trkpt>
      <trkpt lat="44.725418" lon="9.309418"><ele>888.1</ele></trkpt>
      <trkpt lat="44.725438" lon="9.309403"><ele>888.2</ele></trkpt>
      <trkpt lat="44.725460" lon="9.309390"><ele>888.3</ele></trkpt>
      <trkpt lat="44.725480" lon="9.309377"><ele>888.3</ele></trkpt>
      <trkpt lat="44.725502" lon="9.309368"><ele>888.4</ele></trkpt>
      <trkpt lat="44.725520" lon="9.309360"><ele>888.4</ele></trkpt>
      <trkpt lat="44.725537" lon="9.309347"><ele>888.4</ele></trkpt>
      <trkpt lat="44.725553" lon="9.309333"><ele>888.5</ele></trkpt>
      <trkpt lat="44.725573" lon="9.309325"><ele>888.6</ele></trkpt>
      <trkpt lat="44.725595" lon="9.309318"><ele>888.7</ele></trkpt>
      <trkpt lat="44.725623" lon="9.309302"><ele>888.9</ele></trkpt>
      <trkpt lat="44.725632" lon="9.309297"><ele>888.9</ele></trkpt>
      <trkpt lat="44.725647" lon="9.309290"><ele>889.0</ele></trkpt>
      <trkpt lat="44.725663" lon="9.309290"><ele>889.1</ele></trkpt>
      <trkpt lat="44.725677" lon="9.309293"><ele>889.2</ele></trkpt>
      <trkpt lat="44.725688" lon="9.309295"><ele>889.2</ele></trkpt>
      <trkpt lat="44.725715" lon="9.309300"><ele>889.4</ele></trkpt>
      <trkpt lat="44.725733" lon="9.309300"><ele>889.4</ele></trkpt>
      <trkpt lat="44.725768" lon="9.309320"><ele>889.6</ele></trkpt>
      <trkpt lat="44.725785" lon="9.309322"><ele>889.7</ele></trkpt>
      <trkpt lat="44.725803" lon="9.309323"><ele>889.8</ele></trkpt>
      <trkpt lat="44.725837" lon="9.309327"><ele>890.0</ele></trkpt>
      <trkpt lat="44.725869" lon="9.309317"><ele>890.1</ele></trkpt>
      <trkpt lat="44.725883" lon="9.309313"><ele>890.2</ele></trkpt>
      <trkpt lat="44.725913" lon="9.309312"><ele>890.3</ele></trkpt>
      <trkpt lat="44.725947" lon="9.309318"><ele>890.5</ele></trkpt>
      <trkpt lat="44.725978" lon="9.309317"><ele>890.6</ele></trkpt>
      <trkpt lat="44.726017" lon="9.309318"><ele>890.8</ele></trkpt>
      <trkpt lat="44.726050" lon="9.309320"><ele>890.9</ele></trkpt>
      <trkpt lat="44.726080" lon="9.309323"><ele>891.0</ele></trkpt>
      <trkpt lat="44.726117" lon="9.309333"><ele>891.2</ele></trkpt>
      <trkpt lat="44.726145" lon="9.309333"><ele>891.3</ele></trkpt>
      <trkpt lat="44.726172" lon="9.309335"><ele>891.5</ele></trkpt>
      <trkpt lat="44.726218" lon="9.309357"><ele>891.7</ele></trkpt>
      <trkpt lat="44.726245" lon="9.309360"><ele>891.8</ele></trkpt>
      <trkpt lat="44.726267" lon="9.309357"><ele>891.9</ele></trkpt>
      <trkpt lat="44.726288" lon="9.309348"><ele>892.0</ele></trkpt>
      <trkpt lat="44.726338" lon="9.309325"><ele>892.2</ele></trkpt>
      <trkpt lat="44.726375" lon="9.309307"><ele>892.3</ele></trkpt>
      <trkpt lat="44.726417" lon="9.309295"><ele>892.4</ele></trkpt>
      <trkpt lat="44.726442" lon="9.309275"><ele>892.5</ele></trkpt>
      <trkpt lat="44.726467" lon="9.309245"><ele>892.6</ele></trkpt>
      <trkpt lat="44.726492" lon="9.309213"><ele>892.6</ele></trkpt>
      <trkpt lat="44.726520" lon="9.309183"><ele>892.7</ele></trkpt>
      <trkpt lat="44.726553" lon="9.309158"><ele>892.8</ele></trkpt>
      <trkpt lat="44.726573" lon="9.309133"><ele>892.8</ele></trkpt>
      <trkpt lat="44.726603" lon="9.309115"><ele>892.9</ele></trkpt>
      <trkpt lat="44.726623" lon="9.309090"><ele>892.9</ele></trkpt>
      <trkpt lat="44.726645" lon="9.309072"><ele>893.0</ele></trkpt>
      <trkpt lat="44.726675" lon="9.309060"><ele>893.0</ele></trkpt>
      <trkpt lat="44.726698" lon="9.309045"><ele>893.0</ele></trkpt>
      <trkpt lat="44.726715" lon="9.309018"><ele>893.1</ele></trkpt>
      <trkpt lat="44.726730" lon="9.308992"><ele>893.1</ele></trkpt>
      <trkpt lat="44.726745" lon="9.308965"><ele>893.2</ele></trkpt>
      <trkpt lat="44.726762" lon="9.308938"><ele>893.2</ele></trkpt>
      <trkpt lat="44.726785" lon="9.308908"><ele>893.3</ele></trkpt>
      <trkpt lat="44.726807" lon="9.308880"><ele>893.3</ele></trkpt>
      <trkpt lat="44.726827" lon="9.308853"><ele>893.4</ele></trkpt>
      <trkpt lat="44.726838" lon="9.308812"><ele>893.4</ele></trkpt>
      <trkpt lat="44.726855" lon="9.308785"><ele>893.4</ele></trkpt>
      <trkpt lat="44.726870" lon="9.308760"><ele>893.5</ele></trkpt>
      <trkpt lat="44.726892" lon="9.308743"><ele>893.5</ele></trkpt>
      <trkpt lat="44.726917" lon="9.308728"><ele>893.5</ele></trkpt>
      <trkpt lat="44.726945" lon="9.308718"><ele>893.6</ele></trkpt>
      <trkpt lat="44.726982" lon="9.308717"><ele>893.6</ele></trkpt>
      <trkpt lat="44.727028" lon="9.308706"><ele>893.7</ele></trkpt>
      <trkpt lat="44.727043" lon="9.308702"><ele>893.7</ele></trkpt>
      <trkpt lat="44.727078" lon="9.308693"><ele>893.7</ele></trkpt>
      <trkpt lat="44.727112" lon="9.308688"><ele>893.8</ele></trkpt>
      <trkpt lat="44.727148" lon="9.308657"><ele>893.8</ele></trkpt>
      <trkpt lat="44.727183" lon="9.308647"><ele>893.9</ele></trkpt>
      <trkpt lat="44.727215" lon="9.308645"><ele>893.9</ele></trkpt>
      <trkpt lat="44.727240" lon="9.308645"><ele>893.9</ele></trkpt>
      <trkpt lat="44.727265" lon="9.308645"><ele>894.0</ele></trkpt>
      <trkpt lat="44.727292" lon="9.308645"><ele>894.0</ele></trkpt>
      <trkpt lat="44.727328" lon="9.308648"><ele>894.0</ele></trkpt>
      <trkpt lat="44.727358" lon="9.308648"><ele>894.0</ele></trkpt>
      <trkpt lat="44.727402" lon="9.308653"><ele>894.0</ele></trkpt>
      <trkpt lat="44.727432" lon="9.308652"><ele>894.0</ele></trkpt>
      <trkpt lat="44.727468" lon="9.308657"><ele>894.0</ele></trkpt>
      <trkpt lat="44.727510" lon="9.308660"><ele>894.0</ele></trkpt>
      <trkpt lat="44.727547" lon="9.308660"><ele>894.0</ele></trkpt>
      <trkpt lat="44.727587" lon="9.308668"><ele>894.0</ele></trkpt>
      <trkpt lat="44.727628" lon="9.308688"><ele>894.1</ele></trkpt>
      <trkpt lat="44.727678" lon="9.308717"><ele>894.1</ele></trkpt>
      <trkpt lat="44.727718" lon="9.308742"><ele>894.1</ele></trkpt>
      <trkpt lat="44.727750" lon="9.308763"><ele>894.1</ele></trkpt>
      <trkpt lat="44.727782" lon="9.308787"><ele>894.1</ele></trkpt>
      <trkpt lat="44.727815" lon="9.308812"><ele>894.2</ele></trkpt>
      <trkpt lat="44.727853" lon="9.308832"><ele>894.2</ele></trkpt>
      <trkpt lat="44.727878" lon="9.308857"><ele>894.2</ele></trkpt>
      <trkpt lat="44.727910" lon="9.308878"><ele>894.2</ele></trkpt>
      <trkpt lat="44.727945" lon="9.308897"><ele>894.3</ele></trkpt>
      <trkpt lat="44.727999" lon="9.308915"><ele>894.3</ele></trkpt>
      <trkpt lat="44.728017" lon="9.308923"><ele>894.3</ele></trkpt>
      <trkpt lat="44.728045" lon="9.308943"><ele>894.4</ele></trkpt>
      <trkpt lat="44.728075" lon="9.308960"><ele>894.4</ele></trkpt>
      <trkpt lat="44.728097" lon="9.308975"><ele>894.4</ele></trkpt>
      <trkpt lat="44.728112" lon="9.308988"><ele>894.5</ele></trkpt>
      <trkpt lat="44.728130" lon="9.308995"><ele>894.5</ele></trkpt>
      <trkpt lat="44.728147" lon="9.309002"><ele>894.5</ele></trkpt>
      <trkpt lat="44.728167" lon="9.309012"><ele>894.5</ele></trkpt>
      <trkpt lat="44.728187" lon="9.309028"><ele>894.6</ele></trkpt>
      <trkpt lat="44.728205" lon="9.309043"><ele>894.7</ele></trkpt>
      <trkpt lat="44.728223" lon="9.309055"><ele>894.9</ele></trkpt>
      <trkpt lat="44.728242" lon="9.309063"><ele>895.0</ele></trkpt>
      <trkpt lat="44.728260" lon="9.309072"><ele>895.2</ele></trkpt>
      <trkpt lat="44.728285" lon="9.309085"><ele>895.4</ele></trkpt>
      <trkpt lat="44.728312" lon="9.309100"><ele>895.6</ele></trkpt>
      <trkpt lat="44.728337" lon="9.309108"><ele>895.8</ele></trkpt>
      <trkpt lat="44.728362" lon="9.309117"><ele>896.0</ele></trkpt>
      <trkpt lat="44.728385" lon="9.309128"><ele>896.2</ele></trkpt>
      <trkpt lat="44.728407" lon="9.309140"><ele>896.4</ele></trkpt>
      <trkpt lat="44.728423" lon="9.309153"><ele>896.4</ele></trkpt>
      <trkpt lat="44.728437" lon="9.309157"><ele>896.4</ele></trkpt>
      <trkpt lat="44.728453" lon="9.309167"><ele>896.4</ele></trkpt>
      <trkpt lat="44.728472" lon="9.309180"><ele>896.4</ele></trkpt>
      <trkpt lat="44.728495" lon="9.309163"><ele>896.4</ele></trkpt>
      <trkpt lat="44.728512" lon="9.309175"><ele>896.4</ele></trkpt>
      <trkpt lat="44.728538" lon="9.309203"><ele>896.3</ele></trkpt>
      <trkpt lat="44.728567" lon="9.309225"><ele>896.3</ele></trkpt>
      <trkpt lat="44.728585" lon="9.309250"><ele>896.4</ele></trkpt>
      <trkpt lat="44.728613" lon="9.309277"><ele>896.5</ele></trkpt>
      <trkpt lat="44.728637" lon="9.309300"><ele>896.6</ele></trkpt>
      <trkpt lat="44.728660" lon="9.309318"><ele>896.7</ele></trkpt>
      <trkpt lat="44.728692" lon="9.309335"><ele>896.8</ele></trkpt>
      <trkpt lat="44.728727" lon="9.309355"><ele>897.0</ele></trkpt>
      <trkpt lat="44.728758" lon="9.309373"><ele>897.1</ele></trkpt>
      <trkpt lat="44.728790" lon="9.309390"><ele>897.2</ele></trkpt>
      <trkpt lat="44.728825" lon="9.309407"><ele>897.4</ele></trkpt>
      <trkpt lat="44.728858" lon="9.309422"><ele>897.5</ele></trkpt>
      <trkpt lat="44.728897" lon="9.309440"><ele>897.7</ele></trkpt>
      <trkpt lat="44.728940" lon="9.309458"><ele>897.8</ele></trkpt>
      <trkpt lat="44.728975" lon="9.309470"><ele>898.0</ele></trkpt>
      <trkpt lat="44.729007" lon="9.309487"><ele>898.1</ele></trkpt>
      <trkpt lat="44.729032" lon="9.309503"><ele>898.3</ele></trkpt>
      <trkpt lat="44.729055" lon="9.309518"><ele>898.4</ele></trkpt>
      <trkpt lat="44.729075" lon="9.309525"><ele>898.5</ele></trkpt>
      <trkpt lat="44.729088" lon="9.309530"><ele>898.5</ele></trkpt>
      <trkpt lat="44.729105" lon="9.309532"><ele>898.6</ele></trkpt>
      <trkpt lat="44.729127" lon="9.309535"><ele>898.7</ele></trkpt>
      <trkpt lat="44.729147" lon="9.309547"><ele>898.9</ele></trkpt>
      <trkpt lat="44.729170" lon="9.309567"><ele>899.0</ele></trkpt>
      <trkpt lat="44.729190" lon="9.309580"><ele>899.1</ele></trkpt>
      <trkpt lat="44.729212" lon="9.309595"><ele>899.3</ele></trkpt>
      <trkpt lat="44.729233" lon="9.309615"><ele>899.4</ele></trkpt>
      <trkpt lat="44.729252" lon="9.309637"><ele>899.6</ele></trkpt>
      <trkpt lat="44.729268" lon="9.309655"><ele>899.7</ele></trkpt>
      <trkpt lat="44.729278" lon="9.309675"><ele>899.8</ele></trkpt>
      <trkpt lat="44.729288" lon="9.309687"><ele>899.9</ele></trkpt>
      <trkpt lat="44.729303" lon="9.309700"><ele>900.0</ele></trkpt>
      <trkpt lat="44.729323" lon="9.309717"><ele>900.2</ele></trkpt>
      <trkpt lat="44.729343" lon="9.309733"><ele>900.3</ele></trkpt>
      <trkpt lat="44.729372" lon="9.309754"><ele>900.6</ele></trkpt>
      <trkpt lat="44.729382" lon="9.309760"><ele>900.6</ele></trkpt>
      <trkpt lat="44.729397" lon="9.309777"><ele>900.8</ele></trkpt>
      <trkpt lat="44.729420" lon="9.309795"><ele>901.0</ele></trkpt>
      <trkpt lat="44.729447" lon="9.309820"><ele>901.2</ele></trkpt>
      <trkpt lat="44.729472" lon="9.309843"><ele>901.4</ele></trkpt>
      <trkpt lat="44.729497" lon="9.309858"><ele>901.6</ele></trkpt>
      <trkpt lat="44.729517" lon="9.309867"><ele>901.7</ele></trkpt>
      <trkpt lat="44.729542" lon="9.309882"><ele>901.9</ele></trkpt>
      <trkpt lat="44.729567" lon="9.309897"><ele>902.1</ele></trkpt>
      <trkpt lat="44.729593" lon="9.309913"><ele>902.3</ele></trkpt>
      <trkpt lat="44.729598" lon="9.309920"><ele>902.4</ele></trkpt>
      <trkpt lat="44.729620" lon="9.309933"><ele>902.5</ele></trkpt>
      <trkpt lat="44.729652" lon="9.309947"><ele>902.7</ele></trkpt>
      <trkpt lat="44.729678" lon="9.309960"><ele>902.9</ele></trkpt>
      <trkpt lat="44.729707" lon="9.309975"><ele>903.1</ele></trkpt>
      <trkpt lat="44.729740" lon="9.309993"><ele>903.2</ele></trkpt>
      <trkpt lat="44.729770" lon="9.310007"><ele>903.3</ele></trkpt>
      <trkpt lat="44.729793" lon="9.310020"><ele>903.3</ele></trkpt>
      <trkpt lat="44.729820" lon="9.310028"><ele>903.4</ele></trkpt>
      <trkpt lat="44.729848" lon="9.310042"><ele>903.4</ele></trkpt>
      <trkpt lat="44.729877" lon="9.310055"><ele>903.5</ele></trkpt>
      <trkpt lat="44.729907" lon="9.310063"><ele>903.6</ele></trkpt>
      <trkpt lat="44.729923" lon="9.310068"><ele>903.7</ele></trkpt>
      <trkpt lat="44.729932" lon="9.310072"><ele>903.7</ele></trkpt>
      <trkpt lat="44.729950" lon="9.310083"><ele>903.8</ele></trkpt>
      <trkpt lat="44.729968" lon="9.310100"><ele>904.0</ele></trkpt>
      <trkpt lat="44.729992" lon="9.310117"><ele>904.2</ele></trkpt>
      <trkpt lat="44.730000" lon="9.310128"><ele>904.2</ele></trkpt>
      <trkpt lat="44.730010" lon="9.310133"><ele>904.3</ele></trkpt>
      <trkpt lat="44.730030" lon="9.310140"><ele>904.4</ele></trkpt>
      <trkpt lat="44.730053" lon="9.310145"><ele>904.6</ele></trkpt>
      <trkpt lat="44.730078" lon="9.310152"><ele>904.7</ele></trkpt>
      <trkpt lat="44.730098" lon="9.310153"><ele>904.8</ele></trkpt>
      <trkpt lat="44.730125" lon="9.310157"><ele>905.0</ele></trkpt>
      <trkpt lat="44.730160" lon="9.310165"><ele>905.2</ele></trkpt>
      <trkpt lat="44.730185" lon="9.310175"><ele>905.4</ele></trkpt>
      <trkpt lat="44.730213" lon="9.310183"><ele>905.6</ele></trkpt>
      <trkpt lat="44.730237" lon="9.310188"><ele>905.7</ele></trkpt>
      <trkpt lat="44.730262" lon="9.310190"><ele>905.9</ele></trkpt>
      <trkpt lat="44.730287" lon="9.310190"><ele>906.1</ele></trkpt>
      <trkpt lat="44.730315" lon="9.310193"><ele>906.2</ele></trkpt>
      <trkpt lat="44.730345" lon="9.310200"><ele>906.4</ele></trkpt>
      <trkpt lat="44.730382" lon="9.310212"><ele>906.7</ele></trkpt>
      <trkpt lat="44.730417" lon="9.310220"><ele>906.9</ele></trkpt>
      <trkpt lat="44.730445" lon="9.310225"><ele>907.1</ele></trkpt>
      <trkpt lat="44.730480" lon="9.310232"><ele>907.3</ele></trkpt>
      <trkpt lat="44.730517" lon="9.310235"><ele>907.4</ele></trkpt>
      <trkpt lat="44.730550" lon="9.310242"><ele>907.6</ele></trkpt>
      <trkpt lat="44.730583" lon="9.310253"><ele>907.8</ele></trkpt>
      <trkpt lat="44.730638" lon="9.310262"><ele>908.0</ele></trkpt>
      <trkpt lat="44.730675" lon="9.310268"><ele>908.2</ele></trkpt>
      <trkpt lat="44.730725" lon="9.310272"><ele>908.3</ele></trkpt>
      <trkpt lat="44.730753" lon="9.310275"><ele>908.5</ele></trkpt>
      <trkpt lat="44.730782" lon="9.310278"><ele>908.6</ele></trkpt>
      <trkpt lat="44.730815" lon="9.310283"><ele>908.7</ele></trkpt>
      <trkpt lat="44.730850" lon="9.310288"><ele>908.8</ele></trkpt>
      <trkpt lat="44.730888" lon="9.310293"><ele>909.0</ele></trkpt>
      <trkpt lat="44.730925" lon="9.310297"><ele>909.1</ele></trkpt>
      <trkpt lat="44.730960" lon="9.310300"><ele>909.2</ele></trkpt>
      <trkpt lat="44.730990" lon="9.310300"><ele>909.3</ele></trkpt>
      <trkpt lat="44.731017" lon="9.310298"><ele>909.4</ele></trkpt>
      <trkpt lat="44.731042" lon="9.310302"><ele>909.4</ele></trkpt>
      <trkpt lat="44.731060" lon="9.310303"><ele>909.5</ele></trkpt>
      <trkpt lat="44.731078" lon="9.310308"><ele>909.5</ele></trkpt>
      <trkpt lat="44.731103" lon="9.310312"><ele>909.6</ele></trkpt>
      <trkpt lat="44.731128" lon="9.310317"><ele>909.7</ele></trkpt>
      <trkpt lat="44.731155" lon="9.310322"><ele>909.8</ele></trkpt>
      <trkpt lat="44.731185" lon="9.310327"><ele>909.9</ele></trkpt>
      <trkpt lat="44.731210" lon="9.310337"><ele>909.9</ele></trkpt>
      <trkpt lat="44.731232" lon="9.310345"><ele>910.0</ele></trkpt>
      <trkpt lat="44.731253" lon="9.310353"><ele>910.1</ele></trkpt>
      <trkpt lat="44.731277" lon="9.310362"><ele>910.1</ele></trkpt>
      <trkpt lat="44.731298" lon="9.310370"><ele>910.2</ele></trkpt>
      <trkpt lat="44.731325" lon="9.310370"><ele>910.3</ele></trkpt>
      <trkpt lat="44.731347" lon="9.310370"><ele>910.3</ele></trkpt>
      <trkpt lat="44.731368" lon="9.310382"><ele>910.4</ele></trkpt>
      <trkpt lat="44.731400" lon="9.310388"><ele>910.5</ele></trkpt>
      <trkpt lat="44.731432" lon="9.310392"><ele>910.6</ele></trkpt>
      <trkpt lat="44.731462" lon="9.310397"><ele>910.7</ele></trkpt>
      <trkpt lat="44.731498" lon="9.310405"><ele>910.7</ele></trkpt>
      <trkpt lat="44.731533" lon="9.310413"><ele>910.7</ele></trkpt>
      <trkpt lat="44.731568" lon="9.310420"><ele>910.8</ele></trkpt>
      <trkpt lat="44.731595" lon="9.310427"><ele>910.8</ele></trkpt>
      <trkpt lat="44.731620" lon="9.310435"><ele>910.8</ele></trkpt>
      <trkpt lat="44.731647" lon="9.310442"><ele>910.9</ele></trkpt>
      <trkpt lat="44.731672" lon="9.310447"><ele>910.9</ele></trkpt>
      <trkpt lat="44.731692" lon="9.310450"><ele>910.9</ele></trkpt>
      <trkpt lat="44.731712" lon="9.310462"><ele>911.0</ele></trkpt>
      <trkpt lat="44.731735" lon="9.310470"><ele>911.0</ele></trkpt>
      <trkpt lat="44.731758" lon="9.310475"><ele>911.1</ele></trkpt>
      <trkpt lat="44.731777" lon="9.310467"><ele>911.1</ele></trkpt>
      <trkpt lat="44.731798" lon="9.310463"><ele>911.1</ele></trkpt>
      <trkpt lat="44.731808" lon="9.310458"><ele>911.2</ele></trkpt>
      <trkpt lat="44.731833" lon="9.310460"><ele>911.2</ele></trkpt>
      <trkpt lat="44.731852" lon="9.310467"><ele>911.2</ele></trkpt>
      <trkpt lat="44.731882" lon="9.310473"><ele>911.3</ele></trkpt>
      <trkpt lat="44.731915" lon="9.310477"><ele>911.3</ele></trkpt>
      <trkpt lat="44.731953" lon="9.310488"><ele>911.4</ele></trkpt>
      <trkpt lat="44.731990" lon="9.310500"><ele>911.4</ele></trkpt>
      <trkpt lat="44.732038" lon="9.310513"><ele>911.5</ele></trkpt>
      <trkpt lat="44.732090" lon="9.310523"><ele>911.5</ele></trkpt>
      <trkpt lat="44.732170" lon="9.310530"><ele>911.6</ele></trkpt>
      <trkpt lat="44.732235" lon="9.310538"><ele>911.7</ele></trkpt>
      <trkpt lat="44.732275" lon="9.310545"><ele>911.8</ele></trkpt>
      <trkpt lat="44.732302" lon="9.310550"><ele>911.8</ele></trkpt>
      <trkpt lat="44.732315" lon="9.310552"><ele>911.8</ele></trkpt>
      <trkpt lat="44.732337" lon="9.310540"><ele>911.8</ele></trkpt>
      <trkpt lat="44.732378" lon="9.310532"><ele>911.9</ele></trkpt>
      <trkpt lat="44.732428" lon="9.310527"><ele>911.9</ele></trkpt>
      <trkpt lat="44.732470" lon="9.310508"><ele>912.0</ele></trkpt>
      <trkpt lat="44.732493" lon="9.310488"><ele>912.0</ele></trkpt>
      <trkpt lat="44.732503" lon="9.310473"><ele>912.0</ele></trkpt>
      <trkpt lat="44.732498" lon="9.310460"><ele>912.0</ele></trkpt>
      <trkpt lat="44.732533" lon="9.310452"><ele>912.1</ele></trkpt>
      <trkpt lat="44.732570" lon="9.310425"><ele>912.1</ele></trkpt>
      <trkpt lat="44.732608" lon="9.310415"><ele>912.1</ele></trkpt>
      <trkpt lat="44.732622" lon="9.310400"><ele>912.2</ele></trkpt>
      <trkpt lat="44.732675" lon="9.310392"><ele>912.2</ele></trkpt>
      <trkpt lat="44.732705" lon="9.310375"><ele>912.2</ele></trkpt>
      <trkpt lat="44.732738" lon="9.310367"><ele>912.3</ele></trkpt>
      <trkpt lat="44.732782" lon="9.310353"><ele>912.3</ele></trkpt>
      <trkpt lat="44.732828" lon="9.310333"><ele>912.3</ele></trkpt>
      <trkpt lat="44.732872" lon="9.310315"><ele>912.4</ele></trkpt>
      <trkpt lat="44.732913" lon="9.310297"><ele>912.4</ele></trkpt>
      <trkpt lat="44.732965" lon="9.310275"><ele>912.4</ele></trkpt>
      <trkpt lat="44.733008" lon="9.310253"><ele>912.4</ele></trkpt>
      <trkpt lat="44.733067" lon="9.310223"><ele>912.5</ele></trkpt>
      <trkpt lat="44.733087" lon="9.310215"><ele>912.5</ele></trkpt>
      <trkpt lat="44.733117" lon="9.310197"><ele>912.5</ele></trkpt>
      <trkpt lat="44.733153" lon="9.310182"><ele>912.5</ele></trkpt>
      <trkpt lat="44.733178" lon="9.310163"><ele>912.5</ele></trkpt>
      <trkpt lat="44.733233" lon="9.310148"><ele>912.5</ele></trkpt>
      <trkpt lat="44.733282" lon="9.310127"><ele>912.6</ele></trkpt>
      <trkpt lat="44.733330" lon="9.310107"><ele>912.6</ele></trkpt>
      <trkpt lat="44.733367" lon="9.310102"><ele>912.9</ele></trkpt>
      <trkpt lat="44.733407" lon="9.310095"><ele>913.3</ele></trkpt>
      <trkpt lat="44.733458" lon="9.310088"><ele>913.9</ele></trkpt>
      <trkpt lat="44.733483" lon="9.310095"><ele>914.1</ele></trkpt>
      <trkpt lat="44.733497" lon="9.310113"><ele>914.4</ele></trkpt>
      <trkpt lat="44.733544" lon="9.310144"><ele>914.9</ele></trkpt>
      <trkpt lat="44.733557" lon="9.310160"><ele>915.1</ele></trkpt>
      <trkpt lat="44.733587" lon="9.310217"><ele>915.7</ele></trkpt>
      <trkpt lat="44.733602" lon="9.310240"><ele>915.9</ele></trkpt>
      <trkpt lat="44.733633" lon="9.310282"><ele>916.4</ele></trkpt>
      <trkpt lat="44.733667" lon="9.310325"><ele>916.9</ele></trkpt>
      <trkpt lat="44.733680" lon="9.310372"><ele>917.3</ele></trkpt>
      <trkpt lat="44.733688" lon="9.310423"><ele>917.7</ele></trkpt>
      <trkpt lat="44.733717" lon="9.310470"><ele>918.2</ele></trkpt>
      <trkpt lat="44.733708" lon="9.310540"><ele>918.7</ele></trkpt>
      <trkpt lat="44.733737" lon="9.310582"><ele>919.2</ele></trkpt>
      <trkpt lat="44.733765" lon="9.310607"><ele>919.5</ele></trkpt>
      <trkpt lat="44.733805" lon="9.310622"><ele>920.0</ele></trkpt>
      <trkpt lat="44.733860" lon="9.310633"><ele>920.6</ele></trkpt>
      <trkpt lat="44.733923" lon="9.310635"><ele>920.6</ele></trkpt>
      <trkpt lat="44.733972" lon="9.310637"><ele>920.6</ele></trkpt>
      <trkpt lat="44.734017" lon="9.310627"><ele>920.6</ele></trkpt>
      <trkpt lat="44.734065" lon="9.310607"><ele>920.5</ele></trkpt>
      <trkpt lat="44.734130" lon="9.310563"><ele>920.4</ele></trkpt>
      <trkpt lat="44.734153" lon="9.310548"><ele>920.5</ele></trkpt>
      <trkpt lat="44.734173" lon="9.310527"><ele>920.4</ele></trkpt>
      <trkpt lat="44.734208" lon="9.310498"><ele>920.5</ele></trkpt>
      <trkpt lat="44.734242" lon="9.310462"><ele>920.3</ele></trkpt>
      <trkpt lat="44.734262" lon="9.310430"><ele>920.1</ele></trkpt>
      <trkpt lat="44.734308" lon="9.310385"><ele>920.2</ele></trkpt>
      <trkpt lat="44.734345" lon="9.310353"><ele>920.2</ele></trkpt>
      <trkpt lat="44.734365" lon="9.310322"><ele>920.3</ele></trkpt>
      <trkpt lat="44.734410" lon="9.310282"><ele>920.4</ele></trkpt>
      <trkpt lat="44.734473" lon="9.310238"><ele>920.6</ele></trkpt>
      <trkpt lat="44.734503" lon="9.310193"><ele>920.6</ele></trkpt>
      <trkpt lat="44.734522" lon="9.310150"><ele>920.7</ele></trkpt>
      <trkpt lat="44.734527" lon="9.310108"><ele>920.6</ele></trkpt>
      <trkpt lat="44.734537" lon="9.310067"><ele>920.5</ele></trkpt>
      <trkpt lat="44.734543" lon="9.310027"><ele>920.6</ele></trkpt>
      <trkpt lat="44.734522" lon="9.309992"><ele>920.4</ele></trkpt>
      <trkpt lat="44.734520" lon="9.309950"><ele>920.3</ele></trkpt>
      <trkpt lat="44.734513" lon="9.309892"><ele>920.3</ele></trkpt>
      <trkpt lat="44.734483" lon="9.309872"><ele>920.0</ele></trkpt>
      <trkpt lat="44.734493" lon="9.309835"><ele>919.9</ele></trkpt>
      <trkpt lat="44.734463" lon="9.309793"><ele>919.6</ele></trkpt>
      <trkpt lat="44.734458" lon="9.309745"><ele>919.6</ele></trkpt>
      <trkpt lat="44.734450" lon="9.309710"><ele>919.5</ele></trkpt>
      <trkpt lat="44.734435" lon="9.309678"><ele>919.2</ele></trkpt>
      <trkpt lat="44.734438" lon="9.309652"><ele>919.2</ele></trkpt>
      <trkpt lat="44.734447" lon="9.309630"><ele>919.1</ele></trkpt>
      <trkpt lat="44.734452" lon="9.309580"><ele>919.4</ele></trkpt>
      <trkpt lat="44.734475" lon="9.309558"><ele>919.4</ele></trkpt>
      <trkpt lat="44.734487" lon="9.309523"><ele>919.6</ele></trkpt>
      <trkpt lat="44.734493" lon="9.309495"><ele>919.5</ele></trkpt>
      <trkpt lat="44.734502" lon="9.309467"><ele>919.5</ele></trkpt>
      <trkpt lat="44.734505" lon="9.309432"><ele>919.4</ele></trkpt>
      <trkpt lat="44.734510" lon="9.309398"><ele>919.6</ele></trkpt>
      <trkpt lat="44.734523" lon="9.309363"><ele>919.5</ele></trkpt>
      <trkpt lat="44.734538" lon="9.309332"><ele>919.5</ele></trkpt>
      <trkpt lat="44.734550" lon="9.309307"><ele>919.6</ele></trkpt>
      <trkpt lat="44.734555" lon="9.309270"><ele>919.6</ele></trkpt>
      <trkpt lat="44.734552" lon="9.309252"><ele>919.5</ele></trkpt>
      <trkpt lat="44.734572" lon="9.309230"><ele>919.6</ele></trkpt>
      <trkpt lat="44.734572" lon="9.309213"><ele>919.6</ele></trkpt>
      <trkpt lat="44.734575" lon="9.309192"><ele>919.5</ele></trkpt>
      <trkpt lat="44.734580" lon="9.309168"><ele>919.5</ele></trkpt>
      <trkpt lat="44.734575" lon="9.309148"><ele>919.4</ele></trkpt>
      <trkpt lat="44.734597" lon="9.309122"><ele>919.3</ele></trkpt>
      <trkpt lat="44.734618" lon="9.309100"><ele>919.4</ele></trkpt>
      <trkpt lat="44.734637" lon="9.309083"><ele>919.6</ele></trkpt>
      <trkpt lat="44.734655" lon="9.309065"><ele>919.5</ele></trkpt>
      <trkpt lat="44.734677" lon="9.309048"><ele>919.6</ele></trkpt>
      <trkpt lat="44.734693" lon="9.309028"><ele>919.7</ele></trkpt>
      <trkpt lat="44.734713" lon="9.309008"><ele>919.6</ele></trkpt>
      <trkpt lat="44.734722" lon="9.308992"><ele>919.6</ele></trkpt>
      <trkpt lat="44.734725" lon="9.308980"><ele>919.6</ele></trkpt>
      <trkpt lat="44.734750" lon="9.308952"><ele>919.6</ele></trkpt>
      <trkpt lat="44.734767" lon="9.308930"><ele>919.6</ele></trkpt>
      <trkpt lat="44.734802" lon="9.308905"><ele>919.8</ele></trkpt>
      <trkpt lat="44.734820" lon="9.308878"><ele>919.8</ele></trkpt>
      <trkpt lat="44.734847" lon="9.308840"><ele>919.9</ele></trkpt>
      <trkpt lat="44.734858" lon="9.308828"><ele>919.9</ele></trkpt>
      <trkpt lat="44.734883" lon="9.308802"><ele>919.9</ele></trkpt>
      <trkpt lat="44.734907" lon="9.308782"><ele>920.1</ele></trkpt>
      <trkpt lat="44.734922" lon="9.308760"><ele>920.0</ele></trkpt>
      <trkpt lat="44.734947" lon="9.308728"><ele>920.1</ele></trkpt>
      <trkpt lat="44.734965" lon="9.308697"><ele>920.0</ele></trkpt>
      <trkpt lat="44.735013" lon="9.308643"><ele>920.3</ele></trkpt>
      <trkpt lat="44.735080" lon="9.308590"><ele>920.5</ele></trkpt>
      <trkpt lat="44.735150" lon="9.308532"><ele>920.6</ele></trkpt>
      <trkpt lat="44.735192" lon="9.308458"><ele>920.4</ele></trkpt>
      <trkpt lat="44.735225" lon="9.308372"><ele>920.1</ele></trkpt>
      <trkpt lat="44.735252" lon="9.308283"><ele>919.9</ele></trkpt>
      <trkpt lat="44.735271" lon="9.308155"><ele>919.4</ele></trkpt>
      <trkpt lat="44.735269" lon="9.308112"><ele>919.1</ele></trkpt>
      <trkpt lat="44.735267" lon="9.308027"><ele>918.6</ele></trkpt>
      <trkpt lat="44.735267" lon="9.307950"><ele>918.0</ele></trkpt>
      <trkpt lat="44.735280" lon="9.307875"><ele>917.7</ele></trkpt>
      <trkpt lat="44.735326" lon="9.307752"><ele>916.8</ele></trkpt>
      <trkpt lat="44.735330" lon="9.307712"><ele>916.4</ele></trkpt>
      <trkpt lat="44.735367" lon="9.307620"><ele>916.1</ele></trkpt>
      <trkpt lat="44.735413" lon="9.307530"><ele>915.7</ele></trkpt>
      <trkpt lat="44.735447" lon="9.307457"><ele>915.3</ele></trkpt>
      <trkpt lat="44.735473" lon="9.307397"><ele>915.0</ele></trkpt>
      <trkpt lat="44.735498" lon="9.307352"><ele>914.7</ele></trkpt>
      <trkpt lat="44.735515" lon="9.307308"><ele>914.0</ele></trkpt>
      <trkpt lat="44.735543" lon="9.307273"><ele>914.0</ele></trkpt>
      <trkpt lat="44.735570" lon="9.307247"><ele>914.0</ele></trkpt>
      <trkpt lat="44.735595" lon="9.307228"><ele>914.0</ele></trkpt>
      <trkpt lat="44.735622" lon="9.307212"><ele>914.0</ele></trkpt>
      <trkpt lat="44.735645" lon="9.307202"><ele>914.1</ele></trkpt>
      <trkpt lat="44.735678" lon="9.307183"><ele>914.1</ele></trkpt>
      <trkpt lat="44.735713" lon="9.307165"><ele>914.1</ele></trkpt>
      <trkpt lat="44.735750" lon="9.307152"><ele>914.1</ele></trkpt>
      <trkpt lat="44.735788" lon="9.307137"><ele>914.2</ele></trkpt>
      <trkpt lat="44.735823" lon="9.307123"><ele>914.2</ele></trkpt>
      <trkpt lat="44.735860" lon="9.307110"><ele>914.2</ele></trkpt>
      <trkpt lat="44.735883" lon="9.307098"><ele>914.2</ele></trkpt>
      <trkpt lat="44.735917" lon="9.307082"><ele>914.3</ele></trkpt>
      <trkpt lat="44.735947" lon="9.307063"><ele>914.3</ele></trkpt>
      <trkpt lat="44.735978" lon="9.307048"><ele>914.3</ele></trkpt>
      <trkpt lat="44.736033" lon="9.307033"><ele>914.4</ele></trkpt>
      <trkpt lat="44.736077" lon="9.307023"><ele>914.4</ele></trkpt>
      <trkpt lat="44.736110" lon="9.307022"><ele>914.4</ele></trkpt>
      <trkpt lat="44.736140" lon="9.307013"><ele>914.5</ele></trkpt>
      <trkpt lat="44.736162" lon="9.307005"><ele>914.5</ele></trkpt>
      <trkpt lat="44.736182" lon="9.306992"><ele>914.5</ele></trkpt>
      <trkpt lat="44.736207" lon="9.306980"><ele>914.6</ele></trkpt>
      <trkpt lat="44.736222" lon="9.306962"><ele>914.6</ele></trkpt>
      <trkpt lat="44.736290" lon="9.306943"><ele>914.8</ele></trkpt>
      <trkpt lat="44.736327" lon="9.306928"><ele>914.8</ele></trkpt>
      <trkpt lat="44.736358" lon="9.306917"><ele>914.9</ele></trkpt>
      <trkpt lat="44.736407" lon="9.306907"><ele>915.0</ele></trkpt>
      <trkpt lat="44.736437" lon="9.306893"><ele>915.1</ele></trkpt>
      <trkpt lat="44.736468" lon="9.306877"><ele>915.1</ele></trkpt>
      <trkpt lat="44.736490" lon="9.306862"><ele>915.2</ele></trkpt>
      <trkpt lat="44.736537" lon="9.306843"><ele>915.3</ele></trkpt>
      <trkpt lat="44.736572" lon="9.306832"><ele>915.3</ele></trkpt>
      <trkpt lat="44.736610" lon="9.306820"><ele>915.4</ele></trkpt>
      <trkpt lat="44.736630" lon="9.306807"><ele>915.4</ele></trkpt>
      <trkpt lat="44.736664" lon="9.306800"><ele>915.4</ele></trkpt>
      <trkpt lat="44.736672" lon="9.306800"><ele>915.4</ele></trkpt>
      <trkpt lat="44.736708" lon="9.306795"><ele>915.5</ele></trkpt>
      <trkpt lat="44.736722" lon="9.306780"><ele>915.5</ele></trkpt>
      <trkpt lat="44.736748" lon="9.306765"><ele>915.5</ele></trkpt>
      <trkpt lat="44.736767" lon="9.306752"><ele>915.6</ele></trkpt>
      <trkpt lat="44.736865" lon="9.306735"><ele>915.7</ele></trkpt>
      <trkpt lat="44.736902" lon="9.306700"><ele>915.8</ele></trkpt>
      <trkpt lat="44.736933" lon="9.306693"><ele>915.8</ele></trkpt>
      <trkpt lat="44.736952" lon="9.306685"><ele>915.8</ele></trkpt>
      <trkpt lat="44.736990" lon="9.306687"><ele>915.9</ele></trkpt>
      <trkpt lat="44.737002" lon="9.306703"><ele>915.9</ele></trkpt>
      <trkpt lat="44.737025" lon="9.306700"><ele>915.9</ele></trkpt>
      <trkpt lat="44.737062" lon="9.306700"><ele>916.0</ele></trkpt>
      <trkpt lat="44.737097" lon="9.306702"><ele>916.1</ele></trkpt>
      <trkpt lat="44.737117" lon="9.306703"><ele>916.1</ele></trkpt>
      <trkpt lat="44.737160" lon="9.306700"><ele>916.2</ele></trkpt>
      <trkpt lat="44.737198" lon="9.306688"><ele>916.3</ele></trkpt>
      <trkpt lat="44.737215" lon="9.306677"><ele>916.4</ele></trkpt>
      <trkpt lat="44.737256" lon="9.306665"><ele>916.6</ele></trkpt>
      <trkpt lat="44.737273" lon="9.306660"><ele>916.6</ele></trkpt>
      <trkpt lat="44.737305" lon="9.306655"><ele>916.8</ele></trkpt>
      <trkpt lat="44.737325" lon="9.306640"><ele>916.9</ele></trkpt>
      <trkpt lat="44.737358" lon="9.306622"><ele>917.1</ele></trkpt>
      <trkpt lat="44.737390" lon="9.306602"><ele>917.2</ele></trkpt>
      <trkpt lat="44.737418" lon="9.306587"><ele>917.4</ele></trkpt>
      <trkpt lat="44.737448" lon="9.306563"><ele>917.5</ele></trkpt>
      <trkpt lat="44.737472" lon="9.306538"><ele>917.7</ele></trkpt>
      <trkpt lat="44.737495" lon="9.306503"><ele>917.3</ele></trkpt>
      <trkpt lat="44.737515" lon="9.306467"><ele>917.3</ele></trkpt>
      <trkpt lat="44.737527" lon="9.306428"><ele>917.0</ele></trkpt>
      <trkpt lat="44.737528" lon="9.306393"><ele>917.1</ele></trkpt>
      <trkpt lat="44.737522" lon="9.306342"><ele>916.3</ele></trkpt>
      <trkpt lat="44.737522" lon="9.306327"><ele>916.3</ele></trkpt>
      <trkpt lat="44.737528" lon="9.306290"><ele>916.5</ele></trkpt>
      <trkpt lat="44.737523" lon="9.306252"><ele>915.8</ele></trkpt>
      <trkpt lat="44.737507" lon="9.306203"><ele>915.5</ele></trkpt>
      <trkpt lat="44.737487" lon="9.306160"><ele>914.8</ele></trkpt>
      <trkpt lat="44.737465" lon="9.306115"><ele>914.0</ele></trkpt>
      <trkpt lat="44.737467" lon="9.306060"><ele>914.0</ele></trkpt>
      <trkpt lat="44.737447" lon="9.306005"><ele>913.3</ele></trkpt>
      <trkpt lat="44.737435" lon="9.305957"><ele>912.6</ele></trkpt>
      <trkpt lat="44.737425" lon="9.305913"><ele>912.5</ele></trkpt>
      <trkpt lat="44.737415" lon="9.305868"><ele>912.3</ele></trkpt>
      <trkpt lat="44.737443" lon="9.305810"><ele>912.6</ele></trkpt>
      <trkpt lat="44.737422" lon="9.305753"><ele>911.9</ele></trkpt>
      <trkpt lat="44.737428" lon="9.305692"><ele>911.7</ele></trkpt>
      <trkpt lat="44.737427" lon="9.305633"><ele>911.4</ele></trkpt>
      <trkpt lat="44.737442" lon="9.305572"><ele>911.6</ele></trkpt>
      <trkpt lat="44.737440" lon="9.305520"><ele>911.3</ele></trkpt>
      <trkpt lat="44.737438" lon="9.305475"><ele>911.1</ele></trkpt>
      <trkpt lat="44.737425" lon="9.305433"><ele>910.4</ele></trkpt>
      <trkpt lat="44.737412" lon="9.305388"><ele>909.9</ele></trkpt>
      <trkpt lat="44.737390" lon="9.305357"><ele>909.2</ele></trkpt>
      <trkpt lat="44.737408" lon="9.305286"><ele>908.8</ele></trkpt>
      <trkpt lat="44.737413" lon="9.305260"><ele>908.8</ele></trkpt>
      <trkpt lat="44.737423" lon="9.305207"><ele>908.4</ele></trkpt>
      <trkpt lat="44.737418" lon="9.305127"><ele>907.5</ele></trkpt>
      <trkpt lat="44.737408" lon="9.305063"><ele>906.7</ele></trkpt>
      <trkpt lat="44.737417" lon="9.305000"><ele>906.3</ele></trkpt>
      <trkpt lat="44.737415" lon="9.304943"><ele>905.5</ele></trkpt>
      <trkpt lat="44.737433" lon="9.304883"><ele>905.2</ele></trkpt>
      <trkpt lat="44.737442" lon="9.304820"><ele>905.2</ele></trkpt>
      <trkpt lat="44.737448" lon="9.304750"><ele>904.7</ele></trkpt>
      <trkpt lat="44.737463" lon="9.304668"><ele>904.3</ele></trkpt>
      <trkpt lat="44.737482" lon="9.304585"><ele>904.5</ele></trkpt>
      <trkpt lat="44.737502" lon="9.304512"><ele>905.0</ele></trkpt>
      <trkpt lat="44.737520" lon="9.304437"><ele>904.9</ele></trkpt>
      <trkpt lat="44.737533" lon="9.304375"><ele>905.5</ele></trkpt>
      <trkpt lat="44.737547" lon="9.304317"><ele>905.5</ele></trkpt>
      <trkpt lat="44.737550" lon="9.304262"><ele>905.4</ele></trkpt>
      <trkpt lat="44.737562" lon="9.304207"><ele>906.2</ele></trkpt>
      <trkpt lat="44.737565" lon="9.304153"><ele>906.2</ele></trkpt>
      <trkpt lat="44.737570" lon="9.304102"><ele>906.2</ele></trkpt>
      <trkpt lat="44.737588" lon="9.304053"><ele>906.2</ele></trkpt>
      <trkpt lat="44.737597" lon="9.304003"><ele>907.1</ele></trkpt>
      <trkpt lat="44.737583" lon="9.303968"><ele>906.3</ele></trkpt>
      <trkpt lat="44.737570" lon="9.303930"><ele>906.4</ele></trkpt>
      <trkpt lat="44.737557" lon="9.303897"><ele>905.7</ele></trkpt>
      <trkpt lat="44.737548" lon="9.303855"><ele>905.8</ele></trkpt>
      <trkpt lat="44.737548" lon="9.303818"><ele>905.9</ele></trkpt>
      <trkpt lat="44.737546" lon="9.303772"><ele>906.1</ele></trkpt>
      <trkpt lat="44.737545" lon="9.303758"><ele>906.1</ele></trkpt>
      <trkpt lat="44.737554" lon="9.303718"><ele>906.2</ele></trkpt>
      <trkpt lat="44.737557" lon="9.303707"><ele>906.2</ele></trkpt>
      <trkpt lat="44.737567" lon="9.303667"><ele>907.2</ele></trkpt>
      <trkpt lat="44.737573" lon="9.303637"><ele>907.4</ele></trkpt>
      <trkpt lat="44.737577" lon="9.303612"><ele>907.6</ele></trkpt>
      <trkpt lat="44.737577" lon="9.303580"><ele>907.6</ele></trkpt>
      <trkpt lat="44.737582" lon="9.303543"><ele>907.8</ele></trkpt>
      <trkpt lat="44.737588" lon="9.303510"><ele>908.0</ele></trkpt>
      <trkpt lat="44.737588" lon="9.303472"><ele>908.2</ele></trkpt>
      <trkpt lat="44.737590" lon="9.303438"><ele>909.2</ele></trkpt>
      <trkpt lat="44.737592" lon="9.303413"><ele>909.2</ele></trkpt>
      <trkpt lat="44.737598" lon="9.303375"><ele>909.4</ele></trkpt>
      <trkpt lat="44.737587" lon="9.303332"><ele>908.7</ele></trkpt>
      <trkpt lat="44.737562" lon="9.303254"><ele>909.1</ele></trkpt>
      <trkpt lat="44.737547" lon="9.303227"><ele>908.4</ele></trkpt>
      <trkpt lat="44.737525" lon="9.303168"><ele>907.6</ele></trkpt>
      <trkpt lat="44.737487" lon="9.303125"><ele>906.8</ele></trkpt>
      <trkpt lat="44.737450" lon="9.303075"><ele>906.0</ele></trkpt>
      <trkpt lat="44.737423" lon="9.303017"><ele>905.2</ele></trkpt>
      <trkpt lat="44.737412" lon="9.302942"><ele>905.7</ele></trkpt>
      <trkpt lat="44.737383" lon="9.302883"><ele>905.2</ele></trkpt>
      <trkpt lat="44.737350" lon="9.302828"><ele>904.5</ele></trkpt>
      <trkpt lat="44.737325" lon="9.302770"><ele>903.8</ele></trkpt>
      <trkpt lat="44.737303" lon="9.302713"><ele>903.1</ele></trkpt>
      <trkpt lat="44.737288" lon="9.302662"><ele>903.2</ele></trkpt>
      <trkpt lat="44.737270" lon="9.302612"><ele>902.3</ele></trkpt>
      <trkpt lat="44.737258" lon="9.302548"><ele>902.4</ele></trkpt>
      <trkpt lat="44.737252" lon="9.302530"><ele>901.4</ele></trkpt>
      <trkpt lat="44.737242" lon="9.302493"><ele>901.4</ele></trkpt>
      <trkpt lat="44.737207" lon="9.302460"><ele>900.4</ele></trkpt>
      <trkpt lat="44.737170" lon="9.302430"><ele>899.5</ele></trkpt>
      <trkpt lat="44.737133" lon="9.302398"><ele>898.6</ele></trkpt>
      <trkpt lat="44.737103" lon="9.302362"><ele>897.8</ele></trkpt>
      <trkpt lat="44.737068" lon="9.302323"><ele>896.3</ele></trkpt>
      <trkpt lat="44.737037" lon="9.302275"><ele>895.5</ele></trkpt>
      <trkpt lat="44.737020" lon="9.302228"><ele>895.5</ele></trkpt>
      <trkpt lat="44.737012" lon="9.302185"><ele>895.5</ele></trkpt>
      <trkpt lat="44.737005" lon="9.302143"><ele>894.7</ele></trkpt>
      <trkpt lat="44.737013" lon="9.302100"><ele>895.6</ele></trkpt>
      <trkpt lat="44.737018" lon="9.302053"><ele>895.7</ele></trkpt>
      <trkpt lat="44.737003" lon="9.301995"><ele>894.8</ele></trkpt>
      <trkpt lat="44.737005" lon="9.301928"><ele>894.9</ele></trkpt>
      <trkpt lat="44.737012" lon="9.301857"><ele>895.9</ele></trkpt>
      <trkpt lat="44.737015" lon="9.301790"><ele>896.0</ele></trkpt>
      <trkpt lat="44.737028" lon="9.301723"><ele>896.1</ele></trkpt>
      <trkpt lat="44.737027" lon="9.301658"><ele>896.1</ele></trkpt>
      <trkpt lat="44.737002" lon="9.301598"><ele>895.2</ele></trkpt>
      <trkpt lat="44.736993" lon="9.301533"><ele>895.2</ele></trkpt>
      <trkpt lat="44.736978" lon="9.301475"><ele>894.3</ele></trkpt>
      <trkpt lat="44.736958" lon="9.301418"><ele>894.2</ele></trkpt>
      <trkpt lat="44.736947" lon="9.301367"><ele>893.3</ele></trkpt>
      <trkpt lat="44.736940" lon="9.301322"><ele>893.2</ele></trkpt>
      <trkpt lat="44.736935" lon="9.301277"><ele>893.1</ele></trkpt>
      <trkpt lat="44.736945" lon="9.301225"><ele>893.0</ele></trkpt>
      <trkpt lat="44.736950" lon="9.301190"><ele>893.5</ele></trkpt>
      <trkpt lat="44.736960" lon="9.301153"><ele>893.3</ele></trkpt>
      <trkpt lat="44.736977" lon="9.301120"><ele>893.1</ele></trkpt>
      <trkpt lat="44.736992" lon="9.301085"><ele>893.5</ele></trkpt>
      <trkpt lat="44.737003" lon="9.301057"><ele>893.5</ele></trkpt>
      <trkpt lat="44.737010" lon="9.301020"><ele>894.0</ele></trkpt>
      <trkpt lat="44.737023" lon="9.300985"><ele>893.8</ele></trkpt>
      <trkpt lat="44.737060" lon="9.300952"><ele>894.2</ele></trkpt>
      <trkpt lat="44.737082" lon="9.300922"><ele>894.8</ele></trkpt>
      <trkpt lat="44.737100" lon="9.300895"><ele>894.6</ele></trkpt>
      <trkpt lat="44.737120" lon="9.300870"><ele>895.0</ele></trkpt>
      <trkpt lat="44.737142" lon="9.300840"><ele>895.6</ele></trkpt>
      <trkpt lat="44.737155" lon="9.300818"><ele>895.3</ele></trkpt>
      <trkpt lat="44.737172" lon="9.300798"><ele>895.9</ele></trkpt>
      <trkpt lat="44.737182" lon="9.300778"><ele>895.7</ele></trkpt>
      <trkpt lat="44.737190" lon="9.300755"><ele>895.7</ele></trkpt>
      <trkpt lat="44.737193" lon="9.300732"><ele>896.0</ele></trkpt>
      <trkpt lat="44.737198" lon="9.300712"><ele>896.0</ele></trkpt>
      <trkpt lat="44.737205" lon="9.300693"><ele>895.6</ele></trkpt>
      <trkpt lat="44.737215" lon="9.300675"><ele>895.6</ele></trkpt>
      <trkpt lat="44.737223" lon="9.300658"><ele>896.2</ele></trkpt>
      <trkpt lat="44.737228" lon="9.300640"><ele>895.8</ele></trkpt>
      <trkpt lat="44.737235" lon="9.300620"><ele>895.9</ele></trkpt>
      <trkpt lat="44.737247" lon="9.300598"><ele>895.4</ele></trkpt>
      <trkpt lat="44.737262" lon="9.300578"><ele>896.0</ele></trkpt>
      <trkpt lat="44.737288" lon="9.300562"><ele>896.0</ele></trkpt>
      <trkpt lat="44.737317" lon="9.300547"><ele>896.5</ele></trkpt>
      <trkpt lat="44.737330" lon="9.300530"><ele>896.5</ele></trkpt>
      <trkpt lat="44.737343" lon="9.300512"><ele>896.1</ele></trkpt>
      <trkpt lat="44.737358" lon="9.300492"><ele>896.5</ele></trkpt>
      <trkpt lat="44.737363" lon="9.300472"><ele>896.0</ele></trkpt>
      <trkpt lat="44.737370" lon="9.300447"><ele>896.0</ele></trkpt>
      <trkpt lat="44.737367" lon="9.300422"><ele>895.6</ele></trkpt>
      <trkpt lat="44.737370" lon="9.300393"><ele>895.1</ele></trkpt>
      <trkpt lat="44.737370" lon="9.300360"><ele>895.1</ele></trkpt>
      <trkpt lat="44.737382" lon="9.300328"><ele>895.0</ele></trkpt>
      <trkpt lat="44.737380" lon="9.300292"><ele>894.5</ele></trkpt>
      <trkpt lat="44.737384" lon="9.300233"><ele>893.9</ele></trkpt>
      <trkpt lat="44.737385" lon="9.300213"><ele>893.3</ele></trkpt>
      <trkpt lat="44.737385" lon="9.300178"><ele>892.7</ele></trkpt>
      <trkpt lat="44.737382" lon="9.300150"><ele>892.7</ele></trkpt>
      <trkpt lat="44.737378" lon="9.300117"><ele>892.1</ele></trkpt>
      <trkpt lat="44.737390" lon="9.300085"><ele>891.5</ele></trkpt>
      <trkpt lat="44.737403" lon="9.300048"><ele>890.9</ele></trkpt>
      <trkpt lat="44.737412" lon="9.300010"><ele>890.8</ele></trkpt>
      <trkpt lat="44.737415" lon="9.299973"><ele>890.8</ele></trkpt>
      <trkpt lat="44.737437" lon="9.299928"><ele>890.7</ele></trkpt>
      <trkpt lat="44.737458" lon="9.299887"><ele>890.0</ele></trkpt>
      <trkpt lat="44.737483" lon="9.299840"><ele>889.3</ele></trkpt>
      <trkpt lat="44.737500" lon="9.299800"><ele>889.9</ele></trkpt>
      <trkpt lat="44.737510" lon="9.299735"><ele>888.5</ele></trkpt>
      <trkpt lat="44.737513" lon="9.299713"><ele>888.5</ele></trkpt>
      <trkpt lat="44.737520" lon="9.299675"><ele>887.8</ele></trkpt>
      <trkpt lat="44.737538" lon="9.299633"><ele>887.8</ele></trkpt>
      <trkpt lat="44.737562" lon="9.299587"><ele>887.9</ele></trkpt>
      <trkpt lat="44.737582" lon="9.299550"><ele>887.3</ele></trkpt>
      <trkpt lat="44.737602" lon="9.299515"><ele>887.4</ele></trkpt>
      <trkpt lat="44.737613" lon="9.299478"><ele>886.8</ele></trkpt>
      <trkpt lat="44.737623" lon="9.299442"><ele>886.9</ele></trkpt>
      <trkpt lat="44.737638" lon="9.299403"><ele>886.2</ele></trkpt>
      <trkpt lat="44.737648" lon="9.299362"><ele>885.6</ele></trkpt>
      <trkpt lat="44.737667" lon="9.299317"><ele>885.6</ele></trkpt>
      <trkpt lat="44.737680" lon="9.299278"><ele>885.0</ele></trkpt>
      <trkpt lat="44.737688" lon="9.299238"><ele>885.1</ele></trkpt>
      <trkpt lat="44.737702" lon="9.299193"><ele>884.5</ele></trkpt>
      <trkpt lat="44.737708" lon="9.299155"><ele>884.5</ele></trkpt>
      <trkpt lat="44.737720" lon="9.299115"><ele>884.7</ele></trkpt>
      <trkpt lat="44.737743" lon="9.299073"><ele>885.0</ele></trkpt>
      <trkpt lat="44.737777" lon="9.299037"><ele>885.3</ele></trkpt>
      <trkpt lat="44.737813" lon="9.299000"><ele>885.8</ele></trkpt>
      <trkpt lat="44.737862" lon="9.298970"><ele>886.2</ele></trkpt>
      <trkpt lat="44.737908" lon="9.298943"><ele>887.9</ele></trkpt>
      <trkpt lat="44.737927" lon="9.298908"><ele>888.3</ele></trkpt>
      <trkpt lat="44.737930" lon="9.298870"><ele>887.8</ele></trkpt>
      <trkpt lat="44.737923" lon="9.298833"><ele>886.5</ele></trkpt>
      <trkpt lat="44.737915" lon="9.298792"><ele>886.0</ele></trkpt>
      <trkpt lat="44.737913" lon="9.298747"><ele>885.5</ele></trkpt>
      <trkpt lat="44.737923" lon="9.298700"><ele>885.1</ele></trkpt>
      <trkpt lat="44.737945" lon="9.298655"><ele>885.5</ele></trkpt>
      <trkpt lat="44.737973" lon="9.298610"><ele>885.8</ele></trkpt>
      <trkpt lat="44.738008" lon="9.298565"><ele>886.3</ele></trkpt>
      <trkpt lat="44.738007" lon="9.298512"><ele>885.8</ele></trkpt>
      <trkpt lat="44.738007" lon="9.298460"><ele>884.7</ele></trkpt>
      <trkpt lat="44.738005" lon="9.298415"><ele>884.2</ele></trkpt>
      <trkpt lat="44.738008" lon="9.298367"><ele>883.7</ele></trkpt>
      <trkpt lat="44.738005" lon="9.298320"><ele>883.2</ele></trkpt>
      <trkpt lat="44.737990" lon="9.298275"><ele>882.7</ele></trkpt>
      <trkpt lat="44.737995" lon="9.298233"><ele>882.2</ele></trkpt>
      <trkpt lat="44.737967" lon="9.298190"><ele>880.7</ele></trkpt>
      <trkpt lat="44.737943" lon="9.298148"><ele>879.2</ele></trkpt>
      <trkpt lat="44.737940" lon="9.298118"><ele>878.6</ele></trkpt>
      <trkpt lat="44.737933" lon="9.298078"><ele>878.0</ele></trkpt>
      <trkpt lat="44.737928" lon="9.298043"><ele>878.0</ele></trkpt>
      <trkpt lat="44.737918" lon="9.298008"><ele>876.3</ele></trkpt>
      <trkpt lat="44.737903" lon="9.297977"><ele>875.7</ele></trkpt>
      <trkpt lat="44.737893" lon="9.297945"><ele>873.9</ele></trkpt>
      <trkpt lat="44.737887" lon="9.297922"><ele>873.9</ele></trkpt>
      <trkpt lat="44.737883" lon="9.297898"><ele>873.3</ele></trkpt>
      <trkpt lat="44.737880" lon="9.297877"><ele>873.3</ele></trkpt>
      <trkpt lat="44.737880" lon="9.297862"><ele>872.7</ele></trkpt>
      <trkpt lat="44.737888" lon="9.297847"><ele>872.7</ele></trkpt>
      <trkpt lat="44.737912" lon="9.297818"><ele>873.2</ele></trkpt>
      <trkpt lat="44.737937" lon="9.297780"><ele>873.6</ele></trkpt>
      <trkpt lat="44.737952" lon="9.297763"><ele>873.6</ele></trkpt>
      <trkpt lat="44.737977" lon="9.297732"><ele>874.0</ele></trkpt>
      <trkpt lat="44.737985" lon="9.297702"><ele>875.0</ele></trkpt>
      <trkpt lat="44.737988" lon="9.297667"><ele>874.4</ele></trkpt>
      <trkpt lat="44.737998" lon="9.297622"><ele>873.7</ele></trkpt>
      <trkpt lat="44.737998" lon="9.297585"><ele>873.0</ele></trkpt>
      <trkpt lat="44.737993" lon="9.297552"><ele>872.3</ele></trkpt>
      <trkpt lat="44.737985" lon="9.297507"><ele>871.6</ele></trkpt>
      <trkpt lat="44.737975" lon="9.297462"><ele>869.9</ele></trkpt>
      <trkpt lat="44.737960" lon="9.297417"><ele>869.3</ele></trkpt>
      <trkpt lat="44.737947" lon="9.297382"><ele>867.7</ele></trkpt>
      <trkpt lat="44.737940" lon="9.297333"><ele>867.1</ele></trkpt>
      <trkpt lat="44.737932" lon="9.297295"><ele>866.5</ele></trkpt>
      <trkpt lat="44.737928" lon="9.297258"><ele>865.9</ele></trkpt>
      <trkpt lat="44.737923" lon="9.297222"><ele>864.3</ele></trkpt>
      <trkpt lat="44.737920" lon="9.297183"><ele>864.3</ele></trkpt>
      <trkpt lat="44.737923" lon="9.297142"><ele>863.6</ele></trkpt>
      <trkpt lat="44.737928" lon="9.297100"><ele>863.9</ele></trkpt>
      <trkpt lat="44.737930" lon="9.297062"><ele>863.3</ele></trkpt>
      <trkpt lat="44.737935" lon="9.297015"><ele>862.7</ele></trkpt>
      <trkpt lat="44.737945" lon="9.296965"><ele>861.5</ele></trkpt>
      <trkpt lat="44.737962" lon="9.296913"><ele>861.9</ele></trkpt>
      <trkpt lat="44.737968" lon="9.296870"><ele>861.4</ele></trkpt>
      <trkpt lat="44.737985" lon="9.296803"><ele>861.9</ele></trkpt>
      <trkpt lat="44.737993" lon="9.296752"><ele>861.5</ele></trkpt>
      <trkpt lat="44.737997" lon="9.296700"><ele>860.7</ele></trkpt>
      <trkpt lat="44.738010" lon="9.296618"><ele>860.0</ele></trkpt>
      <trkpt lat="44.738013" lon="9.296593"><ele>860.0</ele></trkpt>
      <trkpt lat="44.738023" lon="9.296547"><ele>860.6</ele></trkpt>
      <trkpt lat="44.738022" lon="9.296517"><ele>860.4</ele></trkpt>
      <trkpt lat="44.738037" lon="9.296483"><ele>860.2</ele></trkpt>
      <trkpt lat="44.738045" lon="9.296452"><ele>860.2</ele></trkpt>
      <trkpt lat="44.738060" lon="9.296408"><ele>861.1</ele></trkpt>
      <trkpt lat="44.738062" lon="9.296390"><ele>860.9</ele></trkpt>
      <trkpt lat="44.738067" lon="9.296363"><ele>860.8</ele></trkpt>
      <trkpt lat="44.738080" lon="9.296337"><ele>861.8</ele></trkpt>
      <trkpt lat="44.738092" lon="9.296313"><ele>861.7</ele></trkpt>
      <trkpt lat="44.738102" lon="9.296295"><ele>861.7</ele></trkpt>
      <trkpt lat="44.738115" lon="9.296280"><ele>862.6</ele></trkpt>
      <trkpt lat="44.738130" lon="9.296267"><ele>862.5</ele></trkpt>
      <trkpt lat="44.738147" lon="9.296255"><ele>863.4</ele></trkpt>
      <trkpt lat="44.738162" lon="9.296250"><ele>863.4</ele></trkpt>
      <trkpt lat="44.738178" lon="9.296242"><ele>864.2</ele></trkpt>
      <trkpt lat="44.738217" lon="9.296232"><ele>864.8</ele></trkpt>
      <trkpt lat="44.738247" lon="9.296223"><ele>865.5</ele></trkpt>
      <trkpt lat="44.738278" lon="9.296222"><ele>866.3</ele></trkpt>
      <trkpt lat="44.738317" lon="9.296208"><ele>867.2</ele></trkpt>
      <trkpt lat="44.738343" lon="9.296203"><ele>868.1</ele></trkpt>
      <trkpt lat="44.738368" lon="9.296193"><ele>868.9</ele></trkpt>
      <trkpt lat="44.738398" lon="9.296180"><ele>869.7</ele></trkpt>
      <trkpt lat="44.738430" lon="9.296163"><ele>870.4</ele></trkpt>
      <trkpt lat="44.738458" lon="9.296152"><ele>871.2</ele></trkpt>
      <trkpt lat="44.738483" lon="9.296145"><ele>871.7</ele></trkpt>
      <trkpt lat="44.738505" lon="9.296137"><ele>872.5</ele></trkpt>
      <trkpt lat="44.738523" lon="9.296128"><ele>872.5</ele></trkpt>
      <trkpt lat="44.738537" lon="9.296127"><ele>873.3</ele></trkpt>
      <trkpt lat="44.738555" lon="9.296122"><ele>873.3</ele></trkpt>
      <trkpt lat="44.738563" lon="9.296113"><ele>873.3</ele></trkpt>
      <trkpt lat="44.738572" lon="9.296107"><ele>874.1</ele></trkpt>
      <trkpt lat="44.738583" lon="9.296097"><ele>874.1</ele></trkpt>
      <trkpt lat="44.738600" lon="9.296088"><ele>875.0</ele></trkpt>
      <trkpt lat="44.738610" lon="9.296078"><ele>875.0</ele></trkpt>
      <trkpt lat="44.738625" lon="9.296077"><ele>875.0</ele></trkpt>
      <trkpt lat="44.738635" lon="9.296068"><ele>875.9</ele></trkpt>
      <trkpt lat="44.738642" lon="9.296057"><ele>875.8</ele></trkpt>
      <trkpt lat="44.738648" lon="9.296047"><ele>875.8</ele></trkpt>
      <trkpt lat="44.738650" lon="9.296042"><ele>875.8</ele></trkpt>
      <trkpt lat="44.738665" lon="9.296030"><ele>876.6</ele></trkpt>
      <trkpt lat="44.738670" lon="9.296018"><ele>876.5</ele></trkpt>
      <trkpt lat="44.738680" lon="9.296012"><ele>876.5</ele></trkpt>
      <trkpt lat="44.738698" lon="9.295985"><ele>877.4</ele></trkpt>
      <trkpt lat="44.738728" lon="9.295947"><ele>878.1</ele></trkpt>
      <trkpt lat="44.738885" lon="9.295915"><ele>882.1</ele></trkpt>
      <trkpt lat="44.738915" lon="9.295877"><ele>883.0</ele></trkpt>
      <trkpt lat="44.738938" lon="9.295845"><ele>884.4</ele></trkpt>
      <trkpt lat="44.738953" lon="9.295823"><ele>884.4</ele></trkpt>
      <trkpt lat="44.738962" lon="9.295802"><ele>885.3</ele></trkpt>
      <trkpt lat="44.738984" lon="9.295770"><ele>885.3</ele></trkpt>
      <trkpt lat="44.738990" lon="9.295760"><ele>885.4</ele></trkpt>
      <trkpt lat="44.738992" lon="9.295745"><ele>886.2</ele></trkpt>
      <trkpt lat="44.738997" lon="9.295720"><ele>886.3</ele></trkpt>
      <trkpt lat="44.739008" lon="9.295690"><ele>886.3</ele></trkpt>
      <trkpt lat="44.739017" lon="9.295663"><ele>886.4</ele></trkpt>
      <trkpt lat="44.739027" lon="9.295640"><ele>887.2</ele></trkpt>
      <trkpt lat="44.739148" lon="9.295622"><ele>890.9</ele></trkpt>
      <trkpt lat="44.739857" lon="9.295652"><ele>915.2</ele></trkpt>
      <trkpt lat="44.740445" lon="9.295682"><ele>931.6</ele></trkpt>
      <trkpt lat="44.740448" lon="9.295670"><ele>931.8</ele></trkpt>
      <trkpt lat="44.740533" lon="9.295647"><ele>934.0</ele></trkpt>
      <trkpt lat="44.740535" lon="9.295632"><ele>934.2</ele></trkpt>
      <trkpt lat="44.740530" lon="9.295568"><ele>934.4</ele></trkpt>
      <trkpt lat="44.740543" lon="9.295557"><ele>934.4</ele></trkpt>
      <trkpt lat="44.740563" lon="9.295525"><ele>935.4</ele></trkpt>
      <trkpt lat="44.740565" lon="9.295512"><ele>935.4</ele></trkpt>
      <trkpt lat="44.740583" lon="9.295488"><ele>936.4</ele></trkpt>
      <trkpt lat="44.740610" lon="9.295468"><ele>937.1</ele></trkpt>
      <trkpt lat="44.740633" lon="9.295445"><ele>937.4</ele></trkpt>
      <trkpt lat="44.740643" lon="9.295405"><ele>938.3</ele></trkpt>
      <trkpt lat="44.740643" lon="9.295365"><ele>938.7</ele></trkpt>
      <trkpt lat="44.740642" lon="9.295330"><ele>939.0</ele></trkpt>
      <trkpt lat="44.740642" lon="9.295330"><ele>939.0</ele></trkpt>
      <trkpt lat="44.740627" lon="9.295300"><ele>938.4</ele></trkpt>
      <trkpt lat="44.740618" lon="9.295252"><ele>938.8</ele></trkpt>
      <trkpt lat="44.740612" lon="9.295220"><ele>939.3</ele></trkpt>
      <trkpt lat="44.740608" lon="9.295205"><ele>939.7</ele></trkpt>
      <trkpt lat="44.740590" lon="9.295187"><ele>939.1</ele></trkpt>
      <trkpt lat="44.740582" lon="9.295168"><ele>939.1</ele></trkpt>
      <trkpt lat="44.740572" lon="9.295160"><ele>938.9</ele></trkpt>
      <trkpt lat="44.740557" lon="9.295152"><ele>938.9</ele></trkpt>
      <trkpt lat="44.740527" lon="9.295146"><ele>938.2</ele></trkpt>
      <trkpt lat="44.740517" lon="9.295145"><ele>938.2</ele></trkpt>
      <trkpt lat="44.740493" lon="9.295148"><ele>937.5</ele></trkpt>
      <trkpt lat="44.740478" lon="9.295163"><ele>936.8</ele></trkpt>
      <trkpt lat="44.740462" lon="9.295183"><ele>936.4</ele></trkpt>
      <trkpt lat="44.740433" lon="9.295208"><ele>935.2</ele></trkpt>
      <trkpt lat="44.740412" lon="9.295227"><ele>934.6</ele></trkpt>
      <trkpt lat="44.740387" lon="9.295240"><ele>933.9</ele></trkpt>
      <trkpt lat="44.740365" lon="9.295248"><ele>933.9</ele></trkpt>
      <trkpt lat="44.740345" lon="9.295250"><ele>932.7</ele></trkpt>
      <trkpt lat="44.740328" lon="9.295252"><ele>931.9</ele></trkpt>
      <trkpt lat="44.740305" lon="9.295252"><ele>931.9</ele></trkpt>
      <trkpt lat="44.740275" lon="9.295245"><ele>931.4</ele></trkpt>
      <trkpt lat="44.740268" lon="9.295243"><ele>930.4</ele></trkpt>
      <trkpt lat="44.740243" lon="9.295247"><ele>930.4</ele></trkpt>
      <trkpt lat="44.740230" lon="9.295269"><ele>929.0</ele></trkpt>
      <trkpt lat="44.740212" lon="9.295275"><ele>929.0</ele></trkpt>
      <trkpt lat="44.740182" lon="9.295288"><ele>928.1</ele></trkpt>
      <trkpt lat="44.740155" lon="9.295292"><ele>926.9</ele></trkpt>
      <trkpt lat="44.740130" lon="9.295298"><ele>926.1</ele></trkpt>
      <trkpt lat="44.740108" lon="9.295300"><ele>925.2</ele></trkpt>
      <trkpt lat="44.740078" lon="9.295298"><ele>924.3</ele></trkpt>
      <trkpt lat="44.740048" lon="9.295295"><ele>923.3</ele></trkpt>
      <trkpt lat="44.740025" lon="9.295297"><ele>922.3</ele></trkpt>
      <trkpt lat="44.740003" lon="9.295297"><ele>922.3</ele></trkpt>
      <trkpt lat="44.739965" lon="9.295290"><ele>920.5</ele></trkpt>
      <trkpt lat="44.739952" lon="9.295280"><ele>920.5</ele></trkpt>
      <trkpt lat="44.739945" lon="9.295260"><ele>920.5</ele></trkpt>
      <trkpt lat="44.739923" lon="9.295237"><ele>919.9</ele></trkpt>
      <trkpt lat="44.739897" lon="9.295215"><ele>918.9</ele></trkpt>
      <trkpt lat="44.739880" lon="9.295185"><ele>919.3</ele></trkpt>
      <trkpt lat="44.739875" lon="9.295158"><ele>919.7</ele></trkpt>
      <trkpt lat="44.739860" lon="9.295120"><ele>919.2</ele></trkpt>
      <trkpt lat="44.739853" lon="9.295078"><ele>919.2</ele></trkpt>
      <trkpt lat="44.739842" lon="9.295032"><ele>919.1</ele></trkpt>
      <trkpt lat="44.739823" lon="9.294969"><ele>919.7</ele></trkpt>
      <trkpt lat="44.739817" lon="9.294945"><ele>920.2</ele></trkpt>
      <trkpt lat="44.739810" lon="9.294900"><ele>919.7</ele></trkpt>
      <trkpt lat="44.739815" lon="9.294860"><ele>921.4</ele></trkpt>
      <trkpt lat="44.739818" lon="9.294822"><ele>921.4</ele></trkpt>
      <trkpt lat="44.739817" lon="9.294770"><ele>922.6</ele></trkpt>
      <trkpt lat="44.739800" lon="9.294685"><ele>922.5</ele></trkpt>
      <trkpt lat="44.739788" lon="9.294657"><ele>922.5</ele></trkpt>
      <trkpt lat="44.739780" lon="9.294588"><ele>922.4</ele></trkpt>
      <trkpt lat="44.739760" lon="9.294523"><ele>922.9</ele></trkpt>
      <trkpt lat="44.739737" lon="9.294462"><ele>923.0</ele></trkpt>
      <trkpt lat="44.739715" lon="9.294395"><ele>922.8</ele></trkpt>
      <trkpt lat="44.739683" lon="9.294328"><ele>922.9</ele></trkpt>
      <trkpt lat="44.739663" lon="9.294265"><ele>923.4</ele></trkpt>
      <trkpt lat="44.739645" lon="9.294210"><ele>923.4</ele></trkpt>
      <trkpt lat="44.739655" lon="9.294147"><ele>923.9</ele></trkpt>
      <trkpt lat="44.739660" lon="9.294080"><ele>924.9</ele></trkpt>
      <trkpt lat="44.739668" lon="9.294012"><ele>926.6</ele></trkpt>
      <trkpt lat="44.739673" lon="9.293943"><ele>927.7</ele></trkpt>
      <trkpt lat="44.739665" lon="9.293865"><ele>928.9</ele></trkpt>
      <trkpt lat="44.739642" lon="9.293797"><ele>928.3</ele></trkpt>
      <trkpt lat="44.739603" lon="9.293738"><ele>928.3</ele></trkpt>
      <trkpt lat="44.739553" lon="9.293693"><ele>926.8</ele></trkpt>
      <trkpt lat="44.739510" lon="9.293642"><ele>926.3</ele></trkpt>
      <trkpt lat="44.739478" lon="9.293585"><ele>924.8</ele></trkpt>
      <trkpt lat="44.739445" lon="9.293530"><ele>924.9</ele></trkpt>
      <trkpt lat="44.739413" lon="9.293478"><ele>924.4</ele></trkpt>
      <trkpt lat="44.739388" lon="9.293427"><ele>924.9</ele></trkpt>
      <trkpt lat="44.739360" lon="9.293378"><ele>924.5</ele></trkpt>
      <trkpt lat="44.739328" lon="9.293327"><ele>924.1</ele></trkpt>
      <trkpt lat="44.739302" lon="9.293278"><ele>923.8</ele></trkpt>
      <trkpt lat="44.739273" lon="9.293228"><ele>924.1</ele></trkpt>
      <trkpt lat="44.739248" lon="9.293177"><ele>923.9</ele></trkpt>
      <trkpt lat="44.739222" lon="9.293122"><ele>923.8</ele></trkpt>
      <trkpt lat="44.739197" lon="9.293067"><ele>923.6</ele></trkpt>
      <trkpt lat="44.739173" lon="9.293012"><ele>923.9</ele></trkpt>
      <trkpt lat="44.739152" lon="9.292952"><ele>924.4</ele></trkpt>
      <trkpt lat="44.739133" lon="9.292898"><ele>924.1</ele></trkpt>
      <trkpt lat="44.739107" lon="9.292843"><ele>924.1</ele></trkpt>
      <trkpt lat="44.739093" lon="9.292787"><ele>924.5</ele></trkpt>
      <trkpt lat="44.739080" lon="9.292728"><ele>924.2</ele></trkpt>
      <trkpt lat="44.739073" lon="9.292663"><ele>924.9</ele></trkpt>
      <trkpt lat="44.739072" lon="9.292603"><ele>925.3</ele></trkpt>
      <trkpt lat="44.739055" lon="9.292548"><ele>925.6</ele></trkpt>
      <trkpt lat="44.739032" lon="9.292493"><ele>925.7</ele></trkpt>
      <trkpt lat="44.739045" lon="9.292442"><ele>926.0</ele></trkpt>
      <trkpt lat="44.739038" lon="9.292387"><ele>926.3</ele></trkpt>
      <trkpt lat="44.739023" lon="9.292333"><ele>926.6</ele></trkpt>
      <trkpt lat="44.739000" lon="9.292277"><ele>926.6</ele></trkpt>
      <trkpt lat="44.738978" lon="9.292212"><ele>926.2</ele></trkpt>
      <trkpt lat="44.738948" lon="9.292116"><ele>926.2</ele></trkpt>
      <trkpt lat="44.738940" lon="9.292085"><ele>926.2</ele></trkpt>
      <trkpt lat="44.738920" lon="9.292020"><ele>925.4</ele></trkpt>
      <trkpt lat="44.738905" lon="9.291948"><ele>925.5</ele></trkpt>
      <trkpt lat="44.738905" lon="9.291878"><ele>925.7</ele></trkpt>
      <trkpt lat="44.738903" lon="9.291817"><ele>925.8</ele></trkpt>
      <trkpt lat="44.738907" lon="9.291753"><ele>925.9</ele></trkpt>
      <trkpt lat="44.738910" lon="9.291692"><ele>926.0</ele></trkpt>
      <trkpt lat="44.738928" lon="9.291623"><ele>926.1</ele></trkpt>
      <trkpt lat="44.738950" lon="9.291555"><ele>927.4</ele></trkpt>
      <trkpt lat="44.738958" lon="9.291485"><ele>927.4</ele></trkpt>
      <trkpt lat="44.738967" lon="9.291395"><ele>928.1</ele></trkpt>
      <trkpt lat="44.738959" lon="9.291252"><ele>927.0</ele></trkpt>
      <trkpt lat="44.738952" lon="9.291204"><ele>927.0</ele></trkpt>
      <trkpt lat="44.738937" lon="9.291108"><ele>926.9</ele></trkpt>
      <trkpt lat="44.738886" lon="9.290987"><ele>924.3</ele></trkpt>
      <trkpt lat="44.738867" lon="9.290950"><ele>923.4</ele></trkpt>
      <trkpt lat="44.738813" lon="9.290845"><ele>922.4</ele></trkpt>
      <trkpt lat="44.738797" lon="9.290812"><ele>921.5</ele></trkpt>
      <trkpt lat="44.738772" lon="9.290740"><ele>920.5</ele></trkpt>
      <trkpt lat="44.738753" lon="9.290665"><ele>920.4</ele></trkpt>
      <trkpt lat="44.738735" lon="9.290592"><ele>919.3</ele></trkpt>
      <trkpt lat="44.738740" lon="9.290518"><ele>918.9</ele></trkpt>
      <trkpt lat="44.738765" lon="9.290450"><ele>919.4</ele></trkpt>
      <trkpt lat="44.738798" lon="9.290390"><ele>919.7</ele></trkpt>
      <trkpt lat="44.738813" lon="9.290305"><ele>920.2</ele></trkpt>
      <trkpt lat="44.738818" lon="9.290278"><ele>920.2</ele></trkpt>
      <trkpt lat="44.738840" lon="9.290223"><ele>920.8</ele></trkpt>
      <trkpt lat="44.738857" lon="9.290167"><ele>920.8</ele></trkpt>
      <trkpt lat="44.738870" lon="9.290108"><ele>921.6</ele></trkpt>
      <trkpt lat="44.738885" lon="9.290055"><ele>921.5</ele></trkpt>
      <trkpt lat="44.738906" lon="9.289978"><ele>922.5</ele></trkpt>
      <trkpt lat="44.738915" lon="9.289953"><ele>922.4</ele></trkpt>
      <trkpt lat="44.738947" lon="9.289878"><ele>924.1</ele></trkpt>
      <trkpt lat="44.738963" lon="9.289853"><ele>925.1</ele></trkpt>
      <trkpt lat="44.738972" lon="9.289808"><ele>925.1</ele></trkpt>
      <trkpt lat="44.738985" lon="9.289738"><ele>925.0</ele></trkpt>
      <trkpt lat="44.738990" lon="9.289678"><ele>925.0</ele></trkpt>
      <trkpt lat="44.739002" lon="9.289617"><ele>925.8</ele></trkpt>
      <trkpt lat="44.739003" lon="9.289550"><ele>925.8</ele></trkpt>
      <trkpt lat="44.738993" lon="9.289495"><ele>925.6</ele></trkpt>
      <trkpt lat="44.738968" lon="9.289455"><ele>924.7</ele></trkpt>
      <trkpt lat="44.738943" lon="9.289367"><ele>923.6</ele></trkpt>
      <trkpt lat="44.738933" lon="9.289338"><ele>923.6</ele></trkpt>
      <trkpt lat="44.738912" lon="9.289280"><ele>922.1</ele></trkpt>
      <trkpt lat="44.738893" lon="9.289218"><ele>921.2</ele></trkpt>
      <trkpt lat="44.738867" lon="9.289163"><ele>920.4</ele></trkpt>
      <trkpt lat="44.738838" lon="9.289117"><ele>919.7</ele></trkpt>
      <trkpt lat="44.738818" lon="9.289060"><ele>919.7</ele></trkpt>
      <trkpt lat="44.738800" lon="9.289007"><ele>919.1</ele></trkpt>
      <trkpt lat="44.738788" lon="9.288952"><ele>919.2</ele></trkpt>
      <trkpt lat="44.738778" lon="9.288897"><ele>919.4</ele></trkpt>
      <trkpt lat="44.738763" lon="9.288847"><ele>918.8</ele></trkpt>
      <trkpt lat="44.738755" lon="9.288798"><ele>918.9</ele></trkpt>
      <trkpt lat="44.738753" lon="9.288750"><ele>919.1</ele></trkpt>
      <trkpt lat="44.738763" lon="9.288707"><ele>919.2</ele></trkpt>
      <trkpt lat="44.738777" lon="9.288670"><ele>919.4</ele></trkpt>
      <trkpt lat="44.738780" lon="9.288637"><ele>920.3</ele></trkpt>
      <trkpt lat="44.738782" lon="9.288603"><ele>920.3</ele></trkpt>
      <trkpt lat="44.738775" lon="9.288563"><ele>919.7</ele></trkpt>
      <trkpt lat="44.738760" lon="9.288528"><ele>919.9</ele></trkpt>
      <trkpt lat="44.738753" lon="9.288498"><ele>920.1</ele></trkpt>
      <trkpt lat="44.738748" lon="9.288457"><ele>920.3</ele></trkpt>
      <trkpt lat="44.738742" lon="9.288415"><ele>919.8</ele></trkpt>
      <trkpt lat="44.738745" lon="9.288360"><ele>920.0</ele></trkpt>
      <trkpt lat="44.738722" lon="9.288318"><ele>920.3</ele></trkpt>
      <trkpt lat="44.738703" lon="9.288273"><ele>919.8</ele></trkpt>
      <trkpt lat="44.738693" lon="9.288220"><ele>920.1</ele></trkpt>
      <trkpt lat="44.738693" lon="9.288175"><ele>920.4</ele></trkpt>
      <trkpt lat="44.738712" lon="9.288113"><ele>920.9</ele></trkpt>
      <trkpt lat="44.738728" lon="9.288055"><ele>921.9</ele></trkpt>
      <trkpt lat="44.738738" lon="9.288005"><ele>922.2</ele></trkpt>
      <trkpt lat="44.738752" lon="9.287958"><ele>923.1</ele></trkpt>
      <trkpt lat="44.738777" lon="9.287920"><ele>923.3</ele></trkpt>
      <trkpt lat="44.738788" lon="9.287882"><ele>924.3</ele></trkpt>
      <trkpt lat="44.738790" lon="9.287838"><ele>924.5</ele></trkpt>
      <trkpt lat="44.738777" lon="9.287802"><ele>924.0</ele></trkpt>
      <trkpt lat="44.738760" lon="9.287773"><ele>924.3</ele></trkpt>
      <trkpt lat="44.738731" lon="9.287711"><ele>923.8</ele></trkpt>
      <trkpt lat="44.738725" lon="9.287687"><ele>924.1</ele></trkpt>
      <trkpt lat="44.738720" lon="9.287627"><ele>924.4</ele></trkpt>
      <trkpt lat="44.738705" lon="9.287570"><ele>923.9</ele></trkpt>
      <trkpt lat="44.738703" lon="9.287512"><ele>924.6</ele></trkpt>
      <trkpt lat="44.738678" lon="9.287458"><ele>924.2</ele></trkpt>
      <trkpt lat="44.738653" lon="9.287412"><ele>923.8</ele></trkpt>
      <trkpt lat="44.738627" lon="9.287373"><ele>924.1</ele></trkpt>
      <trkpt lat="44.738608" lon="9.287332"><ele>923.7</ele></trkpt>
      <trkpt lat="44.738583" lon="9.287300"><ele>923.2</ele></trkpt>
      <trkpt lat="44.738563" lon="9.287268"><ele>922.3</ele></trkpt>
      <trkpt lat="44.738542" lon="9.287240"><ele>922.7</ele></trkpt>
      <trkpt lat="44.738517" lon="9.287210"><ele>922.3</ele></trkpt>
      <trkpt lat="44.738502" lon="9.287178"><ele>921.8</ele></trkpt>
      <trkpt lat="44.738480" lon="9.287145"><ele>921.8</ele></trkpt>
      <trkpt lat="44.738462" lon="9.287110"><ele>921.4</ele></trkpt>
      <trkpt lat="44.738442" lon="9.287075"><ele>921.0</ele></trkpt>
      <trkpt lat="44.738422" lon="9.287038"><ele>921.3</ele></trkpt>
      <trkpt lat="44.738405" lon="9.287005"><ele>920.9</ele></trkpt>
      <trkpt lat="44.738385" lon="9.286967"><ele>920.9</ele></trkpt>
      <trkpt lat="44.738368" lon="9.286922"><ele>920.9</ele></trkpt>
      <trkpt lat="44.738362" lon="9.286875"><ele>921.3</ele></trkpt>
      <trkpt lat="44.738350" lon="9.286827"><ele>920.9</ele></trkpt>
      <trkpt lat="44.738342" lon="9.286780"><ele>921.3</ele></trkpt>
      <trkpt lat="44.738338" lon="9.286728"><ele>921.7</ele></trkpt>
      <trkpt lat="44.738340" lon="9.286680"><ele>922.1</ele></trkpt>
      <trkpt lat="44.738347" lon="9.286633"><ele>922.5</ele></trkpt>
      <trkpt lat="44.738355" lon="9.286593"><ele>923.9</ele></trkpt>
      <trkpt lat="44.738352" lon="9.286570"><ele>924.3</ele></trkpt>
      <trkpt lat="44.738352" lon="9.286537"><ele>924.7</ele></trkpt>
      <trkpt lat="44.738367" lon="9.286503"><ele>924.7</ele></trkpt>
      <trkpt lat="44.738373" lon="9.286477"><ele>925.1</ele></trkpt>
      <trkpt lat="44.738388" lon="9.286452"><ele>926.0</ele></trkpt>
      <trkpt lat="44.738403" lon="9.286420"><ele>926.4</ele></trkpt>
      <trkpt lat="44.738426" lon="9.286381"><ele>927.7</ele></trkpt>
      <trkpt lat="44.738433" lon="9.286365"><ele>928.1</ele></trkpt>
      <trkpt lat="44.738448" lon="9.286333"><ele>928.9</ele></trkpt>
      <trkpt lat="44.738457" lon="9.286307"><ele>929.3</ele></trkpt>
      <trkpt lat="44.738458" lon="9.286275"><ele>929.6</ele></trkpt>
      <trkpt lat="44.738468" lon="9.286243"><ele>929.6</ele></trkpt>
      <trkpt lat="44.738478" lon="9.286198"><ele>930.7</ele></trkpt>
      <trkpt lat="44.738483" lon="9.286158"><ele>931.0</ele></trkpt>
      <trkpt lat="44.738487" lon="9.286113"><ele>931.2</ele></trkpt>
      <trkpt lat="44.738488" lon="9.286070"><ele>931.4</ele></trkpt>
      <trkpt lat="44.738480" lon="9.286007"><ele>931.7</ele></trkpt>
      <trkpt lat="44.738473" lon="9.285953"><ele>931.9</ele></trkpt>
      <trkpt lat="44.738462" lon="9.285905"><ele>931.3</ele></trkpt>
      <trkpt lat="44.738435" lon="9.285852"><ele>930.8</ele></trkpt>
      <trkpt lat="44.738415" lon="9.285800"><ele>931.2</ele></trkpt>
      <trkpt lat="44.738398" lon="9.285748"><ele>930.7</ele></trkpt>
      <trkpt lat="44.738382" lon="9.285693"><ele>931.0</ele></trkpt>
      <trkpt lat="44.738372" lon="9.285642"><ele>930.4</ele></trkpt>
      <trkpt lat="44.738372" lon="9.285592"><ele>931.0</ele></trkpt>
      <trkpt lat="44.738365" lon="9.285548"><ele>931.3</ele></trkpt>
      <trkpt lat="44.738380" lon="9.285512"><ele>931.3</ele></trkpt>
      <trkpt lat="44.738372" lon="9.285472"><ele>931.6</ele></trkpt>
      <trkpt lat="44.738363" lon="9.285443"><ele>931.9</ele></trkpt>
      <trkpt lat="44.738353" lon="9.285417"><ele>932.2</ele></trkpt>
      <trkpt lat="44.738333" lon="9.285390"><ele>931.3</ele></trkpt>
      <trkpt lat="44.738303" lon="9.285348"><ele>930.6</ele></trkpt>
      <trkpt lat="44.738282" lon="9.285305"><ele>930.0</ele></trkpt>
      <trkpt lat="44.738267" lon="9.285268"><ele>930.3</ele></trkpt>
      <trkpt lat="44.738253" lon="9.285232"><ele>929.8</ele></trkpt>
      <trkpt lat="44.738243" lon="9.285205"><ele>930.1</ele></trkpt>
      <trkpt lat="44.738250" lon="9.285177"><ele>930.1</ele></trkpt>
      <trkpt lat="44.738257" lon="9.285142"><ele>930.5</ele></trkpt>
      <trkpt lat="44.738248" lon="9.285107"><ele>930.9</ele></trkpt>
      <trkpt lat="44.738210" lon="9.285018"><ele>931.1</ele></trkpt>
      <trkpt lat="44.738212" lon="9.284962"><ele>931.7</ele></trkpt>
      <trkpt lat="44.738210" lon="9.284922"><ele>932.2</ele></trkpt>
      <trkpt lat="44.738217" lon="9.284882"><ele>932.8</ele></trkpt>
      <trkpt lat="44.738218" lon="9.284840"><ele>933.4</ele></trkpt>
      <trkpt lat="44.738187" lon="9.284765"><ele>933.9</ele></trkpt>
      <trkpt lat="44.738163" lon="9.284720"><ele>933.9</ele></trkpt>
      <trkpt lat="44.738137" lon="9.284677"><ele>933.8</ele></trkpt>
      <trkpt lat="44.738123" lon="9.284647"><ele>934.5</ele></trkpt>
      <trkpt lat="44.738105" lon="9.284620"><ele>933.7</ele></trkpt>
      <trkpt lat="44.738080" lon="9.284592"><ele>934.4</ele></trkpt>
      <trkpt lat="44.738070" lon="9.284573"><ele>933.6</ele></trkpt>
      <trkpt lat="44.738060" lon="9.284560"><ele>934.3</ele></trkpt>
      <trkpt lat="44.738068" lon="9.284553"><ele>934.3</ele></trkpt>
      <trkpt lat="44.738072" lon="9.284557"><ele>934.3</ele></trkpt>
      <trkpt lat="44.738070" lon="9.284530"><ele>934.3</ele></trkpt>
      <trkpt lat="44.738060" lon="9.284522"><ele>934.3</ele></trkpt>
      <trkpt lat="44.738045" lon="9.284488"><ele>934.2</ele></trkpt>
      <trkpt lat="44.738063" lon="9.284477"><ele>935.7</ele></trkpt>
      <trkpt lat="44.738048" lon="9.284418"><ele>936.4</ele></trkpt>
      <trkpt lat="44.738040" lon="9.284400"><ele>935.6</ele></trkpt>
      <trkpt lat="44.738033" lon="9.284370"><ele>936.3</ele></trkpt>
      <trkpt lat="44.738022" lon="9.284348"><ele>936.9</ele></trkpt>
      <trkpt lat="44.738006" lon="9.284325"><ele>936.2</ele></trkpt>
      <trkpt lat="44.738000" lon="9.284318"><ele>936.2</ele></trkpt>
      <trkpt lat="44.737988" lon="9.284298"><ele>936.8</ele></trkpt>
      <trkpt lat="44.737983" lon="9.284287"><ele>936.2</ele></trkpt>
      <trkpt lat="44.737987" lon="9.284272"><ele>936.8</ele></trkpt>
      <trkpt lat="44.737978" lon="9.284263"><ele>936.2</ele></trkpt>
      <trkpt lat="44.737970" lon="9.284253"><ele>936.8</ele></trkpt>
      <trkpt lat="44.737965" lon="9.284238"><ele>936.8</ele></trkpt>
      <trkpt lat="44.737952" lon="9.284215"><ele>936.8</ele></trkpt>
      <trkpt lat="44.737948" lon="9.284198"><ele>936.8</ele></trkpt>
      <trkpt lat="44.737935" lon="9.284178"><ele>936.8</ele></trkpt>
      <trkpt lat="44.737915" lon="9.284155"><ele>936.8</ele></trkpt>
      <trkpt lat="44.737875" lon="9.284135"><ele>936.1</ele></trkpt>
      <trkpt lat="44.737858" lon="9.284117"><ele>936.1</ele></trkpt>
      <trkpt lat="44.737842" lon="9.284098"><ele>936.1</ele></trkpt>
      <trkpt lat="44.737835" lon="9.284057"><ele>936.8</ele></trkpt>
      <trkpt lat="44.737783" lon="9.283997"><ele>936.4</ele></trkpt>
      <trkpt lat="44.737745" lon="9.283972"><ele>935.6</ele></trkpt>
      <trkpt lat="44.737685" lon="9.283920"><ele>934.6</ele></trkpt>
      <trkpt lat="44.737707" lon="9.283903"><ele>935.2</ele></trkpt>
      <trkpt lat="44.737670" lon="9.283867"><ele>934.9</ele></trkpt>
      <trkpt lat="44.737652" lon="9.283845"><ele>934.9</ele></trkpt>
      <trkpt lat="44.737635" lon="9.283805"><ele>934.7</ele></trkpt>
      <trkpt lat="44.737615" lon="9.283762"><ele>934.5</ele></trkpt>
      <trkpt lat="44.737610" lon="9.283715"><ele>935.0</ele></trkpt>
      <trkpt lat="44.737633" lon="9.283665"><ele>936.2</ele></trkpt>
      <trkpt lat="44.737598" lon="9.283563"><ele>936.9</ele></trkpt>
      <trkpt lat="44.737602" lon="9.283495"><ele>937.3</ele></trkpt>
      <trkpt lat="44.737612" lon="9.283443"><ele>938.0</ele></trkpt>
      <trkpt lat="44.737615" lon="9.283390"><ele>938.3</ele></trkpt>
      <trkpt lat="44.737630" lon="9.283345"><ele>939.1</ele></trkpt>
      <trkpt lat="44.737638" lon="9.283300"><ele>939.3</ele></trkpt>
      <trkpt lat="44.737637" lon="9.283263"><ele>939.4</ele></trkpt>
      <trkpt lat="44.737643" lon="9.283232"><ele>939.5</ele></trkpt>
      <trkpt lat="44.737660" lon="9.283195"><ele>940.1</ele></trkpt>
      <trkpt lat="44.737677" lon="9.283172"><ele>940.2</ele></trkpt>
      <trkpt lat="44.737708" lon="9.283150"><ele>940.8</ele></trkpt>
      <trkpt lat="44.737710" lon="9.283133"><ele>940.8</ele></trkpt>
      <trkpt lat="44.737723" lon="9.283110"><ele>941.4</ele></trkpt>
      <trkpt lat="44.737730" lon="9.283087"><ele>941.4</ele></trkpt>
      <trkpt lat="44.737738" lon="9.283053"><ele>941.4</ele></trkpt>
      <trkpt lat="44.737747" lon="9.283012"><ele>941.9</ele></trkpt>
      <trkpt lat="44.737750" lon="9.282972"><ele>941.9</ele></trkpt>
      <trkpt lat="44.737807" lon="9.282933"><ele>943.1</ele></trkpt>
      <trkpt lat="44.737842" lon="9.282893"><ele>943.7</ele></trkpt>
      <trkpt lat="44.737870" lon="9.282852"><ele>944.3</ele></trkpt>
      <trkpt lat="44.737883" lon="9.282818"><ele>944.3</ele></trkpt>
      <trkpt lat="44.737897" lon="9.282790"><ele>944.9</ele></trkpt>
      <trkpt lat="44.737901" lon="9.282738"><ele>944.9</ele></trkpt>
      <trkpt lat="44.737903" lon="9.282722"><ele>944.9</ele></trkpt>
      <trkpt lat="44.737898" lon="9.282688"><ele>944.9</ele></trkpt>
      <trkpt lat="44.737893" lon="9.282647"><ele>944.4</ele></trkpt>
      <trkpt lat="44.737893" lon="9.282593"><ele>944.4</ele></trkpt>
      <trkpt lat="44.737887" lon="9.282535"><ele>944.4</ele></trkpt>
      <trkpt lat="44.737900" lon="9.282472"><ele>945.0</ele></trkpt>
      <trkpt lat="44.737898" lon="9.282423"><ele>945.0</ele></trkpt>
      <trkpt lat="44.737892" lon="9.282382"><ele>944.4</ele></trkpt>
      <trkpt lat="44.737890" lon="9.282338"><ele>944.4</ele></trkpt>
      <trkpt lat="44.737893" lon="9.282303"><ele>944.5</ele></trkpt>
      <trkpt lat="44.737893" lon="9.282268"><ele>944.5</ele></trkpt>
      <trkpt lat="44.737898" lon="9.282222"><ele>945.1</ele></trkpt>
      <trkpt lat="44.737913" lon="9.282143"><ele>945.1</ele></trkpt>
      <trkpt lat="44.737922" lon="9.282120"><ele>945.1</ele></trkpt>
      <trkpt lat="44.737928" lon="9.282060"><ele>945.5</ele></trkpt>
      <trkpt lat="44.737930" lon="9.282008"><ele>945.5</ele></trkpt>
      <trkpt lat="44.737937" lon="9.281955"><ele>945.5</ele></trkpt>
      <trkpt lat="44.737943" lon="9.281902"><ele>945.5</ele></trkpt>
      <trkpt lat="44.737945" lon="9.281855"><ele>945.6</ele></trkpt>
      <trkpt lat="44.737948" lon="9.281813"><ele>945.6</ele></trkpt>
      <trkpt lat="44.737945" lon="9.281773"><ele>945.7</ele></trkpt>
      <trkpt lat="44.737957" lon="9.281728"><ele>946.3</ele></trkpt>
      <trkpt lat="44.737965" lon="9.281695"><ele>946.3</ele></trkpt>
      <trkpt lat="44.737967" lon="9.281662"><ele>946.4</ele></trkpt>
      <trkpt lat="44.737968" lon="9.281628"><ele>946.6</ele></trkpt>
      <trkpt lat="44.737972" lon="9.281579"><ele>946.8</ele></trkpt>
      <trkpt lat="44.737972" lon="9.281560"><ele>946.8</ele></trkpt>
      <trkpt lat="44.737957" lon="9.281528"><ele>947.0</ele></trkpt>
      <trkpt lat="44.737940" lon="9.281507"><ele>946.9</ele></trkpt>
      <trkpt lat="44.737945" lon="9.281480"><ele>946.9</ele></trkpt>
      <trkpt lat="44.737947" lon="9.281450"><ele>947.2</ele></trkpt>
      <trkpt lat="44.737957" lon="9.281407"><ele>947.7</ele></trkpt>
      <trkpt lat="44.737968" lon="9.281365"><ele>947.9</ele></trkpt>
      <trkpt lat="44.737978" lon="9.281323"><ele>948.1</ele></trkpt>
      <trkpt lat="44.737985" lon="9.281282"><ele>948.3</ele></trkpt>
      <trkpt lat="44.738010" lon="9.281228"><ele>948.4</ele></trkpt>
      <trkpt lat="44.738022" lon="9.281190"><ele>948.4</ele></trkpt>
      <trkpt lat="44.738017" lon="9.281165"><ele>948.3</ele></trkpt>
      <trkpt lat="44.738002" lon="9.281137"><ele>948.3</ele></trkpt>
      <trkpt lat="44.738002" lon="9.281115"><ele>948.3</ele></trkpt>
      <trkpt lat="44.737993" lon="9.281088"><ele>948.3</ele></trkpt>
      <trkpt lat="44.737975" lon="9.281057"><ele>948.3</ele></trkpt>
      <trkpt lat="44.737945" lon="9.281025"><ele>948.3</ele></trkpt>
      <trkpt lat="44.737933" lon="9.280997"><ele>948.2</ele></trkpt>
      <trkpt lat="44.737942" lon="9.280947"><ele>948.0</ele></trkpt>
      <trkpt lat="44.737952" lon="9.280888"><ele>947.9</ele></trkpt>
      <trkpt lat="44.737945" lon="9.280843"><ele>947.7</ele></trkpt>
      <trkpt lat="44.737940" lon="9.280810"><ele>947.5</ele></trkpt>
      <trkpt lat="44.737930" lon="9.280775"><ele>947.3</ele></trkpt>
      <trkpt lat="44.737928" lon="9.280753"><ele>947.3</ele></trkpt>
      <trkpt lat="44.737920" lon="9.280723"><ele>947.4</ele></trkpt>
      <trkpt lat="44.737890" lon="9.280703"><ele>947.6</ele></trkpt>
      <trkpt lat="44.737860" lon="9.280673"><ele>947.8</ele></trkpt>
      <trkpt lat="44.737807" lon="9.280635"><ele>948.1</ele></trkpt>
      <trkpt lat="44.737772" lon="9.280613"><ele>948.4</ele></trkpt>
      <trkpt lat="44.737752" lon="9.280593"><ele>948.6</ele></trkpt>
      <trkpt lat="44.737727" lon="9.280572"><ele>948.8</ele></trkpt>
      <trkpt lat="44.737703" lon="9.280552"><ele>949.0</ele></trkpt>
      <trkpt lat="44.737673" lon="9.280535"><ele>949.2</ele></trkpt>
      <trkpt lat="44.737663" lon="9.280507"><ele>949.4</ele></trkpt>
      <trkpt lat="44.737663" lon="9.280467"><ele>949.6</ele></trkpt>
      <trkpt lat="44.737668" lon="9.280427"><ele>949.9</ele></trkpt>
      <trkpt lat="44.737668" lon="9.280390"><ele>950.1</ele></trkpt>
      <trkpt lat="44.737655" lon="9.280363"><ele>950.3</ele></trkpt>
      <trkpt lat="44.737640" lon="9.280343"><ele>950.5</ele></trkpt>
      <trkpt lat="44.737613" lon="9.280303"><ele>950.8</ele></trkpt>
      <trkpt lat="44.737598" lon="9.280282"><ele>951.0</ele></trkpt>
      <trkpt lat="44.737585" lon="9.280263"><ele>951.1</ele></trkpt>
      <trkpt lat="44.737590" lon="9.280255"><ele>951.2</ele></trkpt>
      <trkpt lat="44.737593" lon="9.280242"><ele>951.3</ele></trkpt>
      <trkpt lat="44.737598" lon="9.280203"><ele>951.5</ele></trkpt>
      <trkpt lat="44.737598" lon="9.280203"><ele>951.5</ele></trkpt>
      <trkpt lat="44.737598" lon="9.280203"><ele>951.5</ele></trkpt>
      <trkpt lat="44.737592" lon="9.280177"><ele>951.7</ele></trkpt>
      <trkpt lat="44.737582" lon="9.280093"><ele>951.9</ele></trkpt>
      <trkpt lat="44.737590" lon="9.280050"><ele>952.1</ele></trkpt>
      <trkpt lat="44.737590" lon="9.280050"><ele>952.1</ele></trkpt>
      <trkpt lat="44.737575" lon="9.280010"><ele>952.2</ele></trkpt>
      <trkpt lat="44.737530" lon="9.279957"><ele>952.2</ele></trkpt>
      <trkpt lat="44.737517" lon="9.279938"><ele>952.2</ele></trkpt>
      <trkpt lat="44.737517" lon="9.279938"><ele>952.2</ele></trkpt>
      <trkpt lat="44.737508" lon="9.279908"><ele>952.2</ele></trkpt>
      <trkpt lat="44.737442" lon="9.279877"><ele>952.6</ele></trkpt>
      <trkpt lat="44.737428" lon="9.279847"><ele>952.8</ele></trkpt>
      <trkpt lat="44.737422" lon="9.279823"><ele>952.9</ele></trkpt>
      <trkpt lat="44.737422" lon="9.279807"><ele>953.0</ele></trkpt>
      <trkpt lat="44.737432" lon="9.279778"><ele>953.1</ele></trkpt>
      <trkpt lat="44.737438" lon="9.279750"><ele>953.2</ele></trkpt>
      <trkpt lat="44.737435" lon="9.279730"><ele>953.3</ele></trkpt>
      <trkpt lat="44.737443" lon="9.279708"><ele>953.4</ele></trkpt>
      <trkpt lat="44.737453" lon="9.279685"><ele>953.6</ele></trkpt>
      <trkpt lat="44.737458" lon="9.279649"><ele>953.7</ele></trkpt>
      <trkpt lat="44.737455" lon="9.279637"><ele>953.8</ele></trkpt>
      <trkpt lat="44.737455" lon="9.279637"><ele>953.8</ele></trkpt>
      <trkpt lat="44.737457" lon="9.279608"><ele>953.9</ele></trkpt>
      <trkpt lat="44.737463" lon="9.279592"><ele>954.0</ele></trkpt>
      <trkpt lat="44.737460" lon="9.279573"><ele>954.1</ele></trkpt>
      <trkpt lat="44.737452" lon="9.279547"><ele>954.2</ele></trkpt>
      <trkpt lat="44.737446" lon="9.279519"><ele>954.4</ele></trkpt>
      <trkpt lat="44.737445" lon="9.279510"><ele>954.4</ele></trkpt>
      <trkpt lat="44.737440" lon="9.279482"><ele>954.5</ele></trkpt>
      <trkpt lat="44.737428" lon="9.279453"><ele>954.7</ele></trkpt>
      <trkpt lat="44.737415" lon="9.279417"><ele>954.9</ele></trkpt>
      <trkpt lat="44.737403" lon="9.279375"><ele>955.1</ele></trkpt>
      <trkpt lat="44.737388" lon="9.279338"><ele>955.3</ele></trkpt>
      <trkpt lat="44.737385" lon="9.279308"><ele>955.5</ele></trkpt>
      <trkpt lat="44.737380" lon="9.279282"><ele>955.6</ele></trkpt>
      <trkpt lat="44.737378" lon="9.279255"><ele>955.7</ele></trkpt>
      <trkpt lat="44.737380" lon="9.279230"><ele>955.9</ele></trkpt>
      <trkpt lat="44.737383" lon="9.279202"><ele>956.0</ele></trkpt>
      <trkpt lat="44.737378" lon="9.279173"><ele>956.2</ele></trkpt>
      <trkpt lat="44.737372" lon="9.279145"><ele>956.3</ele></trkpt>
      <trkpt lat="44.737363" lon="9.279112"><ele>956.5</ele></trkpt>
      <trkpt lat="44.737358" lon="9.279080"><ele>956.7</ele></trkpt>
      <trkpt lat="44.737345" lon="9.279058"><ele>956.9</ele></trkpt>
      <trkpt lat="44.737350" lon="9.279037"><ele>957.0</ele></trkpt>
      <trkpt lat="44.737353" lon="9.279018"><ele>957.1</ele></trkpt>
      <trkpt lat="44.737355" lon="9.278985"><ele>957.3</ele></trkpt>
      <trkpt lat="44.737352" lon="9.278958"><ele>957.5</ele></trkpt>
      <trkpt lat="44.737340" lon="9.278930"><ele>957.6</ele></trkpt>
      <trkpt lat="44.737332" lon="9.278903"><ele>957.9</ele></trkpt>
      <trkpt lat="44.737322" lon="9.278880"><ele>958.2</ele></trkpt>
      <trkpt lat="44.737318" lon="9.278857"><ele>958.4</ele></trkpt>
      <trkpt lat="44.737308" lon="9.278840"><ele>958.6</ele></trkpt>
      <trkpt lat="44.737297" lon="9.278822"><ele>958.9</ele></trkpt>
      <trkpt lat="44.737285" lon="9.278795"><ele>959.2</ele></trkpt>
      <trkpt lat="44.737270" lon="9.278775"><ele>959.5</ele></trkpt>
      <trkpt lat="44.737250" lon="9.278758"><ele>959.8</ele></trkpt>
      <trkpt lat="44.737232" lon="9.278747"><ele>960.1</ele></trkpt>
      <trkpt lat="44.737218" lon="9.278735"><ele>960.4</ele></trkpt>
      <trkpt lat="44.737208" lon="9.278723"><ele>960.6</ele></trkpt>
      <trkpt lat="44.737187" lon="9.278720"><ele>960.9</ele></trkpt>
      <trkpt lat="44.737168" lon="9.278722"><ele>961.2</ele></trkpt>
      <trkpt lat="44.737150" lon="9.278725"><ele>961.4</ele></trkpt>
      <trkpt lat="44.737147" lon="9.278723"><ele>961.5</ele></trkpt>
      <trkpt lat="44.737138" lon="9.278725"><ele>961.6</ele></trkpt>
      <trkpt lat="44.737127" lon="9.278727"><ele>961.8</ele></trkpt>
      <trkpt lat="44.737120" lon="9.278730"><ele>961.9</ele></trkpt>
      <trkpt lat="44.737110" lon="9.278733"><ele>962.0</ele></trkpt>
      <trkpt lat="44.737100" lon="9.278740"><ele>962.2</ele></trkpt>
      <trkpt lat="44.737087" lon="9.278742"><ele>962.4</ele></trkpt>
      <trkpt lat="44.737077" lon="9.278743"><ele>962.6</ele></trkpt>
      <trkpt lat="44.737062" lon="9.278743"><ele>962.8</ele></trkpt>
      <trkpt lat="44.737040" lon="9.278740"><ele>963.1</ele></trkpt>
      <trkpt lat="44.737023" lon="9.278735"><ele>963.2</ele></trkpt>
      <trkpt lat="44.737012" lon="9.278727"><ele>963.3</ele></trkpt>
      <trkpt lat="44.737005" lon="9.278717"><ele>963.3</ele></trkpt>
      <trkpt lat="44.737000" lon="9.278708"><ele>963.4</ele></trkpt>
      <trkpt lat="44.736993" lon="9.278700"><ele>963.4</ele></trkpt>
      <trkpt lat="44.736985" lon="9.278693"><ele>963.5</ele></trkpt>
      <trkpt lat="44.736970" lon="9.278682"><ele>963.6</ele></trkpt>
      <trkpt lat="44.736965" lon="9.278663"><ele>963.7</ele></trkpt>
      <trkpt lat="44.736915" lon="9.278640"><ele>963.9</ele></trkpt>
      <trkpt lat="44.736910" lon="9.278623"><ele>964.0</ele></trkpt>
      <trkpt lat="44.736865" lon="9.278605"><ele>964.2</ele></trkpt>
      <trkpt lat="44.736853" lon="9.278595"><ele>964.2</ele></trkpt>
      <trkpt lat="44.736847" lon="9.278580"><ele>964.3</ele></trkpt>
      <trkpt lat="44.736842" lon="9.278565"><ele>964.4</ele></trkpt>
      <trkpt lat="44.736838" lon="9.278545"><ele>964.6</ele></trkpt>
      <trkpt lat="44.736818" lon="9.278525"><ele>965.1</ele></trkpt>
      <trkpt lat="44.736798" lon="9.278510"><ele>965.5</ele></trkpt>
      <trkpt lat="44.736773" lon="9.278490"><ele>966.0</ele></trkpt>
      <trkpt lat="44.736752" lon="9.278470"><ele>966.5</ele></trkpt>
      <trkpt lat="44.736758" lon="9.278465"><ele>966.7</ele></trkpt>
      <trkpt lat="44.736757" lon="9.278452"><ele>966.8</ele></trkpt>
      <trkpt lat="44.736760" lon="9.278437"><ele>967.0</ele></trkpt>
      <trkpt lat="44.736758" lon="9.278422"><ele>967.2</ele></trkpt>
      <trkpt lat="44.736753" lon="9.278407"><ele>967.5</ele></trkpt>
      <trkpt lat="44.736753" lon="9.278382"><ele>967.8</ele></trkpt>
      <trkpt lat="44.736748" lon="9.278358"><ele>967.9</ele></trkpt>
      <trkpt lat="44.736740" lon="9.278333"><ele>967.9</ele></trkpt>
      <trkpt lat="44.736712" lon="9.278310"><ele>967.9</ele></trkpt>
      <trkpt lat="44.736690" lon="9.278287"><ele>968.2</ele></trkpt>
      <trkpt lat="44.736683" lon="9.278273"><ele>968.3</ele></trkpt>
      <trkpt lat="44.736675" lon="9.278270"><ele>968.4</ele></trkpt>
      <trkpt lat="44.736663" lon="9.278258"><ele>968.6</ele></trkpt>
      <trkpt lat="44.736652" lon="9.278238"><ele>968.8</ele></trkpt>
      <trkpt lat="44.736647" lon="9.278212"><ele>968.9</ele></trkpt>
      <trkpt lat="44.736647" lon="9.278193"><ele>969.1</ele></trkpt>
      <trkpt lat="44.736645" lon="9.278173"><ele>969.2</ele></trkpt>
      <trkpt lat="44.736645" lon="9.278153"><ele>969.4</ele></trkpt>
      <trkpt lat="44.736633" lon="9.278137"><ele>969.6</ele></trkpt>
      <trkpt lat="44.736622" lon="9.278123"><ele>969.7</ele></trkpt>
      <trkpt lat="44.736618" lon="9.278107"><ele>969.9</ele></trkpt>
      <trkpt lat="44.736617" lon="9.278087"><ele>970.0</ele></trkpt>
      <trkpt lat="44.736612" lon="9.278067"><ele>970.2</ele></trkpt>
      <trkpt lat="44.736593" lon="9.278045"><ele>970.4</ele></trkpt>
      <trkpt lat="44.736575" lon="9.278027"><ele>970.7</ele></trkpt>
      <trkpt lat="44.736557" lon="9.278003"><ele>971.0</ele></trkpt>
      <trkpt lat="44.736517" lon="9.277982"><ele>971.4</ele></trkpt>
      <trkpt lat="44.736483" lon="9.277963"><ele>971.9</ele></trkpt>
      <trkpt lat="44.736472" lon="9.277938"><ele>972.1</ele></trkpt>
      <trkpt lat="44.736458" lon="9.277913"><ele>972.3</ele></trkpt>
      <trkpt lat="44.736445" lon="9.277890"><ele>972.6</ele></trkpt>
      <trkpt lat="44.736433" lon="9.277863"><ele>972.8</ele></trkpt>
      <trkpt lat="44.736422" lon="9.277841"><ele>973.0</ele></trkpt>
      <trkpt lat="44.736415" lon="9.277835"><ele>973.1</ele></trkpt>
      <trkpt lat="44.736398" lon="9.277820"><ele>973.4</ele></trkpt>
      <trkpt lat="44.736378" lon="9.277807"><ele>973.6</ele></trkpt>
      <trkpt lat="44.736373" lon="9.277793"><ele>973.5</ele></trkpt>
      <trkpt lat="44.736373" lon="9.277785"><ele>973.4</ele></trkpt>
      <trkpt lat="44.736370" lon="9.277768"><ele>973.5</ele></trkpt>
      <trkpt lat="44.736363" lon="9.277745"><ele>973.9</ele></trkpt>
      <trkpt lat="44.736360" lon="9.277730"><ele>974.0</ele></trkpt>
      <trkpt lat="44.736362" lon="9.277713"><ele>973.9</ele></trkpt>
      <trkpt lat="44.736358" lon="9.277695"><ele>974.0</ele></trkpt>
      <trkpt lat="44.736342" lon="9.277673"><ele>973.9</ele></trkpt>
      <trkpt lat="44.736325" lon="9.277653"><ele>974.6</ele></trkpt>
      <trkpt lat="44.736320" lon="9.277640"><ele>974.5</ele></trkpt>
      <trkpt lat="44.736312" lon="9.277627"><ele>974.4</ele></trkpt>
      <trkpt lat="44.736298" lon="9.277612"><ele>974.8</ele></trkpt>
      <trkpt lat="44.736292" lon="9.277595"><ele>975.0</ele></trkpt>
      <trkpt lat="44.736295" lon="9.277583"><ele>974.9</ele></trkpt>
      <trkpt lat="44.736295" lon="9.277570"><ele>974.8</ele></trkpt>
      <trkpt lat="44.736295" lon="9.277555"><ele>975.0</ele></trkpt>
      <trkpt lat="44.736292" lon="9.277525"><ele>974.9</ele></trkpt>
      <trkpt lat="44.736295" lon="9.277490"><ele>975.1</ele></trkpt>
      <trkpt lat="44.736295" lon="9.277463"><ele>975.4</ele></trkpt>
      <trkpt lat="44.736295" lon="9.277433"><ele>975.6</ele></trkpt>
      <trkpt lat="44.736300" lon="9.277408"><ele>975.5</ele></trkpt>
      <trkpt lat="44.736290" lon="9.277383"><ele>975.9</ele></trkpt>
      <trkpt lat="44.736282" lon="9.277358"><ele>975.8</ele></trkpt>
      <trkpt lat="44.736290" lon="9.277328"><ele>976.1</ele></trkpt>
      <trkpt lat="44.736283" lon="9.277310"><ele>976.4</ele></trkpt>
      <trkpt lat="44.736280" lon="9.277297"><ele>976.3</ele></trkpt>
      <trkpt lat="44.736278" lon="9.277278"><ele>976.2</ele></trkpt>
      <trkpt lat="44.736257" lon="9.277255"><ele>977.1</ele></trkpt>
      <trkpt lat="44.736253" lon="9.277230"><ele>977.0</ele></trkpt>
      <trkpt lat="44.736245" lon="9.277205"><ele>977.9</ele></trkpt>
      <trkpt lat="44.736255" lon="9.277180"><ele>977.6</ele></trkpt>
      <trkpt lat="44.736258" lon="9.277160"><ele>977.5</ele></trkpt>
      <trkpt lat="44.736260" lon="9.277140"><ele>977.4</ele></trkpt>
      <trkpt lat="44.736252" lon="9.277115"><ele>977.7</ele></trkpt>
      <trkpt lat="44.736242" lon="9.277098"><ele>978.1</ele></trkpt>
      <trkpt lat="44.736238" lon="9.277080"><ele>978.4</ele></trkpt>
      <trkpt lat="44.736237" lon="9.277057"><ele>978.3</ele></trkpt>
      <trkpt lat="44.736247" lon="9.277027"><ele>978.5</ele></trkpt>
      <trkpt lat="44.736247" lon="9.277008"><ele>978.8</ele></trkpt>
      <trkpt lat="44.736252" lon="9.276973"><ele>978.1</ele></trkpt>
      <trkpt lat="44.736247" lon="9.276950"><ele>979.0</ele></trkpt>
      <trkpt lat="44.736212" lon="9.276922"><ele>979.9</ele></trkpt>
      <trkpt lat="44.736197" lon="9.276900"><ele>979.8</ele></trkpt>
      <trkpt lat="44.736202" lon="9.276868"><ele>980.1</ele></trkpt>
      <trkpt lat="44.736193" lon="9.276843"><ele>980.0</ele></trkpt>
      <trkpt lat="44.736187" lon="9.276822"><ele>980.3</ele></trkpt>
      <trkpt lat="44.736173" lon="9.276802"><ele>980.8</ele></trkpt>
      <trkpt lat="44.736175" lon="9.276772"><ele>981.2</ele></trkpt>
      <trkpt lat="44.736185" lon="9.276740"><ele>981.5</ele></trkpt>
      <trkpt lat="44.736180" lon="9.276717"><ele>981.4</ele></trkpt>
      <trkpt lat="44.736190" lon="9.276677"><ele>981.1</ele></trkpt>
      <trkpt lat="44.736190" lon="9.276648"><ele>981.5</ele></trkpt>
      <trkpt lat="44.736186" lon="9.276612"><ele>982.5</ele></trkpt>
      <trkpt lat="44.736190" lon="9.276600"><ele>981.7</ele></trkpt>
      <trkpt lat="44.736185" lon="9.276578"><ele>982.7</ele></trkpt>
      <trkpt lat="44.736182" lon="9.276562"><ele>982.6</ele></trkpt>
      <trkpt lat="44.736185" lon="9.276542"><ele>982.5</ele></trkpt>
      <trkpt lat="44.736183" lon="9.276522"><ele>982.9</ele></trkpt>
      <trkpt lat="44.736172" lon="9.276503"><ele>982.8</ele></trkpt>
      <trkpt lat="44.736165" lon="9.276485"><ele>983.2</ele></trkpt>
      <trkpt lat="44.736165" lon="9.276467"><ele>983.1</ele></trkpt>
      <trkpt lat="44.736160" lon="9.276445"><ele>983.6</ele></trkpt>
      <trkpt lat="44.736152" lon="9.276415"><ele>984.1</ele></trkpt>
      <trkpt lat="44.736162" lon="9.276382"><ele>983.9</ele></trkpt>
      <trkpt lat="44.736163" lon="9.276355"><ele>984.3</ele></trkpt>
      <trkpt lat="44.736170" lon="9.276333"><ele>984.2</ele></trkpt>
      <trkpt lat="44.736173" lon="9.276308"><ele>984.5</ele></trkpt>
      <trkpt lat="44.736173" lon="9.276283"><ele>984.4</ele></trkpt>
      <trkpt lat="44.736173" lon="9.276255"><ele>984.8</ele></trkpt>
      <trkpt lat="44.736172" lon="9.276225"><ele>985.1</ele></trkpt>
      <trkpt lat="44.736173" lon="9.276198"><ele>985.0</ele></trkpt>
      <trkpt lat="44.736187" lon="9.276178"><ele>984.7</ele></trkpt>
      <trkpt lat="44.736182" lon="9.276160"><ele>985.3</ele></trkpt>
      <trkpt lat="44.736180" lon="9.276137"><ele>985.6</ele></trkpt>
      <trkpt lat="44.736180" lon="9.276110"><ele>985.5</ele></trkpt>
      <trkpt lat="44.736183" lon="9.276083"><ele>985.9</ele></trkpt>
      <trkpt lat="44.736192" lon="9.276060"><ele>985.5</ele></trkpt>
      <trkpt lat="44.736202" lon="9.276038"><ele>985.4</ele></trkpt>
      <trkpt lat="44.736200" lon="9.276013"><ele>985.7</ele></trkpt>
      <trkpt lat="44.736216" lon="9.275975"><ele>986.0</ele></trkpt>
      <trkpt lat="44.736225" lon="9.275962"><ele>985.3</ele></trkpt>
      <trkpt lat="44.736229" lon="9.275915"><ele>985.5</ele></trkpt>
      <trkpt lat="44.736232" lon="9.275900"><ele>985.4</ele></trkpt>
      <trkpt lat="44.736248" lon="9.275870"><ele>985.0</ele></trkpt>
      <trkpt lat="44.736269" lon="9.275824"><ele>985.2</ele></trkpt>
      <trkpt lat="44.736277" lon="9.275810"><ele>985.1</ele></trkpt>
      <trkpt lat="44.736295" lon="9.275780"><ele>984.5</ele></trkpt>
      <trkpt lat="44.736298" lon="9.275773"><ele>984.4</ele></trkpt>
      <trkpt lat="44.736293" lon="9.275753"><ele>984.5</ele></trkpt>
      <trkpt lat="44.736287" lon="9.275750"><ele>984.4</ele></trkpt>
      <trkpt lat="44.736268" lon="9.275748"><ele>985.0</ele></trkpt>
      <trkpt lat="44.736262" lon="9.275748"><ele>984.9</ele></trkpt>
      <trkpt lat="44.736243" lon="9.275730"><ele>985.5</ele></trkpt>
      <trkpt lat="44.736237" lon="9.275713"><ele>985.6</ele></trkpt>
      <trkpt lat="44.736237" lon="9.275697"><ele>985.5</ele></trkpt>
      <trkpt lat="44.736240" lon="9.275685"><ele>985.4</ele></trkpt>
      <trkpt lat="44.736235" lon="9.275670"><ele>985.4</ele></trkpt>
      <trkpt lat="44.736228" lon="9.275658"><ele>985.3</ele></trkpt>
      <trkpt lat="44.736212" lon="9.275633"><ele>986.1</ele></trkpt>
      <trkpt lat="44.736200" lon="9.275608"><ele>986.0</ele></trkpt>
      <trkpt lat="44.736198" lon="9.275582"><ele>986.0</ele></trkpt>
      <trkpt lat="44.736193" lon="9.275553"><ele>985.9</ele></trkpt>
      <trkpt lat="44.736173" lon="9.275522"><ele>986.7</ele></trkpt>
      <trkpt lat="44.736155" lon="9.275495"><ele>987.5</ele></trkpt>
      <trkpt lat="44.736170" lon="9.275450"><ele>986.7</ele></trkpt>
      <trkpt lat="44.736158" lon="9.275420"><ele>986.6</ele></trkpt>
      <trkpt lat="44.736152" lon="9.275405"><ele>987.3</ele></trkpt>
      <trkpt lat="44.736148" lon="9.275385"><ele>987.2</ele></trkpt>
      <trkpt lat="44.736153" lon="9.275373"><ele>987.2</ele></trkpt>
      <trkpt lat="44.736150" lon="9.275367"><ele>987.1</ele></trkpt>
      <trkpt lat="44.736142" lon="9.275358"><ele>987.0</ele></trkpt>
      <trkpt lat="44.736115" lon="9.275343"><ele>987.7</ele></trkpt>
      <trkpt lat="44.736087" lon="9.275320"><ele>988.5</ele></trkpt>
      <trkpt lat="44.736078" lon="9.275305"><ele>988.4</ele></trkpt>
      <trkpt lat="44.736058" lon="9.275283"><ele>989.1</ele></trkpt>
      <trkpt lat="44.736028" lon="9.275258"><ele>989.7</ele></trkpt>
      <trkpt lat="44.735988" lon="9.275238"><ele>990.4</ele></trkpt>
      <trkpt lat="44.735962" lon="9.275215"><ele>990.9</ele></trkpt>
      <trkpt lat="44.735955" lon="9.275202"><ele>990.9</ele></trkpt>
      <trkpt lat="44.735962" lon="9.275190"><ele>990.8</ele></trkpt>
      <trkpt lat="44.735950" lon="9.275155"><ele>990.8</ele></trkpt>
      <trkpt lat="44.735927" lon="9.275125"><ele>991.5</ele></trkpt>
      <trkpt lat="44.735912" lon="9.275098"><ele>991.5</ele></trkpt>
      <trkpt lat="44.735895" lon="9.275085"><ele>992.1</ele></trkpt>
      <trkpt lat="44.735913" lon="9.275067"><ele>991.4</ele></trkpt>
      <trkpt lat="44.735897" lon="9.275043"><ele>992.0</ele></trkpt>
      <trkpt lat="44.735908" lon="9.275023"><ele>992.0</ele></trkpt>
      <trkpt lat="44.735897" lon="9.274998"><ele>991.9</ele></trkpt>
      <trkpt lat="44.735882" lon="9.274975"><ele>991.9</ele></trkpt>
      <trkpt lat="44.735868" lon="9.274957"><ele>992.6</ele></trkpt>
      <trkpt lat="44.735862" lon="9.274943"><ele>992.6</ele></trkpt>
      <trkpt lat="44.735878" lon="9.274940"><ele>992.5</ele></trkpt>
      <trkpt lat="44.735857" lon="9.274920"><ele>992.4</ele></trkpt>
      <trkpt lat="44.735860" lon="9.274905"><ele>992.4</ele></trkpt>
      <trkpt lat="44.735848" lon="9.274880"><ele>993.2</ele></trkpt>
      <trkpt lat="44.735848" lon="9.274867"><ele>993.1</ele></trkpt>
      <trkpt lat="44.735842" lon="9.274845"><ele>993.1</ele></trkpt>
      <trkpt lat="44.735835" lon="9.274837"><ele>993.0</ele></trkpt>
      <trkpt lat="44.735827" lon="9.274827"><ele>992.9</ele></trkpt>
      <trkpt lat="44.735836" lon="9.274791"><ele>993.0</ele></trkpt>
      <trkpt lat="44.735845" lon="9.274780"><ele>993.0</ele></trkpt>
      <trkpt lat="44.735880" lon="9.274738"><ele>993.2</ele></trkpt>
      <trkpt lat="44.735897" lon="9.274720"><ele>993.2</ele></trkpt>
      <trkpt lat="44.735920" lon="9.274692"><ele>993.3</ele></trkpt>
      <trkpt lat="44.735938" lon="9.274663"><ele>993.4</ele></trkpt>
      <trkpt lat="44.735948" lon="9.274635"><ele>993.5</ele></trkpt>
      <trkpt lat="44.735963" lon="9.274620"><ele>993.5</ele></trkpt>
      <trkpt lat="44.735977" lon="9.274613"><ele>993.6</ele></trkpt>
      <trkpt lat="44.735995" lon="9.274600"><ele>993.7</ele></trkpt>
      <trkpt lat="44.736015" lon="9.274600"><ele>993.8</ele></trkpt>
      <trkpt lat="44.736030" lon="9.274592"><ele>993.8</ele></trkpt>
      <trkpt lat="44.736053" lon="9.274578"><ele>993.9</ele></trkpt>
      <trkpt lat="44.736065" lon="9.274552"><ele>994.0</ele></trkpt>
      <trkpt lat="44.736075" lon="9.274527"><ele>994.1</ele></trkpt>
      <trkpt lat="44.736083" lon="9.274515"><ele>994.1</ele></trkpt>
      <trkpt lat="44.736095" lon="9.274500"><ele>994.2</ele></trkpt>
      <trkpt lat="44.736107" lon="9.274492"><ele>994.3</ele></trkpt>
      <trkpt lat="44.736128" lon="9.274485"><ele>994.4</ele></trkpt>
      <trkpt lat="44.736138" lon="9.274480"><ele>994.4</ele></trkpt>
      <trkpt lat="44.736143" lon="9.274477"><ele>994.4</ele></trkpt>
      <trkpt lat="44.736152" lon="9.274468"><ele>994.5</ele></trkpt>
      <trkpt lat="44.736165" lon="9.274452"><ele>994.6</ele></trkpt>
      <trkpt lat="44.736177" lon="9.274437"><ele>994.6</ele></trkpt>
      <trkpt lat="44.736185" lon="9.274423"><ele>994.7</ele></trkpt>
      <trkpt lat="44.736198" lon="9.274407"><ele>994.8</ele></trkpt>
      <trkpt lat="44.736212" lon="9.274385"><ele>994.9</ele></trkpt>
      <trkpt lat="44.736227" lon="9.274360"><ele>995.0</ele></trkpt>
      <trkpt lat="44.736257" lon="9.274340"><ele>995.2</ele></trkpt>
      <trkpt lat="44.736275" lon="9.274320"><ele>995.3</ele></trkpt>
      <trkpt lat="44.736295" lon="9.274308"><ele>995.4</ele></trkpt>
      <trkpt lat="44.736327" lon="9.274290"><ele>995.5</ele></trkpt>
      <trkpt lat="44.736327" lon="9.274262"><ele>995.6</ele></trkpt>
      <trkpt lat="44.736338" lon="9.274250"><ele>995.7</ele></trkpt>
      <trkpt lat="44.736340" lon="9.274235"><ele>995.8</ele></trkpt>
      <trkpt lat="44.736332" lon="9.274222"><ele>995.8</ele></trkpt>
      <trkpt lat="44.736320" lon="9.274212"><ele>995.9</ele></trkpt>
      <trkpt lat="44.736318" lon="9.274198"><ele>996.0</ele></trkpt>
      <trkpt lat="44.736323" lon="9.274178"><ele>996.0</ele></trkpt>
      <trkpt lat="44.736337" lon="9.274150"><ele>996.2</ele></trkpt>
      <trkpt lat="44.736347" lon="9.274132"><ele>996.3</ele></trkpt>
      <trkpt lat="44.736357" lon="9.274105"><ele>996.4</ele></trkpt>
      <trkpt lat="44.736365" lon="9.274083"><ele>996.5</ele></trkpt>
      <trkpt lat="44.736370" lon="9.274063"><ele>996.6</ele></trkpt>
      <trkpt lat="44.736382" lon="9.274032"><ele>996.7</ele></trkpt>
      <trkpt lat="44.736388" lon="9.274008"><ele>996.8</ele></trkpt>
      <trkpt lat="44.736388" lon="9.273985"><ele>996.9</ele></trkpt>
      <trkpt lat="44.736390" lon="9.273957"><ele>997.0</ele></trkpt>
      <trkpt lat="44.736397" lon="9.273927"><ele>997.1</ele></trkpt>
      <trkpt lat="44.736415" lon="9.273890"><ele>997.2</ele></trkpt>
      <trkpt lat="44.736430" lon="9.273852"><ele>997.2</ele></trkpt>
      <trkpt lat="44.736437" lon="9.273817"><ele>997.3</ele></trkpt>
      <trkpt lat="44.736433" lon="9.273785"><ele>997.3</ele></trkpt>
      <trkpt lat="44.736430" lon="9.273760"><ele>997.3</ele></trkpt>
      <trkpt lat="44.736427" lon="9.273730"><ele>997.4</ele></trkpt>
      <trkpt lat="44.736412" lon="9.273702"><ele>997.4</ele></trkpt>
      <trkpt lat="44.736400" lon="9.273677"><ele>997.5</ele></trkpt>
      <trkpt lat="44.736393" lon="9.273657"><ele>997.5</ele></trkpt>
      <trkpt lat="44.736387" lon="9.273642"><ele>997.5</ele></trkpt>
      <trkpt lat="44.736390" lon="9.273623"><ele>997.5</ele></trkpt>
      <trkpt lat="44.736387" lon="9.273605"><ele>997.6</ele></trkpt>
      <trkpt lat="44.736377" lon="9.273593"><ele>997.6</ele></trkpt>
      <trkpt lat="44.736353" lon="9.273587"><ele>997.6</ele></trkpt>
      <trkpt lat="44.736330" lon="9.273578"><ele>997.7</ele></trkpt>
      <trkpt lat="44.736318" lon="9.273567"><ele>997.7</ele></trkpt>
      <trkpt lat="44.736305" lon="9.273548"><ele>997.8</ele></trkpt>
      <trkpt lat="44.736293" lon="9.273528"><ele>997.8</ele></trkpt>
      <trkpt lat="44.736267" lon="9.273503"><ele>997.8</ele></trkpt>
      <trkpt lat="44.736232" lon="9.273488"><ele>997.9</ele></trkpt>
      <trkpt lat="44.736210" lon="9.273473"><ele>998.1</ele></trkpt>
      <trkpt lat="44.736188" lon="9.273460"><ele>998.3</ele></trkpt>
      <trkpt lat="44.736172" lon="9.273442"><ele>998.5</ele></trkpt>
      <trkpt lat="44.736158" lon="9.273412"><ele>998.7</ele></trkpt>
      <trkpt lat="44.736127" lon="9.273380"><ele>999.1</ele></trkpt>
      <trkpt lat="44.736093" lon="9.273340"><ele>999.4</ele></trkpt>
      <trkpt lat="44.736083" lon="9.273312"><ele>999.6</ele></trkpt>
      <trkpt lat="44.736075" lon="9.273295"><ele>999.7</ele></trkpt>
      <trkpt lat="44.736073" lon="9.273280"><ele>999.8</ele></trkpt>
      <trkpt lat="44.736067" lon="9.273260"><ele>999.9</ele></trkpt>
      <trkpt lat="44.736053" lon="9.273240"><ele>1000.1</ele></trkpt>
      <trkpt lat="44.736040" lon="9.273223"><ele>1000.2</ele></trkpt>
      <trkpt lat="44.736022" lon="9.273207"><ele>1000.4</ele></trkpt>
      <trkpt lat="44.736003" lon="9.273190"><ele>1000.5</ele></trkpt>
      <trkpt lat="44.735993" lon="9.273168"><ele>1000.7</ele></trkpt>
      <trkpt lat="44.735993" lon="9.273148"><ele>1000.8</ele></trkpt>
      <trkpt lat="44.735980" lon="9.273133"><ele>1000.9</ele></trkpt>
      <trkpt lat="44.735967" lon="9.273120"><ele>1001.0</ele></trkpt>
      <trkpt lat="44.735968" lon="9.273117"><ele>1001.1</ele></trkpt>
      <trkpt lat="44.735957" lon="9.273100"><ele>1001.2</ele></trkpt>
      <trkpt lat="44.735947" lon="9.273085"><ele>1001.3</ele></trkpt>
      <trkpt lat="44.735937" lon="9.273065"><ele>1001.4</ele></trkpt>
      <trkpt lat="44.735935" lon="9.273038"><ele>1001.6</ele></trkpt>
      <trkpt lat="44.735918" lon="9.273010"><ele>1001.8</ele></trkpt>
      <trkpt lat="44.735893" lon="9.272987"><ele>1002.0</ele></trkpt>
      <trkpt lat="44.735878" lon="9.272967"><ele>1002.2</ele></trkpt>
      <trkpt lat="44.735872" lon="9.272950"><ele>1002.3</ele></trkpt>
      <trkpt lat="44.735858" lon="9.272942"><ele>1002.4</ele></trkpt>
      <trkpt lat="44.735840" lon="9.272932"><ele>1002.5</ele></trkpt>
      <trkpt lat="44.735830" lon="9.272922"><ele>1002.6</ele></trkpt>
      <trkpt lat="44.735817" lon="9.272910"><ele>1002.7</ele></trkpt>
      <trkpt lat="44.735817" lon="9.272898"><ele>1002.8</ele></trkpt>
      <trkpt lat="44.735818" lon="9.272885"><ele>1002.9</ele></trkpt>
      <trkpt lat="44.735817" lon="9.272863"><ele>1003.0</ele></trkpt>
      <trkpt lat="44.735807" lon="9.272845"><ele>1003.1</ele></trkpt>
      <trkpt lat="44.735800" lon="9.272828"><ele>1003.2</ele></trkpt>
      <trkpt lat="44.735803" lon="9.272802"><ele>1003.4</ele></trkpt>
      <trkpt lat="44.735813" lon="9.272772"><ele>1003.6</ele></trkpt>
      <trkpt lat="44.735818" lon="9.272740"><ele>1003.8</ele></trkpt>
      <trkpt lat="44.735820" lon="9.272717"><ele>1003.9</ele></trkpt>
      <trkpt lat="44.735838" lon="9.272698"><ele>1004.1</ele></trkpt>
      <trkpt lat="44.735848" lon="9.272682"><ele>1004.2</ele></trkpt>
      <trkpt lat="44.735855" lon="9.272663"><ele>1004.3</ele></trkpt>
      <trkpt lat="44.735867" lon="9.272638"><ele>1004.5</ele></trkpt>
      <trkpt lat="44.735877" lon="9.272617"><ele>1004.6</ele></trkpt>
      <trkpt lat="44.735878" lon="9.272603"><ele>1004.7</ele></trkpt>
      <trkpt lat="44.735903" lon="9.272597"><ele>1004.9</ele></trkpt>
      <trkpt lat="44.735898" lon="9.272580"><ele>1005.0</ele></trkpt>
      <trkpt lat="44.735890" lon="9.272572"><ele>1005.0</ele></trkpt>
      <trkpt lat="44.735888" lon="9.272557"><ele>1005.1</ele></trkpt>
      <trkpt lat="44.735868" lon="9.272545"><ele>1005.3</ele></trkpt>
      <trkpt lat="44.735835" lon="9.272515"><ele>1005.6</ele></trkpt>
      <trkpt lat="44.735840" lon="9.272485"><ele>1005.8</ele></trkpt>
      <trkpt lat="44.735885" lon="9.272412"><ele>1006.3</ele></trkpt>
      <trkpt lat="44.735882" lon="9.272383"><ele>1006.4</ele></trkpt>
      <trkpt lat="44.735890" lon="9.272343"><ele>1006.7</ele></trkpt>
      <trkpt lat="44.735872" lon="9.272327"><ele>1006.8</ele></trkpt>
      <trkpt lat="44.735838" lon="9.272307"><ele>1007.1</ele></trkpt>
      <trkpt lat="44.735825" lon="9.272290"><ele>1007.3</ele></trkpt>
      <trkpt lat="44.735810" lon="9.272280"><ele>1007.4</ele></trkpt>
      <trkpt lat="44.735770" lon="9.272277"><ele>1007.7</ele></trkpt>
      <trkpt lat="44.735758" lon="9.272280"><ele>1007.7</ele></trkpt>
      <trkpt lat="44.735753" lon="9.272282"><ele>1007.8</ele></trkpt>
      <trkpt lat="44.735738" lon="9.272303"><ele>1007.9</ele></trkpt>
      <trkpt lat="44.735725" lon="9.272327"><ele>1008.1</ele></trkpt>
      <trkpt lat="44.735727" lon="9.272357"><ele>1008.2</ele></trkpt>
      <trkpt lat="44.735727" lon="9.272392"><ele>1008.3</ele></trkpt>
      <trkpt lat="44.735723" lon="9.272432"><ele>1008.5</ele></trkpt>
      <trkpt lat="44.735717" lon="9.272475"><ele>1008.6</ele></trkpt>
      <trkpt lat="44.735708" lon="9.272510"><ele>1008.8</ele></trkpt>
      <trkpt lat="44.735712" lon="9.272540"><ele>1008.9</ele></trkpt>
      <trkpt lat="44.735700" lon="9.272555"><ele>1009.0</ele></trkpt>
      <trkpt lat="44.735678" lon="9.272573"><ele>1009.1</ele></trkpt>
      <trkpt lat="44.735663" lon="9.272593"><ele>1009.2</ele></trkpt>
      <trkpt lat="44.735655" lon="9.272618"><ele>1009.3</ele></trkpt>
      <trkpt lat="44.735648" lon="9.272658"><ele>1009.5</ele></trkpt>
      <trkpt lat="44.735637" lon="9.272672"><ele>1009.5</ele></trkpt>
      <trkpt lat="44.735640" lon="9.272688"><ele>1009.6</ele></trkpt>
      <trkpt lat="44.735642" lon="9.272710"><ele>1009.7</ele></trkpt>
      <trkpt lat="44.735628" lon="9.272715"><ele>1009.8</ele></trkpt>
      <trkpt lat="44.735632" lon="9.272723"><ele>1009.8</ele></trkpt>
      <trkpt lat="44.735620" lon="9.272740"><ele>1009.9</ele></trkpt>
      <trkpt lat="44.735615" lon="9.272763"><ele>1010.0</ele></trkpt>
      <trkpt lat="44.735603" lon="9.272788"><ele>1010.1</ele></trkpt>
      <trkpt lat="44.735597" lon="9.272812"><ele>1010.2</ele></trkpt>
      <trkpt lat="44.735592" lon="9.272835"><ele>1010.3</ele></trkpt>
      <trkpt lat="44.735587" lon="9.272868"><ele>1010.5</ele></trkpt>
      <trkpt lat="44.735593" lon="9.272900"><ele>1010.6</ele></trkpt>
      <trkpt lat="44.735597" lon="9.272923"><ele>1010.7</ele></trkpt>
      <trkpt lat="44.735590" lon="9.272937"><ele>1010.8</ele></trkpt>
      <trkpt lat="44.735562" lon="9.272955"><ele>1011.0</ele></trkpt>
      <trkpt lat="44.735525" lon="9.272973"><ele>1011.2</ele></trkpt>
      <trkpt lat="44.735530" lon="9.273005"><ele>1011.4</ele></trkpt>
      <trkpt lat="44.735538" lon="9.273048"><ele>1011.6</ele></trkpt>
      <trkpt lat="44.735557" lon="9.273095"><ele>1011.8</ele></trkpt>
      <trkpt lat="44.735553" lon="9.273138"><ele>1012.0</ele></trkpt>
      <trkpt lat="44.735522" lon="9.273147"><ele>1012.2</ele></trkpt>
      <trkpt lat="44.735518" lon="9.273153"><ele>1012.2</ele></trkpt>
      <trkpt lat="44.735558" lon="9.273205"><ele>1012.6</ele></trkpt>
      <trkpt lat="44.735600" lon="9.273228"><ele>1012.9</ele></trkpt>
      <trkpt lat="44.735607" lon="9.273230"><ele>1012.9</ele></trkpt>
      <trkpt lat="44.735640" lon="9.273262"><ele>1013.2</ele></trkpt>
      <trkpt lat="44.735675" lon="9.273292"><ele>1013.5</ele></trkpt>
      <trkpt lat="44.735687" lon="9.273322"><ele>1013.6</ele></trkpt>
      <trkpt lat="44.735717" lon="9.273365"><ele>1013.9</ele></trkpt>
      <trkpt lat="44.735740" lon="9.273357"><ele>1014.1</ele></trkpt>
      <trkpt lat="44.735772" lon="9.273395"><ele>1014.3</ele></trkpt>
      <trkpt lat="44.735802" lon="9.273435"><ele>1014.5</ele></trkpt>
      <trkpt lat="44.735797" lon="9.273470"><ele>1014.7</ele></trkpt>
      <trkpt lat="44.735792" lon="9.273490"><ele>1014.8</ele></trkpt>
      <trkpt lat="44.735787" lon="9.273515"><ele>1014.9</ele></trkpt>
      <trkpt lat="44.735775" lon="9.273547"><ele>1015.0</ele></trkpt>
      <trkpt lat="44.735740" lon="9.273563"><ele>1015.2</ele></trkpt>
      <trkpt lat="44.735712" lon="9.273590"><ele>1015.3</ele></trkpt>
      <trkpt lat="44.735687" lon="9.273617"><ele>1015.5</ele></trkpt>
      <trkpt lat="44.735702" lon="9.273655"><ele>1015.6</ele></trkpt>
      <trkpt lat="44.735703" lon="9.273682"><ele>1015.7</ele></trkpt>
      <trkpt lat="44.735695" lon="9.273702"><ele>1015.8</ele></trkpt>
      <trkpt lat="44.735692" lon="9.273727"><ele>1015.8</ele></trkpt>
      <trkpt lat="44.735685" lon="9.273753"><ele>1015.9</ele></trkpt>
      <trkpt lat="44.735665" lon="9.273782"><ele>1016.0</ele></trkpt>
      <trkpt lat="44.735657" lon="9.273812"><ele>1016.1</ele></trkpt>
      <trkpt lat="44.735630" lon="9.273830"><ele>1016.3</ele></trkpt>
      <trkpt lat="44.735603" lon="9.273863"><ele>1016.4</ele></trkpt>
      <trkpt lat="44.735570" lon="9.273892"><ele>1016.6</ele></trkpt>
      <trkpt lat="44.735570" lon="9.273917"><ele>1016.7</ele></trkpt>
      <trkpt lat="44.735550" lon="9.273945"><ele>1016.8</ele></trkpt>
      <trkpt lat="44.735538" lon="9.273972"><ele>1016.9</ele></trkpt>
      <trkpt lat="44.735533" lon="9.273998"><ele>1017.0</ele></trkpt>
      <trkpt lat="44.735520" lon="9.274017"><ele>1017.1</ele></trkpt>
      <trkpt lat="44.735503" lon="9.274033"><ele>1017.2</ele></trkpt>
      <trkpt lat="44.735487" lon="9.274055"><ele>1017.3</ele></trkpt>
      <trkpt lat="44.735488" lon="9.274092"><ele>1017.5</ele></trkpt>
      <trkpt lat="44.735460" lon="9.274093"><ele>1017.6</ele></trkpt>
      <trkpt lat="44.735438" lon="9.274102"><ele>1017.8</ele></trkpt>
      <trkpt lat="44.735422" lon="9.274108"><ele>1017.9</ele></trkpt>
      <trkpt lat="44.735403" lon="9.274127"><ele>1018.0</ele></trkpt>
      <trkpt lat="44.735402" lon="9.274152"><ele>1018.1</ele></trkpt>
      <trkpt lat="44.735397" lon="9.274170"><ele>1018.2</ele></trkpt>
      <trkpt lat="44.735390" lon="9.274201"><ele>1018.3</ele></trkpt>
      <trkpt lat="44.735387" lon="9.274213"><ele>1018.4</ele></trkpt>
      <trkpt lat="44.735375" lon="9.274243"><ele>1018.5</ele></trkpt>
      <trkpt lat="44.735368" lon="9.274263"><ele>1018.6</ele></trkpt>
      <trkpt lat="44.735362" lon="9.274290"><ele>1018.7</ele></trkpt>
      <trkpt lat="44.735332" lon="9.274303"><ele>1018.9</ele></trkpt>
      <trkpt lat="44.735308" lon="9.274313"><ele>1019.1</ele></trkpt>
      <trkpt lat="44.735287" lon="9.274355"><ele>1019.3</ele></trkpt>
      <trkpt lat="44.735263" lon="9.274388"><ele>1019.5</ele></trkpt>
      <trkpt lat="44.735240" lon="9.274410"><ele>1019.7</ele></trkpt>
      <trkpt lat="44.735228" lon="9.274443"><ele>1019.9</ele></trkpt>
      <trkpt lat="44.735225" lon="9.274470"><ele>1020.0</ele></trkpt>
      <trkpt lat="44.735218" lon="9.274503"><ele>1020.1</ele></trkpt>
      <trkpt lat="44.735210" lon="9.274535"><ele>1020.3</ele></trkpt>
      <trkpt lat="44.735198" lon="9.274535"><ele>1020.4</ele></trkpt>
      <trkpt lat="44.735187" lon="9.274548"><ele>1020.5</ele></trkpt>
      <trkpt lat="44.735163" lon="9.274578"><ele>1020.7</ele></trkpt>
      <trkpt lat="44.735152" lon="9.274612"><ele>1020.8</ele></trkpt>
      <trkpt lat="44.735137" lon="9.274642"><ele>1021.0</ele></trkpt>
      <trkpt lat="44.735120" lon="9.274668"><ele>1021.2</ele></trkpt>
      <trkpt lat="44.735112" lon="9.274698"><ele>1021.4</ele></trkpt>
      <trkpt lat="44.735100" lon="9.274730"><ele>1021.5</ele></trkpt>
      <trkpt lat="44.735090" lon="9.274753"><ele>1021.7</ele></trkpt>
      <trkpt lat="44.735072" lon="9.274780"><ele>1021.9</ele></trkpt>
      <trkpt lat="44.735057" lon="9.274800"><ele>1022.0</ele></trkpt>
      <trkpt lat="44.735038" lon="9.274815"><ele>1022.2</ele></trkpt>
      <trkpt lat="44.735072" lon="9.274852"><ele>1022.5</ele></trkpt>
      <trkpt lat="44.735092" lon="9.274867"><ele>1022.6</ele></trkpt>
      <trkpt lat="44.735100" lon="9.274895"><ele>1022.8</ele></trkpt>
      <trkpt lat="44.735107" lon="9.274908"><ele>1022.8</ele></trkpt>
      <trkpt lat="44.735118" lon="9.274930"><ele>1023.0</ele></trkpt>
      <trkpt lat="44.735115" lon="9.274960"><ele>1023.1</ele></trkpt>
      <trkpt lat="44.735098" lon="9.274983"><ele>1023.3</ele></trkpt>
      <trkpt lat="44.735063" lon="9.274977"><ele>1023.5</ele></trkpt>
      <trkpt lat="44.735043" lon="9.274988"><ele>1023.6</ele></trkpt>
      <trkpt lat="44.735018" lon="9.274998"><ele>1023.8</ele></trkpt>
      <trkpt lat="44.734997" lon="9.275017"><ele>1023.9</ele></trkpt>
      <trkpt lat="44.734968" lon="9.275015"><ele>1024.1</ele></trkpt>
      <trkpt lat="44.734945" lon="9.275000"><ele>1024.3</ele></trkpt>
      <trkpt lat="44.734928" lon="9.274983"><ele>1024.4</ele></trkpt>
      <trkpt lat="44.734938" lon="9.274948"><ele>1024.5</ele></trkpt>
      <trkpt lat="44.734913" lon="9.274925"><ele>1024.6</ele></trkpt>
      <trkpt lat="44.734907" lon="9.274912"><ele>1024.7</ele></trkpt>
      <trkpt lat="44.734872" lon="9.274900"><ele>1024.9</ele></trkpt>
      <trkpt lat="44.734835" lon="9.274883"><ele>1025.1</ele></trkpt>
      <trkpt lat="44.734815" lon="9.274875"><ele>1025.2</ele></trkpt>
      <trkpt lat="44.734807" lon="9.274873"><ele>1025.2</ele></trkpt>
      <trkpt lat="44.734785" lon="9.274870"><ele>1025.3</ele></trkpt>
      <trkpt lat="44.734777" lon="9.274873"><ele>1025.4</ele></trkpt>
      <trkpt lat="44.734752" lon="9.274865"><ele>1025.5</ele></trkpt>
      <trkpt lat="44.734733" lon="9.274860"><ele>1025.6</ele></trkpt>
      <trkpt lat="44.734705" lon="9.274865"><ele>1025.8</ele></trkpt>
      <trkpt lat="44.734680" lon="9.274870"><ele>1025.9</ele></trkpt>
      <trkpt lat="44.734655" lon="9.274877"><ele>1026.0</ele></trkpt>
      <trkpt lat="44.734642" lon="9.274887"><ele>1026.1</ele></trkpt>
      <trkpt lat="44.734628" lon="9.274892"><ele>1026.2</ele></trkpt>
      <trkpt lat="44.734617" lon="9.274880"><ele>1026.3</ele></trkpt>
      <trkpt lat="44.734608" lon="9.274878"><ele>1026.3</ele></trkpt>
      <trkpt lat="44.734600" lon="9.274875"><ele>1026.4</ele></trkpt>
      <trkpt lat="44.734600" lon="9.274868"><ele>1026.4</ele></trkpt>
      <trkpt lat="44.734578" lon="9.274873"><ele>1026.5</ele></trkpt>
      <trkpt lat="44.734560" lon="9.274873"><ele>1026.6</ele></trkpt>
      <trkpt lat="44.734527" lon="9.274878"><ele>1026.8</ele></trkpt>
      <trkpt lat="44.734517" lon="9.274887"><ele>1026.9</ele></trkpt>
      <trkpt lat="44.734513" lon="9.274887"><ele>1026.9</ele></trkpt>
      <trkpt lat="44.734489" lon="9.274890"><ele>1027.1</ele></trkpt>
      <trkpt lat="44.734475" lon="9.274893"><ele>1027.1</ele></trkpt>
      <trkpt lat="44.734468" lon="9.274910"><ele>1027.2</ele></trkpt>
      <trkpt lat="44.734467" lon="9.274923"><ele>1027.3</ele></trkpt>
      <trkpt lat="44.734465" lon="9.274917"><ele>1027.3</ele></trkpt>
      <trkpt lat="44.734445" lon="9.274915"><ele>1027.4</ele></trkpt>
      <trkpt lat="44.734433" lon="9.274923"><ele>1027.5</ele></trkpt>
      <trkpt lat="44.734418" lon="9.274940"><ele>1027.7</ele></trkpt>
      <trkpt lat="44.734387" lon="9.274930"><ele>1027.9</ele></trkpt>
      <trkpt lat="44.734350" lon="9.274950"><ele>1028.2</ele></trkpt>
      <trkpt lat="44.734342" lon="9.274958"><ele>1028.2</ele></trkpt>
      <trkpt lat="44.734333" lon="9.274982"><ele>1028.4</ele></trkpt>
      <trkpt lat="44.734318" lon="9.274987"><ele>1028.5</ele></trkpt>
      <trkpt lat="44.734302" lon="9.274987"><ele>1028.6</ele></trkpt>
      <trkpt lat="44.734288" lon="9.274985"><ele>1028.7</ele></trkpt>
      <trkpt lat="44.734273" lon="9.274992"><ele>1028.8</ele></trkpt>
      <trkpt lat="44.734243" lon="9.274997"><ele>1029.1</ele></trkpt>
      <trkpt lat="44.734227" lon="9.275017"><ele>1029.3</ele></trkpt>
      <trkpt lat="44.734215" lon="9.275022"><ele>1029.4</ele></trkpt>
      <trkpt lat="44.734203" lon="9.275027"><ele>1029.5</ele></trkpt>
      <trkpt lat="44.734185" lon="9.275025"><ele>1029.6</ele></trkpt>
      <trkpt lat="44.734158" lon="9.275030"><ele>1029.8</ele></trkpt>
      <trkpt lat="44.734143" lon="9.275030"><ele>1030.0</ele></trkpt>
      <trkpt lat="44.734140" lon="9.275038"><ele>1030.0</ele></trkpt>
      <trkpt lat="44.734097" lon="9.275022"><ele>1030.4</ele></trkpt>
      <trkpt lat="44.734088" lon="9.275037"><ele>1030.5</ele></trkpt>
      <trkpt lat="44.734063" lon="9.275035"><ele>1030.8</ele></trkpt>
      <trkpt lat="44.734075" lon="9.275035"><ele>1030.9</ele></trkpt>
      <trkpt lat="44.734080" lon="9.275047"><ele>1030.9</ele></trkpt>
      <trkpt lat="44.734058" lon="9.275020"><ele>1031.2</ele></trkpt>
      <trkpt lat="44.734038" lon="9.275007"><ele>1031.4</ele></trkpt>
      <trkpt lat="44.734013" lon="9.274995"><ele>1031.6</ele></trkpt>
      <trkpt lat="44.733995" lon="9.274987"><ele>1031.8</ele></trkpt>
      <trkpt lat="44.733985" lon="9.274978"><ele>1031.9</ele></trkpt>
      <trkpt lat="44.733968" lon="9.274967"><ele>1032.0</ele></trkpt>
      <trkpt lat="44.733953" lon="9.274950"><ele>1032.2</ele></trkpt>
      <trkpt lat="44.733945" lon="9.274942"><ele>1032.3</ele></trkpt>
      <trkpt lat="44.733945" lon="9.274932"><ele>1032.3</ele></trkpt>
      <trkpt lat="44.733945" lon="9.274925"><ele>1032.4</ele></trkpt>
      <trkpt lat="44.733948" lon="9.274915"><ele>1032.5</ele></trkpt>
      <trkpt lat="44.733945" lon="9.274902"><ele>1032.5</ele></trkpt>
      <trkpt lat="44.733937" lon="9.274895"><ele>1032.6</ele></trkpt>
      <trkpt lat="44.733932" lon="9.274890"><ele>1032.7</ele></trkpt>
      <trkpt lat="44.733927" lon="9.274892"><ele>1032.7</ele></trkpt>
      <trkpt lat="44.733925" lon="9.274892"><ele>1032.7</ele></trkpt>
      <trkpt lat="44.733908" lon="9.274883"><ele>1032.9</ele></trkpt>
      <trkpt lat="44.733920" lon="9.274860"><ele>1033.1</ele></trkpt>
      <trkpt lat="44.733913" lon="9.274852"><ele>1033.1</ele></trkpt>
      <trkpt lat="44.733912" lon="9.274820"><ele>1033.3</ele></trkpt>
      <trkpt lat="44.733897" lon="9.274803"><ele>1033.5</ele></trkpt>
      <trkpt lat="44.733877" lon="9.274785"><ele>1033.7</ele></trkpt>
      <trkpt lat="44.733872" lon="9.274748"><ele>1033.9</ele></trkpt>
      <trkpt lat="44.733852" lon="9.274732"><ele>1034.1</ele></trkpt>
      <trkpt lat="44.733837" lon="9.274720"><ele>1034.3</ele></trkpt>
      <trkpt lat="44.733817" lon="9.274698"><ele>1034.5</ele></trkpt>
      <trkpt lat="44.733802" lon="9.274680"><ele>1034.7</ele></trkpt>
      <trkpt lat="44.733792" lon="9.274662"><ele>1034.8</ele></trkpt>
      <trkpt lat="44.733782" lon="9.274643"><ele>1034.9</ele></trkpt>
      <trkpt lat="44.733773" lon="9.274628"><ele>1035.0</ele></trkpt>
      <trkpt lat="44.733768" lon="9.274615"><ele>1035.1</ele></trkpt>
      <trkpt lat="44.733757" lon="9.274597"><ele>1035.3</ele></trkpt>
      <trkpt lat="44.733747" lon="9.274580"><ele>1035.4</ele></trkpt>
      <trkpt lat="44.733743" lon="9.274570"><ele>1035.5</ele></trkpt>
      <trkpt lat="44.733738" lon="9.274558"><ele>1035.6</ele></trkpt>
      <trkpt lat="44.733723" lon="9.274537"><ele>1035.7</ele></trkpt>
      <trkpt lat="44.733698" lon="9.274535"><ele>1035.9</ele></trkpt>
      <trkpt lat="44.733673" lon="9.274513"><ele>1036.1</ele></trkpt>
      <trkpt lat="44.733658" lon="9.274492"><ele>1036.3</ele></trkpt>
      <trkpt lat="44.733655" lon="9.274467"><ele>1036.4</ele></trkpt>
      <trkpt lat="44.733640" lon="9.274438"><ele>1036.6</ele></trkpt>
      <trkpt lat="44.733645" lon="9.274425"><ele>1036.7</ele></trkpt>
      <trkpt lat="44.733642" lon="9.274415"><ele>1036.8</ele></trkpt>
      <trkpt lat="44.733638" lon="9.274402"><ele>1036.8</ele></trkpt>
      <trkpt lat="44.733617" lon="9.274380"><ele>1037.0</ele></trkpt>
      <trkpt lat="44.733598" lon="9.274362"><ele>1037.2</ele></trkpt>
      <trkpt lat="44.733577" lon="9.274343"><ele>1037.4</ele></trkpt>
      <trkpt lat="44.733550" lon="9.274328"><ele>1037.6</ele></trkpt>
      <trkpt lat="44.733525" lon="9.274323"><ele>1037.8</ele></trkpt>
      <trkpt lat="44.733505" lon="9.274303"><ele>1038.0</ele></trkpt>
      <trkpt lat="44.733517" lon="9.274307"><ele>1038.1</ele></trkpt>
      <trkpt lat="44.733517" lon="9.274290"><ele>1038.2</ele></trkpt>
      <trkpt lat="44.733538" lon="9.274287"><ele>1038.3</ele></trkpt>
      <trkpt lat="44.733538" lon="9.274273"><ele>1038.4</ele></trkpt>
      <trkpt lat="44.733532" lon="9.274262"><ele>1038.5</ele></trkpt>
      <trkpt lat="44.733532" lon="9.274248"><ele>1038.6</ele></trkpt>
      <trkpt lat="44.733530" lon="9.274235"><ele>1038.6</ele></trkpt>
      <trkpt lat="44.733530" lon="9.274217"><ele>1038.7</ele></trkpt>
      <trkpt lat="44.733528" lon="9.274205"><ele>1038.8</ele></trkpt>
      <trkpt lat="44.733672" lon="9.274055"><ele>1040.1</ele></trkpt>
      <trkpt lat="44.733710" lon="9.274013"><ele>1040.5</ele></trkpt>
      <trkpt lat="44.733698" lon="9.273980"><ele>1040.7</ele></trkpt>
      <trkpt lat="44.733692" lon="9.273957"><ele>1040.8</ele></trkpt>
      <trkpt lat="44.733663" lon="9.273918"><ele>1041.1</ele></trkpt>
      <trkpt lat="44.733648" lon="9.273893"><ele>1041.3</ele></trkpt>
      <trkpt lat="44.733628" lon="9.273868"><ele>1041.6</ele></trkpt>
      <trkpt lat="44.733602" lon="9.273842"><ele>1042.0</ele></trkpt>
      <trkpt lat="44.733585" lon="9.273820"><ele>1042.3</ele></trkpt>
      <trkpt lat="44.733572" lon="9.273798"><ele>1042.5</ele></trkpt>
      <trkpt lat="44.733553" lon="9.273773"><ele>1042.9</ele></trkpt>
      <trkpt lat="44.733542" lon="9.273750"><ele>1043.1</ele></trkpt>
      <trkpt lat="44.733535" lon="9.273730"><ele>1043.3</ele></trkpt>
      <trkpt lat="44.733525" lon="9.273710"><ele>1043.5</ele></trkpt>
      <trkpt lat="44.733513" lon="9.273692"><ele>1043.7</ele></trkpt>
      <trkpt lat="44.733505" lon="9.273672"><ele>1043.9</ele></trkpt>
      <trkpt lat="44.733498" lon="9.273652"><ele>1044.1</ele></trkpt>
      <trkpt lat="44.733498" lon="9.273632"><ele>1044.3</ele></trkpt>
      <trkpt lat="44.733488" lon="9.273605"><ele>1044.5</ele></trkpt>
      <trkpt lat="44.733487" lon="9.273587"><ele>1044.7</ele></trkpt>
      <trkpt lat="44.733487" lon="9.273568"><ele>1044.9</ele></trkpt>
      <trkpt lat="44.733483" lon="9.273545"><ele>1045.1</ele></trkpt>
      <trkpt lat="44.733477" lon="9.273517"><ele>1045.3</ele></trkpt>
      <trkpt lat="44.733470" lon="9.273492"><ele>1045.6</ele></trkpt>
      <trkpt lat="44.733468" lon="9.273468"><ele>1045.8</ele></trkpt>
      <trkpt lat="44.733463" lon="9.273442"><ele>1046.0</ele></trkpt>
      <trkpt lat="44.733463" lon="9.273420"><ele>1046.2</ele></trkpt>
      <trkpt lat="44.733473" lon="9.273402"><ele>1046.4</ele></trkpt>
      <trkpt lat="44.733482" lon="9.273383"><ele>1046.6</ele></trkpt>
      <trkpt lat="44.733478" lon="9.273353"><ele>1046.9</ele></trkpt>
      <trkpt lat="44.733475" lon="9.273323"><ele>1047.2</ele></trkpt>
      <trkpt lat="44.733477" lon="9.273300"><ele>1047.4</ele></trkpt>
      <trkpt lat="44.733482" lon="9.273282"><ele>1047.6</ele></trkpt>
      <trkpt lat="44.733482" lon="9.273257"><ele>1047.8</ele></trkpt>
      <trkpt lat="44.733485" lon="9.273228"><ele>1048.0</ele></trkpt>
      <trkpt lat="44.733498" lon="9.273215"><ele>1048.1</ele></trkpt>
      <trkpt lat="44.733517" lon="9.273200"><ele>1048.3</ele></trkpt>
      <trkpt lat="44.733532" lon="9.273188"><ele>1048.4</ele></trkpt>
      <trkpt lat="44.733540" lon="9.273172"><ele>1048.5</ele></trkpt>
      <trkpt lat="44.733550" lon="9.273155"><ele>1048.6</ele></trkpt>
      <trkpt lat="44.733567" lon="9.273138"><ele>1048.8</ele></trkpt>
      <trkpt lat="44.733583" lon="9.273125"><ele>1048.9</ele></trkpt>
      <trkpt lat="44.733602" lon="9.273113"><ele>1049.1</ele></trkpt>
      <trkpt lat="44.733617" lon="9.273100"><ele>1049.2</ele></trkpt>
      <trkpt lat="44.733628" lon="9.273083"><ele>1049.4</ele></trkpt>
      <trkpt lat="44.733643" lon="9.273068"><ele>1049.5</ele></trkpt>
      <trkpt lat="44.733657" lon="9.273062"><ele>1049.6</ele></trkpt>
      <trkpt lat="44.733672" lon="9.273055"><ele>1049.7</ele></trkpt>
      <trkpt lat="44.733683" lon="9.273055"><ele>1049.8</ele></trkpt>
      <trkpt lat="44.733698" lon="9.273050"><ele>1050.0</ele></trkpt>
      <trkpt lat="44.733713" lon="9.273043"><ele>1050.1</ele></trkpt>
      <trkpt lat="44.733728" lon="9.273035"><ele>1050.2</ele></trkpt>
      <trkpt lat="44.733745" lon="9.273023"><ele>1050.4</ele></trkpt>
      <trkpt lat="44.733758" lon="9.273008"><ele>1050.5</ele></trkpt>
      <trkpt lat="44.733770" lon="9.272995"><ele>1050.6</ele></trkpt>
      <trkpt lat="44.733783" lon="9.272987"><ele>1050.7</ele></trkpt>
      <trkpt lat="44.733802" lon="9.272978"><ele>1050.9</ele></trkpt>
      <trkpt lat="44.733820" lon="9.272972"><ele>1051.1</ele></trkpt>
      <trkpt lat="44.733838" lon="9.272967"><ele>1051.2</ele></trkpt>
      <trkpt lat="44.733852" lon="9.272962"><ele>1051.3</ele></trkpt>
      <trkpt lat="44.733868" lon="9.272953"><ele>1051.5</ele></trkpt>
      <trkpt lat="44.733880" lon="9.272945"><ele>1051.6</ele></trkpt>
      <trkpt lat="44.733895" lon="9.272935"><ele>1051.7</ele></trkpt>
      <trkpt lat="44.733905" lon="9.272935"><ele>1051.8</ele></trkpt>
      <trkpt lat="44.733918" lon="9.272940"><ele>1051.9</ele></trkpt>
      <trkpt lat="44.733937" lon="9.272938"><ele>1052.0</ele></trkpt>
      <trkpt lat="44.733953" lon="9.272935"><ele>1052.2</ele></trkpt>
      <trkpt lat="44.733970" lon="9.272935"><ele>1052.3</ele></trkpt>
      <trkpt lat="44.733990" lon="9.272938"><ele>1052.5</ele></trkpt>
      <trkpt lat="44.734013" lon="9.272933"><ele>1052.7</ele></trkpt>
      <trkpt lat="44.734032" lon="9.272925"><ele>1052.8</ele></trkpt>
      <trkpt lat="44.734050" lon="9.272920"><ele>1053.0</ele></trkpt>
      <trkpt lat="44.734068" lon="9.272913"><ele>1053.1</ele></trkpt>
      <trkpt lat="44.734097" lon="9.272918"><ele>1053.4</ele></trkpt>
      <trkpt lat="44.734117" lon="9.272920"><ele>1053.5</ele></trkpt>
      <trkpt lat="44.734140" lon="9.272913"><ele>1053.7</ele></trkpt>
      <trkpt lat="44.734158" lon="9.272908"><ele>1053.9</ele></trkpt>
      <trkpt lat="44.734175" lon="9.272900"><ele>1054.0</ele></trkpt>
      <trkpt lat="44.734193" lon="9.272897"><ele>1054.2</ele></trkpt>
      <trkpt lat="44.734215" lon="9.272892"><ele>1054.4</ele></trkpt>
      <trkpt lat="44.734230" lon="9.272888"><ele>1054.5</ele></trkpt>
      <trkpt lat="44.734247" lon="9.272882"><ele>1054.6</ele></trkpt>
      <trkpt lat="44.734258" lon="9.272877"><ele>1054.7</ele></trkpt>
      <trkpt lat="44.734270" lon="9.272867"><ele>1054.8</ele></trkpt>
      <trkpt lat="44.734282" lon="9.272848"><ele>1055.0</ele></trkpt>
      <trkpt lat="44.734290" lon="9.272823"><ele>1055.2</ele></trkpt>
      <trkpt lat="44.734295" lon="9.272797"><ele>1055.3</ele></trkpt>
      <trkpt lat="44.734300" lon="9.272772"><ele>1055.5</ele></trkpt>
      <trkpt lat="44.734298" lon="9.272747"><ele>1055.6</ele></trkpt>
      <trkpt lat="44.734292" lon="9.272720"><ele>1055.7</ele></trkpt>
      <trkpt lat="44.734283" lon="9.272698"><ele>1055.8</ele></trkpt>
      <trkpt lat="44.734264" lon="9.272673"><ele>1056.0</ele></trkpt>
      <trkpt lat="44.734258" lon="9.272665"><ele>1056.1</ele></trkpt>
      <trkpt lat="44.734247" lon="9.272652"><ele>1056.2</ele></trkpt>
      <trkpt lat="44.734228" lon="9.272642"><ele>1056.3</ele></trkpt>
      <trkpt lat="44.734213" lon="9.272637"><ele>1056.4</ele></trkpt>
      <trkpt lat="44.734198" lon="9.272635"><ele>1056.5</ele></trkpt>
      <trkpt lat="44.734188" lon="9.272635"><ele>1056.6</ele></trkpt>
      <trkpt lat="44.734177" lon="9.272637"><ele>1056.6</ele></trkpt>
      <trkpt lat="44.734162" lon="9.272638"><ele>1056.7</ele></trkpt>
      <trkpt lat="44.734148" lon="9.272643"><ele>1056.8</ele></trkpt>
      <trkpt lat="44.734133" lon="9.272647"><ele>1056.9</ele></trkpt>
      <trkpt lat="44.734120" lon="9.272652"><ele>1057.0</ele></trkpt>
      <trkpt lat="44.734107" lon="9.272653"><ele>1057.0</ele></trkpt>
      <trkpt lat="44.734097" lon="9.272653"><ele>1057.1</ele></trkpt>
      <trkpt lat="44.734072" lon="9.272662"><ele>1057.2</ele></trkpt>
      <trkpt lat="44.734038" lon="9.272677"><ele>1057.4</ele></trkpt>
      <trkpt lat="44.734013" lon="9.272690"><ele>1057.6</ele></trkpt>
      <trkpt lat="44.733995" lon="9.272698"><ele>1057.7</ele></trkpt>
      <trkpt lat="44.733978" lon="9.272703"><ele>1057.8</ele></trkpt>
      <trkpt lat="44.733963" lon="9.272710"><ele>1057.9</ele></trkpt>
      <trkpt lat="44.733945" lon="9.272712"><ele>1058.1</ele></trkpt>
      <trkpt lat="44.733925" lon="9.272713"><ele>1058.2</ele></trkpt>
      <trkpt lat="44.733907" lon="9.272715"><ele>1058.3</ele></trkpt>
      <trkpt lat="44.733890" lon="9.272718"><ele>1058.5</ele></trkpt>
      <trkpt lat="44.733870" lon="9.272723"><ele>1058.6</ele></trkpt>
      <trkpt lat="44.733853" lon="9.272727"><ele>1058.7</ele></trkpt>
      <trkpt lat="44.733837" lon="9.272727"><ele>1058.9</ele></trkpt>
      <trkpt lat="44.733823" lon="9.272727"><ele>1059.0</ele></trkpt>
      <trkpt lat="44.733808" lon="9.272728"><ele>1059.1</ele></trkpt>
      <trkpt lat="44.733792" lon="9.272730"><ele>1059.3</ele></trkpt>
      <trkpt lat="44.733782" lon="9.272733"><ele>1059.4</ele></trkpt>
      <trkpt lat="44.733770" lon="9.272735"><ele>1059.5</ele></trkpt>
      <trkpt lat="44.733755" lon="9.272740"><ele>1059.6</ele></trkpt>
      <trkpt lat="44.733738" lon="9.272742"><ele>1059.8</ele></trkpt>
      <trkpt lat="44.733727" lon="9.272738"><ele>1059.9</ele></trkpt>
      <trkpt lat="44.733710" lon="9.272738"><ele>1060.0</ele></trkpt>
      <trkpt lat="44.733690" lon="9.272738"><ele>1060.2</ele></trkpt>
      <trkpt lat="44.733677" lon="9.272740"><ele>1060.4</ele></trkpt>
      <trkpt lat="44.733667" lon="9.272745"><ele>1060.5</ele></trkpt>
      <trkpt lat="44.733658" lon="9.272748"><ele>1060.5</ele></trkpt>
      <trkpt lat="44.733648" lon="9.272752"><ele>1060.6</ele></trkpt>
      <trkpt lat="44.733642" lon="9.272750"><ele>1060.7</ele></trkpt>
      <trkpt lat="44.733632" lon="9.272752"><ele>1060.8</ele></trkpt>
      <trkpt lat="44.733620" lon="9.272755"><ele>1060.9</ele></trkpt>
      <trkpt lat="44.733603" lon="9.272755"><ele>1061.1</ele></trkpt>
      <trkpt lat="44.733587" lon="9.272753"><ele>1061.2</ele></trkpt>
      <trkpt lat="44.733575" lon="9.272758"><ele>1061.4</ele></trkpt>
      <trkpt lat="44.733550" lon="9.272762"><ele>1061.6</ele></trkpt>
      <trkpt lat="44.733530" lon="9.272757"><ele>1061.8</ele></trkpt>
      <trkpt lat="44.733510" lon="9.272760"><ele>1062.0</ele></trkpt>
      <trkpt lat="44.733485" lon="9.272763"><ele>1062.3</ele></trkpt>
      <trkpt lat="44.733470" lon="9.272767"><ele>1062.4</ele></trkpt>
      <trkpt lat="44.733448" lon="9.272765"><ele>1062.6</ele></trkpt>
      <trkpt lat="44.733440" lon="9.272773"><ele>1062.7</ele></trkpt>
      <trkpt lat="44.733428" lon="9.272778"><ele>1062.9</ele></trkpt>
      <trkpt lat="44.733415" lon="9.272782"><ele>1063.0</ele></trkpt>
      <trkpt lat="44.733407" lon="9.272787"><ele>1063.1</ele></trkpt>
      <trkpt lat="44.733393" lon="9.272795"><ele>1063.2</ele></trkpt>
      <trkpt lat="44.733377" lon="9.272793"><ele>1063.4</ele></trkpt>
      <trkpt lat="44.733357" lon="9.272787"><ele>1063.6</ele></trkpt>
      <trkpt lat="44.733328" lon="9.272782"><ele>1063.9</ele></trkpt>
      <trkpt lat="44.733303" lon="9.272778"><ele>1064.1</ele></trkpt>
      <trkpt lat="44.733287" lon="9.272773"><ele>1064.3</ele></trkpt>
      <trkpt lat="44.733275" lon="9.272768"><ele>1064.4</ele></trkpt>
      <trkpt lat="44.733260" lon="9.272762"><ele>1064.5</ele></trkpt>
      <trkpt lat="44.733240" lon="9.272753"><ele>1064.7</ele></trkpt>
      <trkpt lat="44.733223" lon="9.272743"><ele>1064.9</ele></trkpt>
      <trkpt lat="44.733202" lon="9.272735"><ele>1065.1</ele></trkpt>
      <trkpt lat="44.733187" lon="9.272733"><ele>1065.2</ele></trkpt>
      <trkpt lat="44.733170" lon="9.272730"><ele>1065.4</ele></trkpt>
      <trkpt lat="44.733158" lon="9.272732"><ele>1065.5</ele></trkpt>
      <trkpt lat="44.733145" lon="9.272732"><ele>1065.6</ele></trkpt>
      <trkpt lat="44.733130" lon="9.272732"><ele>1065.8</ele></trkpt>
      <trkpt lat="44.733118" lon="9.272727"><ele>1065.9</ele></trkpt>
      <trkpt lat="44.733105" lon="9.272723"><ele>1066.0</ele></trkpt>
      <trkpt lat="44.733088" lon="9.272722"><ele>1066.1</ele></trkpt>
      <trkpt lat="44.733075" lon="9.272718"><ele>1066.2</ele></trkpt>
      <trkpt lat="44.733065" lon="9.272712"><ele>1066.3</ele></trkpt>
      <trkpt lat="44.733052" lon="9.272705"><ele>1066.5</ele></trkpt>
      <trkpt lat="44.733033" lon="9.272702"><ele>1066.6</ele></trkpt>
      <trkpt lat="44.733010" lon="9.272693"><ele>1066.8</ele></trkpt>
      <trkpt lat="44.732990" lon="9.272687"><ele>1067.0</ele></trkpt>
      <trkpt lat="44.732968" lon="9.272680"><ele>1067.2</ele></trkpt>
      <trkpt lat="44.732943" lon="9.272678"><ele>1067.4</ele></trkpt>
      <trkpt lat="44.732927" lon="9.272677"><ele>1067.6</ele></trkpt>
      <trkpt lat="44.732912" lon="9.272675"><ele>1067.7</ele></trkpt>
      <trkpt lat="44.732895" lon="9.272675"><ele>1067.9</ele></trkpt>
      <trkpt lat="44.732878" lon="9.272672"><ele>1068.0</ele></trkpt>
      <trkpt lat="44.732862" lon="9.272665"><ele>1068.2</ele></trkpt>
      <trkpt lat="44.732840" lon="9.272657"><ele>1068.4</ele></trkpt>
      <trkpt lat="44.732827" lon="9.272652"><ele>1068.5</ele></trkpt>
      <trkpt lat="44.732812" lon="9.272650"><ele>1068.6</ele></trkpt>
      <trkpt lat="44.732800" lon="9.272648"><ele>1068.7</ele></trkpt>
      <trkpt lat="44.732792" lon="9.272645"><ele>1068.8</ele></trkpt>
      <trkpt lat="44.732780" lon="9.272637"><ele>1068.9</ele></trkpt>
      <trkpt lat="44.732770" lon="9.272630"><ele>1069.0</ele></trkpt>
      <trkpt lat="44.732757" lon="9.272620"><ele>1069.2</ele></trkpt>
      <trkpt lat="44.732742" lon="9.272615"><ele>1069.3</ele></trkpt>
      <trkpt lat="44.732720" lon="9.272617"><ele>1069.5</ele></trkpt>
      <trkpt lat="44.732715" lon="9.272607"><ele>1069.6</ele></trkpt>
      <trkpt lat="44.732703" lon="9.272597"><ele>1069.8</ele></trkpt>
      <trkpt lat="44.732693" lon="9.272585"><ele>1069.9</ele></trkpt>
      <trkpt lat="44.732682" lon="9.272573"><ele>1070.0</ele></trkpt>
      <trkpt lat="44.732668" lon="9.272568"><ele>1070.2</ele></trkpt>
      <trkpt lat="44.732652" lon="9.272568"><ele>1070.3</ele></trkpt>
      <trkpt lat="44.732633" lon="9.272573"><ele>1070.5</ele></trkpt>
      <trkpt lat="44.732610" lon="9.272578"><ele>1070.8</ele></trkpt>
      <trkpt lat="44.732588" lon="9.272578"><ele>1071.0</ele></trkpt>
      <trkpt lat="44.732560" lon="9.272583"><ele>1071.3</ele></trkpt>
      <trkpt lat="44.732540" lon="9.272590"><ele>1071.5</ele></trkpt>
      <trkpt lat="44.732513" lon="9.272600"><ele>1071.8</ele></trkpt>
      <trkpt lat="44.732495" lon="9.272603"><ele>1072.0</ele></trkpt>
      <trkpt lat="44.732477" lon="9.272608"><ele>1072.2</ele></trkpt>
      <trkpt lat="44.732457" lon="9.272613"><ele>1072.4</ele></trkpt>
      <trkpt lat="44.732445" lon="9.272610"><ele>1072.6</ele></trkpt>
      <trkpt lat="44.732428" lon="9.272615"><ele>1072.8</ele></trkpt>
      <trkpt lat="44.732418" lon="9.272613"><ele>1072.9</ele></trkpt>
      <trkpt lat="44.732407" lon="9.272608"><ele>1073.0</ele></trkpt>
      <trkpt lat="44.732392" lon="9.272610"><ele>1073.2</ele></trkpt>
      <trkpt lat="44.732377" lon="9.272610"><ele>1073.4</ele></trkpt>
      <trkpt lat="44.732358" lon="9.272613"><ele>1073.6</ele></trkpt>
      <trkpt lat="44.732337" lon="9.272610"><ele>1073.9</ele></trkpt>
      <trkpt lat="44.732315" lon="9.272598"><ele>1074.2</ele></trkpt>
      <trkpt lat="44.732295" lon="9.272575"><ele>1074.5</ele></trkpt>
      <trkpt lat="44.732282" lon="9.272548"><ele>1075.1</ele></trkpt>
      <trkpt lat="44.732277" lon="9.272530"><ele>1075.2</ele></trkpt>
      <trkpt lat="44.732277" lon="9.272518"><ele>1075.3</ele></trkpt>
      <trkpt lat="44.732280" lon="9.272510"><ele>1075.4</ele></trkpt>
      <trkpt lat="44.732292" lon="9.272502"><ele>1075.6</ele></trkpt>
      <trkpt lat="44.732305" lon="9.272490"><ele>1075.7</ele></trkpt>
      <trkpt lat="44.732320" lon="9.272478"><ele>1075.9</ele></trkpt>
      <trkpt lat="44.732328" lon="9.272465"><ele>1076.1</ele></trkpt>
      <trkpt lat="44.732338" lon="9.272460"><ele>1076.2</ele></trkpt>
      <trkpt lat="44.732348" lon="9.272457"><ele>1076.3</ele></trkpt>
      <trkpt lat="44.732355" lon="9.272453"><ele>1076.4</ele></trkpt>
      <trkpt lat="44.732363" lon="9.272448"><ele>1076.4</ele></trkpt>
      <trkpt lat="44.732375" lon="9.272443"><ele>1076.6</ele></trkpt>
      <trkpt lat="44.732402" lon="9.272443"><ele>1076.8</ele></trkpt>
      <trkpt lat="44.732423" lon="9.272447"><ele>1077.0</ele></trkpt>
      <trkpt lat="44.732448" lon="9.272453"><ele>1077.2</ele></trkpt>
      <trkpt lat="44.732467" lon="9.272458"><ele>1077.4</ele></trkpt>
      <trkpt lat="44.732490" lon="9.272465"><ele>1077.6</ele></trkpt>
      <trkpt lat="44.732508" lon="9.272465"><ele>1077.7</ele></trkpt>
      <trkpt lat="44.732523" lon="9.272462"><ele>1077.8</ele></trkpt>
      <trkpt lat="44.732538" lon="9.272457"><ele>1077.9</ele></trkpt>
      <trkpt lat="44.732558" lon="9.272453"><ele>1078.1</ele></trkpt>
      <trkpt lat="44.732577" lon="9.272450"><ele>1078.2</ele></trkpt>
      <trkpt lat="44.732598" lon="9.272447"><ele>1078.4</ele></trkpt>
      <trkpt lat="44.732613" lon="9.272447"><ele>1078.5</ele></trkpt>
      <trkpt lat="44.732630" lon="9.272447"><ele>1078.7</ele></trkpt>
      <trkpt lat="44.732643" lon="9.272448"><ele>1078.8</ele></trkpt>
      <trkpt lat="44.732655" lon="9.272445"><ele>1078.8</ele></trkpt>
      <trkpt lat="44.732667" lon="9.272445"><ele>1078.9</ele></trkpt>
      <trkpt lat="44.732684" lon="9.272443"><ele>1079.1</ele></trkpt>
      <trkpt lat="44.732690" lon="9.272443"><ele>1079.1</ele></trkpt>
      <trkpt lat="44.732700" lon="9.272442"><ele>1079.2</ele></trkpt>
      <trkpt lat="44.732713" lon="9.272443"><ele>1079.3</ele></trkpt>
      <trkpt lat="44.732727" lon="9.272447"><ele>1079.4</ele></trkpt>
      <trkpt lat="44.732740" lon="9.272457"><ele>1079.6</ele></trkpt>
      <trkpt lat="44.732755" lon="9.272460"><ele>1079.7</ele></trkpt>
      <trkpt lat="44.732772" lon="9.272465"><ele>1079.8</ele></trkpt>
      <trkpt lat="44.732790" lon="9.272467"><ele>1080.0</ele></trkpt>
      <trkpt lat="44.732807" lon="9.272472"><ele>1080.1</ele></trkpt>
      <trkpt lat="44.732830" lon="9.272472"><ele>1080.3</ele></trkpt>
      <trkpt lat="44.732853" lon="9.272472"><ele>1080.5</ele></trkpt>
      <trkpt lat="44.732865" lon="9.272458"><ele>1080.7</ele></trkpt>
      <trkpt lat="44.732870" lon="9.272455"><ele>1080.7</ele></trkpt>
      <trkpt lat="44.732882" lon="9.272443"><ele>1080.9</ele></trkpt>
      <trkpt lat="44.732897" lon="9.272432"><ele>1081.0</ele></trkpt>
      <trkpt lat="44.732915" lon="9.272423"><ele>1081.2</ele></trkpt>
      <trkpt lat="44.732945" lon="9.272422"><ele>1081.5</ele></trkpt>
      <trkpt lat="44.732967" lon="9.272425"><ele>1081.7</ele></trkpt>
      <trkpt lat="44.732983" lon="9.272427"><ele>1081.9</ele></trkpt>
      <trkpt lat="44.732997" lon="9.272432"><ele>1082.1</ele></trkpt>
      <trkpt lat="44.733017" lon="9.272437"><ele>1082.3</ele></trkpt>
      <trkpt lat="44.733037" lon="9.272438"><ele>1082.5</ele></trkpt>
      <trkpt lat="44.733047" lon="9.272427"><ele>1082.6</ele></trkpt>
      <trkpt lat="44.733057" lon="9.272418"><ele>1082.8</ele></trkpt>
      <trkpt lat="44.733072" lon="9.272412"><ele>1082.9</ele></trkpt>
      <trkpt lat="44.733083" lon="9.272403"><ele>1083.1</ele></trkpt>
      <trkpt lat="44.733097" lon="9.272393"><ele>1083.2</ele></trkpt>
      <trkpt lat="44.733110" lon="9.272378"><ele>1083.4</ele></trkpt>
      <trkpt lat="44.733123" lon="9.272363"><ele>1083.6</ele></trkpt>
      <trkpt lat="44.733133" lon="9.272348"><ele>1083.7</ele></trkpt>
      <trkpt lat="44.733143" lon="9.272333"><ele>1083.9</ele></trkpt>
      <trkpt lat="44.733157" lon="9.272317"><ele>1084.1</ele></trkpt>
      <trkpt lat="44.733175" lon="9.272300"><ele>1084.3</ele></trkpt>
      <trkpt lat="44.733192" lon="9.272290"><ele>1084.5</ele></trkpt>
      <trkpt lat="44.733203" lon="9.272283"><ele>1084.6</ele></trkpt>
      <trkpt lat="44.733215" lon="9.272278"><ele>1084.7</ele></trkpt>
      <trkpt lat="44.733222" lon="9.272277"><ele>1084.8</ele></trkpt>
      <trkpt lat="44.733232" lon="9.272273"><ele>1084.9</ele></trkpt>
      <trkpt lat="44.733238" lon="9.272272"><ele>1084.9</ele></trkpt>
      <trkpt lat="44.733248" lon="9.272268"><ele>1085.0</ele></trkpt>
      <trkpt lat="44.733262" lon="9.272277"><ele>1085.2</ele></trkpt>
      <trkpt lat="44.733268" lon="9.272272"><ele>1085.2</ele></trkpt>
      <trkpt lat="44.733273" lon="9.272268"><ele>1085.3</ele></trkpt>
      <trkpt lat="44.733287" lon="9.272255"><ele>1085.5</ele></trkpt>
      <trkpt lat="44.733303" lon="9.272242"><ele>1085.6</ele></trkpt>
      <trkpt lat="44.733322" lon="9.272222"><ele>1085.9</ele></trkpt>
      <trkpt lat="44.733340" lon="9.272203"><ele>1086.1</ele></trkpt>
      <trkpt lat="44.733353" lon="9.272192"><ele>1086.2</ele></trkpt>
      <trkpt lat="44.733373" lon="9.272172"><ele>1086.4</ele></trkpt>
      <trkpt lat="44.733390" lon="9.272163"><ele>1086.6</ele></trkpt>
      <trkpt lat="44.733405" lon="9.272157"><ele>1086.8</ele></trkpt>
      <trkpt lat="44.733417" lon="9.272145"><ele>1086.9</ele></trkpt>
      <trkpt lat="44.733432" lon="9.272137"><ele>1087.0</ele></trkpt>
      <trkpt lat="44.733447" lon="9.272122"><ele>1087.2</ele></trkpt>
      <trkpt lat="44.733455" lon="9.272113"><ele>1087.3</ele></trkpt>
      <trkpt lat="44.733455" lon="9.272105"><ele>1087.4</ele></trkpt>
      <trkpt lat="44.733457" lon="9.272098"><ele>1087.4</ele></trkpt>
      <trkpt lat="44.733460" lon="9.272093"><ele>1087.4</ele></trkpt>
      <trkpt lat="44.733468" lon="9.272085"><ele>1087.5</ele></trkpt>
      <trkpt lat="44.733478" lon="9.272078"><ele>1087.6</ele></trkpt>
      <trkpt lat="44.733513" lon="9.272068"><ele>1088.0</ele></trkpt>
      <trkpt lat="44.733535" lon="9.272055"><ele>1088.2</ele></trkpt>
      <trkpt lat="44.733552" lon="9.272043"><ele>1088.3</ele></trkpt>
      <trkpt lat="44.733567" lon="9.272028"><ele>1088.5</ele></trkpt>
      <trkpt lat="44.733575" lon="9.272015"><ele>1088.6</ele></trkpt>
      <trkpt lat="44.733590" lon="9.272002"><ele>1088.8</ele></trkpt>
      <trkpt lat="44.733603" lon="9.271988"><ele>1088.9</ele></trkpt>
      <trkpt lat="44.733620" lon="9.271977"><ele>1089.1</ele></trkpt>
      <trkpt lat="44.733638" lon="9.271960"><ele>1089.3</ele></trkpt>
      <trkpt lat="44.733658" lon="9.271932"><ele>1089.5</ele></trkpt>
      <trkpt lat="44.733673" lon="9.271898"><ele>1089.8</ele></trkpt>
      <trkpt lat="44.733692" lon="9.271872"><ele>1090.0</ele></trkpt>
      <trkpt lat="44.733712" lon="9.271837"><ele>1090.3</ele></trkpt>
      <trkpt lat="44.733732" lon="9.271805"><ele>1090.6</ele></trkpt>
      <trkpt lat="44.733750" lon="9.271772"><ele>1090.8</ele></trkpt>
      <trkpt lat="44.733763" lon="9.271747"><ele>1091.0</ele></trkpt>
      <trkpt lat="44.733777" lon="9.271720"><ele>1091.2</ele></trkpt>
      <trkpt lat="44.733793" lon="9.271698"><ele>1091.4</ele></trkpt>
      <trkpt lat="44.733810" lon="9.271677"><ele>1091.6</ele></trkpt>
      <trkpt lat="44.733827" lon="9.271653"><ele>1091.8</ele></trkpt>
      <trkpt lat="44.733847" lon="9.271623"><ele>1092.1</ele></trkpt>
      <trkpt lat="44.733862" lon="9.271600"><ele>1092.2</ele></trkpt>
      <trkpt lat="44.733868" lon="9.271582"><ele>1092.4</ele></trkpt>
      <trkpt lat="44.733877" lon="9.271558"><ele>1092.6</ele></trkpt>
      <trkpt lat="44.733892" lon="9.271535"><ele>1092.8</ele></trkpt>
      <trkpt lat="44.733902" lon="9.271512"><ele>1093.0</ele></trkpt>
      <trkpt lat="44.733907" lon="9.271497"><ele>1093.1</ele></trkpt>
      <trkpt lat="44.733918" lon="9.271475"><ele>1093.3</ele></trkpt>
      <trkpt lat="44.733922" lon="9.271468"><ele>1093.3</ele></trkpt>
      <trkpt lat="44.733933" lon="9.271450"><ele>1093.5</ele></trkpt>
      <trkpt lat="44.733943" lon="9.271433"><ele>1093.7</ele></trkpt>
      <trkpt lat="44.733948" lon="9.271417"><ele>1093.8</ele></trkpt>
      <trkpt lat="44.733948" lon="9.271392"><ele>1094.0</ele></trkpt>
      <trkpt lat="44.733943" lon="9.271372"><ele>1094.1</ele></trkpt>
      <trkpt lat="44.733943" lon="9.271358"><ele>1094.2</ele></trkpt>
      <trkpt lat="44.733945" lon="9.271342"><ele>1094.3</ele></trkpt>
      <trkpt lat="44.733955" lon="9.271320"><ele>1094.5</ele></trkpt>
      <trkpt lat="44.733965" lon="9.271293"><ele>1094.7</ele></trkpt>
      <trkpt lat="44.733985" lon="9.271270"><ele>1095.0</ele></trkpt>
      <trkpt lat="44.734000" lon="9.271248"><ele>1095.2</ele></trkpt>
      <trkpt lat="44.734015" lon="9.271230"><ele>1095.4</ele></trkpt>
      <trkpt lat="44.734027" lon="9.271208"><ele>1095.6</ele></trkpt>
      <trkpt lat="44.734035" lon="9.271188"><ele>1095.8</ele></trkpt>
      <trkpt lat="44.734045" lon="9.271158"><ele>1096.0</ele></trkpt>
      <trkpt lat="44.734067" lon="9.271140"><ele>1096.3</ele></trkpt>
      <trkpt lat="44.734077" lon="9.271123"><ele>1096.5</ele></trkpt>
      <trkpt lat="44.734087" lon="9.271108"><ele>1096.6</ele></trkpt>
      <trkpt lat="44.734110" lon="9.271095"><ele>1096.9</ele></trkpt>
      <trkpt lat="44.734135" lon="9.271082"><ele>1097.2</ele></trkpt>
      <trkpt lat="44.734152" lon="9.271068"><ele>1097.4</ele></trkpt>
      <trkpt lat="44.734165" lon="9.271062"><ele>1097.5</ele></trkpt>
      <trkpt lat="44.734178" lon="9.271057"><ele>1097.7</ele></trkpt>
      <trkpt lat="44.734182" lon="9.271043"><ele>1097.8</ele></trkpt>
      <trkpt lat="44.734190" lon="9.271025"><ele>1097.9</ele></trkpt>
      <trkpt lat="44.734198" lon="9.271007"><ele>1098.1</ele></trkpt>
      <trkpt lat="44.734212" lon="9.270977"><ele>1098.3</ele></trkpt>
      <trkpt lat="44.734212" lon="9.270957"><ele>1098.5</ele></trkpt>
      <trkpt lat="44.734218" lon="9.270933"><ele>1098.7</ele></trkpt>
      <trkpt lat="44.734222" lon="9.270917"><ele>1098.8</ele></trkpt>
      <trkpt lat="44.734232" lon="9.270902"><ele>1099.0</ele></trkpt>
      <trkpt lat="44.734242" lon="9.270888"><ele>1099.1</ele></trkpt>
      <trkpt lat="44.734255" lon="9.270868"><ele>1099.3</ele></trkpt>
      <trkpt lat="44.734267" lon="9.270855"><ele>1099.5</ele></trkpt>
      <trkpt lat="44.734268" lon="9.270845"><ele>1099.5</ele></trkpt>
      <trkpt lat="44.734280" lon="9.270832"><ele>1099.7</ele></trkpt>
      <trkpt lat="44.734288" lon="9.270825"><ele>1099.8</ele></trkpt>
      <trkpt lat="44.734320" lon="9.270802"><ele>1100.2</ele></trkpt>
      <trkpt lat="44.734333" lon="9.270790"><ele>1100.3</ele></trkpt>
      <trkpt lat="44.734337" lon="9.270775"><ele>1100.4</ele></trkpt>
      <trkpt lat="44.734343" lon="9.270763"><ele>1100.5</ele></trkpt>
      <trkpt lat="44.734362" lon="9.270742"><ele>1100.8</ele></trkpt>
      <trkpt lat="44.734362" lon="9.270730"><ele>1100.9</ele></trkpt>
      <trkpt lat="44.734368" lon="9.270718"><ele>1101.0</ele></trkpt>
      <trkpt lat="44.734378" lon="9.270697"><ele>1101.2</ele></trkpt>
      <trkpt lat="44.734388" lon="9.270682"><ele>1101.3</ele></trkpt>
      <trkpt lat="44.734398" lon="9.270662"><ele>1101.5</ele></trkpt>
      <trkpt lat="44.734407" lon="9.270635"><ele>1101.7</ele></trkpt>
      <trkpt lat="44.734415" lon="9.270605"><ele>1102.0</ele></trkpt>
      <trkpt lat="44.734430" lon="9.270587"><ele>1102.1</ele></trkpt>
      <trkpt lat="44.734443" lon="9.270568"><ele>1102.3</ele></trkpt>
      <trkpt lat="44.734453" lon="9.270553"><ele>1102.5</ele></trkpt>
      <trkpt lat="44.734465" lon="9.270533"><ele>1102.6</ele></trkpt>
      <trkpt lat="44.734482" lon="9.270513"><ele>1102.8</ele></trkpt>
      <trkpt lat="44.734492" lon="9.270500"><ele>1103.0</ele></trkpt>
      <trkpt lat="44.734502" lon="9.270482"><ele>1103.1</ele></trkpt>
      <trkpt lat="44.734510" lon="9.270463"><ele>1103.3</ele></trkpt>
      <trkpt lat="44.734515" lon="9.270443"><ele>1103.4</ele></trkpt>
      <trkpt lat="44.734523" lon="9.270428"><ele>1103.6</ele></trkpt>
      <trkpt lat="44.734535" lon="9.270412"><ele>1103.7</ele></trkpt>
      <trkpt lat="44.734540" lon="9.270400"><ele>1103.8</ele></trkpt>
      <trkpt lat="44.734545" lon="9.270390"><ele>1103.9</ele></trkpt>
      <trkpt lat="44.734549" lon="9.270364"><ele>1104.1</ele></trkpt>
      <trkpt lat="44.734548" lon="9.270352"><ele>1104.2</ele></trkpt>
      <trkpt lat="44.734550" lon="9.270333"><ele>1104.3</ele></trkpt>
      <trkpt lat="44.734553" lon="9.270317"><ele>1104.5</ele></trkpt>
      <trkpt lat="44.734565" lon="9.270302"><ele>1104.6</ele></trkpt>
      <trkpt lat="44.734570" lon="9.270288"><ele>1104.7</ele></trkpt>
      <trkpt lat="44.734572" lon="9.270277"><ele>1104.8</ele></trkpt>
      <trkpt lat="44.734575" lon="9.270263"><ele>1104.9</ele></trkpt>
      <trkpt lat="44.734595" lon="9.270240"><ele>1105.2</ele></trkpt>
      <trkpt lat="44.734605" lon="9.270222"><ele>1105.4</ele></trkpt>
      <trkpt lat="44.734623" lon="9.270200"><ele>1105.6</ele></trkpt>
      <trkpt lat="44.734633" lon="9.270178"><ele>1105.8</ele></trkpt>
      <trkpt lat="44.734658" lon="9.270145"><ele>1106.2</ele></trkpt>
      <trkpt lat="44.734672" lon="9.270118"><ele>1106.4</ele></trkpt>
      <trkpt lat="44.734682" lon="9.270098"><ele>1106.6</ele></trkpt>
      <trkpt lat="44.734693" lon="9.270075"><ele>1106.8</ele></trkpt>
      <trkpt lat="44.734712" lon="9.270048"><ele>1107.1</ele></trkpt>
      <trkpt lat="44.734725" lon="9.270030"><ele>1107.3</ele></trkpt>
      <trkpt lat="44.734733" lon="9.270018"><ele>1107.4</ele></trkpt>
      <trkpt lat="44.734743" lon="9.269998"><ele>1107.6</ele></trkpt>
      <trkpt lat="44.734750" lon="9.269983"><ele>1107.7</ele></trkpt>
      <trkpt lat="44.734757" lon="9.269972"><ele>1107.8</ele></trkpt>
      <trkpt lat="44.734765" lon="9.269947"><ele>1108.0</ele></trkpt>
      <trkpt lat="44.734770" lon="9.269927"><ele>1108.2</ele></trkpt>
      <trkpt lat="44.734780" lon="9.269902"><ele>1108.4</ele></trkpt>
      <trkpt lat="44.734793" lon="9.269883"><ele>1108.6</ele></trkpt>
      <trkpt lat="44.734805" lon="9.269867"><ele>1108.8</ele></trkpt>
      <trkpt lat="44.734817" lon="9.269852"><ele>1108.9</ele></trkpt>
      <trkpt lat="44.734827" lon="9.269830"><ele>1109.1</ele></trkpt>
      <trkpt lat="44.734832" lon="9.269818"><ele>1109.2</ele></trkpt>
      <trkpt lat="44.734837" lon="9.269807"><ele>1109.3</ele></trkpt>
      <trkpt lat="44.734847" lon="9.269792"><ele>1109.5</ele></trkpt>
      <trkpt lat="44.734855" lon="9.269765"><ele>1109.7</ele></trkpt>
      <trkpt lat="44.734858" lon="9.269753"><ele>1109.8</ele></trkpt>
      <trkpt lat="44.734862" lon="9.269740"><ele>1109.9</ele></trkpt>
      <trkpt lat="44.734860" lon="9.269730"><ele>1110.0</ele></trkpt>
      <trkpt lat="44.734860" lon="9.269718"><ele>1110.0</ele></trkpt>
      <trkpt lat="44.734870" lon="9.269705"><ele>1110.2</ele></trkpt>
      <trkpt lat="44.734885" lon="9.269672"><ele>1110.5</ele></trkpt>
      <trkpt lat="44.734900" lon="9.269645"><ele>1110.7</ele></trkpt>
      <trkpt lat="44.734910" lon="9.269618"><ele>1111.0</ele></trkpt>
      <trkpt lat="44.734912" lon="9.269607"><ele>1111.1</ele></trkpt>
      <trkpt lat="44.734913" lon="9.269592"><ele>1111.2</ele></trkpt>
      <trkpt lat="44.734932" lon="9.269552"><ele>1111.5</ele></trkpt>
      <trkpt lat="44.734948" lon="9.269520"><ele>1111.8</ele></trkpt>
      <trkpt lat="44.734962" lon="9.269507"><ele>1112.0</ele></trkpt>
      <trkpt lat="44.734973" lon="9.269488"><ele>1112.2</ele></trkpt>
      <trkpt lat="44.734982" lon="9.269470"><ele>1112.3</ele></trkpt>
      <trkpt lat="44.734998" lon="9.269452"><ele>1112.6</ele></trkpt>
      <trkpt lat="44.735012" lon="9.269432"><ele>1112.8</ele></trkpt>
      <trkpt lat="44.735025" lon="9.269407"><ele>1113.0</ele></trkpt>
      <trkpt lat="44.735038" lon="9.269383"><ele>1113.2</ele></trkpt>
      <trkpt lat="44.735052" lon="9.269362"><ele>1113.4</ele></trkpt>
      <trkpt lat="44.735071" lon="9.269331"><ele>1113.7</ele></trkpt>
      <trkpt lat="44.735080" lon="9.269320"><ele>1113.9</ele></trkpt>
      <trkpt lat="44.735092" lon="9.269300"><ele>1114.1</ele></trkpt>
      <trkpt lat="44.735102" lon="9.269280"><ele>1114.3</ele></trkpt>
      <trkpt lat="44.735110" lon="9.269257"><ele>1114.4</ele></trkpt>
      <trkpt lat="44.735123" lon="9.269237"><ele>1114.6</ele></trkpt>
      <trkpt lat="44.735135" lon="9.269220"><ele>1114.8</ele></trkpt>
      <trkpt lat="44.735147" lon="9.269198"><ele>1115.0</ele></trkpt>
      <trkpt lat="44.735155" lon="9.269183"><ele>1115.1</ele></trkpt>
      <trkpt lat="44.735162" lon="9.269168"><ele>1115.3</ele></trkpt>
      <trkpt lat="44.735172" lon="9.269148"><ele>1115.5</ele></trkpt>
      <trkpt lat="44.735177" lon="9.269130"><ele>1115.6</ele></trkpt>
      <trkpt lat="44.735178" lon="9.269110"><ele>1115.7</ele></trkpt>
      <trkpt lat="44.735192" lon="9.269093"><ele>1115.9</ele></trkpt>
      <trkpt lat="44.735203" lon="9.269075"><ele>1116.0</ele></trkpt>
      <trkpt lat="44.735205" lon="9.269055"><ele>1116.2</ele></trkpt>
      <trkpt lat="44.735213" lon="9.269033"><ele>1116.3</ele></trkpt>
      <trkpt lat="44.735225" lon="9.269005"><ele>1116.5</ele></trkpt>
      <trkpt lat="44.735235" lon="9.268980"><ele>1116.7</ele></trkpt>
      <trkpt lat="44.735247" lon="9.268963"><ele>1116.9</ele></trkpt>
      <trkpt lat="44.735253" lon="9.268945"><ele>1117.0</ele></trkpt>
      <trkpt lat="44.735258" lon="9.268930"><ele>1117.1</ele></trkpt>
      <trkpt lat="44.735273" lon="9.268920"><ele>1117.2</ele></trkpt>
      <trkpt lat="44.735280" lon="9.268903"><ele>1117.3</ele></trkpt>
      <trkpt lat="44.735288" lon="9.268890"><ele>1117.4</ele></trkpt>
      <trkpt lat="44.735297" lon="9.268878"><ele>1117.5</ele></trkpt>
      <trkpt lat="44.735303" lon="9.268862"><ele>1117.6</ele></trkpt>
      <trkpt lat="44.735307" lon="9.268843"><ele>1117.7</ele></trkpt>
      <trkpt lat="44.735305" lon="9.268827"><ele>1117.8</ele></trkpt>
      <trkpt lat="44.735305" lon="9.268813"><ele>1117.9</ele></trkpt>
      <trkpt lat="44.735312" lon="9.268800"><ele>1118.0</ele></trkpt>
      <trkpt lat="44.735317" lon="9.268785"><ele>1118.1</ele></trkpt>
      <trkpt lat="44.735327" lon="9.268767"><ele>1118.2</ele></trkpt>
      <trkpt lat="44.735340" lon="9.268748"><ele>1118.4</ele></trkpt>
      <trkpt lat="44.735347" lon="9.268730"><ele>1118.5</ele></trkpt>
      <trkpt lat="44.735348" lon="9.268715"><ele>1118.6</ele></trkpt>
      <trkpt lat="44.735352" lon="9.268702"><ele>1118.7</ele></trkpt>
      <trkpt lat="44.735367" lon="9.268685"><ele>1118.9</ele></trkpt>
      <trkpt lat="44.735378" lon="9.268662"><ele>1119.0</ele></trkpt>
      <trkpt lat="44.735392" lon="9.268643"><ele>1119.2</ele></trkpt>
      <trkpt lat="44.735403" lon="9.268627"><ele>1119.3</ele></trkpt>
      <trkpt lat="44.735413" lon="9.268608"><ele>1119.5</ele></trkpt>
      <trkpt lat="44.735427" lon="9.268590"><ele>1119.6</ele></trkpt>
      <trkpt lat="44.735442" lon="9.268568"><ele>1119.8</ele></trkpt>
      <trkpt lat="44.735457" lon="9.268543"><ele>1120.0</ele></trkpt>
      <trkpt lat="44.735473" lon="9.268520"><ele>1120.3</ele></trkpt>
      <trkpt lat="44.735488" lon="9.268502"><ele>1120.4</ele></trkpt>
      <trkpt lat="44.735500" lon="9.268485"><ele>1120.6</ele></trkpt>
      <trkpt lat="44.735512" lon="9.268468"><ele>1120.7</ele></trkpt>
      <trkpt lat="44.735520" lon="9.268448"><ele>1120.9</ele></trkpt>
      <trkpt lat="44.735522" lon="9.268428"><ele>1121.0</ele></trkpt>
      <trkpt lat="44.735525" lon="9.268407"><ele>1121.2</ele></trkpt>
      <trkpt lat="44.735530" lon="9.268388"><ele>1121.3</ele></trkpt>
      <trkpt lat="44.735537" lon="9.268368"><ele>1121.4</ele></trkpt>
      <trkpt lat="44.735542" lon="9.268348"><ele>1121.6</ele></trkpt>
      <trkpt lat="44.735545" lon="9.268325"><ele>1121.7</ele></trkpt>
      <trkpt lat="44.735547" lon="9.268302"><ele>1121.9</ele></trkpt>
      <trkpt lat="44.735560" lon="9.268282"><ele>1122.0</ele></trkpt>
      <trkpt lat="44.735573" lon="9.268265"><ele>1122.2</ele></trkpt>
      <trkpt lat="44.735583" lon="9.268247"><ele>1122.3</ele></trkpt>
      <trkpt lat="44.735598" lon="9.268230"><ele>1122.5</ele></trkpt>
      <trkpt lat="44.735607" lon="9.268205"><ele>1122.7</ele></trkpt>
      <trkpt lat="44.735615" lon="9.268182"><ele>1122.8</ele></trkpt>
      <trkpt lat="44.735620" lon="9.268162"><ele>1123.0</ele></trkpt>
      <trkpt lat="44.735627" lon="9.268143"><ele>1123.1</ele></trkpt>
      <trkpt lat="44.735633" lon="9.268125"><ele>1123.2</ele></trkpt>
      <trkpt lat="44.735643" lon="9.268105"><ele>1123.4</ele></trkpt>
      <trkpt lat="44.735652" lon="9.268088"><ele>1123.5</ele></trkpt>
      <trkpt lat="44.735658" lon="9.268068"><ele>1123.7</ele></trkpt>
      <trkpt lat="44.735663" lon="9.268047"><ele>1123.8</ele></trkpt>
      <trkpt lat="44.735673" lon="9.268027"><ele>1124.0</ele></trkpt>
      <trkpt lat="44.735685" lon="9.268010"><ele>1124.1</ele></trkpt>
      <trkpt lat="44.735693" lon="9.267992"><ele>1124.2</ele></trkpt>
      <trkpt lat="44.735698" lon="9.267973"><ele>1124.4</ele></trkpt>
      <trkpt lat="44.735705" lon="9.267957"><ele>1124.5</ele></trkpt>
      <trkpt lat="44.735712" lon="9.267938"><ele>1124.6</ele></trkpt>
      <trkpt lat="44.735723" lon="9.267918"><ele>1124.8</ele></trkpt>
      <trkpt lat="44.735733" lon="9.267895"><ele>1124.9</ele></trkpt>
      <trkpt lat="44.735747" lon="9.267877"><ele>1125.1</ele></trkpt>
      <trkpt lat="44.735757" lon="9.267858"><ele>1125.2</ele></trkpt>
      <trkpt lat="44.735762" lon="9.267840"><ele>1125.4</ele></trkpt>
      <trkpt lat="44.735770" lon="9.267822"><ele>1125.5</ele></trkpt>
      <trkpt lat="44.735782" lon="9.267810"><ele>1125.6</ele></trkpt>
      <trkpt lat="44.735787" lon="9.267800"><ele>1125.7</ele></trkpt>
      <trkpt lat="44.735787" lon="9.267788"><ele>1125.8</ele></trkpt>
      <trkpt lat="44.735792" lon="9.267775"><ele>1125.8</ele></trkpt>
      <trkpt lat="44.735802" lon="9.267758"><ele>1126.0</ele></trkpt>
      <trkpt lat="44.735813" lon="9.267737"><ele>1126.1</ele></trkpt>
      <trkpt lat="44.735825" lon="9.267720"><ele>1126.3</ele></trkpt>
      <trkpt lat="44.735833" lon="9.267705"><ele>1126.4</ele></trkpt>
      <trkpt lat="44.735838" lon="9.267690"><ele>1126.5</ele></trkpt>
      <trkpt lat="44.735857" lon="9.267672"><ele>1126.7</ele></trkpt>
      <trkpt lat="44.735867" lon="9.267657"><ele>1126.8</ele></trkpt>
      <trkpt lat="44.735877" lon="9.267635"><ele>1127.0</ele></trkpt>
      <trkpt lat="44.735888" lon="9.267615"><ele>1127.1</ele></trkpt>
      <trkpt lat="44.735890" lon="9.267595"><ele>1127.3</ele></trkpt>
      <trkpt lat="44.735890" lon="9.267582"><ele>1127.3</ele></trkpt>
      <trkpt lat="44.735892" lon="9.267555"><ele>1127.5</ele></trkpt>
      <trkpt lat="44.735898" lon="9.267532"><ele>1127.7</ele></trkpt>
      <trkpt lat="44.735905" lon="9.267507"><ele>1127.9</ele></trkpt>
      <trkpt lat="44.735908" lon="9.267487"><ele>1128.0</ele></trkpt>
      <trkpt lat="44.735912" lon="9.267467"><ele>1128.1</ele></trkpt>
      <trkpt lat="44.735915" lon="9.267445"><ele>1128.3</ele></trkpt>
      <trkpt lat="44.735923" lon="9.267430"><ele>1128.4</ele></trkpt>
      <trkpt lat="44.735930" lon="9.267417"><ele>1128.5</ele></trkpt>
      <trkpt lat="44.735943" lon="9.267397"><ele>1128.7</ele></trkpt>
      <trkpt lat="44.735965" lon="9.267378"><ele>1129.0</ele></trkpt>
      <trkpt lat="44.735988" lon="9.267353"><ele>1129.2</ele></trkpt>
      <trkpt lat="44.736010" lon="9.267338"><ele>1129.5</ele></trkpt>
      <trkpt lat="44.736035" lon="9.267320"><ele>1129.8</ele></trkpt>
      <trkpt lat="44.736052" lon="9.267297"><ele>1130.0</ele></trkpt>
      <trkpt lat="44.736055" lon="9.267275"><ele>1130.2</ele></trkpt>
      <trkpt lat="44.736067" lon="9.267255"><ele>1130.3</ele></trkpt>
      <trkpt lat="44.736073" lon="9.267233"><ele>1130.5</ele></trkpt>
      <trkpt lat="44.736068" lon="9.267215"><ele>1130.6</ele></trkpt>
      <trkpt lat="44.736068" lon="9.267195"><ele>1130.8</ele></trkpt>
      <trkpt lat="44.736072" lon="9.267173"><ele>1130.9</ele></trkpt>
      <trkpt lat="44.736065" lon="9.267150"><ele>1131.1</ele></trkpt>
      <trkpt lat="44.736063" lon="9.267120"><ele>1131.3</ele></trkpt>
      <trkpt lat="44.736063" lon="9.267102"><ele>1131.5</ele></trkpt>
      <trkpt lat="44.736062" lon="9.267080"><ele>1131.6</ele></trkpt>
      <trkpt lat="44.736063" lon="9.267058"><ele>1131.8</ele></trkpt>
      <trkpt lat="44.736060" lon="9.267032"><ele>1132.0</ele></trkpt>
      <trkpt lat="44.736062" lon="9.267005"><ele>1132.1</ele></trkpt>
      <trkpt lat="44.736060" lon="9.266973"><ele>1132.4</ele></trkpt>
      <trkpt lat="44.736057" lon="9.266935"><ele>1132.6</ele></trkpt>
      <trkpt lat="44.736057" lon="9.266900"><ele>1132.9</ele></trkpt>
      <trkpt lat="44.736045" lon="9.266877"><ele>1133.1</ele></trkpt>
      <trkpt lat="44.736030" lon="9.266857"><ele>1133.2</ele></trkpt>
      <trkpt lat="44.736020" lon="9.266845"><ele>1133.4</ele></trkpt>
      <trkpt lat="44.736007" lon="9.266828"><ele>1133.5</ele></trkpt>
      <trkpt lat="44.735990" lon="9.266813"><ele>1133.7</ele></trkpt>
      <trkpt lat="44.735978" lon="9.266803"><ele>1133.8</ele></trkpt>
      <trkpt lat="44.735970" lon="9.266792"><ele>1133.9</ele></trkpt>
      <trkpt lat="44.735963" lon="9.266787"><ele>1134.0</ele></trkpt>
      <trkpt lat="44.735958" lon="9.266778"><ele>1134.1</ele></trkpt>
      <trkpt lat="44.735955" lon="9.266773"><ele>1134.1</ele></trkpt>
      <trkpt lat="44.735947" lon="9.266770"><ele>1134.2</ele></trkpt>
      <trkpt lat="44.735938" lon="9.266758"><ele>1134.3</ele></trkpt>
      <trkpt lat="44.735930" lon="9.266742"><ele>1134.4</ele></trkpt>
      <trkpt lat="44.735925" lon="9.266723"><ele>1134.6</ele></trkpt>
      <trkpt lat="44.735908" lon="9.266692"><ele>1134.8</ele></trkpt>
      <trkpt lat="44.735905" lon="9.266673"><ele>1135.0</ele></trkpt>
      <trkpt lat="44.735898" lon="9.266670"><ele>1135.0</ele></trkpt>
      <trkpt lat="44.735895" lon="9.266668"><ele>1135.1</ele></trkpt>
      <trkpt lat="44.735885" lon="9.266660"><ele>1135.2</ele></trkpt>
      <trkpt lat="44.735875" lon="9.266653"><ele>1135.3</ele></trkpt>
      <trkpt lat="44.735853" lon="9.266655"><ele>1135.5</ele></trkpt>
      <trkpt lat="44.735845" lon="9.266645"><ele>1135.6</ele></trkpt>
      <trkpt lat="44.735835" lon="9.266640"><ele>1135.7</ele></trkpt>
      <trkpt lat="44.735813" lon="9.266623"><ele>1136.0</ele></trkpt>
      <trkpt lat="44.735782" lon="9.266598"><ele>1136.3</ele></trkpt>
      <trkpt lat="44.735757" lon="9.266567"><ele>1136.7</ele></trkpt>
      <trkpt lat="44.735750" lon="9.266543"><ele>1136.9</ele></trkpt>
      <trkpt lat="44.735747" lon="9.266527"><ele>1137.0</ele></trkpt>
      <trkpt lat="44.735743" lon="9.266517"><ele>1137.1</ele></trkpt>
      <trkpt lat="44.735733" lon="9.266515"><ele>1137.2</ele></trkpt>
      <trkpt lat="44.735718" lon="9.266503"><ele>1137.3</ele></trkpt>
      <trkpt lat="44.735710" lon="9.266485"><ele>1137.5</ele></trkpt>
      <trkpt lat="44.735707" lon="9.266478"><ele>1137.6</ele></trkpt>
      <trkpt lat="44.735698" lon="9.266465"><ele>1137.7</ele></trkpt>
      <trkpt lat="44.735695" lon="9.266463"><ele>1137.7</ele></trkpt>
      <trkpt lat="44.735687" lon="9.266455"><ele>1137.8</ele></trkpt>
      <trkpt lat="44.735677" lon="9.266448"><ele>1138.0</ele></trkpt>
      <trkpt lat="44.735663" lon="9.266425"><ele>1138.2</ele></trkpt>
      <trkpt lat="44.735650" lon="9.266410"><ele>1138.4</ele></trkpt>
      <trkpt lat="44.735627" lon="9.266395"><ele>1138.6</ele></trkpt>
      <trkpt lat="44.735603" lon="9.266387"><ele>1138.9</ele></trkpt>
      <trkpt lat="44.735588" lon="9.266378"><ele>1139.1</ele></trkpt>
      <trkpt lat="44.735568" lon="9.266370"><ele>1139.3</ele></trkpt>
      <trkpt lat="44.735552" lon="9.266363"><ele>1139.5</ele></trkpt>
      <trkpt lat="44.735538" lon="9.266355"><ele>1139.6</ele></trkpt>
      <trkpt lat="44.735525" lon="9.266350"><ele>1139.8</ele></trkpt>
      <trkpt lat="44.735507" lon="9.266338"><ele>1140.0</ele></trkpt>
      <trkpt lat="44.735485" lon="9.266320"><ele>1140.3</ele></trkpt>
      <trkpt lat="44.735463" lon="9.266300"><ele>1140.6</ele></trkpt>
      <trkpt lat="44.735442" lon="9.266285"><ele>1140.8</ele></trkpt>
      <trkpt lat="44.735418" lon="9.266270"><ele>1141.1</ele></trkpt>
      <trkpt lat="44.735398" lon="9.266263"><ele>1141.3</ele></trkpt>
      <trkpt lat="44.735373" lon="9.266260"><ele>1141.6</ele></trkpt>
      <trkpt lat="44.735353" lon="9.266255"><ele>1141.8</ele></trkpt>
      <trkpt lat="44.735337" lon="9.266247"><ele>1142.0</ele></trkpt>
      <trkpt lat="44.735322" lon="9.266238"><ele>1142.2</ele></trkpt>
      <trkpt lat="44.735310" lon="9.266225"><ele>1142.3</ele></trkpt>
      <trkpt lat="44.735300" lon="9.266220"><ele>1142.4</ele></trkpt>
      <trkpt lat="44.735290" lon="9.266207"><ele>1142.6</ele></trkpt>
      <trkpt lat="44.735277" lon="9.266198"><ele>1142.7</ele></trkpt>
      <trkpt lat="44.735260" lon="9.266187"><ele>1142.9</ele></trkpt>
      <trkpt lat="44.735247" lon="9.266182"><ele>1143.1</ele></trkpt>
      <trkpt lat="44.735222" lon="9.266172"><ele>1143.3</ele></trkpt>
      <trkpt lat="44.735192" lon="9.266160"><ele>1143.7</ele></trkpt>
      <trkpt lat="44.735167" lon="9.266147"><ele>1143.9</ele></trkpt>
      <trkpt lat="44.735146" lon="9.266126"><ele>1144.2</ele></trkpt>
      <trkpt lat="44.735140" lon="9.266122"><ele>1144.2</ele></trkpt>
      <trkpt lat="44.735127" lon="9.266106"><ele>1144.4</ele></trkpt>
      <trkpt lat="44.735125" lon="9.266102"><ele>1144.4</ele></trkpt>
      <trkpt lat="44.735125" lon="9.266092"><ele>1144.5</ele></trkpt>
      <trkpt lat="44.735122" lon="9.266077"><ele>1144.6</ele></trkpt>
      <trkpt lat="44.735127" lon="9.266068"><ele>1144.7</ele></trkpt>
      <trkpt lat="44.735123" lon="9.266055"><ele>1144.8</ele></trkpt>
      <trkpt lat="44.735117" lon="9.266037"><ele>1144.9</ele></trkpt>
      <trkpt lat="44.735112" lon="9.266022"><ele>1145.0</ele></trkpt>
      <trkpt lat="44.735107" lon="9.266007"><ele>1145.1</ele></trkpt>
      <trkpt lat="44.735095" lon="9.265995"><ele>1145.3</ele></trkpt>
      <trkpt lat="44.735072" lon="9.265977"><ele>1145.5</ele></trkpt>
      <trkpt lat="44.735055" lon="9.265958"><ele>1145.8</ele></trkpt>
      <trkpt lat="44.735037" lon="9.265938"><ele>1146.0</ele></trkpt>
      <trkpt lat="44.735022" lon="9.265918"><ele>1146.2</ele></trkpt>
      <trkpt lat="44.735008" lon="9.265907"><ele>1146.4</ele></trkpt>
      <trkpt lat="44.734995" lon="9.265900"><ele>1146.5</ele></trkpt>
      <trkpt lat="44.734985" lon="9.265892"><ele>1146.6</ele></trkpt>
      <trkpt lat="44.734977" lon="9.265882"><ele>1146.8</ele></trkpt>
      <trkpt lat="44.734970" lon="9.265867"><ele>1146.9</ele></trkpt>
      <trkpt lat="44.734962" lon="9.265850"><ele>1147.1</ele></trkpt>
      <trkpt lat="44.734953" lon="9.265842"><ele>1147.2</ele></trkpt>
      <trkpt lat="44.734947" lon="9.265837"><ele>1147.3</ele></trkpt>
      <trkpt lat="44.734940" lon="9.265833"><ele>1147.4</ele></trkpt>
      <trkpt lat="44.734933" lon="9.265830"><ele>1147.5</ele></trkpt>
      <trkpt lat="44.734923" lon="9.265828"><ele>1147.6</ele></trkpt>
      <trkpt lat="44.734917" lon="9.265828"><ele>1147.7</ele></trkpt>
      <trkpt lat="44.734905" lon="9.265828"><ele>1147.8</ele></trkpt>
      <trkpt lat="44.734888" lon="9.265817"><ele>1148.0</ele></trkpt>
      <trkpt lat="44.734880" lon="9.265817"><ele>1148.1</ele></trkpt>
      <trkpt lat="44.734867" lon="9.265825"><ele>1148.3</ele></trkpt>
      <trkpt lat="44.734842" lon="9.265843"><ele>1148.6</ele></trkpt>
      <trkpt lat="44.734830" lon="9.265853"><ele>1148.8</ele></trkpt>
      <trkpt lat="44.734823" lon="9.265867"><ele>1148.9</ele></trkpt>
      <trkpt lat="44.734822" lon="9.265875"><ele>1149.0</ele></trkpt>
      <trkpt lat="44.734820" lon="9.265888"><ele>1149.1</ele></trkpt>
      <trkpt lat="44.734830" lon="9.265902"><ele>1149.3</ele></trkpt>
      <trkpt lat="44.734818" lon="9.265935"><ele>1149.6</ele></trkpt>
      <trkpt lat="44.734815" lon="9.265963"><ele>1149.8</ele></trkpt>
      <trkpt lat="44.734797" lon="9.266013"><ele>1150.2</ele></trkpt>
      <trkpt lat="44.734798" lon="9.266038"><ele>1150.4</ele></trkpt>
      <trkpt lat="44.734800" lon="9.266058"><ele>1150.6</ele></trkpt>
      <trkpt lat="44.734803" lon="9.266078"><ele>1150.8</ele></trkpt>
      <trkpt lat="44.734812" lon="9.266100"><ele>1150.9</ele></trkpt>
      <trkpt lat="44.734818" lon="9.266120"><ele>1151.1</ele></trkpt>
      <trkpt lat="44.734827" lon="9.266137"><ele>1151.2</ele></trkpt>
      <trkpt lat="44.734840" lon="9.266150"><ele>1151.4</ele></trkpt>
      <trkpt lat="44.734857" lon="9.266163"><ele>1151.6</ele></trkpt>
      <trkpt lat="44.734873" lon="9.266178"><ele>1151.8</ele></trkpt>
      <trkpt lat="44.734888" lon="9.266200"><ele>1152.0</ele></trkpt>
      <trkpt lat="44.734908" lon="9.266222"><ele>1152.2</ele></trkpt>
      <trkpt lat="44.734912" lon="9.266247"><ele>1152.4</ele></trkpt>
      <trkpt lat="44.734913" lon="9.266267"><ele>1152.5</ele></trkpt>
      <trkpt lat="44.734927" lon="9.266280"><ele>1152.7</ele></trkpt>
      <trkpt lat="44.734947" lon="9.266289"><ele>1152.9</ele></trkpt>
      <trkpt lat="44.734955" lon="9.266292"><ele>1152.9</ele></trkpt>
      <trkpt lat="44.734962" lon="9.266302"><ele>1153.0</ele></trkpt>
      <trkpt lat="44.734968" lon="9.266312"><ele>1153.1</ele></trkpt>
      <trkpt lat="44.734978" lon="9.266323"><ele>1153.2</ele></trkpt>
      <trkpt lat="44.734990" lon="9.266332"><ele>1153.3</ele></trkpt>
      <trkpt lat="44.735005" lon="9.266348"><ele>1153.5</ele></trkpt>
      <trkpt lat="44.735018" lon="9.266363"><ele>1153.7</ele></trkpt>
      <trkpt lat="44.735032" lon="9.266377"><ele>1153.8</ele></trkpt>
      <trkpt lat="44.735045" lon="9.266387"><ele>1153.9</ele></trkpt>
      <trkpt lat="44.735048" lon="9.266408"><ele>1154.1</ele></trkpt>
      <trkpt lat="44.735050" lon="9.266410"><ele>1154.1</ele></trkpt>
      <trkpt lat="44.735057" lon="9.266415"><ele>1154.2</ele></trkpt>
      <trkpt lat="44.735058" lon="9.266428"><ele>1154.3</ele></trkpt>
      <trkpt lat="44.735087" lon="9.266455"><ele>1154.6</ele></trkpt>
      <trkpt lat="44.735090" lon="9.266477"><ele>1154.8</ele></trkpt>
      <trkpt lat="44.735097" lon="9.266493"><ele>1154.9</ele></trkpt>
      <trkpt lat="44.735100" lon="9.266515"><ele>1155.1</ele></trkpt>
      <trkpt lat="44.735103" lon="9.266525"><ele>1155.1</ele></trkpt>
      <trkpt lat="44.735108" lon="9.266535"><ele>1155.2</ele></trkpt>
      <trkpt lat="44.735117" lon="9.266547"><ele>1155.3</ele></trkpt>
      <trkpt lat="44.735137" lon="9.266565"><ele>1155.6</ele></trkpt>
      <trkpt lat="44.735157" lon="9.266572"><ele>1155.8</ele></trkpt>
      <trkpt lat="44.735180" lon="9.266582"><ele>1156.0</ele></trkpt>
      <trkpt lat="44.735200" lon="9.266583"><ele>1156.3</ele></trkpt>
      <trkpt lat="44.735210" lon="9.266595"><ele>1156.4</ele></trkpt>
      <trkpt lat="44.735218" lon="9.266603"><ele>1156.5</ele></trkpt>
      <trkpt lat="44.735217" lon="9.266633"><ele>1156.7</ele></trkpt>
      <trkpt lat="44.735232" lon="9.266647"><ele>1156.9</ele></trkpt>
      <trkpt lat="44.735237" lon="9.266668"><ele>1157.1</ele></trkpt>
      <trkpt lat="44.735240" lon="9.266687"><ele>1157.2</ele></trkpt>
      <trkpt lat="44.735247" lon="9.266697"><ele>1157.3</ele></trkpt>
      <trkpt lat="44.735250" lon="9.266718"><ele>1157.5</ele></trkpt>
      <trkpt lat="44.735252" lon="9.266735"><ele>1157.6</ele></trkpt>
      <trkpt lat="44.735260" lon="9.266752"><ele>1157.8</ele></trkpt>
      <trkpt lat="44.735273" lon="9.266762"><ele>1157.9</ele></trkpt>
      <trkpt lat="44.735283" lon="9.266775"><ele>1158.1</ele></trkpt>
      <trkpt lat="44.735293" lon="9.266787"><ele>1158.2</ele></trkpt>
      <trkpt lat="44.735295" lon="9.266808"><ele>1158.4</ele></trkpt>
      <trkpt lat="44.735300" lon="9.266827"><ele>1158.5</ele></trkpt>
      <trkpt lat="44.735310" lon="9.266840"><ele>1158.7</ele></trkpt>
      <trkpt lat="44.735323" lon="9.266852"><ele>1158.8</ele></trkpt>
      <trkpt lat="44.735337" lon="9.266867"><ele>1159.0</ele></trkpt>
      <trkpt lat="44.735348" lon="9.266885"><ele>1159.2</ele></trkpt>
      <trkpt lat="44.735350" lon="9.266910"><ele>1159.4</ele></trkpt>
      <trkpt lat="44.735350" lon="9.266933"><ele>1159.6</ele></trkpt>
      <trkpt lat="44.735350" lon="9.266962"><ele>1159.8</ele></trkpt>
      <trkpt lat="44.735363" lon="9.266980"><ele>1160.0</ele></trkpt>
      <trkpt lat="44.735373" lon="9.266995"><ele>1160.2</ele></trkpt>
      <trkpt lat="44.735378" lon="9.267010"><ele>1160.3</ele></trkpt>
      <trkpt lat="44.735380" lon="9.267032"><ele>1160.5</ele></trkpt>
      <trkpt lat="44.735385" lon="9.267055"><ele>1160.7</ele></trkpt>
      <trkpt lat="44.735390" lon="9.267078"><ele>1160.9</ele></trkpt>
      <trkpt lat="44.735403" lon="9.267098"><ele>1161.1</ele></trkpt>
      <trkpt lat="44.735407" lon="9.267113"><ele>1161.2</ele></trkpt>
      <trkpt lat="44.735408" lon="9.267130"><ele>1161.4</ele></trkpt>
      <trkpt lat="44.735407" lon="9.267157"><ele>1161.6</ele></trkpt>
      <trkpt lat="44.735415" lon="9.267167"><ele>1161.7</ele></trkpt>
      <trkpt lat="44.735420" lon="9.267180"><ele>1161.8</ele></trkpt>
      <trkpt lat="44.735418" lon="9.267203"><ele>1162.0</ele></trkpt>
      <trkpt lat="44.735420" lon="9.267220"><ele>1162.1</ele></trkpt>
      <trkpt lat="44.735417" lon="9.267238"><ele>1162.3</ele></trkpt>
      <trkpt lat="44.735418" lon="9.267257"><ele>1162.4</ele></trkpt>
      <trkpt lat="44.735423" lon="9.267270"><ele>1162.5</ele></trkpt>
      <trkpt lat="44.735420" lon="9.267290"><ele>1162.7</ele></trkpt>
      <trkpt lat="44.735423" lon="9.267313"><ele>1162.8</ele></trkpt>
      <trkpt lat="44.735423" lon="9.267340"><ele>1163.0</ele></trkpt>
      <trkpt lat="44.735410" lon="9.267360"><ele>1163.2</ele></trkpt>
      <trkpt lat="44.735393" lon="9.267372"><ele>1163.4</ele></trkpt>
      <trkpt lat="44.735385" lon="9.267372"><ele>1163.5</ele></trkpt>
      <trkpt lat="44.735373" lon="9.267372"><ele>1163.7</ele></trkpt>
      <trkpt lat="44.735348" lon="9.267368"><ele>1163.9</ele></trkpt>
      <trkpt lat="44.735333" lon="9.267368"><ele>1164.1</ele></trkpt>
      <trkpt lat="44.735315" lon="9.267368"><ele>1164.3</ele></trkpt>
      <trkpt lat="44.735293" lon="9.267367"><ele>1164.5</ele></trkpt>
      <trkpt lat="44.735277" lon="9.267362"><ele>1164.7</ele></trkpt>
      <trkpt lat="44.735258" lon="9.267353"><ele>1164.9</ele></trkpt>
      <trkpt lat="44.735245" lon="9.267342"><ele>1165.0</ele></trkpt>
      <trkpt lat="44.735232" lon="9.267335"><ele>1165.2</ele></trkpt>
      <trkpt lat="44.735223" lon="9.267327"><ele>1165.3</ele></trkpt>
      <trkpt lat="44.735218" lon="9.267318"><ele>1165.3</ele></trkpt>
      <trkpt lat="44.735218" lon="9.267312"><ele>1165.4</ele></trkpt>
      <trkpt lat="44.735213" lon="9.267302"><ele>1165.5</ele></trkpt>
      <trkpt lat="44.735207" lon="9.267295"><ele>1165.6</ele></trkpt>
      <trkpt lat="44.735198" lon="9.267287"><ele>1165.7</ele></trkpt>
      <trkpt lat="44.735195" lon="9.267278"><ele>1165.7</ele></trkpt>
      <trkpt lat="44.735187" lon="9.267265"><ele>1165.9</ele></trkpt>
      <trkpt lat="44.735192" lon="9.267243"><ele>1166.0</ele></trkpt>
      <trkpt lat="44.735188" lon="9.267217"><ele>1166.2</ele></trkpt>
      <trkpt lat="44.735185" lon="9.267193"><ele>1166.4</ele></trkpt>
      <trkpt lat="44.735187" lon="9.267170"><ele>1166.6</ele></trkpt>
      <trkpt lat="44.735188" lon="9.267150"><ele>1166.7</ele></trkpt>
      <trkpt lat="44.735195" lon="9.267135"><ele>1166.9</ele></trkpt>
      <trkpt lat="44.735198" lon="9.267110"><ele>1167.1</ele></trkpt>
      <trkpt lat="44.735197" lon="9.267087"><ele>1167.2</ele></trkpt>
      <trkpt lat="44.735192" lon="9.267063"><ele>1167.4</ele></trkpt>
      <trkpt lat="44.735190" lon="9.267040"><ele>1167.6</ele></trkpt>
      <trkpt lat="44.735187" lon="9.267023"><ele>1167.7</ele></trkpt>
      <trkpt lat="44.735190" lon="9.267003"><ele>1167.9</ele></trkpt>
      <trkpt lat="44.735187" lon="9.266983"><ele>1168.0</ele></trkpt>
      <trkpt lat="44.735182" lon="9.266967"><ele>1168.2</ele></trkpt>
      <trkpt lat="44.735170" lon="9.266950"><ele>1168.3</ele></trkpt>
      <trkpt lat="44.735160" lon="9.266938"><ele>1168.5</ele></trkpt>
      <trkpt lat="44.735148" lon="9.266925"><ele>1168.7</ele></trkpt>
      <trkpt lat="44.735132" lon="9.266913"><ele>1168.8</ele></trkpt>
      <trkpt lat="44.735108" lon="9.266902"><ele>1169.1</ele></trkpt>
      <trkpt lat="44.735085" lon="9.266892"><ele>1169.4</ele></trkpt>
      <trkpt lat="44.735067" lon="9.266883"><ele>1169.6</ele></trkpt>
      <trkpt lat="44.735052" lon="9.266873"><ele>1169.8</ele></trkpt>
      <trkpt lat="44.735037" lon="9.266863"><ele>1169.9</ele></trkpt>
      <trkpt lat="44.735027" lon="9.266853"><ele>1170.1</ele></trkpt>
      <trkpt lat="44.735013" lon="9.266840"><ele>1170.2</ele></trkpt>
      <trkpt lat="44.735007" lon="9.266830"><ele>1170.3</ele></trkpt>
      <trkpt lat="44.735000" lon="9.266822"><ele>1170.4</ele></trkpt>
      <trkpt lat="44.734990" lon="9.266818"><ele>1170.5</ele></trkpt>
      <trkpt lat="44.734982" lon="9.266807"><ele>1170.6</ele></trkpt>
      <trkpt lat="44.734972" lon="9.266793"><ele>1170.8</ele></trkpt>
      <trkpt lat="44.734963" lon="9.266785"><ele>1170.9</ele></trkpt>
      <trkpt lat="44.734948" lon="9.266780"><ele>1171.0</ele></trkpt>
      <trkpt lat="44.734935" lon="9.266775"><ele>1171.2</ele></trkpt>
      <trkpt lat="44.734928" lon="9.266770"><ele>1171.2</ele></trkpt>
      <trkpt lat="44.734920" lon="9.266763"><ele>1171.3</ele></trkpt>
      <trkpt lat="44.734905" lon="9.266753"><ele>1171.5</ele></trkpt>
      <trkpt lat="44.734887" lon="9.266745"><ele>1171.7</ele></trkpt>
      <trkpt lat="44.734873" lon="9.266732"><ele>1171.8</ele></trkpt>
      <trkpt lat="44.734868" lon="9.266718"><ele>1172.0</ele></trkpt>
      <trkpt lat="44.734860" lon="9.266707"><ele>1172.1</ele></trkpt>
      <trkpt lat="44.734850" lon="9.266693"><ele>1172.2</ele></trkpt>
      <trkpt lat="44.734838" lon="9.266680"><ele>1172.4</ele></trkpt>
      <trkpt lat="44.734818" lon="9.266667"><ele>1172.6</ele></trkpt>
      <trkpt lat="44.734795" lon="9.266643"><ele>1172.8</ele></trkpt>
      <trkpt lat="44.734773" lon="9.266615"><ele>1173.1</ele></trkpt>
      <trkpt lat="44.734760" lon="9.266592"><ele>1173.3</ele></trkpt>
      <trkpt lat="44.734752" lon="9.266575"><ele>1173.5</ele></trkpt>
      <trkpt lat="44.734733" lon="9.266558"><ele>1173.7</ele></trkpt>
      <trkpt lat="44.734722" lon="9.266547"><ele>1173.8</ele></trkpt>
      <trkpt lat="44.734710" lon="9.266535"><ele>1174.0</ele></trkpt>
      <trkpt lat="44.734697" lon="9.266528"><ele>1174.1</ele></trkpt>
      <trkpt lat="44.734695" lon="9.266527"><ele>1174.1</ele></trkpt>
      <trkpt lat="44.734688" lon="9.266525"><ele>1174.2</ele></trkpt>
      <trkpt lat="44.734675" lon="9.266522"><ele>1174.3</ele></trkpt>
      <trkpt lat="44.734650" lon="9.266515"><ele>1174.6</ele></trkpt>
      <trkpt lat="44.734637" lon="9.266505"><ele>1174.7</ele></trkpt>
      <trkpt lat="44.734613" lon="9.266500"><ele>1175.0</ele></trkpt>
      <trkpt lat="44.734590" lon="9.266500"><ele>1175.2</ele></trkpt>
      <trkpt lat="44.734570" lon="9.266503"><ele>1175.4</ele></trkpt>
      <trkpt lat="44.734548" lon="9.266502"><ele>1175.7</ele></trkpt>
      <trkpt lat="44.734532" lon="9.266497"><ele>1175.8</ele></trkpt>
      <trkpt lat="44.734517" lon="9.266490"><ele>1176.0</ele></trkpt>
      <trkpt lat="44.734503" lon="9.266482"><ele>1176.2</ele></trkpt>
      <trkpt lat="44.734492" lon="9.266482"><ele>1176.3</ele></trkpt>
      <trkpt lat="44.734477" lon="9.266488"><ele>1176.4</ele></trkpt>
      <trkpt lat="44.734462" lon="9.266493"><ele>1176.6</ele></trkpt>
      <trkpt lat="44.734450" lon="9.266487"><ele>1176.7</ele></trkpt>
      <trkpt lat="44.734432" lon="9.266483"><ele>1176.9</ele></trkpt>
      <trkpt lat="44.734425" lon="9.266483"><ele>1177.0</ele></trkpt>
      <trkpt lat="44.734410" lon="9.266483"><ele>1177.1</ele></trkpt>
      <trkpt lat="44.734395" lon="9.266482"><ele>1177.3</ele></trkpt>
      <trkpt lat="44.734382" lon="9.266483"><ele>1177.4</ele></trkpt>
      <trkpt lat="44.734370" lon="9.266485"><ele>1177.5</ele></trkpt>
      <trkpt lat="44.734357" lon="9.266487"><ele>1177.7</ele></trkpt>
      <trkpt lat="44.734343" lon="9.266487"><ele>1177.8</ele></trkpt>
      <trkpt lat="44.734332" lon="9.266488"><ele>1177.9</ele></trkpt>
      <trkpt lat="44.734318" lon="9.266487"><ele>1178.0</ele></trkpt>
      <trkpt lat="44.734305" lon="9.266485"><ele>1178.2</ele></trkpt>
      <trkpt lat="44.734290" lon="9.266482"><ele>1178.3</ele></trkpt>
      <trkpt lat="44.734275" lon="9.266475"><ele>1178.5</ele></trkpt>
      <trkpt lat="44.734257" lon="9.266462"><ele>1178.7</ele></trkpt>
      <trkpt lat="44.734238" lon="9.266458"><ele>1178.9</ele></trkpt>
      <trkpt lat="44.734227" lon="9.266460"><ele>1179.0</ele></trkpt>
      <trkpt lat="44.734222" lon="9.266458"><ele>1179.0</ele></trkpt>
      <trkpt lat="44.734210" lon="9.266452"><ele>1179.2</ele></trkpt>
      <trkpt lat="44.734198" lon="9.266445"><ele>1179.3</ele></trkpt>
      <trkpt lat="44.734185" lon="9.266433"><ele>1179.4</ele></trkpt>
      <trkpt lat="44.734165" lon="9.266425"><ele>1179.6</ele></trkpt>
      <trkpt lat="44.734157" lon="9.266422"><ele>1179.7</ele></trkpt>
      <trkpt lat="44.734145" lon="9.266410"><ele>1179.9</ele></trkpt>
      <trkpt lat="44.734133" lon="9.266397"><ele>1180.0</ele></trkpt>
      <trkpt lat="44.734120" lon="9.266367"><ele>1180.3</ele></trkpt>
      <trkpt lat="44.734113" lon="9.266360"><ele>1180.3</ele></trkpt>
      <trkpt lat="44.734097" lon="9.266340"><ele>1180.6</ele></trkpt>
      <trkpt lat="44.734083" lon="9.266322"><ele>1180.7</ele></trkpt>
      <trkpt lat="44.734073" lon="9.266305"><ele>1180.9</ele></trkpt>
      <trkpt lat="44.734062" lon="9.266293"><ele>1181.0</ele></trkpt>
      <trkpt lat="44.734053" lon="9.266278"><ele>1181.2</ele></trkpt>
      <trkpt lat="44.734045" lon="9.266260"><ele>1181.3</ele></trkpt>
      <trkpt lat="44.734033" lon="9.266223"><ele>1181.6</ele></trkpt>
      <trkpt lat="44.734042" lon="9.266200"><ele>1181.8</ele></trkpt>
      <trkpt lat="44.734055" lon="9.266172"><ele>1182.1</ele></trkpt>
      <trkpt lat="44.734057" lon="9.266160"><ele>1182.2</ele></trkpt>
      <trkpt lat="44.734050" lon="9.266157"><ele>1182.2</ele></trkpt>
      <trkpt lat="44.734040" lon="9.266145"><ele>1182.4</ele></trkpt>
      <trkpt lat="44.734023" lon="9.266137"><ele>1182.5</ele></trkpt>
      <trkpt lat="44.734008" lon="9.266128"><ele>1182.7</ele></trkpt>
      <trkpt lat="44.734003" lon="9.266117"><ele>1182.8</ele></trkpt>
      <trkpt lat="44.733998" lon="9.266102"><ele>1182.9</ele></trkpt>
      <trkpt lat="44.734007" lon="9.266080"><ele>1183.1</ele></trkpt>
      <trkpt lat="44.734017" lon="9.266058"><ele>1183.3</ele></trkpt>
      <trkpt lat="44.734023" lon="9.266040"><ele>1183.5</ele></trkpt>
      <trkpt lat="44.734030" lon="9.266015"><ele>1183.7</ele></trkpt>
      <trkpt lat="44.734038" lon="9.265988"><ele>1183.9</ele></trkpt>
      <trkpt lat="44.734053" lon="9.265958"><ele>1184.2</ele></trkpt>
      <trkpt lat="44.734050" lon="9.265925"><ele>1184.4</ele></trkpt>
      <trkpt lat="44.734053" lon="9.265888"><ele>1184.7</ele></trkpt>
      <trkpt lat="44.734062" lon="9.265862"><ele>1185.0</ele></trkpt>
      <trkpt lat="44.734070" lon="9.265830"><ele>1185.3</ele></trkpt>
      <trkpt lat="44.734067" lon="9.265802"><ele>1185.5</ele></trkpt>
      <trkpt lat="44.734050" lon="9.265767"><ele>1185.8</ele></trkpt>
      <trkpt lat="44.734040" lon="9.265733"><ele>1186.1</ele></trkpt>
      <trkpt lat="44.734028" lon="9.265708"><ele>1186.4</ele></trkpt>
      <trkpt lat="44.734018" lon="9.265692"><ele>1186.6</ele></trkpt>
      <trkpt lat="44.733998" lon="9.265683"><ele>1186.8</ele></trkpt>
      <trkpt lat="44.733978" lon="9.265683"><ele>1187.0</ele></trkpt>
      <trkpt lat="44.733962" lon="9.265687"><ele>1187.2</ele></trkpt>
      <trkpt lat="44.733950" lon="9.265690"><ele>1187.3</ele></trkpt>
      <trkpt lat="44.733937" lon="9.265688"><ele>1187.5</ele></trkpt>
      <trkpt lat="44.733925" lon="9.265683"><ele>1187.6</ele></trkpt>
      <trkpt lat="44.733912" lon="9.265680"><ele>1187.8</ele></trkpt>
      <trkpt lat="44.733893" lon="9.265675"><ele>1188.0</ele></trkpt>
      <trkpt lat="44.733878" lon="9.265670"><ele>1188.2</ele></trkpt>
      <trkpt lat="44.733867" lon="9.265665"><ele>1188.3</ele></trkpt>
      <trkpt lat="44.733852" lon="9.265662"><ele>1188.4</ele></trkpt>
      <trkpt lat="44.733838" lon="9.265657"><ele>1188.6</ele></trkpt>
      <trkpt lat="44.733825" lon="9.265653"><ele>1188.7</ele></trkpt>
      <trkpt lat="44.733812" lon="9.265650"><ele>1188.8</ele></trkpt>
      <trkpt lat="44.733798" lon="9.265647"><ele>1189.0</ele></trkpt>
      <trkpt lat="44.733782" lon="9.265643"><ele>1189.1</ele></trkpt>
      <trkpt lat="44.733765" lon="9.265647"><ele>1189.3</ele></trkpt>
      <trkpt lat="44.733752" lon="9.265645"><ele>1189.4</ele></trkpt>
      <trkpt lat="44.733735" lon="9.265642"><ele>1189.6</ele></trkpt>
      <trkpt lat="44.733720" lon="9.265635"><ele>1189.7</ele></trkpt>
      <trkpt lat="44.733698" lon="9.265629"><ele>1189.9</ele></trkpt>
      <trkpt lat="44.733692" lon="9.265627"><ele>1190.0</ele></trkpt>
      <trkpt lat="44.733675" lon="9.265623"><ele>1190.1</ele></trkpt>
      <trkpt lat="44.733663" lon="9.265622"><ele>1190.2</ele></trkpt>
      <trkpt lat="44.733652" lon="9.265613"><ele>1190.3</ele></trkpt>
      <trkpt lat="44.733638" lon="9.265595"><ele>1190.5</ele></trkpt>
      <trkpt lat="44.733627" lon="9.265578"><ele>1190.7</ele></trkpt>
      <trkpt lat="44.733615" lon="9.265570"><ele>1190.8</ele></trkpt>
      <trkpt lat="44.733602" lon="9.265557"><ele>1190.9</ele></trkpt>
      <trkpt lat="44.733588" lon="9.265548"><ele>1191.1</ele></trkpt>
      <trkpt lat="44.733580" lon="9.265542"><ele>1191.1</ele></trkpt>
      <trkpt lat="44.733567" lon="9.265533"><ele>1191.3</ele></trkpt>
      <trkpt lat="44.733553" lon="9.265530"><ele>1191.4</ele></trkpt>
      <trkpt lat="44.733540" lon="9.265523"><ele>1191.5</ele></trkpt>
      <trkpt lat="44.733523" lon="9.265522"><ele>1191.7</ele></trkpt>
      <trkpt lat="44.733508" lon="9.265520"><ele>1191.8</ele></trkpt>
      <trkpt lat="44.733492" lon="9.265522"><ele>1191.9</ele></trkpt>
      <trkpt lat="44.733477" lon="9.265517"><ele>1192.1</ele></trkpt>
      <trkpt lat="44.733468" lon="9.265517"><ele>1192.1</ele></trkpt>
      <trkpt lat="44.733460" lon="9.265513"><ele>1192.2</ele></trkpt>
      <trkpt lat="44.733450" lon="9.265515"><ele>1192.3</ele></trkpt>
      <trkpt lat="44.733435" lon="9.265518"><ele>1192.4</ele></trkpt>
      <trkpt lat="44.733422" lon="9.265523"><ele>1192.6</ele></trkpt>
      <trkpt lat="44.733408" lon="9.265517"><ele>1192.7</ele></trkpt>
      <trkpt lat="44.733388" lon="9.265513"><ele>1192.9</ele></trkpt>
      <trkpt lat="44.733373" lon="9.265517"><ele>1193.0</ele></trkpt>
      <trkpt lat="44.733355" lon="9.265517"><ele>1193.2</ele></trkpt>
      <trkpt lat="44.733337" lon="9.265518"><ele>1193.3</ele></trkpt>
      <trkpt lat="44.733318" lon="9.265515"><ele>1193.5</ele></trkpt>
      <trkpt lat="44.733303" lon="9.265512"><ele>1193.6</ele></trkpt>
      <trkpt lat="44.733288" lon="9.265510"><ele>1193.8</ele></trkpt>
      <trkpt lat="44.733273" lon="9.265512"><ele>1193.9</ele></trkpt>
      <trkpt lat="44.733258" lon="9.265517"><ele>1194.1</ele></trkpt>
      <trkpt lat="44.733240" lon="9.265525"><ele>1194.2</ele></trkpt>
      <trkpt lat="44.733223" lon="9.265527"><ele>1194.4</ele></trkpt>
      <trkpt lat="44.733208" lon="9.265530"><ele>1194.6</ele></trkpt>
      <trkpt lat="44.733193" lon="9.265528"><ele>1194.7</ele></trkpt>
      <trkpt lat="44.733180" lon="9.265520"><ele>1194.8</ele></trkpt>
      <trkpt lat="44.733170" lon="9.265518"><ele>1194.9</ele></trkpt>
      <trkpt lat="44.733153" lon="9.265510"><ele>1195.1</ele></trkpt>
      <trkpt lat="44.733133" lon="9.265505"><ele>1195.3</ele></trkpt>
      <trkpt lat="44.733115" lon="9.265502"><ele>1195.5</ele></trkpt>
      <trkpt lat="44.733097" lon="9.265503"><ele>1195.7</ele></trkpt>
      <trkpt lat="44.733075" lon="9.265508"><ele>1196.0</ele></trkpt>
      <trkpt lat="44.733057" lon="9.265503"><ele>1196.2</ele></trkpt>
      <trkpt lat="44.733040" lon="9.265505"><ele>1196.4</ele></trkpt>
      <trkpt lat="44.733030" lon="9.265505"><ele>1196.5</ele></trkpt>
      <trkpt lat="44.733018" lon="9.265505"><ele>1196.6</ele></trkpt>
      <trkpt lat="44.733008" lon="9.265502"><ele>1196.8</ele></trkpt>
      <trkpt lat="44.732995" lon="9.265495"><ele>1196.9</ele></trkpt>
      <trkpt lat="44.732980" lon="9.265495"><ele>1197.1</ele></trkpt>
      <trkpt lat="44.732972" lon="9.265493"><ele>1197.2</ele></trkpt>
      <trkpt lat="44.732953" lon="9.265492"><ele>1197.4</ele></trkpt>
      <trkpt lat="44.732935" lon="9.265495"><ele>1197.6</ele></trkpt>
      <trkpt lat="44.732917" lon="9.265495"><ele>1197.8</ele></trkpt>
      <trkpt lat="44.732903" lon="9.265493"><ele>1198.0</ele></trkpt>
      <trkpt lat="44.732892" lon="9.265490"><ele>1198.1</ele></trkpt>
      <trkpt lat="44.732877" lon="9.265490"><ele>1198.3</ele></trkpt>
      <trkpt lat="44.732862" lon="9.265488"><ele>1198.5</ele></trkpt>
      <trkpt lat="44.732847" lon="9.265487"><ele>1198.7</ele></trkpt>
      <trkpt lat="44.732835" lon="9.265485"><ele>1198.8</ele></trkpt>
      <trkpt lat="44.732822" lon="9.265482"><ele>1199.0</ele></trkpt>
      <trkpt lat="44.732808" lon="9.265478"><ele>1199.1</ele></trkpt>
      <trkpt lat="44.732792" lon="9.265482"><ele>1199.3</ele></trkpt>
      <trkpt lat="44.732767" lon="9.265482"><ele>1199.6</ele></trkpt>
      <trkpt lat="44.732745" lon="9.265490"><ele>1199.9</ele></trkpt>
      <trkpt lat="44.732730" lon="9.265497"><ele>1200.0</ele></trkpt>
      <trkpt lat="44.732713" lon="9.265500"><ele>1200.2</ele></trkpt>
      <trkpt lat="44.732718" lon="9.265507"><ele>1200.3</ele></trkpt>
      <trkpt lat="44.732710" lon="9.265512"><ele>1200.4</ele></trkpt>
      <trkpt lat="44.732693" lon="9.265508"><ele>1200.6</ele></trkpt>
      <trkpt lat="44.732673" lon="9.265505"><ele>1200.8</ele></trkpt>
      <trkpt lat="44.732653" lon="9.265497"><ele>1201.1</ele></trkpt>
      <trkpt lat="44.732637" lon="9.265498"><ele>1201.2</ele></trkpt>
      <trkpt lat="44.732625" lon="9.265498"><ele>1201.4</ele></trkpt>
      <trkpt lat="44.732618" lon="9.265497"><ele>1201.4</ele></trkpt>
      <trkpt lat="44.732605" lon="9.265500"><ele>1201.6</ele></trkpt>
      <trkpt lat="44.732598" lon="9.265503"><ele>1201.7</ele></trkpt>
      <trkpt lat="44.732585" lon="9.265498"><ele>1201.8</ele></trkpt>
      <trkpt lat="44.732573" lon="9.265487"><ele>1202.0</ele></trkpt>
      <trkpt lat="44.732562" lon="9.265482"><ele>1202.1</ele></trkpt>
      <trkpt lat="44.732555" lon="9.265485"><ele>1202.1</ele></trkpt>
      <trkpt lat="44.732538" lon="9.265483"><ele>1202.3</ele></trkpt>
      <trkpt lat="44.732515" lon="9.265478"><ele>1202.5</ele></trkpt>
      <trkpt lat="44.732493" lon="9.265475"><ele>1202.8</ele></trkpt>
      <trkpt lat="44.732473" lon="9.265468"><ele>1203.0</ele></trkpt>
      <trkpt lat="44.732452" lon="9.265460"><ele>1203.2</ele></trkpt>
      <trkpt lat="44.732432" lon="9.265453"><ele>1203.3</ele></trkpt>
      <trkpt lat="44.732417" lon="9.265445"><ele>1203.5</ele></trkpt>
      <trkpt lat="44.732393" lon="9.265442"><ele>1203.7</ele></trkpt>
      <trkpt lat="44.732375" lon="9.265435"><ele>1203.9</ele></trkpt>
      <trkpt lat="44.732360" lon="9.265432"><ele>1204.0</ele></trkpt>
      <trkpt lat="44.732350" lon="9.265428"><ele>1204.1</ele></trkpt>
      <trkpt lat="44.732340" lon="9.265423"><ele>1204.2</ele></trkpt>
      <trkpt lat="44.732335" lon="9.265417"><ele>1204.3</ele></trkpt>
      <trkpt lat="44.732325" lon="9.265408"><ele>1204.4</ele></trkpt>
      <trkpt lat="44.732315" lon="9.265407"><ele>1204.5</ele></trkpt>
      <trkpt lat="44.732305" lon="9.265405"><ele>1204.6</ele></trkpt>
      <trkpt lat="44.732298" lon="9.265395"><ele>1204.7</ele></trkpt>
      <trkpt lat="44.732295" lon="9.265393"><ele>1204.7</ele></trkpt>
      <trkpt lat="44.732290" lon="9.265395"><ele>1204.7</ele></trkpt>
      <trkpt lat="44.732283" lon="9.265393"><ele>1204.8</ele></trkpt>
      <trkpt lat="44.732277" lon="9.265393"><ele>1204.9</ele></trkpt>
      <trkpt lat="44.732263" lon="9.265392"><ele>1205.0</ele></trkpt>
      <trkpt lat="44.732242" lon="9.265373"><ele>1205.3</ele></trkpt>
      <trkpt lat="44.732227" lon="9.265370"><ele>1205.4</ele></trkpt>
      <trkpt lat="44.732208" lon="9.265362"><ele>1205.6</ele></trkpt>
      <trkpt lat="44.732183" lon="9.265345"><ele>1205.9</ele></trkpt>
      <trkpt lat="44.732157" lon="9.265338"><ele>1206.2</ele></trkpt>
      <trkpt lat="44.732140" lon="9.265335"><ele>1206.3</ele></trkpt>
      <trkpt lat="44.732120" lon="9.265333"><ele>1206.6</ele></trkpt>
      <trkpt lat="44.732108" lon="9.265338"><ele>1206.7</ele></trkpt>
      <trkpt lat="44.732102" lon="9.265343"><ele>1206.8</ele></trkpt>
      <trkpt lat="44.732093" lon="9.265345"><ele>1206.9</ele></trkpt>
      <trkpt lat="44.732082" lon="9.265340"><ele>1207.0</ele></trkpt>
      <trkpt lat="44.732060" lon="9.265333"><ele>1207.3</ele></trkpt>
      <trkpt lat="44.732043" lon="9.265320"><ele>1207.6</ele></trkpt>
      <trkpt lat="44.732025" lon="9.265307"><ele>1207.8</ele></trkpt>
      <trkpt lat="44.732007" lon="9.265293"><ele>1208.0</ele></trkpt>
      <trkpt lat="44.731990" lon="9.265288"><ele>1208.3</ele></trkpt>
      <trkpt lat="44.731970" lon="9.265285"><ele>1208.5</ele></trkpt>
      <trkpt lat="44.731968" lon="9.265277"><ele>1208.6</ele></trkpt>
      <trkpt lat="44.731965" lon="9.265268"><ele>1208.7</ele></trkpt>
      <trkpt lat="44.731958" lon="9.265258"><ele>1208.8</ele></trkpt>
      <trkpt lat="44.731950" lon="9.265240"><ele>1209.0</ele></trkpt>
      <trkpt lat="44.731938" lon="9.265230"><ele>1209.1</ele></trkpt>
      <trkpt lat="44.731915" lon="9.265225"><ele>1209.4</ele></trkpt>
      <trkpt lat="44.731885" lon="9.265215"><ele>1209.8</ele></trkpt>
      <trkpt lat="44.731862" lon="9.265205"><ele>1210.1</ele></trkpt>
      <trkpt lat="44.731838" lon="9.265188"><ele>1210.4</ele></trkpt>
      <trkpt lat="44.731817" lon="9.265173"><ele>1210.7</ele></trkpt>
      <trkpt lat="44.731788" lon="9.265167"><ele>1211.0</ele></trkpt>
      <trkpt lat="44.731753" lon="9.265155"><ele>1211.4</ele></trkpt>
      <trkpt lat="44.731738" lon="9.265137"><ele>1211.6</ele></trkpt>
      <trkpt lat="44.731733" lon="9.265122"><ele>1211.8</ele></trkpt>
      <trkpt lat="44.731730" lon="9.265107"><ele>1211.9</ele></trkpt>
      <trkpt lat="44.731720" lon="9.265088"><ele>1212.0</ele></trkpt>
      <trkpt lat="44.731717" lon="9.265077"><ele>1212.1</ele></trkpt>
      <trkpt lat="44.731712" lon="9.265057"><ele>1212.2</ele></trkpt>
      <trkpt lat="44.731708" lon="9.265042"><ele>1212.3</ele></trkpt>
      <trkpt lat="44.731708" lon="9.265022"><ele>1212.4</ele></trkpt>
      <trkpt lat="44.731707" lon="9.265007"><ele>1212.5</ele></trkpt>
      <trkpt lat="44.731700" lon="9.264985"><ele>1212.7</ele></trkpt>
      <trkpt lat="44.731692" lon="9.264962"><ele>1212.8</ele></trkpt>
      <trkpt lat="44.731678" lon="9.264947"><ele>1212.9</ele></trkpt>
      <trkpt lat="44.731663" lon="9.264935"><ele>1213.1</ele></trkpt>
      <trkpt lat="44.731637" lon="9.264922"><ele>1213.3</ele></trkpt>
      <trkpt lat="44.731600" lon="9.264915"><ele>1213.5</ele></trkpt>
      <trkpt lat="44.731585" lon="9.264907"><ele>1213.7</ele></trkpt>
      <trkpt lat="44.731575" lon="9.264902"><ele>1213.7</ele></trkpt>
      <trkpt lat="44.731543" lon="9.264907"><ele>1214.0</ele></trkpt>
      <trkpt lat="44.731525" lon="9.264908"><ele>1214.1</ele></trkpt>
      <trkpt lat="44.731505" lon="9.264910"><ele>1214.3</ele></trkpt>
      <trkpt lat="44.731488" lon="9.264903"><ele>1214.5</ele></trkpt>
      <trkpt lat="44.731475" lon="9.264897"><ele>1214.6</ele></trkpt>
      <trkpt lat="44.731472" lon="9.264877"><ele>1214.8</ele></trkpt>
      <trkpt lat="44.731467" lon="9.264863"><ele>1214.9</ele></trkpt>
      <trkpt lat="44.731460" lon="9.264848"><ele>1215.0</ele></trkpt>
      <trkpt lat="44.731452" lon="9.264842"><ele>1215.1</ele></trkpt>
      <trkpt lat="44.731447" lon="9.264832"><ele>1215.2</ele></trkpt>
      <trkpt lat="44.731442" lon="9.264822"><ele>1215.3</ele></trkpt>
      <trkpt lat="44.731437" lon="9.264808"><ele>1215.4</ele></trkpt>
      <trkpt lat="44.731438" lon="9.264783"><ele>1215.6</ele></trkpt>
      <trkpt lat="44.731442" lon="9.264762"><ele>1215.8</ele></trkpt>
      <trkpt lat="44.731437" lon="9.264758"><ele>1215.8</ele></trkpt>
      <trkpt lat="44.731430" lon="9.264757"><ele>1215.9</ele></trkpt>
      <trkpt lat="44.731420" lon="9.264757"><ele>1216.0</ele></trkpt>
      <trkpt lat="44.731402" lon="9.264763"><ele>1216.2</ele></trkpt>
      <trkpt lat="44.731403" lon="9.264760"><ele>1216.3</ele></trkpt>
      <trkpt lat="44.731398" lon="9.264765"><ele>1216.3</ele></trkpt>
      <trkpt lat="44.731398" lon="9.264765"><ele>1216.3</ele></trkpt>
      <trkpt lat="44.731397" lon="9.264768"><ele>1216.4</ele></trkpt>
      <trkpt lat="44.731395" lon="9.264783"><ele>1216.5</ele></trkpt>
      <trkpt lat="44.731393" lon="9.264803"><ele>1216.6</ele></trkpt>
      <trkpt lat="44.731363" lon="9.264865"><ele>1217.2</ele></trkpt>
      <trkpt lat="44.731340" lon="9.264917"><ele>1217.6</ele></trkpt>
      <trkpt lat="44.731333" lon="9.264952"><ele>1217.8</ele></trkpt>
      <trkpt lat="44.731333" lon="9.264972"><ele>1217.9</ele></trkpt>
      <trkpt lat="44.731342" lon="9.264993"><ele>1218.0</ele></trkpt>
      <trkpt lat="44.731355" lon="9.265012"><ele>1218.2</ele></trkpt>
      <trkpt lat="44.731382" lon="9.265020"><ele>1218.4</ele></trkpt>
      <trkpt lat="44.731397" lon="9.265030"><ele>1218.5</ele></trkpt>
      <trkpt lat="44.731408" lon="9.265043"><ele>1218.6</ele></trkpt>
      <trkpt lat="44.731423" lon="9.265053"><ele>1218.7</ele></trkpt>
      <trkpt lat="44.731442" lon="9.265062"><ele>1218.8</ele></trkpt>
      <trkpt lat="44.731453" lon="9.265075"><ele>1218.9</ele></trkpt>
      <trkpt lat="44.731470" lon="9.265080"><ele>1219.0</ele></trkpt>
      <trkpt lat="44.731483" lon="9.265092"><ele>1219.2</ele></trkpt>
      <trkpt lat="44.731498" lon="9.265097"><ele>1219.3</ele></trkpt>
      <trkpt lat="44.731518" lon="9.265112"><ele>1219.4</ele></trkpt>
      <trkpt lat="44.731533" lon="9.265125"><ele>1219.5</ele></trkpt>
      <trkpt lat="44.731564" lon="9.265155"><ele>1219.8</ele></trkpt>
      <trkpt lat="44.731575" lon="9.265170"><ele>1219.9</ele></trkpt>
      <trkpt lat="44.731593" lon="9.265208"><ele>1220.2</ele></trkpt>
      <trkpt lat="44.731633" lon="9.265243"><ele>1220.6</ele></trkpt>
      <trkpt lat="44.731653" lon="9.265247"><ele>1220.8</ele></trkpt>
      <trkpt lat="44.731675" lon="9.265253"><ele>1221.0</ele></trkpt>
      <trkpt lat="44.731678" lon="9.265267"><ele>1221.1</ele></trkpt>
      <trkpt lat="44.731688" lon="9.265283"><ele>1221.2</ele></trkpt>
      <trkpt lat="44.731697" lon="9.265302"><ele>1221.4</ele></trkpt>
      <trkpt lat="44.731703" lon="9.265322"><ele>1221.6</ele></trkpt>
      <trkpt lat="44.731710" lon="9.265343"><ele>1221.7</ele></trkpt>
      <trkpt lat="44.731713" lon="9.265358"><ele>1221.8</ele></trkpt>
      <trkpt lat="44.731717" lon="9.265380"><ele>1222.0</ele></trkpt>
      <trkpt lat="44.731723" lon="9.265398"><ele>1222.2</ele></trkpt>
      <trkpt lat="44.731730" lon="9.265418"><ele>1222.3</ele></trkpt>
      <trkpt lat="44.731732" lon="9.265433"><ele>1222.4</ele></trkpt>
      <trkpt lat="44.731735" lon="9.265443"><ele>1222.5</ele></trkpt>
      <trkpt lat="44.731732" lon="9.265457"><ele>1222.7</ele></trkpt>
      <trkpt lat="44.731737" lon="9.265467"><ele>1222.7</ele></trkpt>
      <trkpt lat="44.731742" lon="9.265482"><ele>1222.9</ele></trkpt>
      <trkpt lat="44.731753" lon="9.265502"><ele>1223.1</ele></trkpt>
      <trkpt lat="44.731747" lon="9.265542"><ele>1223.4</ele></trkpt>
      <trkpt lat="44.731748" lon="9.265572"><ele>1223.6</ele></trkpt>
      <trkpt lat="44.731757" lon="9.265590"><ele>1223.8</ele></trkpt>
      <trkpt lat="44.731770" lon="9.265597"><ele>1224.0</ele></trkpt>
      <trkpt lat="44.731787" lon="9.265607"><ele>1224.2</ele></trkpt>
      <trkpt lat="44.731792" lon="9.265617"><ele>1224.3</ele></trkpt>
      <trkpt lat="44.731798" lon="9.265623"><ele>1224.3</ele></trkpt>
      <trkpt lat="44.731808" lon="9.265632"><ele>1224.5</ele></trkpt>
      <trkpt lat="44.731823" lon="9.265650"><ele>1224.7</ele></trkpt>
      <trkpt lat="44.731838" lon="9.265675"><ele>1224.9</ele></trkpt>
      <trkpt lat="44.731843" lon="9.265695"><ele>1225.1</ele></trkpt>
      <trkpt lat="44.731850" lon="9.265710"><ele>1225.2</ele></trkpt>
      <trkpt lat="44.731858" lon="9.265718"><ele>1225.3</ele></trkpt>
      <trkpt lat="44.731877" lon="9.265735"><ele>1225.6</ele></trkpt>
      <trkpt lat="44.731898" lon="9.265743"><ele>1225.8</ele></trkpt>
      <trkpt lat="44.731925" lon="9.265757"><ele>1226.1</ele></trkpt>
      <trkpt lat="44.731965" lon="9.265763"><ele>1226.5</ele></trkpt>
      <trkpt lat="44.731990" lon="9.265773"><ele>1226.8</ele></trkpt>
      <trkpt lat="44.732008" lon="9.265782"><ele>1227.0</ele></trkpt>
      <trkpt lat="44.732040" lon="9.265793"><ele>1227.3</ele></trkpt>
      <trkpt lat="44.732062" lon="9.265790"><ele>1227.6</ele></trkpt>
      <trkpt lat="44.732068" lon="9.265790"><ele>1227.6</ele></trkpt>
      <trkpt lat="44.732085" lon="9.265805"><ele>1227.8</ele></trkpt>
      <trkpt lat="44.732108" lon="9.265807"><ele>1228.1</ele></trkpt>
      <trkpt lat="44.732120" lon="9.265800"><ele>1228.2</ele></trkpt>
      <trkpt lat="44.732130" lon="9.265802"><ele>1228.3</ele></trkpt>
      <trkpt lat="44.732138" lon="9.265802"><ele>1228.4</ele></trkpt>
      <trkpt lat="44.732150" lon="9.265813"><ele>1228.6</ele></trkpt>
      <trkpt lat="44.732147" lon="9.265822"><ele>1228.6</ele></trkpt>
      <trkpt lat="44.732157" lon="9.265827"><ele>1228.8</ele></trkpt>
      <trkpt lat="44.732163" lon="9.265832"><ele>1228.8</ele></trkpt>
      <trkpt lat="44.732173" lon="9.265840"><ele>1229.0</ele></trkpt>
      <trkpt lat="44.732212" lon="9.265871"><ele>1229.5</ele></trkpt>
      <trkpt lat="44.732223" lon="9.265880"><ele>1229.6</ele></trkpt>
      <trkpt lat="44.732230" lon="9.265902"><ele>1229.8</ele></trkpt>
      <trkpt lat="44.732233" lon="9.265923"><ele>1230.0</ele></trkpt>
      <trkpt lat="44.732257" lon="9.265933"><ele>1230.3</ele></trkpt>
      <trkpt lat="44.732275" lon="9.265955"><ele>1230.6</ele></trkpt>
      <trkpt lat="44.732297" lon="9.265967"><ele>1230.9</ele></trkpt>
      <trkpt lat="44.732313" lon="9.265988"><ele>1231.2</ele></trkpt>
      <trkpt lat="44.732330" lon="9.266010"><ele>1231.5</ele></trkpt>
      <trkpt lat="44.732352" lon="9.266027"><ele>1231.8</ele></trkpt>
      <trkpt lat="44.732368" lon="9.266050"><ele>1232.0</ele></trkpt>
      <trkpt lat="44.732383" lon="9.266077"><ele>1232.3</ele></trkpt>
      <trkpt lat="44.732398" lon="9.266105"><ele>1232.6</ele></trkpt>
      <trkpt lat="44.732405" lon="9.266142"><ele>1233.0</ele></trkpt>
      <trkpt lat="44.732420" lon="9.266163"><ele>1233.2</ele></trkpt>
      <trkpt lat="44.732438" lon="9.266180"><ele>1233.4</ele></trkpt>
      <trkpt lat="44.732455" lon="9.266195"><ele>1233.7</ele></trkpt>
      <trkpt lat="44.732468" lon="9.266203"><ele>1233.8</ele></trkpt>
      <trkpt lat="44.732490" lon="9.266213"><ele>1234.1</ele></trkpt>
      <trkpt lat="44.732512" lon="9.266227"><ele>1234.3</ele></trkpt>
      <trkpt lat="44.732522" lon="9.266232"><ele>1234.4</ele></trkpt>
      <trkpt lat="44.732535" lon="9.266245"><ele>1234.6</ele></trkpt>
      <trkpt lat="44.732552" lon="9.266257"><ele>1234.8</ele></trkpt>
      <trkpt lat="44.732587" lon="9.266273"><ele>1235.2</ele></trkpt>
      <trkpt lat="44.732605" lon="9.266287"><ele>1235.4</ele></trkpt>
      <trkpt lat="44.732630" lon="9.266297"><ele>1235.7</ele></trkpt>
      <trkpt lat="44.732654" lon="9.266317"><ele>1236.0</ele></trkpt>
      <trkpt lat="44.732658" lon="9.266322"><ele>1236.1</ele></trkpt>
      <trkpt lat="44.732667" lon="9.266328"><ele>1236.2</ele></trkpt>
      <trkpt lat="44.732677" lon="9.266333"><ele>1236.3</ele></trkpt>
      <trkpt lat="44.732688" lon="9.266340"><ele>1236.5</ele></trkpt>
      <trkpt lat="44.732695" lon="9.266347"><ele>1236.6</ele></trkpt>
      <trkpt lat="44.732705" lon="9.266352"><ele>1236.7</ele></trkpt>
      <trkpt lat="44.732717" lon="9.266352"><ele>1236.8</ele></trkpt>
      <trkpt lat="44.732733" lon="9.266357"><ele>1237.0</ele></trkpt>
      <trkpt lat="44.732775" lon="9.266353"><ele>1237.5</ele></trkpt>
      <trkpt lat="44.732800" lon="9.266353"><ele>1237.8</ele></trkpt>
      <trkpt lat="44.732822" lon="9.266365"><ele>1238.1</ele></trkpt>
      <trkpt lat="44.732833" lon="9.266382"><ele>1238.3</ele></trkpt>
      <trkpt lat="44.732842" lon="9.266402"><ele>1238.5</ele></trkpt>
      <trkpt lat="44.732850" lon="9.266420"><ele>1238.7</ele></trkpt>
      <trkpt lat="44.732858" lon="9.266433"><ele>1238.8</ele></trkpt>
      <trkpt lat="44.732863" lon="9.266443"><ele>1238.9</ele></trkpt>
      <trkpt lat="44.732878" lon="9.266450"><ele>1239.1</ele></trkpt>
      <trkpt lat="44.732890" lon="9.266452"><ele>1239.3</ele></trkpt>
      <trkpt lat="44.732902" lon="9.266458"><ele>1239.5</ele></trkpt>
      <trkpt lat="44.732912" lon="9.266475"><ele>1239.7</ele></trkpt>
      <trkpt lat="44.732922" lon="9.266493"><ele>1239.9</ele></trkpt>
      <trkpt lat="44.732930" lon="9.266527"><ele>1240.2</ele></trkpt>
      <trkpt lat="44.732940" lon="9.266548"><ele>1240.5</ele></trkpt>
      <trkpt lat="44.732952" lon="9.266573"><ele>1240.8</ele></trkpt>
      <trkpt lat="44.732965" lon="9.266583"><ele>1241.0</ele></trkpt>
      <trkpt lat="44.732972" lon="9.266597"><ele>1241.1</ele></trkpt>
      <trkpt lat="44.732965" lon="9.266617"><ele>1241.4</ele></trkpt>
      <trkpt lat="44.732967" lon="9.266635"><ele>1241.5</ele></trkpt>
      <trkpt lat="44.732968" lon="9.266647"><ele>1241.7</ele></trkpt>
      <trkpt lat="44.732977" lon="9.266660"><ele>1241.8</ele></trkpt>
      <trkpt lat="44.732993" lon="9.266668"><ele>1242.1</ele></trkpt>
      <trkpt lat="44.733002" lon="9.266683"><ele>1242.3</ele></trkpt>
      <trkpt lat="44.733010" lon="9.266693"><ele>1242.4</ele></trkpt>
      <trkpt lat="44.733017" lon="9.266707"><ele>1242.6</ele></trkpt>
      <trkpt lat="44.733023" lon="9.266720"><ele>1242.7</ele></trkpt>
      <trkpt lat="44.733028" lon="9.266730"><ele>1242.8</ele></trkpt>
      <trkpt lat="44.733032" lon="9.266738"><ele>1242.9</ele></trkpt>
      <trkpt lat="44.733040" lon="9.266743"><ele>1243.0</ele></trkpt>
      <trkpt lat="44.733043" lon="9.266758"><ele>1243.1</ele></trkpt>
      <trkpt lat="44.733048" lon="9.266768"><ele>1243.2</ele></trkpt>
      <trkpt lat="44.733048" lon="9.266785"><ele>1243.4</ele></trkpt>
      <trkpt lat="44.733045" lon="9.266813"><ele>1243.6</ele></trkpt>
      <trkpt lat="44.733038" lon="9.266835"><ele>1243.8</ele></trkpt>
      <trkpt lat="44.733037" lon="9.266848"><ele>1243.9</ele></trkpt>
      <trkpt lat="44.733038" lon="9.266860"><ele>1244.0</ele></trkpt>
      <trkpt lat="44.733033" lon="9.266883"><ele>1244.2</ele></trkpt>
      <trkpt lat="44.733038" lon="9.266897"><ele>1244.3</ele></trkpt>
      <trkpt lat="44.733035" lon="9.266917"><ele>1244.4</ele></trkpt>
      <trkpt lat="44.733040" lon="9.266935"><ele>1244.6</ele></trkpt>
      <trkpt lat="44.733062" lon="9.266975"><ele>1244.9</ele></trkpt>
      <trkpt lat="44.733067" lon="9.267015"><ele>1245.2</ele></trkpt>
      <trkpt lat="44.733083" lon="9.267033"><ele>1245.4</ele></trkpt>
      <trkpt lat="44.733088" lon="9.267038"><ele>1245.4</ele></trkpt>
      <trkpt lat="44.733098" lon="9.267048"><ele>1245.5</ele></trkpt>
      <trkpt lat="44.733110" lon="9.267055"><ele>1245.7</ele></trkpt>
      <trkpt lat="44.733107" lon="9.267067"><ele>1245.7</ele></trkpt>
      <trkpt lat="44.733107" lon="9.267077"><ele>1245.8</ele></trkpt>
      <trkpt lat="44.733108" lon="9.267092"><ele>1245.9</ele></trkpt>
      <trkpt lat="44.733105" lon="9.267117"><ele>1246.1</ele></trkpt>
      <trkpt lat="44.733107" lon="9.267152"><ele>1246.3</ele></trkpt>
      <trkpt lat="44.733110" lon="9.267183"><ele>1246.5</ele></trkpt>
      <trkpt lat="44.733118" lon="9.267210"><ele>1246.7</ele></trkpt>
      <trkpt lat="44.733122" lon="9.267242"><ele>1246.9</ele></trkpt>
      <trkpt lat="44.733103" lon="9.267290"><ele>1247.3</ele></trkpt>
      <trkpt lat="44.733107" lon="9.267298"><ele>1247.3</ele></trkpt>
      <trkpt lat="44.733105" lon="9.267305"><ele>1247.4</ele></trkpt>
      <trkpt lat="44.733103" lon="9.267313"><ele>1247.4</ele></trkpt>
      <trkpt lat="44.733103" lon="9.267322"><ele>1247.5</ele></trkpt>
      <trkpt lat="44.733098" lon="9.267337"><ele>1247.6</ele></trkpt>
      <trkpt lat="44.733095" lon="9.267350"><ele>1247.7</ele></trkpt>
      <trkpt lat="44.733097" lon="9.267368"><ele>1247.8</ele></trkpt>
      <trkpt lat="44.733107" lon="9.267413"><ele>1248.1</ele></trkpt>
      <trkpt lat="44.733097" lon="9.267458"><ele>1248.5</ele></trkpt>
      <trkpt lat="44.733102" lon="9.267482"><ele>1248.7</ele></trkpt>
      <trkpt lat="44.733108" lon="9.267497"><ele>1248.8</ele></trkpt>
      <trkpt lat="44.733117" lon="9.267512"><ele>1248.9</ele></trkpt>
      <trkpt lat="44.733118" lon="9.267523"><ele>1249.0</ele></trkpt>
      <trkpt lat="44.733118" lon="9.267535"><ele>1249.1</ele></trkpt>
      <trkpt lat="44.733107" lon="9.267550"><ele>1249.2</ele></trkpt>
      <trkpt lat="44.733097" lon="9.267577"><ele>1249.5</ele></trkpt>
      <trkpt lat="44.733097" lon="9.267588"><ele>1249.5</ele></trkpt>
      <trkpt lat="44.733100" lon="9.267607"><ele>1249.7</ele></trkpt>
      <trkpt lat="44.733103" lon="9.267633"><ele>1249.9</ele></trkpt>
      <trkpt lat="44.733108" lon="9.267663"><ele>1250.1</ele></trkpt>
      <trkpt lat="44.733113" lon="9.267693"><ele>1250.3</ele></trkpt>
      <trkpt lat="44.733120" lon="9.267715"><ele>1250.5</ele></trkpt>
      <trkpt lat="44.733125" lon="9.267747"><ele>1250.8</ele></trkpt>
      <trkpt lat="44.733130" lon="9.267773"><ele>1251.0</ele></trkpt>
      <trkpt lat="44.733130" lon="9.267805"><ele>1251.2</ele></trkpt>
      <trkpt lat="44.733132" lon="9.267828"><ele>1251.4</ele></trkpt>
      <trkpt lat="44.733133" lon="9.267850"><ele>1251.6</ele></trkpt>
      <trkpt lat="44.733128" lon="9.267868"><ele>1251.8</ele></trkpt>
      <trkpt lat="44.733133" lon="9.267885"><ele>1251.9</ele></trkpt>
      <trkpt lat="44.733137" lon="9.267913"><ele>1252.1</ele></trkpt>
      <trkpt lat="44.733142" lon="9.267938"><ele>1252.3</ele></trkpt>
      <trkpt lat="44.733140" lon="9.267955"><ele>1252.5</ele></trkpt>
      <trkpt lat="44.733152" lon="9.267975"><ele>1252.7</ele></trkpt>
      <trkpt lat="44.733172" lon="9.267987"><ele>1252.9</ele></trkpt>
      <trkpt lat="44.733198" lon="9.267995"><ele>1253.2</ele></trkpt>
      <trkpt lat="44.733222" lon="9.268008"><ele>1253.5</ele></trkpt>
      <trkpt lat="44.733233" lon="9.268037"><ele>1253.8</ele></trkpt>
      <trkpt lat="44.733247" lon="9.268060"><ele>1254.0</ele></trkpt>
      <trkpt lat="44.733260" lon="9.268077"><ele>1254.2</ele></trkpt>
      <trkpt lat="44.733270" lon="9.268103"><ele>1254.4</ele></trkpt>
      <trkpt lat="44.733273" lon="9.268123"><ele>1254.6</ele></trkpt>
      <trkpt lat="44.733288" lon="9.268143"><ele>1254.8</ele></trkpt>
      <trkpt lat="44.733300" lon="9.268172"><ele>1255.1</ele></trkpt>
      <trkpt lat="44.733298" lon="9.268195"><ele>1255.2</ele></trkpt>
      <trkpt lat="44.733303" lon="9.268217"><ele>1255.4</ele></trkpt>
      <trkpt lat="44.733302" lon="9.268230"><ele>1255.5</ele></trkpt>
      <trkpt lat="44.733307" lon="9.268243"><ele>1255.6</ele></trkpt>
      <trkpt lat="44.733315" lon="9.268253"><ele>1255.7</ele></trkpt>
      <trkpt lat="44.733320" lon="9.268262"><ele>1255.7</ele></trkpt>
      <trkpt lat="44.733327" lon="9.268272"><ele>1255.8</ele></trkpt>
      <trkpt lat="44.733327" lon="9.268282"><ele>1255.9</ele></trkpt>
      <trkpt lat="44.733325" lon="9.268293"><ele>1256.0</ele></trkpt>
      <trkpt lat="44.733322" lon="9.268310"><ele>1256.1</ele></trkpt>
      <trkpt lat="44.733320" lon="9.268325"><ele>1256.2</ele></trkpt>
      <trkpt lat="44.733317" lon="9.268333"><ele>1256.2</ele></trkpt>
      <trkpt lat="44.733312" lon="9.268342"><ele>1256.3</ele></trkpt>
      <trkpt lat="44.733310" lon="9.268350"><ele>1256.3</ele></trkpt>
      <trkpt lat="44.733317" lon="9.268355"><ele>1256.4</ele></trkpt>
      <trkpt lat="44.733317" lon="9.268362"><ele>1256.5</ele></trkpt>
      <trkpt lat="44.733308" lon="9.268377"><ele>1256.6</ele></trkpt>
      <trkpt lat="44.733303" lon="9.268390"><ele>1256.7</ele></trkpt>
      <trkpt lat="44.733297" lon="9.268400"><ele>1256.7</ele></trkpt>
      <trkpt lat="44.733288" lon="9.268410"><ele>1256.8</ele></trkpt>
      <trkpt lat="44.733280" lon="9.268418"><ele>1256.9</ele></trkpt>
      <trkpt lat="44.733267" lon="9.268430"><ele>1257.0</ele></trkpt>
      <trkpt lat="44.733243" lon="9.268447"><ele>1257.2</ele></trkpt>
      <trkpt lat="44.733225" lon="9.268457"><ele>1257.4</ele></trkpt>
      <trkpt lat="44.733205" lon="9.268468"><ele>1257.5</ele></trkpt>
      <trkpt lat="44.733190" lon="9.268477"><ele>1257.7</ele></trkpt>
      <trkpt lat="44.733180" lon="9.268480"><ele>1257.7</ele></trkpt>
      <trkpt lat="44.733165" lon="9.268478"><ele>1257.8</ele></trkpt>
      <trkpt lat="44.733148" lon="9.268472"><ele>1258.0</ele></trkpt>
      <trkpt lat="44.733135" lon="9.268465"><ele>1258.1</ele></trkpt>
      <trkpt lat="44.733123" lon="9.268455"><ele>1258.1</ele></trkpt>
      <trkpt lat="44.733110" lon="9.268445"><ele>1258.2</ele></trkpt>
      <trkpt lat="44.733100" lon="9.268433"><ele>1258.3</ele></trkpt>
      <trkpt lat="44.733075" lon="9.268415"><ele>1258.5</ele></trkpt>
      <trkpt lat="44.733067" lon="9.268410"><ele>1258.6</ele></trkpt>
      <trkpt lat="44.733062" lon="9.268405"><ele>1258.6</ele></trkpt>
      <trkpt lat="44.733057" lon="9.268395"><ele>1258.6</ele></trkpt>
      <trkpt lat="44.733048" lon="9.268378"><ele>1258.7</ele></trkpt>
      <trkpt lat="44.733035" lon="9.268357"><ele>1258.9</ele></trkpt>
      <trkpt lat="44.733022" lon="9.268337"><ele>1259.0</ele></trkpt>
      <trkpt lat="44.733003" lon="9.268313"><ele>1259.1</ele></trkpt>
      <trkpt lat="44.732993" lon="9.268292"><ele>1259.2</ele></trkpt>
      <trkpt lat="44.732983" lon="9.268268"><ele>1259.3</ele></trkpt>
      <trkpt lat="44.732980" lon="9.268248"><ele>1259.4</ele></trkpt>
      <trkpt lat="44.732975" lon="9.268230"><ele>1259.4</ele></trkpt>
      <trkpt lat="44.732962" lon="9.268210"><ele>1259.5</ele></trkpt>
      <trkpt lat="44.732948" lon="9.268187"><ele>1259.7</ele></trkpt>
      <trkpt lat="44.732933" lon="9.268172"><ele>1259.8</ele></trkpt>
      <trkpt lat="44.732920" lon="9.268155"><ele>1259.9</ele></trkpt>
      <trkpt lat="44.732902" lon="9.268137"><ele>1260.0</ele></trkpt>
      <trkpt lat="44.732882" lon="9.268113"><ele>1260.1</ele></trkpt>
      <trkpt lat="44.732882" lon="9.268088"><ele>1260.2</ele></trkpt>
      <trkpt lat="44.732870" lon="9.268057"><ele>1260.3</ele></trkpt>
      <trkpt lat="44.732863" lon="9.268028"><ele>1260.4</ele></trkpt>
      <trkpt lat="44.732848" lon="9.268015"><ele>1260.5</ele></trkpt>
      <trkpt lat="44.732830" lon="9.268000"><ele>1260.6</ele></trkpt>
      <trkpt lat="44.732818" lon="9.267993"><ele>1260.7</ele></trkpt>
      <trkpt lat="44.732808" lon="9.267978"><ele>1260.8</ele></trkpt>
      <trkpt lat="44.732800" lon="9.267968"><ele>1260.8</ele></trkpt>
      <trkpt lat="44.732798" lon="9.267952"><ele>1260.9</ele></trkpt>
      <trkpt lat="44.732795" lon="9.267935"><ele>1260.9</ele></trkpt>
      <trkpt lat="44.732793" lon="9.267913"><ele>1261.0</ele></trkpt>
      <trkpt lat="44.732788" lon="9.267895"><ele>1261.1</ele></trkpt>
      <trkpt lat="44.732780" lon="9.267882"><ele>1261.2</ele></trkpt>
      <trkpt lat="44.732773" lon="9.267858"><ele>1261.3</ele></trkpt>
      <trkpt lat="44.732771" lon="9.267830"><ele>1261.4</ele></trkpt>
      <trkpt lat="44.732765" lon="9.267820"><ele>1261.4</ele></trkpt>
      <trkpt lat="44.732748" lon="9.267790"><ele>1261.6</ele></trkpt>
      <trkpt lat="44.732748" lon="9.267758"><ele>1261.7</ele></trkpt>
      <trkpt lat="44.732743" lon="9.267735"><ele>1261.9</ele></trkpt>
      <trkpt lat="44.732732" lon="9.267707"><ele>1262.0</ele></trkpt>
      <trkpt lat="44.732732" lon="9.267685"><ele>1262.1</ele></trkpt>
      <trkpt lat="44.732727" lon="9.267665"><ele>1262.2</ele></trkpt>
      <trkpt lat="44.732717" lon="9.267643"><ele>1262.3</ele></trkpt>
      <trkpt lat="44.732703" lon="9.267623"><ele>1262.4</ele></trkpt>
      <trkpt lat="44.732688" lon="9.267617"><ele>1262.5</ele></trkpt>
      <trkpt lat="44.732677" lon="9.267612"><ele>1262.6</ele></trkpt>
      <trkpt lat="44.732670" lon="9.267597"><ele>1262.7</ele></trkpt>
      <trkpt lat="44.732662" lon="9.267585"><ele>1262.8</ele></trkpt>
      <trkpt lat="44.732653" lon="9.267562"><ele>1262.9</ele></trkpt>
      <trkpt lat="44.732647" lon="9.267538"><ele>1263.0</ele></trkpt>
      <trkpt lat="44.732640" lon="9.267522"><ele>1263.1</ele></trkpt>
      <trkpt lat="44.732642" lon="9.267495"><ele>1263.2</ele></trkpt>
      <trkpt lat="44.732645" lon="9.267462"><ele>1263.4</ele></trkpt>
      <trkpt lat="44.732645" lon="9.267438"><ele>1263.5</ele></trkpt>
      <trkpt lat="44.732637" lon="9.267420"><ele>1263.6</ele></trkpt>
      <trkpt lat="44.732622" lon="9.267403"><ele>1263.7</ele></trkpt>
      <trkpt lat="44.732597" lon="9.267385"><ele>1263.8</ele></trkpt>
      <trkpt lat="44.732580" lon="9.267363"><ele>1264.0</ele></trkpt>
      <trkpt lat="44.732572" lon="9.267345"><ele>1264.0</ele></trkpt>
      <trkpt lat="44.732565" lon="9.267333"><ele>1264.1</ele></trkpt>
      <trkpt lat="44.732563" lon="9.267317"><ele>1264.2</ele></trkpt>
      <trkpt lat="44.732557" lon="9.267303"><ele>1264.2</ele></trkpt>
      <trkpt lat="44.732542" lon="9.267285"><ele>1264.3</ele></trkpt>
      <trkpt lat="44.732532" lon="9.267267"><ele>1264.4</ele></trkpt>
      <trkpt lat="44.732525" lon="9.267252"><ele>1264.5</ele></trkpt>
      <trkpt lat="44.732520" lon="9.267235"><ele>1264.5</ele></trkpt>
      <trkpt lat="44.732508" lon="9.267220"><ele>1264.6</ele></trkpt>
      <trkpt lat="44.732495" lon="9.267207"><ele>1264.7</ele></trkpt>
      <trkpt lat="44.732490" lon="9.267198"><ele>1264.7</ele></trkpt>
      <trkpt lat="44.732480" lon="9.267193"><ele>1264.8</ele></trkpt>
      <trkpt lat="44.732467" lon="9.267185"><ele>1264.8</ele></trkpt>
      <trkpt lat="44.732447" lon="9.267172"><ele>1264.9</ele></trkpt>
      <trkpt lat="44.732423" lon="9.267160"><ele>1265.0</ele></trkpt>
      <trkpt lat="44.732403" lon="9.267157"><ele>1265.1</ele></trkpt>
      <trkpt lat="44.732380" lon="9.267157"><ele>1265.2</ele></trkpt>
      <trkpt lat="44.732358" lon="9.267157"><ele>1265.3</ele></trkpt>
      <trkpt lat="44.732345" lon="9.267153"><ele>1265.4</ele></trkpt>
      <trkpt lat="44.732330" lon="9.267143"><ele>1265.5</ele></trkpt>
      <trkpt lat="44.732310" lon="9.267137"><ele>1265.5</ele></trkpt>
      <trkpt lat="44.732283" lon="9.267128"><ele>1265.7</ele></trkpt>
      <trkpt lat="44.732265" lon="9.267127"><ele>1265.8</ele></trkpt>
      <trkpt lat="44.732245" lon="9.267122"><ele>1265.9</ele></trkpt>
      <trkpt lat="44.732227" lon="9.267113"><ele>1265.9</ele></trkpt>
      <trkpt lat="44.732210" lon="9.267107"><ele>1266.0</ele></trkpt>
      <trkpt lat="44.732193" lon="9.267105"><ele>1266.1</ele></trkpt>
      <trkpt lat="44.732172" lon="9.267100"><ele>1266.2</ele></trkpt>
      <trkpt lat="44.732158" lon="9.267100"><ele>1266.3</ele></trkpt>
      <trkpt lat="44.732138" lon="9.267098"><ele>1266.4</ele></trkpt>
      <trkpt lat="44.732130" lon="9.267098"><ele>1266.4</ele></trkpt>
      <trkpt lat="44.732113" lon="9.267088"><ele>1266.5</ele></trkpt>
      <trkpt lat="44.732093" lon="9.267080"><ele>1266.7</ele></trkpt>
      <trkpt lat="44.732077" lon="9.267072"><ele>1266.8</ele></trkpt>
      <trkpt lat="44.732063" lon="9.267063"><ele>1266.9</ele></trkpt>
      <trkpt lat="44.732050" lon="9.267060"><ele>1266.9</ele></trkpt>
      <trkpt lat="44.732032" lon="9.267053"><ele>1267.0</ele></trkpt>
      <trkpt lat="44.732012" lon="9.267047"><ele>1267.2</ele></trkpt>
      <trkpt lat="44.731992" lon="9.267037"><ele>1267.3</ele></trkpt>
      <trkpt lat="44.731970" lon="9.267028"><ele>1267.5</ele></trkpt>
      <trkpt lat="44.731950" lon="9.267023"><ele>1267.6</ele></trkpt>
      <trkpt lat="44.731930" lon="9.267022"><ele>1267.7</ele></trkpt>
      <trkpt lat="44.731908" lon="9.267015"><ele>1267.9</ele></trkpt>
      <trkpt lat="44.731882" lon="9.267013"><ele>1268.1</ele></trkpt>
      <trkpt lat="44.731858" lon="9.267010"><ele>1268.3</ele></trkpt>
      <trkpt lat="44.731840" lon="9.267010"><ele>1268.4</ele></trkpt>
      <trkpt lat="44.731817" lon="9.267008"><ele>1268.6</ele></trkpt>
      <trkpt lat="44.731802" lon="9.267000"><ele>1268.7</ele></trkpt>
      <trkpt lat="44.731787" lon="9.266992"><ele>1268.8</ele></trkpt>
      <trkpt lat="44.731780" lon="9.266992"><ele>1268.9</ele></trkpt>
      <trkpt lat="44.731762" lon="9.266988"><ele>1269.0</ele></trkpt>
      <trkpt lat="44.731743" lon="9.266990"><ele>1269.1</ele></trkpt>
      <trkpt lat="44.731723" lon="9.266992"><ele>1269.3</ele></trkpt>
      <trkpt lat="44.731700" lon="9.266993"><ele>1269.4</ele></trkpt>
      <trkpt lat="44.731682" lon="9.266988"><ele>1269.6</ele></trkpt>
      <trkpt lat="44.731667" lon="9.266987"><ele>1269.7</ele></trkpt>
      <trkpt lat="44.731648" lon="9.266982"><ele>1269.8</ele></trkpt>
      <trkpt lat="44.731632" lon="9.266975"><ele>1270.0</ele></trkpt>
      <trkpt lat="44.731612" lon="9.266970"><ele>1270.1</ele></trkpt>
      <trkpt lat="44.731583" lon="9.266962"><ele>1270.3</ele></trkpt>
      <trkpt lat="44.731555" lon="9.266954"><ele>1270.5</ele></trkpt>
      <trkpt lat="44.731548" lon="9.266953"><ele>1270.5</ele></trkpt>
      <trkpt lat="44.731525" lon="9.266948"><ele>1270.7</ele></trkpt>
      <trkpt lat="44.731503" lon="9.266938"><ele>1270.8</ele></trkpt>
      <trkpt lat="44.731487" lon="9.266935"><ele>1270.9</ele></trkpt>
      <trkpt lat="44.731470" lon="9.266932"><ele>1271.0</ele></trkpt>
      <trkpt lat="44.731457" lon="9.266925"><ele>1271.1</ele></trkpt>
      <trkpt lat="44.731442" lon="9.266913"><ele>1271.2</ele></trkpt>
      <trkpt lat="44.731425" lon="9.266903"><ele>1271.3</ele></trkpt>
      <trkpt lat="44.731408" lon="9.266895"><ele>1271.4</ele></trkpt>
      <trkpt lat="44.731398" lon="9.266893"><ele>1271.5</ele></trkpt>
      <trkpt lat="44.731377" lon="9.266890"><ele>1271.6</ele></trkpt>
      <trkpt lat="44.731353" lon="9.266890"><ele>1271.7</ele></trkpt>
      <trkpt lat="44.731338" lon="9.266890"><ele>1271.8</ele></trkpt>
      <trkpt lat="44.731325" lon="9.266890"><ele>1271.9</ele></trkpt>
      <trkpt lat="44.731308" lon="9.266885"><ele>1272.0</ele></trkpt>
      <trkpt lat="44.731292" lon="9.266882"><ele>1272.0</ele></trkpt>
      <trkpt lat="44.731277" lon="9.266878"><ele>1272.1</ele></trkpt>
      <trkpt lat="44.731260" lon="9.266870"><ele>1272.2</ele></trkpt>
      <trkpt lat="44.731238" lon="9.266865"><ele>1272.4</ele></trkpt>
      <trkpt lat="44.731213" lon="9.266855"><ele>1272.5</ele></trkpt>
      <trkpt lat="44.731193" lon="9.266843"><ele>1272.6</ele></trkpt>
      <trkpt lat="44.731172" lon="9.266833"><ele>1272.8</ele></trkpt>
      <trkpt lat="44.731153" lon="9.266822"><ele>1272.9</ele></trkpt>
      <trkpt lat="44.731133" lon="9.266807"><ele>1273.0</ele></trkpt>
      <trkpt lat="44.731118" lon="9.266785"><ele>1273.1</ele></trkpt>
      <trkpt lat="44.731112" lon="9.266772"><ele>1273.2</ele></trkpt>
      <trkpt lat="44.731098" lon="9.266760"><ele>1273.3</ele></trkpt>
      <trkpt lat="44.731085" lon="9.266750"><ele>1273.4</ele></trkpt>
      <trkpt lat="44.731067" lon="9.266745"><ele>1273.6</ele></trkpt>
      <trkpt lat="44.731047" lon="9.266742"><ele>1273.7</ele></trkpt>
      <trkpt lat="44.731025" lon="9.266733"><ele>1273.9</ele></trkpt>
      <trkpt lat="44.731013" lon="9.266720"><ele>1274.0</ele></trkpt>
      <trkpt lat="44.730993" lon="9.266707"><ele>1274.1</ele></trkpt>
      <trkpt lat="44.730973" lon="9.266687"><ele>1274.3</ele></trkpt>
      <trkpt lat="44.730955" lon="9.266663"><ele>1274.5</ele></trkpt>
      <trkpt lat="44.730935" lon="9.266642"><ele>1274.7</ele></trkpt>
      <trkpt lat="44.730915" lon="9.266620"><ele>1274.9</ele></trkpt>
      <trkpt lat="44.730893" lon="9.266600"><ele>1275.1</ele></trkpt>
      <trkpt lat="44.730875" lon="9.266580"><ele>1275.2</ele></trkpt>
      <trkpt lat="44.730863" lon="9.266567"><ele>1275.4</ele></trkpt>
      <trkpt lat="44.730858" lon="9.266555"><ele>1275.4</ele></trkpt>
      <trkpt lat="44.730853" lon="9.266538"><ele>1275.5</ele></trkpt>
      <trkpt lat="44.730847" lon="9.266525"><ele>1275.6</ele></trkpt>
      <trkpt lat="44.730847" lon="9.266512"><ele>1275.7</ele></trkpt>
      <trkpt lat="44.730845" lon="9.266500"><ele>1275.7</ele></trkpt>
      <trkpt lat="44.730840" lon="9.266487"><ele>1275.8</ele></trkpt>
      <trkpt lat="44.730832" lon="9.266468"><ele>1275.9</ele></trkpt>
      <trkpt lat="44.730820" lon="9.266450"><ele>1276.1</ele></trkpt>
      <trkpt lat="44.730808" lon="9.266435"><ele>1276.2</ele></trkpt>
      <trkpt lat="44.730798" lon="9.266420"><ele>1276.3</ele></trkpt>
      <trkpt lat="44.730798" lon="9.266407"><ele>1276.4</ele></trkpt>
      <trkpt lat="44.730805" lon="9.266395"><ele>1276.5</ele></trkpt>
      <trkpt lat="44.730807" lon="9.266382"><ele>1276.6</ele></trkpt>
      <trkpt lat="44.730808" lon="9.266372"><ele>1276.7</ele></trkpt>
      <trkpt lat="44.730803" lon="9.266360"><ele>1276.8</ele></trkpt>
      <trkpt lat="44.730798" lon="9.266345"><ele>1276.9</ele></trkpt>
      <trkpt lat="44.730793" lon="9.266327"><ele>1277.0</ele></trkpt>
      <trkpt lat="44.730783" lon="9.266315"><ele>1277.1</ele></trkpt>
      <trkpt lat="44.730772" lon="9.266297"><ele>1277.3</ele></trkpt>
      <trkpt lat="44.730762" lon="9.266275"><ele>1277.4</ele></trkpt>
      <trkpt lat="44.730753" lon="9.266248"><ele>1277.6</ele></trkpt>
      <trkpt lat="44.730745" lon="9.266223"><ele>1277.8</ele></trkpt>
      <trkpt lat="44.730733" lon="9.266198"><ele>1278.0</ele></trkpt>
      <trkpt lat="44.730725" lon="9.266173"><ele>1278.1</ele></trkpt>
      <trkpt lat="44.730713" lon="9.266150"><ele>1278.3</ele></trkpt>
      <trkpt lat="44.730702" lon="9.266128"><ele>1278.5</ele></trkpt>
      <trkpt lat="44.730690" lon="9.266108"><ele>1278.7</ele></trkpt>
      <trkpt lat="44.730678" lon="9.266087"><ele>1278.8</ele></trkpt>
      <trkpt lat="44.730660" lon="9.266067"><ele>1279.0</ele></trkpt>
      <trkpt lat="44.730645" lon="9.266048"><ele>1279.2</ele></trkpt>
      <trkpt lat="44.730633" lon="9.266028"><ele>1279.4</ele></trkpt>
      <trkpt lat="44.730618" lon="9.266007"><ele>1279.6</ele></trkpt>
      <trkpt lat="44.730608" lon="9.265987"><ele>1279.7</ele></trkpt>
      <trkpt lat="44.730600" lon="9.265967"><ele>1279.9</ele></trkpt>
      <trkpt lat="44.730587" lon="9.265945"><ele>1280.0</ele></trkpt>
      <trkpt lat="44.730575" lon="9.265927"><ele>1280.2</ele></trkpt>
      <trkpt lat="44.730560" lon="9.265903"><ele>1280.4</ele></trkpt>
      <trkpt lat="44.730549" lon="9.265868"><ele>1280.6</ele></trkpt>
      <trkpt lat="44.730547" lon="9.265858"><ele>1280.7</ele></trkpt>
      <trkpt lat="44.730535" lon="9.265837"><ele>1280.9</ele></trkpt>
      <trkpt lat="44.730522" lon="9.265815"><ele>1281.0</ele></trkpt>
      <trkpt lat="44.730515" lon="9.265795"><ele>1281.2</ele></trkpt>
      <trkpt lat="44.730505" lon="9.265773"><ele>1281.3</ele></trkpt>
      <trkpt lat="44.730493" lon="9.265755"><ele>1281.5</ele></trkpt>
      <trkpt lat="44.730478" lon="9.265735"><ele>1281.7</ele></trkpt>
      <trkpt lat="44.730467" lon="9.265718"><ele>1281.8</ele></trkpt>
      <trkpt lat="44.730445" lon="9.265698"><ele>1282.0</ele></trkpt>
      <trkpt lat="44.730430" lon="9.265680"><ele>1282.2</ele></trkpt>
      <trkpt lat="44.730413" lon="9.265665"><ele>1282.4</ele></trkpt>
      <trkpt lat="44.730395" lon="9.265653"><ele>1282.6</ele></trkpt>
      <trkpt lat="44.730382" lon="9.265643"><ele>1282.7</ele></trkpt>
      <trkpt lat="44.730368" lon="9.265638"><ele>1282.8</ele></trkpt>
      <trkpt lat="44.730350" lon="9.265632"><ele>1283.0</ele></trkpt>
      <trkpt lat="44.730335" lon="9.265627"><ele>1283.1</ele></trkpt>
      <trkpt lat="44.730322" lon="9.265622"><ele>1283.3</ele></trkpt>
      <trkpt lat="44.730313" lon="9.265620"><ele>1283.3</ele></trkpt>
      <trkpt lat="44.730292" lon="9.265617"><ele>1283.5</ele></trkpt>
      <trkpt lat="44.730277" lon="9.265613"><ele>1283.6</ele></trkpt>
      <trkpt lat="44.730265" lon="9.265608"><ele>1283.7</ele></trkpt>
      <trkpt lat="44.730250" lon="9.265603"><ele>1283.9</ele></trkpt>
      <trkpt lat="44.730227" lon="9.265597"><ele>1284.1</ele></trkpt>
      <trkpt lat="44.730205" lon="9.265600"><ele>1284.2</ele></trkpt>
      <trkpt lat="44.730187" lon="9.265600"><ele>1284.4</ele></trkpt>
      <trkpt lat="44.730170" lon="9.265597"><ele>1284.5</ele></trkpt>
      <trkpt lat="44.730157" lon="9.265595"><ele>1284.6</ele></trkpt>
      <trkpt lat="44.730137" lon="9.265587"><ele>1284.8</ele></trkpt>
      <trkpt lat="44.730120" lon="9.265580"><ele>1284.9</ele></trkpt>
      <trkpt lat="44.730107" lon="9.265577"><ele>1285.0</ele></trkpt>
      <trkpt lat="44.730090" lon="9.265575"><ele>1285.1</ele></trkpt>
      <trkpt lat="44.730068" lon="9.265573"><ele>1285.3</ele></trkpt>
      <trkpt lat="44.730048" lon="9.265577"><ele>1285.5</ele></trkpt>
      <trkpt lat="44.730023" lon="9.265573"><ele>1285.6</ele></trkpt>
      <trkpt lat="44.730000" lon="9.265567"><ele>1285.8</ele></trkpt>
      <trkpt lat="44.729985" lon="9.265557"><ele>1285.9</ele></trkpt>
      <trkpt lat="44.729960" lon="9.265547"><ele>1286.1</ele></trkpt>
      <trkpt lat="44.729945" lon="9.265543"><ele>1286.2</ele></trkpt>
      <trkpt lat="44.729928" lon="9.265545"><ele>1286.4</ele></trkpt>
      <trkpt lat="44.729907" lon="9.265547"><ele>1286.5</ele></trkpt>
      <trkpt lat="44.729882" lon="9.265543"><ele>1286.7</ele></trkpt>
      <trkpt lat="44.729857" lon="9.265537"><ele>1286.9</ele></trkpt>
      <trkpt lat="44.729843" lon="9.265535"><ele>1287.0</ele></trkpt>
      <trkpt lat="44.729828" lon="9.265528"><ele>1287.1</ele></trkpt>
      <trkpt lat="44.729815" lon="9.265523"><ele>1287.2</ele></trkpt>
      <trkpt lat="44.729802" lon="9.265513"><ele>1287.3</ele></trkpt>
      <trkpt lat="44.729790" lon="9.265507"><ele>1287.4</ele></trkpt>
      <trkpt lat="44.729778" lon="9.265500"><ele>1287.5</ele></trkpt>
      <trkpt lat="44.729767" lon="9.265500"><ele>1287.6</ele></trkpt>
      <trkpt lat="44.729755" lon="9.265505"><ele>1287.7</ele></trkpt>
      <trkpt lat="44.729742" lon="9.265505"><ele>1287.8</ele></trkpt>
      <trkpt lat="44.729730" lon="9.265502"><ele>1287.9</ele></trkpt>
      <trkpt lat="44.729720" lon="9.265495"><ele>1288.0</ele></trkpt>
      <trkpt lat="44.729715" lon="9.265480"><ele>1288.1</ele></trkpt>
      <trkpt lat="44.729707" lon="9.265473"><ele>1288.2</ele></trkpt>
      <trkpt lat="44.729710" lon="9.265472"><ele>1288.2</ele></trkpt>
      <trkpt lat="44.729703" lon="9.265467"><ele>1288.2</ele></trkpt>
      <trkpt lat="44.729692" lon="9.265462"><ele>1288.3</ele></trkpt>
      <trkpt lat="44.729675" lon="9.265450"><ele>1288.5</ele></trkpt>
      <trkpt lat="44.729658" lon="9.265447"><ele>1288.6</ele></trkpt>
      <trkpt lat="44.729645" lon="9.265442"><ele>1288.8</ele></trkpt>
      <trkpt lat="44.729632" lon="9.265442"><ele>1288.9</ele></trkpt>
      <trkpt lat="44.729622" lon="9.265442"><ele>1289.0</ele></trkpt>
      <trkpt lat="44.729610" lon="9.265433"><ele>1289.1</ele></trkpt>
      <trkpt lat="44.729593" lon="9.265428"><ele>1289.3</ele></trkpt>
      <trkpt lat="44.729582" lon="9.265417"><ele>1289.4</ele></trkpt>
      <trkpt lat="44.729568" lon="9.265402"><ele>1289.5</ele></trkpt>
      <trkpt lat="44.729557" lon="9.265390"><ele>1289.7</ele></trkpt>
      <trkpt lat="44.729535" lon="9.265375"><ele>1289.9</ele></trkpt>
      <trkpt lat="44.729517" lon="9.265363"><ele>1290.1</ele></trkpt>
      <trkpt lat="44.729498" lon="9.265352"><ele>1290.3</ele></trkpt>
      <trkpt lat="44.729487" lon="9.265345"><ele>1290.5</ele></trkpt>
      <trkpt lat="44.729477" lon="9.265335"><ele>1290.6</ele></trkpt>
      <trkpt lat="44.729465" lon="9.265323"><ele>1290.8</ele></trkpt>
      <trkpt lat="44.729450" lon="9.265310"><ele>1290.9</ele></trkpt>
      <trkpt lat="44.729430" lon="9.265295"><ele>1291.2</ele></trkpt>
      <trkpt lat="44.729408" lon="9.265272"><ele>1291.5</ele></trkpt>
      <trkpt lat="44.729403" lon="9.265265"><ele>1291.6</ele></trkpt>
      <trkpt lat="44.729398" lon="9.265250"><ele>1291.7</ele></trkpt>
      <trkpt lat="44.729397" lon="9.265235"><ele>1291.8</ele></trkpt>
      <trkpt lat="44.729390" lon="9.265217"><ele>1292.0</ele></trkpt>
      <trkpt lat="44.729385" lon="9.265195"><ele>1292.2</ele></trkpt>
      <trkpt lat="44.729382" lon="9.265177"><ele>1292.3</ele></trkpt>
      <trkpt lat="44.729375" lon="9.265158"><ele>1292.5</ele></trkpt>
      <trkpt lat="44.729367" lon="9.265132"><ele>1292.8</ele></trkpt>
      <trkpt lat="44.729360" lon="9.265107"><ele>1293.0</ele></trkpt>
      <trkpt lat="44.729357" lon="9.265082"><ele>1293.2</ele></trkpt>
      <trkpt lat="44.729352" lon="9.265057"><ele>1293.4</ele></trkpt>
      <trkpt lat="44.729345" lon="9.265028"><ele>1293.7</ele></trkpt>
      <trkpt lat="44.729340" lon="9.265003"><ele>1293.9</ele></trkpt>
      <trkpt lat="44.729340" lon="9.264977"><ele>1294.1</ele></trkpt>
      <trkpt lat="44.729355" lon="9.264957"><ele>1294.4</ele></trkpt>
      <trkpt lat="44.729358" lon="9.264940"><ele>1294.5</ele></trkpt>
      <trkpt lat="44.729360" lon="9.264927"><ele>1294.7</ele></trkpt>
      <trkpt lat="44.729363" lon="9.264913"><ele>1294.8</ele></trkpt>
      <trkpt lat="44.729367" lon="9.264900"><ele>1294.9</ele></trkpt>
      <trkpt lat="44.729370" lon="9.264890"><ele>1295.0</ele></trkpt>
      <trkpt lat="44.729378" lon="9.264877"><ele>1295.2</ele></trkpt>
      <trkpt lat="44.729375" lon="9.264867"><ele>1295.3</ele></trkpt>
      <trkpt lat="44.729368" lon="9.264862"><ele>1295.4</ele></trkpt>
      <trkpt lat="44.729360" lon="9.264853"><ele>1295.5</ele></trkpt>
      <trkpt lat="44.729357" lon="9.264848"><ele>1295.5</ele></trkpt>
      <trkpt lat="44.729357" lon="9.264842"><ele>1295.6</ele></trkpt>
      <trkpt lat="44.729357" lon="9.264837"><ele>1295.6</ele></trkpt>
      <trkpt lat="44.729358" lon="9.264832"><ele>1295.7</ele></trkpt>
      <trkpt lat="44.729355" lon="9.264828"><ele>1295.7</ele></trkpt>
      <trkpt lat="44.729358" lon="9.264820"><ele>1295.8</ele></trkpt>
      <trkpt lat="44.729362" lon="9.264808"><ele>1295.9</ele></trkpt>
      <trkpt lat="44.729375" lon="9.264785"><ele>1296.2</ele></trkpt>
      <trkpt lat="44.729387" lon="9.264772"><ele>1296.4</ele></trkpt>
      <trkpt lat="44.729403" lon="9.264758"><ele>1296.6</ele></trkpt>
      <trkpt lat="44.729418" lon="9.264747"><ele>1296.8</ele></trkpt>
      <trkpt lat="44.729473" lon="9.264705"><ele>1297.6</ele></trkpt>
      <trkpt lat="44.729500" lon="9.264688"><ele>1297.9</ele></trkpt>
      <trkpt lat="44.729507" lon="9.264678"><ele>1298.0</ele></trkpt>
      <trkpt lat="44.729510" lon="9.264670"><ele>1298.1</ele></trkpt>
      <trkpt lat="44.729518" lon="9.264663"><ele>1298.2</ele></trkpt>
      <trkpt lat="44.729523" lon="9.264650"><ele>1298.3</ele></trkpt>
      <trkpt lat="44.729535" lon="9.264635"><ele>1298.5</ele></trkpt>
      <trkpt lat="44.729560" lon="9.264615"><ele>1298.8</ele></trkpt>
      <trkpt lat="44.729580" lon="9.264600"><ele>1299.1</ele></trkpt>
      <trkpt lat="44.729602" lon="9.264585"><ele>1299.3</ele></trkpt>
      <trkpt lat="44.729608" lon="9.264578"><ele>1299.4</ele></trkpt>
      <trkpt lat="44.729615" lon="9.264568"><ele>1299.5</ele></trkpt>
      <trkpt lat="44.729620" lon="9.264558"><ele>1299.6</ele></trkpt>
      <trkpt lat="44.729630" lon="9.264545"><ele>1299.8</ele></trkpt>
      <trkpt lat="44.729645" lon="9.264523"><ele>1300.0</ele></trkpt>
      <trkpt lat="44.729658" lon="9.264487"><ele>1300.3</ele></trkpt>
      <trkpt lat="44.729662" lon="9.264477"><ele>1300.4</ele></trkpt>
      <trkpt lat="44.729667" lon="9.264455"><ele>1300.6</ele></trkpt>
      <trkpt lat="44.729685" lon="9.264428"><ele>1300.9</ele></trkpt>
      <trkpt lat="44.729702" lon="9.264402"><ele>1301.1</ele></trkpt>
      <trkpt lat="44.729713" lon="9.264388"><ele>1301.3</ele></trkpt>
      <trkpt lat="44.729717" lon="9.264377"><ele>1301.4</ele></trkpt>
      <trkpt lat="44.729713" lon="9.264368"><ele>1301.5</ele></trkpt>
      <trkpt lat="44.729713" lon="9.264358"><ele>1301.6</ele></trkpt>
      <trkpt lat="44.729710" lon="9.264350"><ele>1301.6</ele></trkpt>
      <trkpt lat="44.729715" lon="9.264338"><ele>1301.7</ele></trkpt>
      <trkpt lat="44.729715" lon="9.264327"><ele>1301.8</ele></trkpt>
      <trkpt lat="44.729715" lon="9.264317"><ele>1301.9</ele></trkpt>
      <trkpt lat="44.729722" lon="9.264303"><ele>1302.0</ele></trkpt>
      <trkpt lat="44.729735" lon="9.264290"><ele>1302.2</ele></trkpt>
      <trkpt lat="44.729745" lon="9.264278"><ele>1302.3</ele></trkpt>
      <trkpt lat="44.729770" lon="9.264247"><ele>1302.7</ele></trkpt>
      <trkpt lat="44.729808" lon="9.264207"><ele>1303.3</ele></trkpt>
      <trkpt lat="44.729838" lon="9.264162"><ele>1303.8</ele></trkpt>
      <trkpt lat="44.729857" lon="9.264133"><ele>1304.1</ele></trkpt>
      <trkpt lat="44.729857" lon="9.264118"><ele>1304.2</ele></trkpt>
      <trkpt lat="44.729865" lon="9.264100"><ele>1304.4</ele></trkpt>
      <trkpt lat="44.729877" lon="9.264082"><ele>1304.6</ele></trkpt>
      <trkpt lat="44.729882" lon="9.264067"><ele>1304.8</ele></trkpt>
      <trkpt lat="44.729880" lon="9.264055"><ele>1304.9</ele></trkpt>
      <trkpt lat="44.729877" lon="9.264048"><ele>1305.0</ele></trkpt>
      <trkpt lat="44.729878" lon="9.264040"><ele>1305.0</ele></trkpt>
      <trkpt lat="44.729883" lon="9.264032"><ele>1305.1</ele></trkpt>
      <trkpt lat="44.729898" lon="9.264018"><ele>1305.4</ele></trkpt>
      <trkpt lat="44.729920" lon="9.264008"><ele>1305.7</ele></trkpt>
      <trkpt lat="44.729942" lon="9.263983"><ele>1306.0</ele></trkpt>
      <trkpt lat="44.729943" lon="9.263973"><ele>1306.1</ele></trkpt>
      <trkpt lat="44.729943" lon="9.263970"><ele>1306.2</ele></trkpt>
      <trkpt lat="44.729943" lon="9.263962"><ele>1306.2</ele></trkpt>
      <trkpt lat="44.729942" lon="9.263952"><ele>1306.3</ele></trkpt>
      <trkpt lat="44.729940" lon="9.263942"><ele>1306.4</ele></trkpt>
      <trkpt lat="44.729950" lon="9.263925"><ele>1306.6</ele></trkpt>
      <trkpt lat="44.729971" lon="9.263900"><ele>1307.0</ele></trkpt>
      <trkpt lat="44.729982" lon="9.263890"><ele>1307.2</ele></trkpt>
      <trkpt lat="44.730000" lon="9.263867"><ele>1307.5</ele></trkpt>
      <trkpt lat="44.730018" lon="9.263850"><ele>1307.8</ele></trkpt>
      <trkpt lat="44.730037" lon="9.263833"><ele>1308.2</ele></trkpt>
      <trkpt lat="44.730047" lon="9.263818"><ele>1308.4</ele></trkpt>
      <trkpt lat="44.730058" lon="9.263797"><ele>1308.6</ele></trkpt>
      <trkpt lat="44.730077" lon="9.263773"><ele>1309.0</ele></trkpt>
      <trkpt lat="44.730093" lon="9.263748"><ele>1309.4</ele></trkpt>
      <trkpt lat="44.730107" lon="9.263713"><ele>1309.8</ele></trkpt>
      <trkpt lat="44.730122" lon="9.263687"><ele>1310.1</ele></trkpt>
      <trkpt lat="44.730138" lon="9.263665"><ele>1310.5</ele></trkpt>
      <trkpt lat="44.730148" lon="9.263648"><ele>1310.7</ele></trkpt>
      <trkpt lat="44.730168" lon="9.263613"><ele>1311.1</ele></trkpt>
      <trkpt lat="44.730183" lon="9.263595"><ele>1311.4</ele></trkpt>
      <trkpt lat="44.730197" lon="9.263575"><ele>1311.7</ele></trkpt>
      <trkpt lat="44.730205" lon="9.263563"><ele>1311.9</ele></trkpt>
      <trkpt lat="44.730215" lon="9.263553"><ele>1312.0</ele></trkpt>
      <trkpt lat="44.730218" lon="9.263540"><ele>1312.2</ele></trkpt>
      <trkpt lat="44.730225" lon="9.263527"><ele>1312.3</ele></trkpt>
      <trkpt lat="44.730232" lon="9.263518"><ele>1312.5</ele></trkpt>
      <trkpt lat="44.730243" lon="9.263508"><ele>1312.6</ele></trkpt>
      <trkpt lat="44.730253" lon="9.263498"><ele>1312.8</ele></trkpt>
      <trkpt lat="44.730272" lon="9.263477"><ele>1313.1</ele></trkpt>
      <trkpt lat="44.730282" lon="9.263455"><ele>1313.4</ele></trkpt>
      <trkpt lat="44.730288" lon="9.263435"><ele>1313.6</ele></trkpt>
      <trkpt lat="44.730298" lon="9.263423"><ele>1313.7</ele></trkpt>
      <trkpt lat="44.730307" lon="9.263402"><ele>1314.0</ele></trkpt>
      <trkpt lat="44.730315" lon="9.263385"><ele>1314.2</ele></trkpt>
      <trkpt lat="44.730322" lon="9.263363"><ele>1314.4</ele></trkpt>
      <trkpt lat="44.730340" lon="9.263335"><ele>1314.7</ele></trkpt>
      <trkpt lat="44.730350" lon="9.263322"><ele>1314.9</ele></trkpt>
      <trkpt lat="44.730363" lon="9.263308"><ele>1315.1</ele></trkpt>
      <trkpt lat="44.730377" lon="9.263288"><ele>1315.4</ele></trkpt>
      <trkpt lat="44.730388" lon="9.263263"><ele>1315.7</ele></trkpt>
      <trkpt lat="44.730393" lon="9.263242"><ele>1315.9</ele></trkpt>
      <trkpt lat="44.730395" lon="9.263222"><ele>1316.1</ele></trkpt>
      <trkpt lat="44.730408" lon="9.263202"><ele>1316.3</ele></trkpt>
      <trkpt lat="44.730425" lon="9.263183"><ele>1316.6</ele></trkpt>
      <trkpt lat="44.730440" lon="9.263163"><ele>1316.9</ele></trkpt>
      <trkpt lat="44.730460" lon="9.263140"><ele>1317.2</ele></trkpt>
      <trkpt lat="44.730470" lon="9.263120"><ele>1317.4</ele></trkpt>
      <trkpt lat="44.730480" lon="9.263103"><ele>1317.6</ele></trkpt>
      <trkpt lat="44.730494" lon="9.263073"><ele>1317.9</ele></trkpt>
      <trkpt lat="44.730500" lon="9.263063"><ele>1318.1</ele></trkpt>
      <trkpt lat="44.730512" lon="9.263037"><ele>1318.4</ele></trkpt>
      <trkpt lat="44.730517" lon="9.263015"><ele>1318.6</ele></trkpt>
      <trkpt lat="44.730518" lon="9.262997"><ele>1318.7</ele></trkpt>
      <trkpt lat="44.730517" lon="9.262987"><ele>1318.8</ele></trkpt>
      <trkpt lat="44.730518" lon="9.262977"><ele>1318.9</ele></trkpt>
      <trkpt lat="44.730518" lon="9.262968"><ele>1319.0</ele></trkpt>
      <trkpt lat="44.730522" lon="9.262958"><ele>1319.1</ele></trkpt>
      <trkpt lat="44.730520" lon="9.262948"><ele>1319.2</ele></trkpt>
      <trkpt lat="44.730520" lon="9.262933"><ele>1319.4</ele></trkpt>
      <trkpt lat="44.730540" lon="9.262900"><ele>1319.8</ele></trkpt>
      <trkpt lat="44.730543" lon="9.262888"><ele>1319.9</ele></trkpt>
      <trkpt lat="44.730550" lon="9.262865"><ele>1320.1</ele></trkpt>
      <trkpt lat="44.730555" lon="9.262858"><ele>1320.2</ele></trkpt>
      <trkpt lat="44.730558" lon="9.262848"><ele>1320.3</ele></trkpt>
      <trkpt lat="44.730558" lon="9.262837"><ele>1320.4</ele></trkpt>
      <trkpt lat="44.730558" lon="9.262822"><ele>1320.6</ele></trkpt>
      <trkpt lat="44.730562" lon="9.262805"><ele>1320.7</ele></trkpt>
      <trkpt lat="44.730568" lon="9.262792"><ele>1320.9</ele></trkpt>
      <trkpt lat="44.730572" lon="9.262773"><ele>1321.0</ele></trkpt>
      <trkpt lat="44.730615" lon="9.262735"><ele>1321.7</ele></trkpt>
      <trkpt lat="44.730632" lon="9.262713"><ele>1322.0</ele></trkpt>
      <trkpt lat="44.730655" lon="9.262690"><ele>1322.3</ele></trkpt>
      <trkpt lat="44.730668" lon="9.262680"><ele>1322.5</ele></trkpt>
      <trkpt lat="44.730677" lon="9.262668"><ele>1322.7</ele></trkpt>
      <trkpt lat="44.730680" lon="9.262660"><ele>1322.8</ele></trkpt>
      <trkpt lat="44.730685" lon="9.262648"><ele>1322.9</ele></trkpt>
      <trkpt lat="44.730685" lon="9.262638"><ele>1323.0</ele></trkpt>
      <trkpt lat="44.730685" lon="9.262625"><ele>1323.1</ele></trkpt>
      <trkpt lat="44.730683" lon="9.262617"><ele>1323.2</ele></trkpt>
      <trkpt lat="44.730682" lon="9.262608"><ele>1323.3</ele></trkpt>
      <trkpt lat="44.730688" lon="9.262593"><ele>1323.4</ele></trkpt>
      <trkpt lat="44.730690" lon="9.262582"><ele>1323.5</ele></trkpt>
      <trkpt lat="44.730693" lon="9.262572"><ele>1323.6</ele></trkpt>
      <trkpt lat="44.730692" lon="9.262557"><ele>1323.7</ele></trkpt>
      <trkpt lat="44.730698" lon="9.262548"><ele>1323.8</ele></trkpt>
      <trkpt lat="44.730703" lon="9.262532"><ele>1324.0</ele></trkpt>
      <trkpt lat="44.730708" lon="9.262515"><ele>1324.2</ele></trkpt>
      <trkpt lat="44.730720" lon="9.262492"><ele>1324.4</ele></trkpt>
      <trkpt lat="44.730765" lon="9.262428"><ele>1325.2</ele></trkpt>
      <trkpt lat="44.730805" lon="9.262408"><ele>1325.7</ele></trkpt>
      <trkpt lat="44.730818" lon="9.262390"><ele>1325.9</ele></trkpt>
      <trkpt lat="44.730832" lon="9.262373"><ele>1326.2</ele></trkpt>
      <trkpt lat="44.730852" lon="9.262350"><ele>1326.5</ele></trkpt>
      <trkpt lat="44.730868" lon="9.262330"><ele>1326.7</ele></trkpt>
      <trkpt lat="44.730878" lon="9.262310"><ele>1326.9</ele></trkpt>
      <trkpt lat="44.730877" lon="9.262292"><ele>1327.1</ele></trkpt>
      <trkpt lat="44.730885" lon="9.262267"><ele>1327.3</ele></trkpt>
      <trkpt lat="44.730887" lon="9.262252"><ele>1327.5</ele></trkpt>
      <trkpt lat="44.730882" lon="9.262240"><ele>1327.6</ele></trkpt>
      <trkpt lat="44.730880" lon="9.262222"><ele>1327.8</ele></trkpt>
      <trkpt lat="44.730862" lon="9.262207"><ele>1328.0</ele></trkpt>
      <trkpt lat="44.730850" lon="9.262190"><ele>1328.2</ele></trkpt>
      <trkpt lat="44.730850" lon="9.262168"><ele>1328.4</ele></trkpt>
      <trkpt lat="44.730843" lon="9.262145"><ele>1328.6</ele></trkpt>
      <trkpt lat="44.730838" lon="9.262128"><ele>1328.8</ele></trkpt>
      <trkpt lat="44.730827" lon="9.262112"><ele>1329.0</ele></trkpt>
      <trkpt lat="44.730830" lon="9.262085"><ele>1329.2</ele></trkpt>
      <trkpt lat="44.730830" lon="9.262072"><ele>1329.3</ele></trkpt>
      <trkpt lat="44.730827" lon="9.262053"><ele>1329.5</ele></trkpt>
      <trkpt lat="44.730823" lon="9.262032"><ele>1329.7</ele></trkpt>
      <trkpt lat="44.730822" lon="9.262008"><ele>1329.8</ele></trkpt>
      <trkpt lat="44.730812" lon="9.261987"><ele>1330.0</ele></trkpt>
      <trkpt lat="44.730800" lon="9.261967"><ele>1330.3</ele></trkpt>
      <trkpt lat="44.730788" lon="9.261943"><ele>1330.5</ele></trkpt>
      <trkpt lat="44.730775" lon="9.261915"><ele>1330.8</ele></trkpt>
      <trkpt lat="44.730767" lon="9.261890"><ele>1331.0</ele></trkpt>
      <trkpt lat="44.730757" lon="9.261878"><ele>1331.1</ele></trkpt>
      <trkpt lat="44.730745" lon="9.261860"><ele>1331.3</ele></trkpt>
      <trkpt lat="44.730737" lon="9.261840"><ele>1331.5</ele></trkpt>
      <trkpt lat="44.730727" lon="9.261813"><ele>1331.8</ele></trkpt>
      <trkpt lat="44.730720" lon="9.261795"><ele>1331.9</ele></trkpt>
      <trkpt lat="44.730715" lon="9.261773"><ele>1332.1</ele></trkpt>
      <trkpt lat="44.730708" lon="9.261753"><ele>1332.3</ele></trkpt>
      <trkpt lat="44.730702" lon="9.261735"><ele>1332.5</ele></trkpt>
      <trkpt lat="44.730692" lon="9.261720"><ele>1332.6</ele></trkpt>
      <trkpt lat="44.730678" lon="9.261708"><ele>1332.8</ele></trkpt>
      <trkpt lat="44.730662" lon="9.261703"><ele>1333.0</ele></trkpt>
      <trkpt lat="44.730653" lon="9.261692"><ele>1333.2</ele></trkpt>
      <trkpt lat="44.730650" lon="9.261682"><ele>1333.2</ele></trkpt>
      <trkpt lat="44.730640" lon="9.261670"><ele>1333.4</ele></trkpt>
      <trkpt lat="44.730637" lon="9.261657"><ele>1333.5</ele></trkpt>
      <trkpt lat="44.730627" lon="9.261640"><ele>1333.7</ele></trkpt>
      <trkpt lat="44.730618" lon="9.261618"><ele>1333.9</ele></trkpt>
      <trkpt lat="44.730597" lon="9.261602"><ele>1334.2</ele></trkpt>
      <trkpt lat="44.730587" lon="9.261582"><ele>1334.4</ele></trkpt>
      <trkpt lat="44.730572" lon="9.261568"><ele>1334.6</ele></trkpt>
      <trkpt lat="44.730563" lon="9.261545"><ele>1334.8</ele></trkpt>
      <trkpt lat="44.730553" lon="9.261528"><ele>1334.9</ele></trkpt>
      <trkpt lat="44.730547" lon="9.261512"><ele>1335.1</ele></trkpt>
      <trkpt lat="44.730540" lon="9.261503"><ele>1335.2</ele></trkpt>
      <trkpt lat="44.730527" lon="9.261490"><ele>1335.3</ele></trkpt>
      <trkpt lat="44.730513" lon="9.261477"><ele>1335.5</ele></trkpt>
      <trkpt lat="44.730508" lon="9.261458"><ele>1335.7</ele></trkpt>
      <trkpt lat="44.730498" lon="9.261430"><ele>1335.9</ele></trkpt>
      <trkpt lat="44.730490" lon="9.261415"><ele>1336.0</ele></trkpt>
      <trkpt lat="44.730480" lon="9.261395"><ele>1336.2</ele></trkpt>
      <trkpt lat="44.730467" lon="9.261378"><ele>1336.3</ele></trkpt>
      <trkpt lat="44.730453" lon="9.261367"><ele>1336.5</ele></trkpt>
      <trkpt lat="44.730430" lon="9.261349"><ele>1336.7</ele></trkpt>
      <trkpt lat="44.730423" lon="9.261343"><ele>1336.8</ele></trkpt>
      <trkpt lat="44.730410" lon="9.261325"><ele>1337.0</ele></trkpt>
      <trkpt lat="44.730397" lon="9.261305"><ele>1337.1</ele></trkpt>
      <trkpt lat="44.730388" lon="9.261290"><ele>1337.3</ele></trkpt>
      <trkpt lat="44.730383" lon="9.261282"><ele>1337.3</ele></trkpt>
      <trkpt lat="44.730375" lon="9.261270"><ele>1337.4</ele></trkpt>
      <trkpt lat="44.730367" lon="9.261255"><ele>1337.6</ele></trkpt>
      <trkpt lat="44.730358" lon="9.261237"><ele>1337.7</ele></trkpt>
      <trkpt lat="44.730352" lon="9.261215"><ele>1337.8</ele></trkpt>
      <trkpt lat="44.730347" lon="9.261193"><ele>1338.0</ele></trkpt>
      <trkpt lat="44.730342" lon="9.261168"><ele>1338.1</ele></trkpt>
      <trkpt lat="44.730343" lon="9.261145"><ele>1338.3</ele></trkpt>
      <trkpt lat="44.730337" lon="9.261123"><ele>1338.4</ele></trkpt>
      <trkpt lat="44.730332" lon="9.261102"><ele>1338.6</ele></trkpt>
      <trkpt lat="44.730327" lon="9.261075"><ele>1338.7</ele></trkpt>
      <trkpt lat="44.730317" lon="9.261052"><ele>1338.9</ele></trkpt>
      <trkpt lat="44.730310" lon="9.261035"><ele>1339.0</ele></trkpt>
      <trkpt lat="44.730302" lon="9.261018"><ele>1339.1</ele></trkpt>
      <trkpt lat="44.730287" lon="9.260997"><ele>1339.3</ele></trkpt>
      <trkpt lat="44.730278" lon="9.260973"><ele>1339.5</ele></trkpt>
      <trkpt lat="44.730265" lon="9.260950"><ele>1339.7</ele></trkpt>
      <trkpt lat="44.730255" lon="9.260925"><ele>1339.9</ele></trkpt>
      <trkpt lat="44.730248" lon="9.260897"><ele>1340.0</ele></trkpt>
      <trkpt lat="44.730238" lon="9.260873"><ele>1340.2</ele></trkpt>
      <trkpt lat="44.730225" lon="9.260855"><ele>1340.4</ele></trkpt>
      <trkpt lat="44.730212" lon="9.260835"><ele>1340.5</ele></trkpt>
      <trkpt lat="44.730203" lon="9.260810"><ele>1340.7</ele></trkpt>
      <trkpt lat="44.730203" lon="9.260782"><ele>1340.9</ele></trkpt>
      <trkpt lat="44.730203" lon="9.260757"><ele>1341.0</ele></trkpt>
      <trkpt lat="44.730203" lon="9.260742"><ele>1341.1</ele></trkpt>
      <trkpt lat="44.730208" lon="9.260723"><ele>1341.3</ele></trkpt>
      <trkpt lat="44.730220" lon="9.260702"><ele>1341.4</ele></trkpt>
      <trkpt lat="44.730230" lon="9.260683"><ele>1341.6</ele></trkpt>
      <trkpt lat="44.730230" lon="9.260667"><ele>1341.7</ele></trkpt>
      <trkpt lat="44.730227" lon="9.260648"><ele>1341.8</ele></trkpt>
      <trkpt lat="44.730223" lon="9.260632"><ele>1341.9</ele></trkpt>
      <trkpt lat="44.730215" lon="9.260623"><ele>1342.0</ele></trkpt>
      <trkpt lat="44.730210" lon="9.260610"><ele>1342.1</ele></trkpt>
      <trkpt lat="44.730210" lon="9.260600"><ele>1342.2</ele></trkpt>
      <trkpt lat="44.730212" lon="9.260590"><ele>1342.2</ele></trkpt>
      <trkpt lat="44.730208" lon="9.260580"><ele>1342.3</ele></trkpt>
      <trkpt lat="44.730205" lon="9.260568"><ele>1342.4</ele></trkpt>
      <trkpt lat="44.730215" lon="9.260538"><ele>1342.6</ele></trkpt>
      <trkpt lat="44.730220" lon="9.260497"><ele>1342.9</ele></trkpt>
      <trkpt lat="44.730220" lon="9.260487"><ele>1343.0</ele></trkpt>
      <trkpt lat="44.730223" lon="9.260472"><ele>1343.1</ele></trkpt>
      <trkpt lat="44.730233" lon="9.260450"><ele>1343.3</ele></trkpt>
      <trkpt lat="44.730242" lon="9.260417"><ele>1343.5</ele></trkpt>
      <trkpt lat="44.730245" lon="9.260382"><ele>1343.8</ele></trkpt>
      <trkpt lat="44.730245" lon="9.260348"><ele>1344.0</ele></trkpt>
      <trkpt lat="44.730240" lon="9.260317"><ele>1344.2</ele></trkpt>
      <trkpt lat="44.730233" lon="9.260295"><ele>1344.4</ele></trkpt>
      <trkpt lat="44.730225" lon="9.260280"><ele>1344.5</ele></trkpt>
      <trkpt lat="44.730227" lon="9.260265"><ele>1344.6</ele></trkpt>
      <trkpt lat="44.730220" lon="9.260250"><ele>1344.7</ele></trkpt>
      <trkpt lat="44.730213" lon="9.260243"><ele>1344.8</ele></trkpt>
      <trkpt lat="44.730210" lon="9.260227"><ele>1344.9</ele></trkpt>
      <trkpt lat="44.730197" lon="9.260203"><ele>1345.2</ele></trkpt>
      <trkpt lat="44.730183" lon="9.260183"><ele>1345.4</ele></trkpt>
      <trkpt lat="44.730180" lon="9.260162"><ele>1345.5</ele></trkpt>
      <trkpt lat="44.730167" lon="9.260147"><ele>1345.7</ele></trkpt>
      <trkpt lat="44.730150" lon="9.260135"><ele>1345.8</ele></trkpt>
      <trkpt lat="44.730145" lon="9.260115"><ele>1346.0</ele></trkpt>
      <trkpt lat="44.730127" lon="9.260103"><ele>1346.2</ele></trkpt>
      <trkpt lat="44.730110" lon="9.260087"><ele>1346.4</ele></trkpt>
      <trkpt lat="44.730097" lon="9.260073"><ele>1346.5</ele></trkpt>
      <trkpt lat="44.730085" lon="9.260062"><ele>1346.6</ele></trkpt>
      <trkpt lat="44.730072" lon="9.260055"><ele>1346.7</ele></trkpt>
      <trkpt lat="44.730068" lon="9.260038"><ele>1346.8</ele></trkpt>
      <trkpt lat="44.730057" lon="9.260022"><ele>1347.0</ele></trkpt>
      <trkpt lat="44.730045" lon="9.260005"><ele>1347.1</ele></trkpt>
      <trkpt lat="44.730032" lon="9.259990"><ele>1347.3</ele></trkpt>
      <trkpt lat="44.730015" lon="9.259973"><ele>1347.4</ele></trkpt>
      <trkpt lat="44.729995" lon="9.259952"><ele>1347.6</ele></trkpt>
      <trkpt lat="44.729972" lon="9.259930"><ele>1347.9</ele></trkpt>
      <trkpt lat="44.729965" lon="9.259925"><ele>1347.9</ele></trkpt>
      <trkpt lat="44.729952" lon="9.259913"><ele>1348.1</ele></trkpt>
      <trkpt lat="44.729937" lon="9.259902"><ele>1348.2</ele></trkpt>
      <trkpt lat="44.729915" lon="9.259877"><ele>1348.4</ele></trkpt>
      <trkpt lat="44.729908" lon="9.259870"><ele>1348.5</ele></trkpt>
      <trkpt lat="44.729902" lon="9.259855"><ele>1348.6</ele></trkpt>
      <trkpt lat="44.729893" lon="9.259840"><ele>1348.7</ele></trkpt>
      <trkpt lat="44.729888" lon="9.259830"><ele>1348.8</ele></trkpt>
      <trkpt lat="44.729878" lon="9.259820"><ele>1348.9</ele></trkpt>
      <trkpt lat="44.729863" lon="9.259805"><ele>1349.0</ele></trkpt>
      <trkpt lat="44.729848" lon="9.259787"><ele>1349.2</ele></trkpt>
      <trkpt lat="44.729837" lon="9.259768"><ele>1349.3</ele></trkpt>
      <trkpt lat="44.729822" lon="9.259747"><ele>1349.5</ele></trkpt>
      <trkpt lat="44.729798" lon="9.259721"><ele>1349.7</ele></trkpt>
      <trkpt lat="44.729792" lon="9.259715"><ele>1349.8</ele></trkpt>
      <trkpt lat="44.729785" lon="9.259705"><ele>1349.9</ele></trkpt>
      <trkpt lat="44.729777" lon="9.259690"><ele>1349.9</ele></trkpt>
      <trkpt lat="44.729767" lon="9.259672"><ele>1350.0</ele></trkpt>
      <trkpt lat="44.729760" lon="9.259657"><ele>1350.1</ele></trkpt>
      <trkpt lat="44.729752" lon="9.259637"><ele>1350.2</ele></trkpt>
      <trkpt lat="44.729752" lon="9.259620"><ele>1350.3</ele></trkpt>
      <trkpt lat="44.729750" lon="9.259607"><ele>1350.4</ele></trkpt>
      <trkpt lat="44.729747" lon="9.259597"><ele>1350.4</ele></trkpt>
      <trkpt lat="44.729743" lon="9.259588"><ele>1350.4</ele></trkpt>
      <trkpt lat="44.729740" lon="9.259577"><ele>1350.5</ele></trkpt>
      <trkpt lat="44.729733" lon="9.259553"><ele>1350.6</ele></trkpt>
      <trkpt lat="44.729732" lon="9.259535"><ele>1350.6</ele></trkpt>
      <trkpt lat="44.729723" lon="9.259518"><ele>1350.7</ele></trkpt>
      <trkpt lat="44.729728" lon="9.259505"><ele>1350.7</ele></trkpt>
      <trkpt lat="44.729718" lon="9.259488"><ele>1350.8</ele></trkpt>
      <trkpt lat="44.729708" lon="9.259470"><ele>1350.9</ele></trkpt>
      <trkpt lat="44.729692" lon="9.259450"><ele>1351.0</ele></trkpt>
      <trkpt lat="44.729668" lon="9.259427"><ele>1351.1</ele></trkpt>
      <trkpt lat="44.729642" lon="9.259400"><ele>1351.2</ele></trkpt>
      <trkpt lat="44.729617" lon="9.259372"><ele>1351.3</ele></trkpt>
      <trkpt lat="44.729593" lon="9.259347"><ele>1351.5</ele></trkpt>
      <trkpt lat="44.729565" lon="9.259328"><ele>1351.6</ele></trkpt>
      <trkpt lat="44.729538" lon="9.259305"><ele>1351.7</ele></trkpt>
      <trkpt lat="44.729512" lon="9.259280"><ele>1351.8</ele></trkpt>
      <trkpt lat="44.729495" lon="9.259258"><ele>1351.9</ele></trkpt>
      <trkpt lat="44.729487" lon="9.259243"><ele>1352.0</ele></trkpt>
      <trkpt lat="44.729472" lon="9.259227"><ele>1352.1</ele></trkpt>
      <trkpt lat="44.729470" lon="9.259217"><ele>1352.1</ele></trkpt>
      <trkpt lat="44.729458" lon="9.259208"><ele>1352.2</ele></trkpt>
      <trkpt lat="44.729443" lon="9.259203"><ele>1352.2</ele></trkpt>
      <trkpt lat="44.729437" lon="9.259195"><ele>1352.2</ele></trkpt>
      <trkpt lat="44.729427" lon="9.259182"><ele>1352.3</ele></trkpt>
      <trkpt lat="44.729412" lon="9.259168"><ele>1352.4</ele></trkpt>
      <trkpt lat="44.729412" lon="9.259145"><ele>1352.5</ele></trkpt>
      <trkpt lat="44.729403" lon="9.259123"><ele>1352.6</ele></trkpt>
      <trkpt lat="44.729387" lon="9.259093"><ele>1352.7</ele></trkpt>
      <trkpt lat="44.729373" lon="9.259068"><ele>1352.8</ele></trkpt>
      <trkpt lat="44.729357" lon="9.259043"><ele>1352.9</ele></trkpt>
      <trkpt lat="44.729345" lon="9.259017"><ele>1353.0</ele></trkpt>
      <trkpt lat="44.729335" lon="9.258992"><ele>1353.2</ele></trkpt>
      <trkpt lat="44.729327" lon="9.258973"><ele>1353.3</ele></trkpt>
      <trkpt lat="44.729320" lon="9.258953"><ele>1353.4</ele></trkpt>
      <trkpt lat="44.729308" lon="9.258933"><ele>1353.5</ele></trkpt>
      <trkpt lat="44.729292" lon="9.258908"><ele>1353.6</ele></trkpt>
      <trkpt lat="44.729275" lon="9.258885"><ele>1353.8</ele></trkpt>
      <trkpt lat="44.729260" lon="9.258867"><ele>1353.9</ele></trkpt>
      <trkpt lat="44.729245" lon="9.258853"><ele>1354.0</ele></trkpt>
      <trkpt lat="44.729238" lon="9.258842"><ele>1354.1</ele></trkpt>
      <trkpt lat="44.729218" lon="9.258820"><ele>1354.3</ele></trkpt>
      <trkpt lat="44.729210" lon="9.258803"><ele>1354.4</ele></trkpt>
      <trkpt lat="44.729193" lon="9.258792"><ele>1354.5</ele></trkpt>
      <trkpt lat="44.729182" lon="9.258785"><ele>1354.6</ele></trkpt>
      <trkpt lat="44.729160" lon="9.258768"><ele>1354.8</ele></trkpt>
      <trkpt lat="44.729142" lon="9.258755"><ele>1354.9</ele></trkpt>
      <trkpt lat="44.729118" lon="9.258747"><ele>1355.1</ele></trkpt>
      <trkpt lat="44.729097" lon="9.258732"><ele>1355.2</ele></trkpt>
      <trkpt lat="44.729067" lon="9.258712"><ele>1355.5</ele></trkpt>
      <trkpt lat="44.729038" lon="9.258688"><ele>1355.7</ele></trkpt>
      <trkpt lat="44.729023" lon="9.258675"><ele>1355.8</ele></trkpt>
      <trkpt lat="44.729007" lon="9.258675"><ele>1355.9</ele></trkpt>
      <trkpt lat="44.728993" lon="9.258675"><ele>1356.0</ele></trkpt>
      <trkpt lat="44.728987" lon="9.258665"><ele>1356.1</ele></trkpt>
      <trkpt lat="44.728980" lon="9.258657"><ele>1356.2</ele></trkpt>
      <trkpt lat="44.728970" lon="9.258652"><ele>1356.2</ele></trkpt>
      <trkpt lat="44.728960" lon="9.258635"><ele>1356.4</ele></trkpt>
      <trkpt lat="44.728950" lon="9.258623"><ele>1356.4</ele></trkpt>
      <trkpt lat="44.728928" lon="9.258620"><ele>1356.6</ele></trkpt>
      <trkpt lat="44.728902" lon="9.258613"><ele>1356.8</ele></trkpt>
      <trkpt lat="44.728895" lon="9.258605"><ele>1356.8</ele></trkpt>
      <trkpt lat="44.728887" lon="9.258588"><ele>1357.0</ele></trkpt>
      <trkpt lat="44.728880" lon="9.258572"><ele>1357.0</ele></trkpt>
      <trkpt lat="44.728877" lon="9.258553"><ele>1357.1</ele></trkpt>
      <trkpt lat="44.728863" lon="9.258525"><ele>1357.3</ele></trkpt>
      <trkpt lat="44.728847" lon="9.258503"><ele>1357.4</ele></trkpt>
      <trkpt lat="44.728837" lon="9.258480"><ele>1357.6</ele></trkpt>
      <trkpt lat="44.728830" lon="9.258458"><ele>1357.7</ele></trkpt>
      <trkpt lat="44.728815" lon="9.258435"><ele>1357.8</ele></trkpt>
      <trkpt lat="44.728808" lon="9.258425"><ele>1357.9</ele></trkpt>
      <trkpt lat="44.728805" lon="9.258418"><ele>1357.9</ele></trkpt>
      <trkpt lat="44.728795" lon="9.258407"><ele>1358.0</ele></trkpt>
      <trkpt lat="44.728783" lon="9.258398"><ele>1358.0</ele></trkpt>
      <trkpt lat="44.728773" lon="9.258383"><ele>1358.1</ele></trkpt>
      <trkpt lat="44.728770" lon="9.258367"><ele>1358.2</ele></trkpt>
      <trkpt lat="44.728760" lon="9.258348"><ele>1358.3</ele></trkpt>
      <trkpt lat="44.728745" lon="9.258337"><ele>1358.4</ele></trkpt>
      <trkpt lat="44.728732" lon="9.258327"><ele>1358.4</ele></trkpt>
      <trkpt lat="44.728725" lon="9.258317"><ele>1358.5</ele></trkpt>
      <trkpt lat="44.728720" lon="9.258305"><ele>1358.6</ele></trkpt>
      <trkpt lat="44.728705" lon="9.258300"><ele>1358.6</ele></trkpt>
      <trkpt lat="44.728693" lon="9.258293"><ele>1358.7</ele></trkpt>
      <trkpt lat="44.728677" lon="9.258295"><ele>1358.8</ele></trkpt>
      <trkpt lat="44.728678" lon="9.258293"><ele>1358.8</ele></trkpt>
      <trkpt lat="44.728672" lon="9.258283"><ele>1358.9</ele></trkpt>
      <trkpt lat="44.728667" lon="9.258262"><ele>1359.0</ele></trkpt>
      <trkpt lat="44.728663" lon="9.258240"><ele>1359.0</ele></trkpt>
      <trkpt lat="44.728652" lon="9.258228"><ele>1359.1</ele></trkpt>
      <trkpt lat="44.728638" lon="9.258220"><ele>1359.2</ele></trkpt>
      <trkpt lat="44.728625" lon="9.258212"><ele>1359.3</ele></trkpt>
      <trkpt lat="44.728608" lon="9.258203"><ele>1359.4</ele></trkpt>
      <trkpt lat="44.728588" lon="9.258192"><ele>1359.5</ele></trkpt>
      <trkpt lat="44.728570" lon="9.258180"><ele>1359.6</ele></trkpt>
      <trkpt lat="44.728557" lon="9.258165"><ele>1359.7</ele></trkpt>
      <trkpt lat="44.728547" lon="9.258152"><ele>1359.8</ele></trkpt>
      <trkpt lat="44.728527" lon="9.258140"><ele>1359.9</ele></trkpt>
      <trkpt lat="44.728510" lon="9.258130"><ele>1360.0</ele></trkpt>
      <trkpt lat="44.728492" lon="9.258122"><ele>1360.2</ele></trkpt>
      <trkpt lat="44.728470" lon="9.258110"><ele>1360.3</ele></trkpt>
      <trkpt lat="44.728458" lon="9.258095"><ele>1360.4</ele></trkpt>
      <trkpt lat="44.728458" lon="9.258082"><ele>1360.5</ele></trkpt>
      <trkpt lat="44.728447" lon="9.258070"><ele>1360.5</ele></trkpt>
      <trkpt lat="44.728422" lon="9.258057"><ele>1360.7</ele></trkpt>
      <trkpt lat="44.728402" lon="9.258042"><ele>1360.9</ele></trkpt>
      <trkpt lat="44.728378" lon="9.258032"><ele>1361.0</ele></trkpt>
      <trkpt lat="44.728358" lon="9.258023"><ele>1361.2</ele></trkpt>
      <trkpt lat="44.728337" lon="9.258010"><ele>1361.3</ele></trkpt>
      <trkpt lat="44.728312" lon="9.257995"><ele>1361.5</ele></trkpt>
      <trkpt lat="44.728285" lon="9.257978"><ele>1361.8</ele></trkpt>
      <trkpt lat="44.728262" lon="9.257958"><ele>1362.0</ele></trkpt>
      <trkpt lat="44.728242" lon="9.257942"><ele>1362.2</ele></trkpt>
      <trkpt lat="44.728227" lon="9.257928"><ele>1362.3</ele></trkpt>
      <trkpt lat="44.728215" lon="9.257912"><ele>1362.5</ele></trkpt>
      <trkpt lat="44.728205" lon="9.257893"><ele>1362.6</ele></trkpt>
      <trkpt lat="44.728198" lon="9.257873"><ele>1362.8</ele></trkpt>
      <trkpt lat="44.728183" lon="9.257853"><ele>1363.0</ele></trkpt>
      <trkpt lat="44.728163" lon="9.257835"><ele>1363.2</ele></trkpt>
      <trkpt lat="44.728138" lon="9.257818"><ele>1363.5</ele></trkpt>
      <trkpt lat="44.728120" lon="9.257802"><ele>1363.7</ele></trkpt>
      <trkpt lat="44.728098" lon="9.257785"><ele>1363.9</ele></trkpt>
      <trkpt lat="44.728083" lon="9.257772"><ele>1364.1</ele></trkpt>
      <trkpt lat="44.728063" lon="9.257753"><ele>1364.4</ele></trkpt>
      <trkpt lat="44.728042" lon="9.257733"><ele>1364.7</ele></trkpt>
      <trkpt lat="44.728022" lon="9.257712"><ele>1364.9</ele></trkpt>
      <trkpt lat="44.728007" lon="9.257695"><ele>1365.1</ele></trkpt>
      <trkpt lat="44.727990" lon="9.257678"><ele>1365.1</ele></trkpt>
      <trkpt lat="44.727980" lon="9.257662"><ele>1365.2</ele></trkpt>
      <trkpt lat="44.727965" lon="9.257647"><ele>1365.2</ele></trkpt>
      <trkpt lat="44.727955" lon="9.257625"><ele>1365.3</ele></trkpt>
      <trkpt lat="44.727955" lon="9.257603"><ele>1365.3</ele></trkpt>
      <trkpt lat="44.727947" lon="9.257583"><ele>1365.3</ele></trkpt>
      <trkpt lat="44.727938" lon="9.257563"><ele>1365.4</ele></trkpt>
      <trkpt lat="44.727942" lon="9.257552"><ele>1365.4</ele></trkpt>
      <trkpt lat="44.727933" lon="9.257542"><ele>1365.4</ele></trkpt>
      <trkpt lat="44.727928" lon="9.257533"><ele>1365.5</ele></trkpt>
      <trkpt lat="44.727918" lon="9.257525"><ele>1365.5</ele></trkpt>
      <trkpt lat="44.727907" lon="9.257518"><ele>1365.5</ele></trkpt>
      <trkpt lat="44.727895" lon="9.257517"><ele>1365.6</ele></trkpt>
      <trkpt lat="44.727877" lon="9.257507"><ele>1365.9</ele></trkpt>
      <trkpt lat="44.727858" lon="9.257495"><ele>1366.3</ele></trkpt>
      <trkpt lat="44.727838" lon="9.257483"><ele>1366.7</ele></trkpt>
      <trkpt lat="44.727808" lon="9.257475"><ele>1367.2</ele></trkpt>
      <trkpt lat="44.727780" lon="9.257468"><ele>1367.7</ele></trkpt>
      <trkpt lat="44.727747" lon="9.257458"><ele>1368.3</ele></trkpt>
      <trkpt lat="44.727718" lon="9.257457"><ele>1368.8</ele></trkpt>
      <trkpt lat="44.727712" lon="9.257463"><ele>1368.9</ele></trkpt>
      <trkpt lat="44.727697" lon="9.257475"><ele>1369.2</ele></trkpt>
      <trkpt lat="44.727683" lon="9.257478"><ele>1369.4</ele></trkpt>
      <trkpt lat="44.727667" lon="9.257480"><ele>1369.7</ele></trkpt>
      <trkpt lat="44.727648" lon="9.257478"><ele>1370.0</ele></trkpt>
      <trkpt lat="44.727632" lon="9.257478"><ele>1370.2</ele></trkpt>
      <trkpt lat="44.727605" lon="9.257475"><ele>1370.6</ele></trkpt>
      <trkpt lat="44.727583" lon="9.257465"><ele>1371.0</ele></trkpt>
      <trkpt lat="44.727567" lon="9.257455"><ele>1371.2</ele></trkpt>
      <trkpt lat="44.727550" lon="9.257455"><ele>1371.5</ele></trkpt>
      <trkpt lat="44.727535" lon="9.257457"><ele>1371.7</ele></trkpt>
      <trkpt lat="44.727518" lon="9.257453"><ele>1371.9</ele></trkpt>
      <trkpt lat="44.727503" lon="9.257437"><ele>1372.2</ele></trkpt>
      <trkpt lat="44.727498" lon="9.257432"><ele>1372.3</ele></trkpt>
      <trkpt lat="44.727493" lon="9.257428"><ele>1372.3</ele></trkpt>
      <trkpt lat="44.727487" lon="9.257423"><ele>1372.4</ele></trkpt>
      <trkpt lat="44.727475" lon="9.257420"><ele>1372.5</ele></trkpt>
      <trkpt lat="44.727462" lon="9.257418"><ele>1372.5</ele></trkpt>
      <trkpt lat="44.727437" lon="9.257418"><ele>1372.7</ele></trkpt>
      <trkpt lat="44.727418" lon="9.257418"><ele>1372.8</ele></trkpt>
      <trkpt lat="44.727400" lon="9.257418"><ele>1372.9</ele></trkpt>
      <trkpt lat="44.727378" lon="9.257422"><ele>1373.1</ele></trkpt>
      <trkpt lat="44.727363" lon="9.257435"><ele>1373.2</ele></trkpt>
      <trkpt lat="44.727355" lon="9.257435"><ele>1373.2</ele></trkpt>
      <trkpt lat="44.727345" lon="9.257435"><ele>1373.3</ele></trkpt>
      <trkpt lat="44.727325" lon="9.257443"><ele>1373.4</ele></trkpt>
      <trkpt lat="44.727317" lon="9.257445"><ele>1373.5</ele></trkpt>
      <trkpt lat="44.727308" lon="9.257442"><ele>1373.6</ele></trkpt>
      <trkpt lat="44.727300" lon="9.257435"><ele>1373.6</ele></trkpt>
      <trkpt lat="44.727292" lon="9.257428"><ele>1373.7</ele></trkpt>
      <trkpt lat="44.727287" lon="9.257417"><ele>1373.7</ele></trkpt>
      <trkpt lat="44.727280" lon="9.257407"><ele>1373.8</ele></trkpt>
      <trkpt lat="44.727275" lon="9.257397"><ele>1373.9</ele></trkpt>
      <trkpt lat="44.727270" lon="9.257388"><ele>1373.9</ele></trkpt>
      <trkpt lat="44.727262" lon="9.257385"><ele>1374.0</ele></trkpt>
      <trkpt lat="44.727257" lon="9.257375"><ele>1374.0</ele></trkpt>
      <trkpt lat="44.727243" lon="9.257365"><ele>1374.1</ele></trkpt>
      <trkpt lat="44.727237" lon="9.257347"><ele>1374.2</ele></trkpt>
      <trkpt lat="44.727228" lon="9.257340"><ele>1374.2</ele></trkpt>
      <trkpt lat="44.727222" lon="9.257333"><ele>1374.3</ele></trkpt>
      <trkpt lat="44.727213" lon="9.257327"><ele>1374.4</ele></trkpt>
      <trkpt lat="44.727202" lon="9.257320"><ele>1374.4</ele></trkpt>
      <trkpt lat="44.727180" lon="9.257297"><ele>1374.6</ele></trkpt>
      <trkpt lat="44.727162" lon="9.257280"><ele>1374.7</ele></trkpt>
      <trkpt lat="44.727140" lon="9.257270"><ele>1374.8</ele></trkpt>
      <trkpt lat="44.727120" lon="9.257263"><ele>1374.9</ele></trkpt>
      <trkpt lat="44.727098" lon="9.257255"><ele>1375.0</ele></trkpt>
      <trkpt lat="44.727077" lon="9.257248"><ele>1375.1</ele></trkpt>
      <trkpt lat="44.727057" lon="9.257243"><ele>1375.2</ele></trkpt>
      <trkpt lat="44.727037" lon="9.257240"><ele>1375.2</ele></trkpt>
      <trkpt lat="44.727013" lon="9.257245"><ele>1375.4</ele></trkpt>
      <trkpt lat="44.726990" lon="9.257238"><ele>1375.4</ele></trkpt>
      <trkpt lat="44.726965" lon="9.257235"><ele>1375.6</ele></trkpt>
      <trkpt lat="44.726940" lon="9.257228"><ele>1375.7</ele></trkpt>
      <trkpt lat="44.726915" lon="9.257218"><ele>1375.7</ele></trkpt>
      <trkpt lat="44.726890" lon="9.257213"><ele>1375.8</ele></trkpt>
      <trkpt lat="44.726865" lon="9.257210"><ele>1375.9</ele></trkpt>
      <trkpt lat="44.726843" lon="9.257210"><ele>1376.0</ele></trkpt>
      <trkpt lat="44.726822" lon="9.257208"><ele>1376.1</ele></trkpt>
      <trkpt lat="44.726795" lon="9.257203"><ele>1376.2</ele></trkpt>
      <trkpt lat="44.726768" lon="9.257192"><ele>1376.2</ele></trkpt>
      <trkpt lat="44.726742" lon="9.257185"><ele>1376.3</ele></trkpt>
      <trkpt lat="44.726710" lon="9.257177"><ele>1376.4</ele></trkpt>
      <trkpt lat="44.726670" lon="9.257156"><ele>1376.5</ele></trkpt>
      <trkpt lat="44.726655" lon="9.257150"><ele>1376.6</ele></trkpt>
      <trkpt lat="44.726627" lon="9.257138"><ele>1376.6</ele></trkpt>
      <trkpt lat="44.726602" lon="9.257133"><ele>1376.7</ele></trkpt>
      <trkpt lat="44.726580" lon="9.257130"><ele>1376.7</ele></trkpt>
      <trkpt lat="44.726563" lon="9.257128"><ele>1376.8</ele></trkpt>
      <trkpt lat="44.726547" lon="9.257130"><ele>1376.8</ele></trkpt>
      <trkpt lat="44.726530" lon="9.257127"><ele>1376.9</ele></trkpt>
      <trkpt lat="44.726508" lon="9.257128"><ele>1376.9</ele></trkpt>
      <trkpt lat="44.726488" lon="9.257125"><ele>1377.0</ele></trkpt>
      <trkpt lat="44.726465" lon="9.257123"><ele>1377.0</ele></trkpt>
      <trkpt lat="44.726435" lon="9.257125"><ele>1377.1</ele></trkpt>
      <trkpt lat="44.726403" lon="9.257128"><ele>1377.2</ele></trkpt>
      <trkpt lat="44.726370" lon="9.257132"><ele>1377.3</ele></trkpt>
      <trkpt lat="44.726337" lon="9.257138"><ele>1377.4</ele></trkpt>
      <trkpt lat="44.726305" lon="9.257143"><ele>1377.4</ele></trkpt>
      <trkpt lat="44.726273" lon="9.257142"><ele>1377.5</ele></trkpt>
      <trkpt lat="44.726245" lon="9.257135"><ele>1377.6</ele></trkpt>
      <trkpt lat="44.726227" lon="9.257123"><ele>1377.7</ele></trkpt>
      <trkpt lat="44.726203" lon="9.257113"><ele>1377.8</ele></trkpt>
      <trkpt lat="44.726178" lon="9.257105"><ele>1377.8</ele></trkpt>
      <trkpt lat="44.726152" lon="9.257085"><ele>1377.9</ele></trkpt>
      <trkpt lat="44.726140" lon="9.257070"><ele>1378.0</ele></trkpt>
      <trkpt lat="44.726123" lon="9.257048"><ele>1378.1</ele></trkpt>
      <trkpt lat="44.726103" lon="9.257030"><ele>1378.1</ele></trkpt>
      <trkpt lat="44.726090" lon="9.257013"><ele>1378.2</ele></trkpt>
      <trkpt lat="44.726073" lon="9.256993"><ele>1378.3</ele></trkpt>
      <trkpt lat="44.726062" lon="9.256970"><ele>1378.3</ele></trkpt>
      <trkpt lat="44.726048" lon="9.256958"><ele>1378.4</ele></trkpt>
      <trkpt lat="44.726038" lon="9.256948"><ele>1378.4</ele></trkpt>
      <trkpt lat="44.726023" lon="9.256938"><ele>1378.5</ele></trkpt>
      <trkpt lat="44.726013" lon="9.256932"><ele>1378.5</ele></trkpt>
      <trkpt lat="44.726000" lon="9.256930"><ele>1378.5</ele></trkpt>
      <trkpt lat="44.725982" lon="9.256918"><ele>1378.6</ele></trkpt>
      <trkpt lat="44.725962" lon="9.256917"><ele>1378.6</ele></trkpt>
      <trkpt lat="44.725945" lon="9.256907"><ele>1378.7</ele></trkpt>
      <trkpt lat="44.725918" lon="9.256882"><ele>1378.8</ele></trkpt>
      <trkpt lat="44.725867" lon="9.256851"><ele>1379.0</ele></trkpt>
      <trkpt lat="44.725847" lon="9.256845"><ele>1379.0</ele></trkpt>
      <trkpt lat="44.725812" lon="9.256828"><ele>1379.2</ele></trkpt>
      <trkpt lat="44.725793" lon="9.256808"><ele>1379.2</ele></trkpt>
      <trkpt lat="44.725773" lon="9.256790"><ele>1379.3</ele></trkpt>
      <trkpt lat="44.725755" lon="9.256780"><ele>1379.4</ele></trkpt>
      <trkpt lat="44.725732" lon="9.256767"><ele>1379.5</ele></trkpt>
      <trkpt lat="44.725705" lon="9.256757"><ele>1379.6</ele></trkpt>
      <trkpt lat="44.725670" lon="9.256758"><ele>1379.8</ele></trkpt>
      <trkpt lat="44.725635" lon="9.256767"><ele>1379.9</ele></trkpt>
      <trkpt lat="44.725598" lon="9.256763"><ele>1380.1</ele></trkpt>
      <trkpt lat="44.725562" lon="9.256762"><ele>1380.2</ele></trkpt>
      <trkpt lat="44.725532" lon="9.256753"><ele>1380.4</ele></trkpt>
      <trkpt lat="44.725502" lon="9.256753"><ele>1380.5</ele></trkpt>
      <trkpt lat="44.725480" lon="9.256758"><ele>1380.6</ele></trkpt>
      <trkpt lat="44.725462" lon="9.256763"><ele>1380.7</ele></trkpt>
      <trkpt lat="44.725448" lon="9.256767"><ele>1380.7</ele></trkpt>
      <trkpt lat="44.725427" lon="9.256768"><ele>1380.8</ele></trkpt>
      <trkpt lat="44.725402" lon="9.256765"><ele>1380.9</ele></trkpt>
      <trkpt lat="44.725372" lon="9.256763"><ele>1381.0</ele></trkpt>
      <trkpt lat="44.725338" lon="9.256768"><ele>1381.1</ele></trkpt>
      <trkpt lat="44.725307" lon="9.256782"><ele>1381.1</ele></trkpt>
      <trkpt lat="44.725272" lon="9.256798"><ele>1381.1</ele></trkpt>
      <trkpt lat="44.725240" lon="9.256813"><ele>1381.1</ele></trkpt>
      <trkpt lat="44.725202" lon="9.256837"><ele>1381.0</ele></trkpt>
      <trkpt lat="44.725158" lon="9.256860"><ele>1380.9</ele></trkpt>
      <trkpt lat="44.725117" lon="9.256878"><ele>1380.7</ele></trkpt>
      <trkpt lat="44.725075" lon="9.256893"><ele>1380.6</ele></trkpt>
      <trkpt lat="44.725033" lon="9.256913"><ele>1380.4</ele></trkpt>
      <trkpt lat="44.724992" lon="9.256920"><ele>1380.2</ele></trkpt>
      <trkpt lat="44.724953" lon="9.256940"><ele>1380.0</ele></trkpt>
      <trkpt lat="44.724912" lon="9.256963"><ele>1379.8</ele></trkpt>
      <trkpt lat="44.724870" lon="9.256978"><ele>1379.7</ele></trkpt>
      <trkpt lat="44.724830" lon="9.256995"><ele>1379.5</ele></trkpt>
      <trkpt lat="44.724790" lon="9.257010"><ele>1379.3</ele></trkpt>
      <trkpt lat="44.724752" lon="9.257033"><ele>1379.2</ele></trkpt>
      <trkpt lat="44.724720" lon="9.257063"><ele>1379.2</ele></trkpt>
      <trkpt lat="44.724685" lon="9.257085"><ele>1379.1</ele></trkpt>
      <trkpt lat="44.724643" lon="9.257105"><ele>1379.0</ele></trkpt>
      <trkpt lat="44.724598" lon="9.257132"><ele>1378.9</ele></trkpt>
      <trkpt lat="44.724547" lon="9.257160"><ele>1378.8</ele></trkpt>
      <trkpt lat="44.724498" lon="9.257188"><ele>1378.6</ele></trkpt>
      <trkpt lat="44.724443" lon="9.257212"><ele>1378.5</ele></trkpt>
      <trkpt lat="44.724385" lon="9.257245"><ele>1378.2</ele></trkpt>
      <trkpt lat="44.724322" lon="9.257287"><ele>1377.9</ele></trkpt>
      <trkpt lat="44.724258" lon="9.257330"><ele>1377.5</ele></trkpt>
      <trkpt lat="44.724202" lon="9.257362"><ele>1377.2</ele></trkpt>
      <trkpt lat="44.724142" lon="9.257382"><ele>1377.0</ele></trkpt>
      <trkpt lat="44.724072" lon="9.257402"><ele>1376.7</ele></trkpt>
      <trkpt lat="44.724005" lon="9.257428"><ele>1376.5</ele></trkpt>
      <trkpt lat="44.723932" lon="9.257467"><ele>1376.2</ele></trkpt>
      <trkpt lat="44.723824" lon="9.257516"><ele>1375.9</ele></trkpt>
      <trkpt lat="44.723787" lon="9.257534"><ele>1375.8</ele></trkpt>
      <trkpt lat="44.723715" lon="9.257572"><ele>1375.6</ele></trkpt>
      <trkpt lat="44.723640" lon="9.257610"><ele>1375.4</ele></trkpt>
      <trkpt lat="44.723572" lon="9.257642"><ele>1375.3</ele></trkpt>
      <trkpt lat="44.723507" lon="9.257662"><ele>1375.2</ele></trkpt>
      <trkpt lat="44.723440" lon="9.257685"><ele>1375.1</ele></trkpt>
      <trkpt lat="44.723380" lon="9.257705"><ele>1375.1</ele></trkpt>
      <trkpt lat="44.723317" lon="9.257738"><ele>1375.0</ele></trkpt>
      <trkpt lat="44.723257" lon="9.257768"><ele>1375.0</ele></trkpt>
      <trkpt lat="44.723198" lon="9.257790"><ele>1374.9</ele></trkpt>
      <trkpt lat="44.723145" lon="9.257818"><ele>1374.9</ele></trkpt>
      <trkpt lat="44.723102" lon="9.257848"><ele>1374.9</ele></trkpt>
      <trkpt lat="44.723038" lon="9.257884"><ele>1374.9</ele></trkpt>
      <trkpt lat="44.723017" lon="9.257895"><ele>1374.9</ele></trkpt>
      <trkpt lat="44.722977" lon="9.257917"><ele>1374.9</ele></trkpt>
      <trkpt lat="44.722908" lon="9.257952"><ele>1374.9</ele></trkpt>
      <trkpt lat="44.722848" lon="9.257983"><ele>1375.0</ele></trkpt>
      <trkpt lat="44.722788" lon="9.258035"><ele>1375.0</ele></trkpt>
      <trkpt lat="44.722740" lon="9.258095"><ele>1375.0</ele></trkpt>
      <trkpt lat="44.722687" lon="9.258181"><ele>1375.0</ele></trkpt>
      <trkpt lat="44.722672" lon="9.258206"><ele>1375.0</ele></trkpt>
      <trkpt lat="44.722643" lon="9.258258"><ele>1375.0</ele></trkpt>
      <trkpt lat="44.722610" lon="9.258297"><ele>1374.9</ele></trkpt>
      <trkpt lat="44.722567" lon="9.258335"><ele>1374.9</ele></trkpt>
      <trkpt lat="44.722517" lon="9.258365"><ele>1374.8</ele></trkpt>
      <trkpt lat="44.722439" lon="9.258383"><ele>1374.6</ele></trkpt>
      <trkpt lat="44.722412" lon="9.258384"><ele>1374.5</ele></trkpt>
      <trkpt lat="44.722332" lon="9.258392"><ele>1374.3</ele></trkpt>
      <trkpt lat="44.722305" lon="9.258398"><ele>1374.2</ele></trkpt>
      <trkpt lat="44.722235" lon="9.258415"><ele>1373.9</ele></trkpt>
      <trkpt lat="44.722162" lon="9.258425"><ele>1373.7</ele></trkpt>
      <trkpt lat="44.722095" lon="9.258433"><ele>1373.5</ele></trkpt>
      <trkpt lat="44.722022" lon="9.258440"><ele>1373.3</ele></trkpt>
      <trkpt lat="44.721957" lon="9.258452"><ele>1373.2</ele></trkpt>
      <trkpt lat="44.721895" lon="9.258462"><ele>1373.2</ele></trkpt>
      <trkpt lat="44.721832" lon="9.258472"><ele>1373.1</ele></trkpt>
      <trkpt lat="44.721773" lon="9.258483"><ele>1373.1</ele></trkpt>
      <trkpt lat="44.721722" lon="9.258495"><ele>1373.2</ele></trkpt>
      <trkpt lat="44.721672" lon="9.258513"><ele>1373.2</ele></trkpt>
      <trkpt lat="44.721632" lon="9.258533"><ele>1373.3</ele></trkpt>
      <trkpt lat="44.721593" lon="9.258553"><ele>1373.5</ele></trkpt>
      <trkpt lat="44.721560" lon="9.258575"><ele>1373.7</ele></trkpt>
      <trkpt lat="44.721535" lon="9.258592"><ele>1373.8</ele></trkpt>
      <trkpt lat="44.721510" lon="9.258612"><ele>1374.0</ele></trkpt>
      <trkpt lat="44.721492" lon="9.258627"><ele>1374.1</ele></trkpt>
      <trkpt lat="44.721472" lon="9.258643"><ele>1374.3</ele></trkpt>
      <trkpt lat="44.721452" lon="9.258653"><ele>1374.4</ele></trkpt>
      <trkpt lat="44.721433" lon="9.258653"><ele>1374.6</ele></trkpt>
      <trkpt lat="44.721412" lon="9.258658"><ele>1374.7</ele></trkpt>
      <trkpt lat="44.721397" lon="9.258662"><ele>1374.9</ele></trkpt>
      <trkpt lat="44.721383" lon="9.258672"><ele>1375.0</ele></trkpt>
      <trkpt lat="44.721373" lon="9.258668"><ele>1375.1</ele></trkpt>
      <trkpt lat="44.721363" lon="9.258665"><ele>1375.2</ele></trkpt>
      <trkpt lat="44.721343" lon="9.258670"><ele>1375.3</ele></trkpt>
      <trkpt lat="44.721320" lon="9.258680"><ele>1375.5</ele></trkpt>
      <trkpt lat="44.721298" lon="9.258680"><ele>1375.7</ele></trkpt>
      <trkpt lat="44.721273" lon="9.258695"><ele>1376.0</ele></trkpt>
      <trkpt lat="44.721242" lon="9.258708"><ele>1376.3</ele></trkpt>
      <trkpt lat="44.721222" lon="9.258717"><ele>1376.5</ele></trkpt>
      <trkpt lat="44.721202" lon="9.258723"><ele>1376.6</ele></trkpt>
      <trkpt lat="44.721175" lon="9.258747"><ele>1376.9</ele></trkpt>
      <trkpt lat="44.721135" lon="9.258780"><ele>1377.3</ele></trkpt>
      <trkpt lat="44.721110" lon="9.258790"><ele>1377.5</ele></trkpt>
      <trkpt lat="44.721098" lon="9.258788"><ele>1377.6</ele></trkpt>
      <trkpt lat="44.721077" lon="9.258797"><ele>1377.8</ele></trkpt>
      <trkpt lat="44.721055" lon="9.258807"><ele>1378.0</ele></trkpt>
      <trkpt lat="44.721035" lon="9.258813"><ele>1378.1</ele></trkpt>
      <trkpt lat="44.721013" lon="9.258822"><ele>1378.2</ele></trkpt>
      <trkpt lat="44.720985" lon="9.258843"><ele>1378.4</ele></trkpt>
      <trkpt lat="44.720950" lon="9.258873"><ele>1378.7</ele></trkpt>
      <trkpt lat="44.720927" lon="9.258883"><ele>1378.8</ele></trkpt>
      <trkpt lat="44.720898" lon="9.258902"><ele>1379.0</ele></trkpt>
      <trkpt lat="44.720870" lon="9.258918"><ele>1379.1</ele></trkpt>
      <trkpt lat="44.720838" lon="9.258942"><ele>1379.2</ele></trkpt>
      <trkpt lat="44.720803" lon="9.258970"><ele>1379.3</ele></trkpt>
      <trkpt lat="44.720775" lon="9.259002"><ele>1379.4</ele></trkpt>
      <trkpt lat="44.720747" lon="9.259012"><ele>1379.5</ele></trkpt>
      <trkpt lat="44.720720" lon="9.259013"><ele>1379.6</ele></trkpt>
      <trkpt lat="44.720703" lon="9.258990"><ele>1379.6</ele></trkpt>
      <trkpt lat="44.720678" lon="9.258978"><ele>1379.6</ele></trkpt>
      <trkpt lat="44.720648" lon="9.258973"><ele>1379.7</ele></trkpt>
      <trkpt lat="44.720612" lon="9.258970"><ele>1379.7</ele></trkpt>
      <trkpt lat="44.720580" lon="9.258965"><ele>1379.7</ele></trkpt>
      <trkpt lat="44.720550" lon="9.258947"><ele>1379.7</ele></trkpt>
      <trkpt lat="44.720523" lon="9.258943"><ele>1379.6</ele></trkpt>
      <trkpt lat="44.720500" lon="9.258940"><ele>1379.6</ele></trkpt>
      <trkpt lat="44.720480" lon="9.258927"><ele>1379.6</ele></trkpt>
      <trkpt lat="44.720455" lon="9.258910"><ele>1379.5</ele></trkpt>
      <trkpt lat="44.720430" lon="9.258897"><ele>1379.5</ele></trkpt>
      <trkpt lat="44.720403" lon="9.258877"><ele>1379.4</ele></trkpt>
      <trkpt lat="44.720383" lon="9.258872"><ele>1379.3</ele></trkpt>
      <trkpt lat="44.720360" lon="9.258873"><ele>1379.3</ele></trkpt>
      <trkpt lat="44.720333" lon="9.258878"><ele>1379.2</ele></trkpt>
      <trkpt lat="44.720308" lon="9.258883"><ele>1379.2</ele></trkpt>
      <trkpt lat="44.720285" lon="9.258890"><ele>1379.1</ele></trkpt>
      <trkpt lat="44.720253" lon="9.258898"><ele>1379.0</ele></trkpt>
      <trkpt lat="44.720225" lon="9.258898"><ele>1379.0</ele></trkpt>
      <trkpt lat="44.720197" lon="9.258897"><ele>1378.9</ele></trkpt>
      <trkpt lat="44.720162" lon="9.258898"><ele>1378.8</ele></trkpt>
      <trkpt lat="44.720132" lon="9.258902"><ele>1378.7</ele></trkpt>
      <trkpt lat="44.720103" lon="9.258902"><ele>1378.6</ele></trkpt>
      <trkpt lat="44.720078" lon="9.258902"><ele>1378.5</ele></trkpt>
      <trkpt lat="44.720058" lon="9.258907"><ele>1378.4</ele></trkpt>
      <trkpt lat="44.720032" lon="9.258910"><ele>1378.4</ele></trkpt>
      <trkpt lat="44.720005" lon="9.258910"><ele>1378.3</ele></trkpt>
      <trkpt lat="44.719980" lon="9.258907"><ele>1378.2</ele></trkpt>
      <trkpt lat="44.719948" lon="9.258902"><ele>1378.1</ele></trkpt>
      <trkpt lat="44.719920" lon="9.258898"><ele>1378.0</ele></trkpt>
      <trkpt lat="44.719885" lon="9.258888"><ele>1377.9</ele></trkpt>
      <trkpt lat="44.719855" lon="9.258867"><ele>1377.8</ele></trkpt>
      <trkpt lat="44.719822" lon="9.258845"><ele>1377.6</ele></trkpt>
      <trkpt lat="44.719790" lon="9.258828"><ele>1377.5</ele></trkpt>
      <trkpt lat="44.719752" lon="9.258810"><ele>1377.4</ele></trkpt>
      <trkpt lat="44.719723" lon="9.258787"><ele>1377.2</ele></trkpt>
      <trkpt lat="44.719692" lon="9.258767"><ele>1377.1</ele></trkpt>
      <trkpt lat="44.719652" lon="9.258750"><ele>1377.0</ele></trkpt>
      <trkpt lat="44.719600" lon="9.258732"><ele>1376.8</ele></trkpt>
      <trkpt lat="44.719548" lon="9.258713"><ele>1376.6</ele></trkpt>
      <trkpt lat="44.719503" lon="9.258698"><ele>1376.5</ele></trkpt>
      <trkpt lat="44.719463" lon="9.258680"><ele>1376.3</ele></trkpt>
      <trkpt lat="44.719432" lon="9.258642"><ele>1376.2</ele></trkpt>
      <trkpt lat="44.719395" lon="9.258620"><ele>1376.1</ele></trkpt>
      <trkpt lat="44.719353" lon="9.258608"><ele>1376.0</ele></trkpt>
      <trkpt lat="44.719308" lon="9.258603"><ele>1375.9</ele></trkpt>
      <trkpt lat="44.719265" lon="9.258603"><ele>1375.8</ele></trkpt>
      <trkpt lat="44.719223" lon="9.258610"><ele>1375.7</ele></trkpt>
      <trkpt lat="44.719178" lon="9.258618"><ele>1375.7</ele></trkpt>
      <trkpt lat="44.719128" lon="9.258622"><ele>1375.6</ele></trkpt>
      <trkpt lat="44.719078" lon="9.258622"><ele>1375.6</ele></trkpt>
      <trkpt lat="44.719027" lon="9.258613"><ele>1375.6</ele></trkpt>
      <trkpt lat="44.718985" lon="9.258613"><ele>1375.6</ele></trkpt>
      <trkpt lat="44.718935" lon="9.258610"><ele>1375.7</ele></trkpt>
      <trkpt lat="44.718902" lon="9.258603"><ele>1375.8</ele></trkpt>
      <trkpt lat="44.718870" lon="9.258593"><ele>1375.9</ele></trkpt>
      <trkpt lat="44.718847" lon="9.258583"><ele>1375.9</ele></trkpt>
      <trkpt lat="44.718820" lon="9.258572"><ele>1376.0</ele></trkpt>
      <trkpt lat="44.718800" lon="9.258557"><ele>1376.1</ele></trkpt>
      <trkpt lat="44.718772" lon="9.258548"><ele>1376.2</ele></trkpt>
      <trkpt lat="44.718743" lon="9.258540"><ele>1376.3</ele></trkpt>
      <trkpt lat="44.718717" lon="9.258538"><ele>1376.4</ele></trkpt>
      <trkpt lat="44.718690" lon="9.258537"><ele>1376.6</ele></trkpt>
      <trkpt lat="44.718665" lon="9.258522"><ele>1376.7</ele></trkpt>
      <trkpt lat="44.718642" lon="9.258513"><ele>1376.9</ele></trkpt>
      <trkpt lat="44.718612" lon="9.258505"><ele>1377.1</ele></trkpt>
      <trkpt lat="44.718585" lon="9.258510"><ele>1377.3</ele></trkpt>
      <trkpt lat="44.718558" lon="9.258512"><ele>1377.5</ele></trkpt>
      <trkpt lat="44.718535" lon="9.258505"><ele>1377.7</ele></trkpt>
      <trkpt lat="44.718510" lon="9.258493"><ele>1377.9</ele></trkpt>
      <trkpt lat="44.718492" lon="9.258485"><ele>1378.1</ele></trkpt>
      <trkpt lat="44.718470" lon="9.258468"><ele>1378.3</ele></trkpt>
      <trkpt lat="44.718448" lon="9.258467"><ele>1378.5</ele></trkpt>
      <trkpt lat="44.718423" lon="9.258463"><ele>1378.8</ele></trkpt>
      <trkpt lat="44.718402" lon="9.258455"><ele>1378.9</ele></trkpt>
      <trkpt lat="44.718380" lon="9.258445"><ele>1379.2</ele></trkpt>
      <trkpt lat="44.718357" lon="9.258442"><ele>1379.4</ele></trkpt>
      <trkpt lat="44.718329" lon="9.258430"><ele>1379.7</ele></trkpt>
      <trkpt lat="44.718320" lon="9.258426"><ele>1379.8</ele></trkpt>
      <trkpt lat="44.718303" lon="9.258417"><ele>1379.9</ele></trkpt>
      <trkpt lat="44.718287" lon="9.258412"><ele>1380.1</ele></trkpt>
      <trkpt lat="44.718270" lon="9.258407"><ele>1380.3</ele></trkpt>
      <trkpt lat="44.718250" lon="9.258405"><ele>1380.5</ele></trkpt>
      <trkpt lat="44.718235" lon="9.258398"><ele>1380.6</ele></trkpt>
      <trkpt lat="44.718220" lon="9.258387"><ele>1380.8</ele></trkpt>
      <trkpt lat="44.718208" lon="9.258382"><ele>1380.9</ele></trkpt>
      <trkpt lat="44.718193" lon="9.258375"><ele>1381.1</ele></trkpt>
      <trkpt lat="44.718180" lon="9.258368"><ele>1381.2</ele></trkpt>
      <trkpt lat="44.718155" lon="9.258358"><ele>1381.4</ele></trkpt>
      <trkpt lat="44.718133" lon="9.258352"><ele>1381.7</ele></trkpt>
      <trkpt lat="44.718112" lon="9.258347"><ele>1381.9</ele></trkpt>
      <trkpt lat="44.718095" lon="9.258340"><ele>1382.0</ele></trkpt>
      <trkpt lat="44.718078" lon="9.258338"><ele>1382.2</ele></trkpt>
      <trkpt lat="44.718065" lon="9.258340"><ele>1382.3</ele></trkpt>
      <trkpt lat="44.718050" lon="9.258342"><ele>1382.4</ele></trkpt>
      <trkpt lat="44.718027" lon="9.258338"><ele>1382.6</ele></trkpt>
      <trkpt lat="44.718012" lon="9.258337"><ele>1382.8</ele></trkpt>
      <trkpt lat="44.718000" lon="9.258337"><ele>1382.9</ele></trkpt>
      <trkpt lat="44.717985" lon="9.258342"><ele>1383.0</ele></trkpt>
      <trkpt lat="44.717970" lon="9.258345"><ele>1383.1</ele></trkpt>
      <trkpt lat="44.717952" lon="9.258340"><ele>1383.3</ele></trkpt>
      <trkpt lat="44.717935" lon="9.258332"><ele>1383.4</ele></trkpt>
      <trkpt lat="44.717912" lon="9.258330"><ele>1383.6</ele></trkpt>
      <trkpt lat="44.717887" lon="9.258332"><ele>1383.7</ele></trkpt>
      <trkpt lat="44.717854" lon="9.258333"><ele>1384.0</ele></trkpt>
      <trkpt lat="44.717845" lon="9.258333"><ele>1384.0</ele></trkpt>
      <trkpt lat="44.717827" lon="9.258337"><ele>1384.1</ele></trkpt>
      <trkpt lat="44.717808" lon="9.258335"><ele>1384.3</ele></trkpt>
      <trkpt lat="44.717777" lon="9.258335"><ele>1384.4</ele></trkpt>
      <trkpt lat="44.717753" lon="9.258333"><ele>1384.6</ele></trkpt>
      <trkpt lat="44.717728" lon="9.258337"><ele>1384.7</ele></trkpt>
      <trkpt lat="44.717705" lon="9.258347"><ele>1384.8</ele></trkpt>
      <trkpt lat="44.717685" lon="9.258355"><ele>1384.9</ele></trkpt>
      <trkpt lat="44.717670" lon="9.258368"><ele>1385.0</ele></trkpt>
      <trkpt lat="44.717663" lon="9.258370"><ele>1385.0</ele></trkpt>
      <trkpt lat="44.717655" lon="9.258375"><ele>1385.1</ele></trkpt>
      <trkpt lat="44.717643" lon="9.258378"><ele>1385.1</ele></trkpt>
      <trkpt lat="44.717620" lon="9.258387"><ele>1385.2</ele></trkpt>
      <trkpt lat="44.717598" lon="9.258395"><ele>1385.3</ele></trkpt>
      <trkpt lat="44.717567" lon="9.258403"><ele>1385.4</ele></trkpt>
      <trkpt lat="44.717538" lon="9.258400"><ele>1385.5</ele></trkpt>
      <trkpt lat="44.717507" lon="9.258400"><ele>1385.6</ele></trkpt>
      <trkpt lat="44.717470" lon="9.258412"><ele>1385.7</ele></trkpt>
      <trkpt lat="44.717427" lon="9.258420"><ele>1385.8</ele></trkpt>
      <trkpt lat="44.717393" lon="9.258435"><ele>1385.9</ele></trkpt>
      <trkpt lat="44.717368" lon="9.258448"><ele>1385.9</ele></trkpt>
      <trkpt lat="44.717347" lon="9.258453"><ele>1386.0</ele></trkpt>
      <trkpt lat="44.717328" lon="9.258467"><ele>1386.0</ele></trkpt>
      <trkpt lat="44.717308" lon="9.258473"><ele>1386.0</ele></trkpt>
      <trkpt lat="44.717287" lon="9.258495"><ele>1386.0</ele></trkpt>
      <trkpt lat="44.717260" lon="9.258512"><ele>1386.1</ele></trkpt>
      <trkpt lat="44.717230" lon="9.258527"><ele>1386.1</ele></trkpt>
      <trkpt lat="44.717203" lon="9.258543"><ele>1386.1</ele></trkpt>
      <trkpt lat="44.717165" lon="9.258570"><ele>1386.2</ele></trkpt>
      <trkpt lat="44.717130" lon="9.258608"><ele>1386.2</ele></trkpt>
      <trkpt lat="44.717102" lon="9.258633"><ele>1386.2</ele></trkpt>
      <trkpt lat="44.717075" lon="9.258650"><ele>1386.2</ele></trkpt>
      <trkpt lat="44.717050" lon="9.258660"><ele>1386.3</ele></trkpt>
      <trkpt lat="44.717027" lon="9.258673"><ele>1386.3</ele></trkpt>
      <trkpt lat="44.717003" lon="9.258693"><ele>1386.3</ele></trkpt>
      <trkpt lat="44.716982" lon="9.258707"><ele>1386.3</ele></trkpt>
      <trkpt lat="44.716960" lon="9.258725"><ele>1386.3</ele></trkpt>
      <trkpt lat="44.716937" lon="9.258748"><ele>1386.3</ele></trkpt>
      <trkpt lat="44.716928" lon="9.258757"><ele>1386.3</ele></trkpt>
      <trkpt lat="44.716908" lon="9.258773"><ele>1386.3</ele></trkpt>
      <trkpt lat="44.716883" lon="9.258798"><ele>1386.3</ele></trkpt>
      <trkpt lat="44.716855" lon="9.258825"><ele>1386.2</ele></trkpt>
      <trkpt lat="44.716825" lon="9.258848"><ele>1386.2</ele></trkpt>
      <trkpt lat="44.716805" lon="9.258870"><ele>1386.2</ele></trkpt>
      <trkpt lat="44.716783" lon="9.258893"><ele>1386.1</ele></trkpt>
      <trkpt lat="44.716768" lon="9.258908"><ele>1386.1</ele></trkpt>
      <trkpt lat="44.716750" lon="9.258932"><ele>1386.1</ele></trkpt>
      <trkpt lat="44.716729" lon="9.258961"><ele>1386.0</ele></trkpt>
      <trkpt lat="44.716720" lon="9.258973"><ele>1386.0</ele></trkpt>
      <trkpt lat="44.716697" lon="9.258988"><ele>1386.0</ele></trkpt>
      <trkpt lat="44.716667" lon="9.259002"><ele>1385.9</ele></trkpt>
      <trkpt lat="44.716638" lon="9.259017"><ele>1385.9</ele></trkpt>
      <trkpt lat="44.716605" lon="9.259023"><ele>1385.8</ele></trkpt>
      <trkpt lat="44.716580" lon="9.259027"><ele>1385.8</ele></trkpt>
      <trkpt lat="44.716550" lon="9.259042"><ele>1385.7</ele></trkpt>
      <trkpt lat="44.716522" lon="9.259057"><ele>1385.6</ele></trkpt>
      <trkpt lat="44.716493" lon="9.259078"><ele>1385.6</ele></trkpt>
      <trkpt lat="44.716462" lon="9.259102"><ele>1385.5</ele></trkpt>
      <trkpt lat="44.716425" lon="9.259123"><ele>1385.5</ele></trkpt>
      <trkpt lat="44.716393" lon="9.259140"><ele>1385.4</ele></trkpt>
      <trkpt lat="44.716345" lon="9.259175"><ele>1385.3</ele></trkpt>
      <trkpt lat="44.716328" lon="9.259190"><ele>1385.2</ele></trkpt>
      <trkpt lat="44.716290" lon="9.259220"><ele>1385.1</ele></trkpt>
      <trkpt lat="44.716255" lon="9.259240"><ele>1385.0</ele></trkpt>
      <trkpt lat="44.716225" lon="9.259258"><ele>1384.9</ele></trkpt>
      <trkpt lat="44.716190" lon="9.259285"><ele>1384.8</ele></trkpt>
      <trkpt lat="44.716158" lon="9.259307"><ele>1384.7</ele></trkpt>
      <trkpt lat="44.716123" lon="9.259327"><ele>1384.7</ele></trkpt>
      <trkpt lat="44.716085" lon="9.259358"><ele>1384.6</ele></trkpt>
      <trkpt lat="44.716055" lon="9.259388"><ele>1384.6</ele></trkpt>
      <trkpt lat="44.716022" lon="9.259427"><ele>1384.5</ele></trkpt>
      <trkpt lat="44.715995" lon="9.259465"><ele>1384.5</ele></trkpt>
      <trkpt lat="44.715980" lon="9.259507"><ele>1384.5</ele></trkpt>
      <trkpt lat="44.715955" lon="9.259557"><ele>1384.6</ele></trkpt>
      <trkpt lat="44.715940" lon="9.259600"><ele>1384.7</ele></trkpt>
      <trkpt lat="44.715928" lon="9.259640"><ele>1384.8</ele></trkpt>
      <trkpt lat="44.715923" lon="9.259677"><ele>1384.8</ele></trkpt>
      <trkpt lat="44.715912" lon="9.259723"><ele>1384.9</ele></trkpt>
      <trkpt lat="44.715900" lon="9.259767"><ele>1385.1</ele></trkpt>
      <trkpt lat="44.715885" lon="9.259808"><ele>1385.2</ele></trkpt>
      <trkpt lat="44.715882" lon="9.259838"><ele>1385.3</ele></trkpt>
      <trkpt lat="44.715880" lon="9.259865"><ele>1385.3</ele></trkpt>
      <trkpt lat="44.715875" lon="9.259892"><ele>1385.4</ele></trkpt>
      <trkpt lat="44.715870" lon="9.259917"><ele>1385.5</ele></trkpt>
      <trkpt lat="44.715858" lon="9.259977"><ele>1385.7</ele></trkpt>
      <trkpt lat="44.715855" lon="9.260000"><ele>1385.7</ele></trkpt>
      <trkpt lat="44.715840" lon="9.260045"><ele>1385.9</ele></trkpt>
      <trkpt lat="44.715820" lon="9.260102"><ele>1386.0</ele></trkpt>
      <trkpt lat="44.715803" lon="9.260153"><ele>1386.1</ele></trkpt>
      <trkpt lat="44.715785" lon="9.260218"><ele>1386.3</ele></trkpt>
      <trkpt lat="44.715775" lon="9.260263"><ele>1386.4</ele></trkpt>
      <trkpt lat="44.715760" lon="9.260312"><ele>1386.6</ele></trkpt>
      <trkpt lat="44.715748" lon="9.260352"><ele>1386.7</ele></trkpt>
      <trkpt lat="44.715732" lon="9.260392"><ele>1386.8</ele></trkpt>
      <trkpt lat="44.715713" lon="9.260428"><ele>1386.9</ele></trkpt>
      <trkpt lat="44.715693" lon="9.260462"><ele>1387.0</ele></trkpt>
      <trkpt lat="44.715667" lon="9.260497"><ele>1387.2</ele></trkpt>
      <trkpt lat="44.715638" lon="9.260530"><ele>1387.3</ele></trkpt>
      <trkpt lat="44.715612" lon="9.260558"><ele>1387.4</ele></trkpt>
      <trkpt lat="44.715580" lon="9.260582"><ele>1387.5</ele></trkpt>
      <trkpt lat="44.715548" lon="9.260595"><ele>1387.6</ele></trkpt>
      <trkpt lat="44.715518" lon="9.260600"><ele>1387.7</ele></trkpt>
      <trkpt lat="44.715483" lon="9.260602"><ele>1387.8</ele></trkpt>
      <trkpt lat="44.715447" lon="9.260595"><ele>1387.8</ele></trkpt>
      <trkpt lat="44.715408" lon="9.260595"><ele>1387.9</ele></trkpt>
      <trkpt lat="44.715377" lon="9.260605"><ele>1387.9</ele></trkpt>
      <trkpt lat="44.715340" lon="9.260620"><ele>1387.9</ele></trkpt>
      <trkpt lat="44.715308" lon="9.260627"><ele>1387.9</ele></trkpt>
      <trkpt lat="44.715282" lon="9.260633"><ele>1387.9</ele></trkpt>
      <trkpt lat="44.715250" lon="9.260635"><ele>1387.9</ele></trkpt>
      <trkpt lat="44.715222" lon="9.260642"><ele>1387.9</ele></trkpt>
      <trkpt lat="44.715195" lon="9.260648"><ele>1387.9</ele></trkpt>
      <trkpt lat="44.715168" lon="9.260662"><ele>1387.8</ele></trkpt>
      <trkpt lat="44.715125" lon="9.260685"><ele>1387.7</ele></trkpt>
      <trkpt lat="44.715082" lon="9.260703"><ele>1387.6</ele></trkpt>
      <trkpt lat="44.715038" lon="9.260720"><ele>1387.5</ele></trkpt>
      <trkpt lat="44.714998" lon="9.260733"><ele>1387.4</ele></trkpt>
      <trkpt lat="44.714953" lon="9.260755"><ele>1387.2</ele></trkpt>
      <trkpt lat="44.714902" lon="9.260768"><ele>1387.0</ele></trkpt>
      <trkpt lat="44.714853" lon="9.260787"><ele>1386.8</ele></trkpt>
      <trkpt lat="44.714807" lon="9.260805"><ele>1386.7</ele></trkpt>
      <trkpt lat="44.714753" lon="9.260820"><ele>1386.4</ele></trkpt>
      <trkpt lat="44.714708" lon="9.260833"><ele>1386.3</ele></trkpt>
      <trkpt lat="44.714662" lon="9.260842"><ele>1386.1</ele></trkpt>
      <trkpt lat="44.714618" lon="9.260852"><ele>1385.9</ele></trkpt>
      <trkpt lat="44.714575" lon="9.260868"><ele>1385.7</ele></trkpt>
      <trkpt lat="44.714532" lon="9.260875"><ele>1385.5</ele></trkpt>
      <trkpt lat="44.714492" lon="9.260882"><ele>1385.3</ele></trkpt>
      <trkpt lat="44.714442" lon="9.260888"><ele>1385.0</ele></trkpt>
      <trkpt lat="44.714393" lon="9.260890"><ele>1384.7</ele></trkpt>
      <trkpt lat="44.714345" lon="9.260898"><ele>1384.4</ele></trkpt>
      <trkpt lat="44.714295" lon="9.260902"><ele>1384.1</ele></trkpt>
      <trkpt lat="44.714252" lon="9.260893"><ele>1383.8</ele></trkpt>
      <trkpt lat="44.714207" lon="9.260885"><ele>1383.6</ele></trkpt>
      <trkpt lat="44.714160" lon="9.260878"><ele>1383.3</ele></trkpt>
      <trkpt lat="44.714117" lon="9.260857"><ele>1383.0</ele></trkpt>
      <trkpt lat="44.714075" lon="9.260840"><ele>1382.7</ele></trkpt>
      <trkpt lat="44.713997" lon="9.260843"><ele>1382.3</ele></trkpt>
      <trkpt lat="44.713967" lon="9.260844"><ele>1382.1</ele></trkpt>
      <trkpt lat="44.713908" lon="9.260847"><ele>1381.8</ele></trkpt>
      <trkpt lat="44.713819" lon="9.260823"><ele>1381.3</ele></trkpt>
      <trkpt lat="44.713790" lon="9.260816"><ele>1381.2</ele></trkpt>
      <trkpt lat="44.713733" lon="9.260803"><ele>1380.9</ele></trkpt>
      <trkpt lat="44.713667" lon="9.260795"><ele>1380.6</ele></trkpt>
      <trkpt lat="44.713600" lon="9.260788"><ele>1380.3</ele></trkpt>
      <trkpt lat="44.713548" lon="9.260795"><ele>1380.0</ele></trkpt>
      <trkpt lat="44.713488" lon="9.260793"><ele>1379.7</ele></trkpt>
      <trkpt lat="44.713438" lon="9.260798"><ele>1379.5</ele></trkpt>
      <trkpt lat="44.713383" lon="9.260812"><ele>1379.2</ele></trkpt>
      <trkpt lat="44.713318" lon="9.260835"><ele>1378.8</ele></trkpt>
      <trkpt lat="44.713228" lon="9.260846"><ele>1378.3</ele></trkpt>
      <trkpt lat="44.713200" lon="9.260849"><ele>1378.2</ele></trkpt>
      <trkpt lat="44.713143" lon="9.260857"><ele>1377.9</ele></trkpt>
      <trkpt lat="44.713095" lon="9.260857"><ele>1377.7</ele></trkpt>
      <trkpt lat="44.713042" lon="9.260853"><ele>1377.4</ele></trkpt>
      <trkpt lat="44.712983" lon="9.260848"><ele>1377.2</ele></trkpt>
      <trkpt lat="44.712922" lon="9.260847"><ele>1377.0</ele></trkpt>
      <trkpt lat="44.712855" lon="9.260840"><ele>1376.8</ele></trkpt>
      <trkpt lat="44.712792" lon="9.260840"><ele>1376.6</ele></trkpt>
      <trkpt lat="44.712728" lon="9.260850"><ele>1376.4</ele></trkpt>
      <trkpt lat="44.712662" lon="9.260865"><ele>1376.1</ele></trkpt>
      <trkpt lat="44.712593" lon="9.260875"><ele>1375.9</ele></trkpt>
      <trkpt lat="44.712528" lon="9.260890"><ele>1375.6</ele></trkpt>
      <trkpt lat="44.712440" lon="9.260908"><ele>1375.2</ele></trkpt>
      <trkpt lat="44.712412" lon="9.260912"><ele>1375.0</ele></trkpt>
      <trkpt lat="44.712350" lon="9.260918"><ele>1374.7</ele></trkpt>
      <trkpt lat="44.712295" lon="9.260908"><ele>1374.4</ele></trkpt>
      <trkpt lat="44.712238" lon="9.260890"><ele>1374.1</ele></trkpt>
      <trkpt lat="44.712178" lon="9.260872"><ele>1373.7</ele></trkpt>
      <trkpt lat="44.712122" lon="9.260858"><ele>1373.4</ele></trkpt>
      <trkpt lat="44.712065" lon="9.260845"><ele>1373.1</ele></trkpt>
      <trkpt lat="44.712013" lon="9.260847"><ele>1372.8</ele></trkpt>
      <trkpt lat="44.711962" lon="9.260838"><ele>1372.5</ele></trkpt>
      <trkpt lat="44.711912" lon="9.260822"><ele>1372.2</ele></trkpt>
      <trkpt lat="44.711865" lon="9.260803"><ele>1371.9</ele></trkpt>
      <trkpt lat="44.711820" lon="9.260778"><ele>1371.5</ele></trkpt>
      <trkpt lat="44.711768" lon="9.260743"><ele>1371.1</ele></trkpt>
      <trkpt lat="44.711718" lon="9.260700"><ele>1370.7</ele></trkpt>
      <trkpt lat="44.711668" lon="9.260663"><ele>1370.3</ele></trkpt>
      <trkpt lat="44.711622" lon="9.260620"><ele>1369.9</ele></trkpt>
      <trkpt lat="44.711582" lon="9.260573"><ele>1369.5</ele></trkpt>
      <trkpt lat="44.711548" lon="9.260537"><ele>1369.2</ele></trkpt>
      <trkpt lat="44.711512" lon="9.260493"><ele>1368.9</ele></trkpt>
      <trkpt lat="44.711477" lon="9.260460"><ele>1368.6</ele></trkpt>
      <trkpt lat="44.711442" lon="9.260445"><ele>1368.3</ele></trkpt>
      <trkpt lat="44.711402" lon="9.260433"><ele>1368.0</ele></trkpt>
      <trkpt lat="44.711357" lon="9.260423"><ele>1367.6</ele></trkpt>
      <trkpt lat="44.711310" lon="9.260418"><ele>1367.2</ele></trkpt>
      <trkpt lat="44.711252" lon="9.260413"><ele>1366.7</ele></trkpt>
      <trkpt lat="44.711188" lon="9.260407"><ele>1366.2</ele></trkpt>
      <trkpt lat="44.711123" lon="9.260405"><ele>1365.7</ele></trkpt>
      <trkpt lat="44.711057" lon="9.260398"><ele>1365.2</ele></trkpt>
      <trkpt lat="44.710993" lon="9.260382"><ele>1364.7</ele></trkpt>
      <trkpt lat="44.710927" lon="9.260367"><ele>1364.2</ele></trkpt>
      <trkpt lat="44.710858" lon="9.260342"><ele>1363.6</ele></trkpt>
      <trkpt lat="44.710793" lon="9.260300"><ele>1363.0</ele></trkpt>
      <trkpt lat="44.710727" lon="9.260255"><ele>1362.4</ele></trkpt>
      <trkpt lat="44.710663" lon="9.260220"><ele>1361.8</ele></trkpt>
      <trkpt lat="44.710610" lon="9.260203"><ele>1361.3</ele></trkpt>
      <trkpt lat="44.710555" lon="9.260183"><ele>1360.8</ele></trkpt>
      <trkpt lat="44.710502" lon="9.260167"><ele>1360.3</ele></trkpt>
      <trkpt lat="44.710445" lon="9.260150"><ele>1359.8</ele></trkpt>
      <trkpt lat="44.710388" lon="9.260130"><ele>1359.2</ele></trkpt>
      <trkpt lat="44.710330" lon="9.260105"><ele>1358.7</ele></trkpt>
      <trkpt lat="44.710268" lon="9.260078"><ele>1358.1</ele></trkpt>
      <trkpt lat="44.710208" lon="9.260052"><ele>1357.5</ele></trkpt>
      <trkpt lat="44.710152" lon="9.260023"><ele>1356.9</ele></trkpt>
      <trkpt lat="44.710100" lon="9.259998"><ele>1356.4</ele></trkpt>
      <trkpt lat="44.710052" lon="9.259973"><ele>1355.9</ele></trkpt>
      <trkpt lat="44.710005" lon="9.259947"><ele>1355.4</ele></trkpt>
      <trkpt lat="44.709958" lon="9.259918"><ele>1354.9</ele></trkpt>
      <trkpt lat="44.709910" lon="9.259892"><ele>1354.4</ele></trkpt>
      <trkpt lat="44.709867" lon="9.259867"><ele>1354.0</ele></trkpt>
      <trkpt lat="44.709825" lon="9.259848"><ele>1353.6</ele></trkpt>
      <trkpt lat="44.709783" lon="9.259827"><ele>1353.2</ele></trkpt>
      <trkpt lat="44.709740" lon="9.259802"><ele>1352.8</ele></trkpt>
      <trkpt lat="44.709698" lon="9.259782"><ele>1352.4</ele></trkpt>
      <trkpt lat="44.709662" lon="9.259765"><ele>1352.0</ele></trkpt>
      <trkpt lat="44.709622" lon="9.259747"><ele>1351.6</ele></trkpt>
      <trkpt lat="44.709583" lon="9.259722"><ele>1351.2</ele></trkpt>
      <trkpt lat="44.709540" lon="9.259697"><ele>1350.8</ele></trkpt>
      <trkpt lat="44.709493" lon="9.259667"><ele>1350.3</ele></trkpt>
      <trkpt lat="44.709447" lon="9.259635"><ele>1349.8</ele></trkpt>
      <trkpt lat="44.709395" lon="9.259600"><ele>1349.3</ele></trkpt>
      <trkpt lat="44.709342" lon="9.259570"><ele>1348.8</ele></trkpt>
      <trkpt lat="44.709292" lon="9.259538"><ele>1348.3</ele></trkpt>
      <trkpt lat="44.709227" lon="9.259490"><ele>1347.7</ele></trkpt>
      <trkpt lat="44.709205" lon="9.259475"><ele>1347.5</ele></trkpt>
      <trkpt lat="44.709155" lon="9.259450"><ele>1347.1</ele></trkpt>
      <trkpt lat="44.709103" lon="9.259418"><ele>1346.7</ele></trkpt>
      <trkpt lat="44.709053" lon="9.259380"><ele>1346.3</ele></trkpt>
      <trkpt lat="44.709007" lon="9.259343"><ele>1346.3</ele></trkpt>
      <trkpt lat="44.708963" lon="9.259307"><ele>1346.3</ele></trkpt>
      <trkpt lat="44.708905" lon="9.259244"><ele>1346.4</ele></trkpt>
      <trkpt lat="44.708885" lon="9.259220"><ele>1346.5</ele></trkpt>
      <trkpt lat="44.708848" lon="9.259165"><ele>1346.6</ele></trkpt>
      <trkpt lat="44.708820" lon="9.259107"><ele>1346.8</ele></trkpt>
      <trkpt lat="44.708792" lon="9.259057"><ele>1346.7</ele></trkpt>
      <trkpt lat="44.708763" lon="9.259012"><ele>1346.6</ele></trkpt>
      <trkpt lat="44.708745" lon="9.258962"><ele>1346.5</ele></trkpt>
      <trkpt lat="44.708737" lon="9.258910"><ele>1346.4</ele></trkpt>
      <trkpt lat="44.708728" lon="9.258863"><ele>1346.3</ele></trkpt>
      <trkpt lat="44.708718" lon="9.258812"><ele>1346.2</ele></trkpt>
      <trkpt lat="44.708720" lon="9.258753"><ele>1346.2</ele></trkpt>
      <trkpt lat="44.708710" lon="9.258700"><ele>1346.2</ele></trkpt>
      <trkpt lat="44.708698" lon="9.258650"><ele>1346.1</ele></trkpt>
      <trkpt lat="44.708685" lon="9.258605"><ele>1346.1</ele></trkpt>
      <trkpt lat="44.708672" lon="9.258570"><ele>1346.1</ele></trkpt>
      <trkpt lat="44.708662" lon="9.258527"><ele>1346.1</ele></trkpt>
      <trkpt lat="44.708658" lon="9.258468"><ele>1346.1</ele></trkpt>
      <trkpt lat="44.708647" lon="9.258415"><ele>1346.1</ele></trkpt>
      <trkpt lat="44.708630" lon="9.258360"><ele>1346.1</ele></trkpt>
      <trkpt lat="44.708615" lon="9.258318"><ele>1346.1</ele></trkpt>
      <trkpt lat="44.708598" lon="9.258280"><ele>1346.2</ele></trkpt>
      <trkpt lat="44.708578" lon="9.258245"><ele>1346.2</ele></trkpt>
      <trkpt lat="44.708562" lon="9.258212"><ele>1346.2</ele></trkpt>
      <trkpt lat="44.708542" lon="9.258178"><ele>1346.2</ele></trkpt>
      <trkpt lat="44.708525" lon="9.258147"><ele>1346.2</ele></trkpt>
      <trkpt lat="44.708512" lon="9.258122"><ele>1346.2</ele></trkpt>
      <trkpt lat="44.708493" lon="9.258093"><ele>1346.3</ele></trkpt>
      <trkpt lat="44.708467" lon="9.258068"><ele>1346.3</ele></trkpt>
      <trkpt lat="44.708458" lon="9.258038"><ele>1346.3</ele></trkpt>
      <trkpt lat="44.708443" lon="9.258012"><ele>1346.4</ele></trkpt>
      <trkpt lat="44.708435" lon="9.257982"><ele>1346.4</ele></trkpt>
      <trkpt lat="44.708440" lon="9.257945"><ele>1346.4</ele></trkpt>
      <trkpt lat="44.708440" lon="9.257903"><ele>1346.5</ele></trkpt>
      <trkpt lat="44.708433" lon="9.257858"><ele>1346.5</ele></trkpt>
      <trkpt lat="44.708422" lon="9.257815"><ele>1346.6</ele></trkpt>
      <trkpt lat="44.708417" lon="9.257777"><ele>1346.6</ele></trkpt>
      <trkpt lat="44.708408" lon="9.257733"><ele>1346.7</ele></trkpt>
      <trkpt lat="44.708393" lon="9.257697"><ele>1346.7</ele></trkpt>
      <trkpt lat="44.708382" lon="9.257665"><ele>1346.8</ele></trkpt>
      <trkpt lat="44.708365" lon="9.257630"><ele>1346.8</ele></trkpt>
      <trkpt lat="44.708353" lon="9.257595"><ele>1346.9</ele></trkpt>
      <trkpt lat="44.708337" lon="9.257550"><ele>1346.9</ele></trkpt>
      <trkpt lat="44.708325" lon="9.257518"><ele>1347.0</ele></trkpt>
      <trkpt lat="44.708313" lon="9.257487"><ele>1347.0</ele></trkpt>
      <trkpt lat="44.708308" lon="9.257445"><ele>1347.1</ele></trkpt>
      <trkpt lat="44.708300" lon="9.257398"><ele>1347.1</ele></trkpt>
      <trkpt lat="44.708285" lon="9.257342"><ele>1347.2</ele></trkpt>
      <trkpt lat="44.708267" lon="9.257290"><ele>1347.2</ele></trkpt>
      <trkpt lat="44.708242" lon="9.257228"><ele>1347.3</ele></trkpt>
      <trkpt lat="44.708218" lon="9.257165"><ele>1347.3</ele></trkpt>
      <trkpt lat="44.708190" lon="9.257117"><ele>1347.3</ele></trkpt>
      <trkpt lat="44.708155" lon="9.257078"><ele>1347.3</ele></trkpt>
      <trkpt lat="44.708125" lon="9.257038"><ele>1347.3</ele></trkpt>
      <trkpt lat="44.708097" lon="9.256998"><ele>1347.3</ele></trkpt>
      <trkpt lat="44.708080" lon="9.256962"><ele>1347.3</ele></trkpt>
      <trkpt lat="44.708063" lon="9.256920"><ele>1347.3</ele></trkpt>
      <trkpt lat="44.708060" lon="9.256882"><ele>1347.3</ele></trkpt>
      <trkpt lat="44.708065" lon="9.256838"><ele>1347.4</ele></trkpt>
      <trkpt lat="44.708062" lon="9.256793"><ele>1347.4</ele></trkpt>
      <trkpt lat="44.708047" lon="9.256748"><ele>1347.4</ele></trkpt>
      <trkpt lat="44.708032" lon="9.256697"><ele>1347.4</ele></trkpt>
      <trkpt lat="44.708012" lon="9.256642"><ele>1347.4</ele></trkpt>
      <trkpt lat="44.707983" lon="9.256595"><ele>1347.4</ele></trkpt>
      <trkpt lat="44.707947" lon="9.256558"><ele>1347.5</ele></trkpt>
      <trkpt lat="44.707918" lon="9.256518"><ele>1347.5</ele></trkpt>
      <trkpt lat="44.707893" lon="9.256483"><ele>1347.6</ele></trkpt>
      <trkpt lat="44.707857" lon="9.256452"><ele>1347.6</ele></trkpt>
      <trkpt lat="44.707823" lon="9.256417"><ele>1347.7</ele></trkpt>
      <trkpt lat="44.707774" lon="9.256376"><ele>1347.9</ele></trkpt>
      <trkpt lat="44.707760" lon="9.256360"><ele>1347.9</ele></trkpt>
      <trkpt lat="44.707740" lon="9.256342"><ele>1348.0</ele></trkpt>
      <trkpt lat="44.707717" lon="9.256323"><ele>1348.1</ele></trkpt>
      <trkpt lat="44.707700" lon="9.256287"><ele>1348.2</ele></trkpt>
      <trkpt lat="44.707688" lon="9.256277"><ele>1348.2</ele></trkpt>
      <trkpt lat="44.707663" lon="9.256253"><ele>1348.3</ele></trkpt>
      <trkpt lat="44.707643" lon="9.256228"><ele>1348.5</ele></trkpt>
      <trkpt lat="44.707638" lon="9.256198"><ele>1348.6</ele></trkpt>
      <trkpt lat="44.707627" lon="9.256167"><ele>1348.7</ele></trkpt>
      <trkpt lat="44.707617" lon="9.256140"><ele>1348.8</ele></trkpt>
      <trkpt lat="44.707597" lon="9.256113"><ele>1348.9</ele></trkpt>
      <trkpt lat="44.707573" lon="9.256088"><ele>1349.0</ele></trkpt>
      <trkpt lat="44.707553" lon="9.256041"><ele>1349.2</ele></trkpt>
      <trkpt lat="44.707543" lon="9.256030"><ele>1349.2</ele></trkpt>
      <trkpt lat="44.707527" lon="9.256012"><ele>1349.3</ele></trkpt>
      <trkpt lat="44.707527" lon="9.255980"><ele>1349.4</ele></trkpt>
      <trkpt lat="44.707513" lon="9.255953"><ele>1349.5</ele></trkpt>
      <trkpt lat="44.707515" lon="9.255920"><ele>1349.6</ele></trkpt>
      <trkpt lat="44.707507" lon="9.255893"><ele>1349.7</ele></trkpt>
      <trkpt lat="44.707500" lon="9.255868"><ele>1349.8</ele></trkpt>
      <trkpt lat="44.707492" lon="9.255843"><ele>1349.9</ele></trkpt>
      <trkpt lat="44.707478" lon="9.255827"><ele>1350.0</ele></trkpt>
      <trkpt lat="44.707467" lon="9.255803"><ele>1350.1</ele></trkpt>
      <trkpt lat="44.707453" lon="9.255785"><ele>1350.2</ele></trkpt>
      <trkpt lat="44.707420" lon="9.255754"><ele>1350.3</ele></trkpt>
      <trkpt lat="44.707408" lon="9.255743"><ele>1350.4</ele></trkpt>
      <trkpt lat="44.707387" lon="9.255722"><ele>1350.5</ele></trkpt>
      <trkpt lat="44.707363" lon="9.255697"><ele>1350.7</ele></trkpt>
      <trkpt lat="44.707347" lon="9.255668"><ele>1350.8</ele></trkpt>
      <trkpt lat="44.707333" lon="9.255647"><ele>1351.0</ele></trkpt>
      <trkpt lat="44.707308" lon="9.255622"><ele>1351.1</ele></trkpt>
      <trkpt lat="44.707292" lon="9.255603"><ele>1351.2</ele></trkpt>
      <trkpt lat="44.707272" lon="9.255583"><ele>1351.4</ele></trkpt>
      <trkpt lat="44.707265" lon="9.255562"><ele>1351.5</ele></trkpt>
      <trkpt lat="44.707247" lon="9.255543"><ele>1351.6</ele></trkpt>
      <trkpt lat="44.707232" lon="9.255513"><ele>1351.7</ele></trkpt>
      <trkpt lat="44.707223" lon="9.255490"><ele>1351.8</ele></trkpt>
      <trkpt lat="44.707218" lon="9.255467"><ele>1351.9</ele></trkpt>
      <trkpt lat="44.707210" lon="9.255438"><ele>1352.0</ele></trkpt>
      <trkpt lat="44.707195" lon="9.255408"><ele>1352.2</ele></trkpt>
      <trkpt lat="44.707175" lon="9.255385"><ele>1352.3</ele></trkpt>
      <trkpt lat="44.707163" lon="9.255345"><ele>1352.5</ele></trkpt>
      <trkpt lat="44.707153" lon="9.255310"><ele>1352.6</ele></trkpt>
      <trkpt lat="44.707140" lon="9.255273"><ele>1352.7</ele></trkpt>
      <trkpt lat="44.707128" lon="9.255247"><ele>1352.8</ele></trkpt>
      <trkpt lat="44.707118" lon="9.255220"><ele>1352.9</ele></trkpt>
      <trkpt lat="44.707102" lon="9.255198"><ele>1353.1</ele></trkpt>
      <trkpt lat="44.707080" lon="9.255177"><ele>1353.2</ele></trkpt>
      <trkpt lat="44.707065" lon="9.255155"><ele>1353.3</ele></trkpt>
      <trkpt lat="44.707050" lon="9.255133"><ele>1353.4</ele></trkpt>
      <trkpt lat="44.707023" lon="9.255120"><ele>1353.5</ele></trkpt>
      <trkpt lat="44.706997" lon="9.255100"><ele>1353.7</ele></trkpt>
      <trkpt lat="44.706973" lon="9.255083"><ele>1353.8</ele></trkpt>
      <trkpt lat="44.706937" lon="9.255053"><ele>1354.0</ele></trkpt>
      <trkpt lat="44.706912" lon="9.255025"><ele>1354.2</ele></trkpt>
      <trkpt lat="44.706887" lon="9.254998"><ele>1354.3</ele></trkpt>
      <trkpt lat="44.706862" lon="9.254970"><ele>1354.5</ele></trkpt>
      <trkpt lat="44.706838" lon="9.254943"><ele>1354.6</ele></trkpt>
      <trkpt lat="44.706820" lon="9.254927"><ele>1354.7</ele></trkpt>
      <trkpt lat="44.706808" lon="9.254908"><ele>1354.8</ele></trkpt>
      <trkpt lat="44.706793" lon="9.254887"><ele>1354.9</ele></trkpt>
      <trkpt lat="44.706777" lon="9.254872"><ele>1355.0</ele></trkpt>
      <trkpt lat="44.706755" lon="9.254857"><ele>1355.1</ele></trkpt>
      <trkpt lat="44.706735" lon="9.254850"><ele>1355.2</ele></trkpt>
      <trkpt lat="44.706712" lon="9.254842"><ele>1355.3</ele></trkpt>
      <trkpt lat="44.706685" lon="9.254837"><ele>1355.4</ele></trkpt>
      <trkpt lat="44.706665" lon="9.254828"><ele>1355.5</ele></trkpt>
      <trkpt lat="44.706648" lon="9.254820"><ele>1355.6</ele></trkpt>
      <trkpt lat="44.706633" lon="9.254812"><ele>1355.7</ele></trkpt>
      <trkpt lat="44.706613" lon="9.254798"><ele>1355.8</ele></trkpt>
      <trkpt lat="44.706595" lon="9.254782"><ele>1355.9</ele></trkpt>
      <trkpt lat="44.706582" lon="9.254767"><ele>1356.0</ele></trkpt>
      <trkpt lat="44.706573" lon="9.254757"><ele>1356.0</ele></trkpt>
      <trkpt lat="44.706565" lon="9.254747"><ele>1356.1</ele></trkpt>
      <trkpt lat="44.706557" lon="9.254740"><ele>1356.1</ele></trkpt>
      <trkpt lat="44.706547" lon="9.254728"><ele>1356.2</ele></trkpt>
      <trkpt lat="44.706530" lon="9.254720"><ele>1356.3</ele></trkpt>
      <trkpt lat="44.706512" lon="9.254713"><ele>1356.4</ele></trkpt>
      <trkpt lat="44.706498" lon="9.254705"><ele>1356.5</ele></trkpt>
      <trkpt lat="44.706488" lon="9.254700"><ele>1356.5</ele></trkpt>
      <trkpt lat="44.706482" lon="9.254698"><ele>1356.6</ele></trkpt>
      <trkpt lat="44.706470" lon="9.254695"><ele>1356.6</ele></trkpt>
      <trkpt lat="44.706452" lon="9.254698"><ele>1356.7</ele></trkpt>
      <trkpt lat="44.706428" lon="9.254698"><ele>1356.8</ele></trkpt>
      <trkpt lat="44.706407" lon="9.254703"><ele>1356.9</ele></trkpt>
      <trkpt lat="44.706392" lon="9.254703"><ele>1357.0</ele></trkpt>
      <trkpt lat="44.706380" lon="9.254703"><ele>1357.1</ele></trkpt>
      <trkpt lat="44.706360" lon="9.254705"><ele>1357.2</ele></trkpt>
      <trkpt lat="44.706342" lon="9.254707"><ele>1357.4</ele></trkpt>
      <trkpt lat="44.706312" lon="9.254707"><ele>1357.5</ele></trkpt>
      <trkpt lat="44.706303" lon="9.254707"><ele>1357.6</ele></trkpt>
      <trkpt lat="44.706282" lon="9.254708"><ele>1357.7</ele></trkpt>
      <trkpt lat="44.706258" lon="9.254710"><ele>1357.9</ele></trkpt>
      <trkpt lat="44.706237" lon="9.254708"><ele>1358.0</ele></trkpt>
      <trkpt lat="44.706215" lon="9.254708"><ele>1358.2</ele></trkpt>
      <trkpt lat="44.706197" lon="9.254705"><ele>1358.3</ele></trkpt>
      <trkpt lat="44.706182" lon="9.254705"><ele>1358.3</ele></trkpt>
      <trkpt lat="44.706165" lon="9.254705"><ele>1358.4</ele></trkpt>
      <trkpt lat="44.706148" lon="9.254700"><ele>1358.5</ele></trkpt>
      <trkpt lat="44.706132" lon="9.254700"><ele>1358.6</ele></trkpt>
      <trkpt lat="44.706107" lon="9.254708"><ele>1358.7</ele></trkpt>
      <trkpt lat="44.706072" lon="9.254715"><ele>1358.9</ele></trkpt>
      <trkpt lat="44.706040" lon="9.254725"><ele>1359.1</ele></trkpt>
      <trkpt lat="44.706012" lon="9.254720"><ele>1359.2</ele></trkpt>
      <trkpt lat="44.705990" lon="9.254717"><ele>1359.3</ele></trkpt>
      <trkpt lat="44.705962" lon="9.254715"><ele>1359.4</ele></trkpt>
      <trkpt lat="44.705935" lon="9.254713"><ele>1359.5</ele></trkpt>
      <trkpt lat="44.705908" lon="9.254710"><ele>1359.6</ele></trkpt>
      <trkpt lat="44.705880" lon="9.254710"><ele>1359.8</ele></trkpt>
      <trkpt lat="44.705855" lon="9.254715"><ele>1359.9</ele></trkpt>
      <trkpt lat="44.705830" lon="9.254718"><ele>1360.0</ele></trkpt>
      <trkpt lat="44.705795" lon="9.254730"><ele>1360.2</ele></trkpt>
      <trkpt lat="44.705768" lon="9.254738"><ele>1360.3</ele></trkpt>
      <trkpt lat="44.705740" lon="9.254753"><ele>1360.4</ele></trkpt>
      <trkpt lat="44.705713" lon="9.254767"><ele>1360.6</ele></trkpt>
      <trkpt lat="44.705687" lon="9.254775"><ele>1360.7</ele></trkpt>
      <trkpt lat="44.705657" lon="9.254787"><ele>1360.9</ele></trkpt>
      <trkpt lat="44.705625" lon="9.254805"><ele>1361.0</ele></trkpt>
      <trkpt lat="44.705590" lon="9.254813"><ele>1361.2</ele></trkpt>
      <trkpt lat="44.705558" lon="9.254818"><ele>1361.4</ele></trkpt>
      <trkpt lat="44.705530" lon="9.254813"><ele>1361.6</ele></trkpt>
      <trkpt lat="44.705505" lon="9.254808"><ele>1361.7</ele></trkpt>
      <trkpt lat="44.705483" lon="9.254798"><ele>1361.8</ele></trkpt>
      <trkpt lat="44.705458" lon="9.254785"><ele>1362.0</ele></trkpt>
      <trkpt lat="44.705435" lon="9.254773"><ele>1362.2</ele></trkpt>
      <trkpt lat="44.705413" lon="9.254757"><ele>1362.4</ele></trkpt>
      <trkpt lat="44.705400" lon="9.254757"><ele>1362.5</ele></trkpt>
      <trkpt lat="44.705388" lon="9.254750"><ele>1362.5</ele></trkpt>
      <trkpt lat="44.705378" lon="9.254747"><ele>1362.6</ele></trkpt>
      <trkpt lat="44.705365" lon="9.254752"><ele>1362.7</ele></trkpt>
      <trkpt lat="44.705337" lon="9.254752"><ele>1363.0</ele></trkpt>
      <trkpt lat="44.705320" lon="9.254753"><ele>1363.1</ele></trkpt>
      <trkpt lat="44.705298" lon="9.254748"><ele>1363.3</ele></trkpt>
      <trkpt lat="44.705273" lon="9.254743"><ele>1363.6</ele></trkpt>
      <trkpt lat="44.705250" lon="9.254738"><ele>1363.8</ele></trkpt>
      <trkpt lat="44.705238" lon="9.254733"><ele>1363.9</ele></trkpt>
      <trkpt lat="44.705220" lon="9.254722"><ele>1364.1</ele></trkpt>
      <trkpt lat="44.705195" lon="9.254715"><ele>1364.3</ele></trkpt>
      <trkpt lat="44.705177" lon="9.254708"><ele>1364.5</ele></trkpt>
      <trkpt lat="44.705157" lon="9.254703"><ele>1364.7</ele></trkpt>
      <trkpt lat="44.705143" lon="9.254690"><ele>1364.9</ele></trkpt>
      <trkpt lat="44.705133" lon="9.254678"><ele>1365.0</ele></trkpt>
      <trkpt lat="44.705123" lon="9.254673"><ele>1365.2</ele></trkpt>
      <trkpt lat="44.705113" lon="9.254672"><ele>1365.3</ele></trkpt>
      <trkpt lat="44.705102" lon="9.254682"><ele>1365.4</ele></trkpt>
      <trkpt lat="44.705080" lon="9.254692"><ele>1365.7</ele></trkpt>
      <trkpt lat="44.705058" lon="9.254698"><ele>1365.9</ele></trkpt>
      <trkpt lat="44.705038" lon="9.254697"><ele>1366.2</ele></trkpt>
      <trkpt lat="44.705023" lon="9.254688"><ele>1366.4</ele></trkpt>
      <trkpt lat="44.705002" lon="9.254678"><ele>1366.6</ele></trkpt>
      <trkpt lat="44.704980" lon="9.254678"><ele>1366.9</ele></trkpt>
      <trkpt lat="44.704968" lon="9.254675"><ele>1367.0</ele></trkpt>
      <trkpt lat="44.704945" lon="9.254695"><ele>1367.3</ele></trkpt>
      <trkpt lat="44.704923" lon="9.254708"><ele>1367.6</ele></trkpt>
      <trkpt lat="44.704900" lon="9.254720"><ele>1367.9</ele></trkpt>
      <trkpt lat="44.704882" lon="9.254728"><ele>1368.1</ele></trkpt>
      <trkpt lat="44.704865" lon="9.254738"><ele>1368.4</ele></trkpt>
      <trkpt lat="44.704853" lon="9.254738"><ele>1368.5</ele></trkpt>
      <trkpt lat="44.704847" lon="9.254740"><ele>1368.6</ele></trkpt>
      <trkpt lat="44.704835" lon="9.254747"><ele>1368.7</ele></trkpt>
      <trkpt lat="44.704822" lon="9.254757"><ele>1368.9</ele></trkpt>
      <trkpt lat="44.704795" lon="9.254773"><ele>1369.2</ele></trkpt>
      <trkpt lat="44.704773" lon="9.254785"><ele>1369.4</ele></trkpt>
      <trkpt lat="44.704755" lon="9.254798"><ele>1369.6</ele></trkpt>
      <trkpt lat="44.704735" lon="9.254807"><ele>1369.8</ele></trkpt>
      <trkpt lat="44.704717" lon="9.254808"><ele>1370.0</ele></trkpt>
      <trkpt lat="44.704695" lon="9.254807"><ele>1370.2</ele></trkpt>
      <trkpt lat="44.704672" lon="9.254812"><ele>1370.4</ele></trkpt>
      <trkpt lat="44.704652" lon="9.254823"><ele>1370.6</ele></trkpt>
      <trkpt lat="44.704637" lon="9.254837"><ele>1370.8</ele></trkpt>
      <trkpt lat="44.704623" lon="9.254850"><ele>1370.9</ele></trkpt>
      <trkpt lat="44.704613" lon="9.254855"><ele>1371.0</ele></trkpt>
      <trkpt lat="44.704603" lon="9.254860"><ele>1371.1</ele></trkpt>
      <trkpt lat="44.704592" lon="9.254868"><ele>1371.2</ele></trkpt>
      <trkpt lat="44.704583" lon="9.254868"><ele>1371.2</ele></trkpt>
      <trkpt lat="44.704577" lon="9.254868"><ele>1371.3</ele></trkpt>
      <trkpt lat="44.704567" lon="9.254867"><ele>1371.4</ele></trkpt>
      <trkpt lat="44.704543" lon="9.254867"><ele>1371.6</ele></trkpt>
      <trkpt lat="44.704523" lon="9.254877"><ele>1371.7</ele></trkpt>
      <trkpt lat="44.704512" lon="9.254880"><ele>1371.8</ele></trkpt>
      <trkpt lat="44.704503" lon="9.254885"><ele>1371.9</ele></trkpt>
      <trkpt lat="44.704495" lon="9.254895"><ele>1372.0</ele></trkpt>
      <trkpt lat="44.704485" lon="9.254895"><ele>1372.0</ele></trkpt>
      <trkpt lat="44.704473" lon="9.254898"><ele>1372.1</ele></trkpt>
      <trkpt lat="44.704465" lon="9.254902"><ele>1372.2</ele></trkpt>
      <trkpt lat="44.704458" lon="9.254900"><ele>1372.2</ele></trkpt>
      <trkpt lat="44.704452" lon="9.254900"><ele>1372.3</ele></trkpt>
      <trkpt lat="44.704442" lon="9.254902"><ele>1372.4</ele></trkpt>
      <trkpt lat="44.704425" lon="9.254905"><ele>1372.5</ele></trkpt>
      <trkpt lat="44.704385" lon="9.254895"><ele>1372.8</ele></trkpt>
      <trkpt lat="44.704358" lon="9.254897"><ele>1373.0</ele></trkpt>
      <trkpt lat="44.704343" lon="9.254900"><ele>1373.1</ele></trkpt>
      <trkpt lat="44.704325" lon="9.254905"><ele>1373.3</ele></trkpt>
      <trkpt lat="44.704307" lon="9.254908"><ele>1373.4</ele></trkpt>
      <trkpt lat="44.704292" lon="9.254908"><ele>1373.5</ele></trkpt>
      <trkpt lat="44.704277" lon="9.254910"><ele>1373.6</ele></trkpt>
      <trkpt lat="44.704263" lon="9.254917"><ele>1373.7</ele></trkpt>
      <trkpt lat="44.704248" lon="9.254920"><ele>1373.8</ele></trkpt>
      <trkpt lat="44.704227" lon="9.254933"><ele>1373.9</ele></trkpt>
      <trkpt lat="44.704200" lon="9.254950"><ele>1374.1</ele></trkpt>
      <trkpt lat="44.704170" lon="9.254967"><ele>1374.2</ele></trkpt>
      <trkpt lat="44.704142" lon="9.254990"><ele>1374.4</ele></trkpt>
      <trkpt lat="44.704118" lon="9.255000"><ele>1374.5</ele></trkpt>
      <trkpt lat="44.704098" lon="9.255007"><ele>1374.6</ele></trkpt>
      <trkpt lat="44.704083" lon="9.255010"><ele>1374.7</ele></trkpt>
      <trkpt lat="44.704072" lon="9.254998"><ele>1374.8</ele></trkpt>
      <trkpt lat="44.704053" lon="9.254987"><ele>1374.8</ele></trkpt>
      <trkpt lat="44.704035" lon="9.254983"><ele>1374.9</ele></trkpt>
      <trkpt lat="44.704015" lon="9.254987"><ele>1375.0</ele></trkpt>
      <trkpt lat="44.704000" lon="9.254998"><ele>1375.0</ele></trkpt>
      <trkpt lat="44.703985" lon="9.255010"><ele>1375.1</ele></trkpt>
      <trkpt lat="44.703972" lon="9.255023"><ele>1375.2</ele></trkpt>
      <trkpt lat="44.703958" lon="9.255035"><ele>1375.2</ele></trkpt>
      <trkpt lat="44.703948" lon="9.255042"><ele>1375.3</ele></trkpt>
      <trkpt lat="44.703932" lon="9.255052"><ele>1375.3</ele></trkpt>
      <trkpt lat="44.703915" lon="9.255058"><ele>1375.4</ele></trkpt>
      <trkpt lat="44.703898" lon="9.255068"><ele>1375.4</ele></trkpt>
      <trkpt lat="44.703883" lon="9.255070"><ele>1375.5</ele></trkpt>
      <trkpt lat="44.703873" lon="9.255073"><ele>1375.5</ele></trkpt>
      <trkpt lat="44.703862" lon="9.255078"><ele>1375.6</ele></trkpt>
      <trkpt lat="44.703848" lon="9.255082"><ele>1375.6</ele></trkpt>
      <trkpt lat="44.703835" lon="9.255077"><ele>1375.7</ele></trkpt>
      <trkpt lat="44.703820" lon="9.255067"><ele>1375.7</ele></trkpt>
      <trkpt lat="44.703795" lon="9.255057"><ele>1375.8</ele></trkpt>
      <trkpt lat="44.703770" lon="9.255047"><ele>1375.9</ele></trkpt>
      <trkpt lat="44.703747" lon="9.255035"><ele>1376.0</ele></trkpt>
      <trkpt lat="44.703715" lon="9.255018"><ele>1376.1</ele></trkpt>
      <trkpt lat="44.703685" lon="9.255007"><ele>1376.2</ele></trkpt>
      <trkpt lat="44.703662" lon="9.255000"><ele>1376.3</ele></trkpt>
      <trkpt lat="44.703643" lon="9.254993"><ele>1376.4</ele></trkpt>
      <trkpt lat="44.703629" lon="9.254981"><ele>1376.4</ele></trkpt>
      <trkpt lat="44.703625" lon="9.254977"><ele>1376.5</ele></trkpt>
      <trkpt lat="44.703612" lon="9.254970"><ele>1376.5</ele></trkpt>
      <trkpt lat="44.703598" lon="9.254963"><ele>1376.6</ele></trkpt>
      <trkpt lat="44.703587" lon="9.254957"><ele>1376.6</ele></trkpt>
      <trkpt lat="44.703582" lon="9.254948"><ele>1376.6</ele></trkpt>
      <trkpt lat="44.703575" lon="9.254948"><ele>1376.7</ele></trkpt>
      <trkpt lat="44.703567" lon="9.254952"><ele>1376.7</ele></trkpt>
      <trkpt lat="44.703555" lon="9.254940"><ele>1376.7</ele></trkpt>
      <trkpt lat="44.703553" lon="9.254923"><ele>1376.8</ele></trkpt>
      <trkpt lat="44.703547" lon="9.254913"><ele>1376.8</ele></trkpt>
      <trkpt lat="44.703537" lon="9.254897"><ele>1376.8</ele></trkpt>
      <trkpt lat="44.703523" lon="9.254887"><ele>1376.9</ele></trkpt>
      <trkpt lat="44.703505" lon="9.254875"><ele>1376.9</ele></trkpt>
      <trkpt lat="44.703488" lon="9.254862"><ele>1377.0</ele></trkpt>
      <trkpt lat="44.703470" lon="9.254842"><ele>1377.1</ele></trkpt>
      <trkpt lat="44.703448" lon="9.254818"><ele>1377.2</ele></trkpt>
      <trkpt lat="44.703427" lon="9.254800"><ele>1377.2</ele></trkpt>
      <trkpt lat="44.703410" lon="9.254790"><ele>1377.3</ele></trkpt>
      <trkpt lat="44.703395" lon="9.254780"><ele>1377.3</ele></trkpt>
      <trkpt lat="44.703377" lon="9.254768"><ele>1377.4</ele></trkpt>
      <trkpt lat="44.703358" lon="9.254758"><ele>1377.4</ele></trkpt>
      <trkpt lat="44.703345" lon="9.254740"><ele>1377.5</ele></trkpt>
      <trkpt lat="44.703340" lon="9.254723"><ele>1377.5</ele></trkpt>
      <trkpt lat="44.703337" lon="9.254708"><ele>1377.6</ele></trkpt>
      <trkpt lat="44.703335" lon="9.254687"><ele>1377.6</ele></trkpt>
      <trkpt lat="44.703325" lon="9.254677"><ele>1377.7</ele></trkpt>
      <trkpt lat="44.703305" lon="9.254673"><ele>1377.7</ele></trkpt>
      <trkpt lat="44.703293" lon="9.254665"><ele>1377.8</ele></trkpt>
      <trkpt lat="44.703288" lon="9.254647"><ele>1377.8</ele></trkpt>
      <trkpt lat="44.703287" lon="9.254627"><ele>1377.9</ele></trkpt>
      <trkpt lat="44.703280" lon="9.254617"><ele>1377.9</ele></trkpt>
      <trkpt lat="44.703286" lon="9.254602"><ele>1378.0</ele></trkpt>
      <trkpt lat="44.703283" lon="9.254600"><ele>1378.0</ele></trkpt>
      <trkpt lat="44.703283" lon="9.254585"><ele>1378.0</ele></trkpt>
      <trkpt lat="44.703278" lon="9.254563"><ele>1378.1</ele></trkpt>
      <trkpt lat="44.703275" lon="9.254515"><ele>1378.3</ele></trkpt>
      <trkpt lat="44.703278" lon="9.254463"><ele>1378.4</ele></trkpt>
      <trkpt lat="44.703267" lon="9.254422"><ele>1378.6</ele></trkpt>
      <trkpt lat="44.703248" lon="9.254387"><ele>1378.7</ele></trkpt>
      <trkpt lat="44.703228" lon="9.254357"><ele>1378.9</ele></trkpt>
      <trkpt lat="44.703208" lon="9.254328"><ele>1379.0</ele></trkpt>
      <trkpt lat="44.703193" lon="9.254303"><ele>1379.1</ele></trkpt>
      <trkpt lat="44.703182" lon="9.254282"><ele>1379.2</ele></trkpt>
      <trkpt lat="44.703167" lon="9.254258"><ele>1379.3</ele></trkpt>
      <trkpt lat="44.703158" lon="9.254225"><ele>1379.4</ele></trkpt>
      <trkpt lat="44.703158" lon="9.254198"><ele>1379.5</ele></trkpt>
      <trkpt lat="44.703150" lon="9.254175"><ele>1379.5</ele></trkpt>
      <trkpt lat="44.703143" lon="9.254150"><ele>1379.6</ele></trkpt>
      <trkpt lat="44.703133" lon="9.254132"><ele>1379.7</ele></trkpt>
      <trkpt lat="44.703127" lon="9.254107"><ele>1379.8</ele></trkpt>
      <trkpt lat="44.703112" lon="9.254083"><ele>1379.8</ele></trkpt>
      <trkpt lat="44.703107" lon="9.254055"><ele>1379.9</ele></trkpt>
      <trkpt lat="44.703097" lon="9.254027"><ele>1380.0</ele></trkpt>
      <trkpt lat="44.703087" lon="9.254000"><ele>1380.1</ele></trkpt>
      <trkpt lat="44.703078" lon="9.253982"><ele>1380.1</ele></trkpt>
      <trkpt lat="44.703085" lon="9.253948"><ele>1380.2</ele></trkpt>
      <trkpt lat="44.703090" lon="9.253912"><ele>1380.3</ele></trkpt>
      <trkpt lat="44.703090" lon="9.253880"><ele>1380.4</ele></trkpt>
      <trkpt lat="44.703090" lon="9.253855"><ele>1380.5</ele></trkpt>
      <trkpt lat="44.703082" lon="9.253825"><ele>1380.6</ele></trkpt>
      <trkpt lat="44.703073" lon="9.253793"><ele>1380.7</ele></trkpt>
      <trkpt lat="44.703062" lon="9.253778"><ele>1380.7</ele></trkpt>
      <trkpt lat="44.703048" lon="9.253762"><ele>1380.8</ele></trkpt>
      <trkpt lat="44.703023" lon="9.253745"><ele>1380.9</ele></trkpt>
      <trkpt lat="44.703012" lon="9.253725"><ele>1381.0</ele></trkpt>
      <trkpt lat="44.702998" lon="9.253707"><ele>1381.1</ele></trkpt>
      <trkpt lat="44.702983" lon="9.253685"><ele>1381.2</ele></trkpt>
      <trkpt lat="44.702978" lon="9.253657"><ele>1381.3</ele></trkpt>
      <trkpt lat="44.702968" lon="9.253630"><ele>1381.4</ele></trkpt>
      <trkpt lat="44.702953" lon="9.253600"><ele>1381.5</ele></trkpt>
      <trkpt lat="44.702940" lon="9.253572"><ele>1381.6</ele></trkpt>
      <trkpt lat="44.702930" lon="9.253542"><ele>1381.7</ele></trkpt>
      <trkpt lat="44.702922" lon="9.253518"><ele>1381.8</ele></trkpt>
      <trkpt lat="44.702908" lon="9.253500"><ele>1381.8</ele></trkpt>
      <trkpt lat="44.702888" lon="9.253488"><ele>1381.9</ele></trkpt>
      <trkpt lat="44.702865" lon="9.253480"><ele>1382.0</ele></trkpt>
      <trkpt lat="44.702835" lon="9.253487"><ele>1382.1</ele></trkpt>
      <trkpt lat="44.702808" lon="9.253498"><ele>1382.3</ele></trkpt>
      <trkpt lat="44.702783" lon="9.253503"><ele>1382.4</ele></trkpt>
      <trkpt lat="44.702762" lon="9.253505"><ele>1382.4</ele></trkpt>
      <trkpt lat="44.702742" lon="9.253503"><ele>1382.5</ele></trkpt>
      <trkpt lat="44.702718" lon="9.253497"><ele>1382.6</ele></trkpt>
      <trkpt lat="44.702688" lon="9.253493"><ele>1382.7</ele></trkpt>
      <trkpt lat="44.702667" lon="9.253488"><ele>1382.8</ele></trkpt>
      <trkpt lat="44.702635" lon="9.253490"><ele>1382.9</ele></trkpt>
      <trkpt lat="44.702610" lon="9.253492"><ele>1383.0</ele></trkpt>
      <trkpt lat="44.702587" lon="9.253488"><ele>1383.0</ele></trkpt>
      <trkpt lat="44.702563" lon="9.253480"><ele>1383.1</ele></trkpt>
      <trkpt lat="44.702547" lon="9.253470"><ele>1383.2</ele></trkpt>
      <trkpt lat="44.702522" lon="9.253475"><ele>1383.2</ele></trkpt>
      <trkpt lat="44.702498" lon="9.253478"><ele>1383.3</ele></trkpt>
      <trkpt lat="44.702480" lon="9.253483"><ele>1383.4</ele></trkpt>
      <trkpt lat="44.702460" lon="9.253490"><ele>1383.4</ele></trkpt>
      <trkpt lat="44.702445" lon="9.253492"><ele>1383.5</ele></trkpt>
      <trkpt lat="44.702430" lon="9.253497"><ele>1383.5</ele></trkpt>
      <trkpt lat="44.702410" lon="9.253500"><ele>1383.6</ele></trkpt>
      <trkpt lat="44.702383" lon="9.253500"><ele>1383.6</ele></trkpt>
      <trkpt lat="44.702362" lon="9.253492"><ele>1383.7</ele></trkpt>
      <trkpt lat="44.702335" lon="9.253483"><ele>1383.8</ele></trkpt>
      <trkpt lat="44.702313" lon="9.253467"><ele>1383.9</ele></trkpt>
      <trkpt lat="44.702287" lon="9.253450"><ele>1383.9</ele></trkpt>
      <trkpt lat="44.702268" lon="9.253430"><ele>1384.0</ele></trkpt>
      <trkpt lat="44.702248" lon="9.253410"><ele>1384.1</ele></trkpt>
      <trkpt lat="44.702232" lon="9.253378"><ele>1384.2</ele></trkpt>
      <trkpt lat="44.702217" lon="9.253337"><ele>1384.4</ele></trkpt>
      <trkpt lat="44.702215" lon="9.253288"><ele>1384.5</ele></trkpt>
      <trkpt lat="44.702217" lon="9.253255"><ele>1384.6</ele></trkpt>
      <trkpt lat="44.702218" lon="9.253228"><ele>1384.7</ele></trkpt>
      <trkpt lat="44.702218" lon="9.253210"><ele>1384.8</ele></trkpt>
      <trkpt lat="44.702215" lon="9.253180"><ele>1384.9</ele></trkpt>
      <trkpt lat="44.702202" lon="9.253160"><ele>1385.0</ele></trkpt>
      <trkpt lat="44.702190" lon="9.253143"><ele>1385.1</ele></trkpt>
      <trkpt lat="44.702158" lon="9.253132"><ele>1385.2</ele></trkpt>
      <trkpt lat="44.702138" lon="9.253115"><ele>1385.4</ele></trkpt>
      <trkpt lat="44.702122" lon="9.253100"><ele>1385.5</ele></trkpt>
      <trkpt lat="44.702112" lon="9.253080"><ele>1385.5</ele></trkpt>
      <trkpt lat="44.702098" lon="9.253063"><ele>1385.6</ele></trkpt>
      <trkpt lat="44.702075" lon="9.253052"><ele>1385.7</ele></trkpt>
      <trkpt lat="44.702060" lon="9.253040"><ele>1385.8</ele></trkpt>
      <trkpt lat="44.702055" lon="9.253013"><ele>1385.9</ele></trkpt>
      <trkpt lat="44.702048" lon="9.252975"><ele>1386.0</ele></trkpt>
      <trkpt lat="44.702028" lon="9.252948"><ele>1386.1</ele></trkpt>
      <trkpt lat="44.702000" lon="9.252935"><ele>1386.2</ele></trkpt>
      <trkpt lat="44.701982" lon="9.252918"><ele>1386.3</ele></trkpt>
      <trkpt lat="44.701967" lon="9.252895"><ele>1386.4</ele></trkpt>
      <trkpt lat="44.701945" lon="9.252875"><ele>1386.5</ele></trkpt>
      <trkpt lat="44.701933" lon="9.252845"><ele>1386.6</ele></trkpt>
      <trkpt lat="44.701920" lon="9.252817"><ele>1386.7</ele></trkpt>
      <trkpt lat="44.701903" lon="9.252800"><ele>1386.8</ele></trkpt>
      <trkpt lat="44.701882" lon="9.252792"><ele>1386.9</ele></trkpt>
      <trkpt lat="44.701855" lon="9.252773"><ele>1387.0</ele></trkpt>
      <trkpt lat="44.701830" lon="9.252752"><ele>1387.2</ele></trkpt>
      <trkpt lat="44.701810" lon="9.252733"><ele>1387.3</ele></trkpt>
      <trkpt lat="44.701790" lon="9.252715"><ele>1387.4</ele></trkpt>
      <trkpt lat="44.701775" lon="9.252697"><ele>1387.5</ele></trkpt>
      <trkpt lat="44.701755" lon="9.252672"><ele>1387.6</ele></trkpt>
      <trkpt lat="44.701737" lon="9.252655"><ele>1387.8</ele></trkpt>
      <trkpt lat="44.701713" lon="9.252625"><ele>1387.9</ele></trkpt>
      <trkpt lat="44.701695" lon="9.252602"><ele>1388.1</ele></trkpt>
      <trkpt lat="44.701678" lon="9.252580"><ele>1388.2</ele></trkpt>
      <trkpt lat="44.701662" lon="9.252562"><ele>1388.3</ele></trkpt>
      <trkpt lat="44.701642" lon="9.252545"><ele>1388.5</ele></trkpt>
      <trkpt lat="44.701623" lon="9.252528"><ele>1388.6</ele></trkpt>
      <trkpt lat="44.701605" lon="9.252515"><ele>1388.7</ele></trkpt>
      <trkpt lat="44.701590" lon="9.252502"><ele>1388.8</ele></trkpt>
      <trkpt lat="44.701568" lon="9.252492"><ele>1389.0</ele></trkpt>
      <trkpt lat="44.701550" lon="9.252480"><ele>1389.1</ele></trkpt>
      <trkpt lat="44.701533" lon="9.252465"><ele>1389.3</ele></trkpt>
      <trkpt lat="44.701512" lon="9.252442"><ele>1389.4</ele></trkpt>
      <trkpt lat="44.701503" lon="9.252417"><ele>1389.6</ele></trkpt>
      <trkpt lat="44.701497" lon="9.252387"><ele>1389.7</ele></trkpt>
      <trkpt lat="44.701492" lon="9.252363"><ele>1389.9</ele></trkpt>
      <trkpt lat="44.701488" lon="9.252342"><ele>1390.0</ele></trkpt>
      <trkpt lat="44.701483" lon="9.252317"><ele>1390.1</ele></trkpt>
      <trkpt lat="44.701473" lon="9.252298"><ele>1390.3</ele></trkpt>
      <trkpt lat="44.701458" lon="9.252280"><ele>1390.4</ele></trkpt>
      <trkpt lat="44.701438" lon="9.252265"><ele>1390.6</ele></trkpt>
      <trkpt lat="44.701420" lon="9.252245"><ele>1390.7</ele></trkpt>
      <trkpt lat="44.701393" lon="9.252227"><ele>1391.0</ele></trkpt>
      <trkpt lat="44.701367" lon="9.252213"><ele>1391.2</ele></trkpt>
      <trkpt lat="44.701340" lon="9.252205"><ele>1391.4</ele></trkpt>
      <trkpt lat="44.701313" lon="9.252195"><ele>1391.6</ele></trkpt>
      <trkpt lat="44.701290" lon="9.252188"><ele>1391.7</ele></trkpt>
      <trkpt lat="44.701263" lon="9.252187"><ele>1391.9</ele></trkpt>
      <trkpt lat="44.701242" lon="9.252187"><ele>1392.1</ele></trkpt>
      <trkpt lat="44.701220" lon="9.252187"><ele>1392.2</ele></trkpt>
      <trkpt lat="44.701198" lon="9.252188"><ele>1392.3</ele></trkpt>
      <trkpt lat="44.701177" lon="9.252190"><ele>1392.5</ele></trkpt>
      <trkpt lat="44.701160" lon="9.252195"><ele>1392.6</ele></trkpt>
      <trkpt lat="44.701145" lon="9.252205"><ele>1392.7</ele></trkpt>
      <trkpt lat="44.701127" lon="9.252215"><ele>1392.8</ele></trkpt>
      <trkpt lat="44.701108" lon="9.252223"><ele>1392.9</ele></trkpt>
      <trkpt lat="44.701088" lon="9.252233"><ele>1393.0</ele></trkpt>
      <trkpt lat="44.701068" lon="9.252242"><ele>1393.1</ele></trkpt>
      <trkpt lat="44.701048" lon="9.252257"><ele>1393.2</ele></trkpt>
      <trkpt lat="44.701027" lon="9.252268"><ele>1393.3</ele></trkpt>
      <trkpt lat="44.701005" lon="9.252280"><ele>1393.4</ele></trkpt>
      <trkpt lat="44.700987" lon="9.252290"><ele>1393.5</ele></trkpt>
      <trkpt lat="44.700965" lon="9.252303"><ele>1393.6</ele></trkpt>
      <trkpt lat="44.700945" lon="9.252318"><ele>1393.8</ele></trkpt>
      <trkpt lat="44.700928" lon="9.252327"><ele>1393.9</ele></trkpt>
      <trkpt lat="44.700913" lon="9.252328"><ele>1393.9</ele></trkpt>
      <trkpt lat="44.700893" lon="9.252335"><ele>1394.1</ele></trkpt>
      <trkpt lat="44.700873" lon="9.252340"><ele>1394.2</ele></trkpt>
      <trkpt lat="44.700850" lon="9.252350"><ele>1394.3</ele></trkpt>
      <trkpt lat="44.700828" lon="9.252362"><ele>1394.4</ele></trkpt>
      <trkpt lat="44.700812" lon="9.252372"><ele>1394.6</ele></trkpt>
      <trkpt lat="44.700802" lon="9.252385"><ele>1394.6</ele></trkpt>
      <trkpt lat="44.700792" lon="9.252392"><ele>1394.7</ele></trkpt>
      <trkpt lat="44.700780" lon="9.252402"><ele>1394.8</ele></trkpt>
      <trkpt lat="44.700768" lon="9.252415"><ele>1394.9</ele></trkpt>
      <trkpt lat="44.700748" lon="9.252410"><ele>1395.0</ele></trkpt>
      <trkpt lat="44.700735" lon="9.252405"><ele>1395.1</ele></trkpt>
      <trkpt lat="44.700717" lon="9.252410"><ele>1395.2</ele></trkpt>
      <trkpt lat="44.700702" lon="9.252412"><ele>1395.3</ele></trkpt>
      <trkpt lat="44.700687" lon="9.252423"><ele>1395.4</ele></trkpt>
      <trkpt lat="44.700668" lon="9.252442"><ele>1395.6</ele></trkpt>
      <trkpt lat="44.700653" lon="9.252450"><ele>1395.7</ele></trkpt>
      <trkpt lat="44.700635" lon="9.252460"><ele>1395.8</ele></trkpt>
      <trkpt lat="44.700615" lon="9.252468"><ele>1395.9</ele></trkpt>
      <trkpt lat="44.700598" lon="9.252477"><ele>1396.1</ele></trkpt>
      <trkpt lat="44.700582" lon="9.252493"><ele>1396.2</ele></trkpt>
      <trkpt lat="44.700572" lon="9.252505"><ele>1396.3</ele></trkpt>
      <trkpt lat="44.700558" lon="9.252512"><ele>1396.4</ele></trkpt>
      <trkpt lat="44.700548" lon="9.252515"><ele>1396.4</ele></trkpt>
      <trkpt lat="44.700537" lon="9.252517"><ele>1396.5</ele></trkpt>
      <trkpt lat="44.700522" lon="9.252528"><ele>1396.6</ele></trkpt>
      <trkpt lat="44.700508" lon="9.252545"><ele>1396.7</ele></trkpt>
      <trkpt lat="44.700498" lon="9.252548"><ele>1396.8</ele></trkpt>
      <trkpt lat="44.700485" lon="9.252555"><ele>1396.9</ele></trkpt>
      <trkpt lat="44.700473" lon="9.252563"><ele>1397.0</ele></trkpt>
      <trkpt lat="44.700462" lon="9.252565"><ele>1397.0</ele></trkpt>
      <trkpt lat="44.700445" lon="9.252580"><ele>1397.2</ele></trkpt>
      <trkpt lat="44.700433" lon="9.252583"><ele>1397.2</ele></trkpt>
      <trkpt lat="44.700418" lon="9.252593"><ele>1397.3</ele></trkpt>
      <trkpt lat="44.700398" lon="9.252605"><ele>1397.5</ele></trkpt>
      <trkpt lat="44.700382" lon="9.252623"><ele>1397.6</ele></trkpt>
      <trkpt lat="44.700362" lon="9.252642"><ele>1397.7</ele></trkpt>
      <trkpt lat="44.700340" lon="9.252647"><ele>1397.9</ele></trkpt>
      <trkpt lat="44.700318" lon="9.252663"><ele>1398.0</ele></trkpt>
      <trkpt lat="44.700297" lon="9.252678"><ele>1398.1</ele></trkpt>
      <trkpt lat="44.700273" lon="9.252702"><ele>1398.3</ele></trkpt>
      <trkpt lat="44.700252" lon="9.252725"><ele>1398.5</ele></trkpt>
      <trkpt lat="44.700237" lon="9.252738"><ele>1398.6</ele></trkpt>
      <trkpt lat="44.700223" lon="9.252755"><ele>1398.7</ele></trkpt>
      <trkpt lat="44.700210" lon="9.252763"><ele>1398.8</ele></trkpt>
      <trkpt lat="44.700198" lon="9.252778"><ele>1398.9</ele></trkpt>
      <trkpt lat="44.700192" lon="9.252783"><ele>1398.9</ele></trkpt>
      <trkpt lat="44.700183" lon="9.252788"><ele>1399.0</ele></trkpt>
      <trkpt lat="44.700168" lon="9.252800"><ele>1399.1</ele></trkpt>
      <trkpt lat="44.700152" lon="9.252803"><ele>1399.2</ele></trkpt>
      <trkpt lat="44.700135" lon="9.252815"><ele>1399.4</ele></trkpt>
      <trkpt lat="44.700118" lon="9.252823"><ele>1399.5</ele></trkpt>
      <trkpt lat="44.700105" lon="9.252833"><ele>1399.6</ele></trkpt>
      <trkpt lat="44.700088" lon="9.252840"><ele>1399.7</ele></trkpt>
      <trkpt lat="44.700073" lon="9.252847"><ele>1399.8</ele></trkpt>
      <trkpt lat="44.700055" lon="9.252858"><ele>1400.0</ele></trkpt>
      <trkpt lat="44.700032" lon="9.252862"><ele>1400.2</ele></trkpt>
      <trkpt lat="44.700007" lon="9.252877"><ele>1400.4</ele></trkpt>
      <trkpt lat="44.699983" lon="9.252900"><ele>1400.6</ele></trkpt>
      <trkpt lat="44.699958" lon="9.252920"><ele>1400.8</ele></trkpt>
      <trkpt lat="44.699937" lon="9.252947"><ele>1401.0</ele></trkpt>
      <trkpt lat="44.699918" lon="9.252980"><ele>1401.2</ele></trkpt>
      <trkpt lat="44.699903" lon="9.252995"><ele>1401.4</ele></trkpt>
      <trkpt lat="44.699887" lon="9.253010"><ele>1401.5</ele></trkpt>
      <trkpt lat="44.699878" lon="9.253015"><ele>1401.6</ele></trkpt>
      <trkpt lat="44.699858" lon="9.253027"><ele>1401.8</ele></trkpt>
      <trkpt lat="44.699840" lon="9.253035"><ele>1401.9</ele></trkpt>
      <trkpt lat="44.699818" lon="9.253057"><ele>1402.1</ele></trkpt>
      <trkpt lat="44.699800" lon="9.253073"><ele>1402.3</ele></trkpt>
      <trkpt lat="44.699787" lon="9.253070"><ele>1402.4</ele></trkpt>
      <trkpt lat="44.699777" lon="9.253077"><ele>1402.5</ele></trkpt>
      <trkpt lat="44.699753" lon="9.253088"><ele>1402.7</ele></trkpt>
      <trkpt lat="44.699745" lon="9.253090"><ele>1402.7</ele></trkpt>
      <trkpt lat="44.699732" lon="9.253095"><ele>1402.8</ele></trkpt>
      <trkpt lat="44.699713" lon="9.253105"><ele>1403.0</ele></trkpt>
      <trkpt lat="44.699708" lon="9.253102"><ele>1403.0</ele></trkpt>
      <trkpt lat="44.699695" lon="9.253103"><ele>1403.1</ele></trkpt>
      <trkpt lat="44.699678" lon="9.253098"><ele>1403.2</ele></trkpt>
      <trkpt lat="44.699663" lon="9.253108"><ele>1403.4</ele></trkpt>
      <trkpt lat="44.699652" lon="9.253113"><ele>1403.5</ele></trkpt>
      <trkpt lat="44.699643" lon="9.253112"><ele>1403.5</ele></trkpt>
      <trkpt lat="44.699635" lon="9.253113"><ele>1403.6</ele></trkpt>
      <trkpt lat="44.699622" lon="9.253125"><ele>1403.7</ele></trkpt>
      <trkpt lat="44.699607" lon="9.253122"><ele>1403.8</ele></trkpt>
      <trkpt lat="44.699572" lon="9.253150"><ele>1404.1</ele></trkpt>
      <trkpt lat="44.699558" lon="9.253153"><ele>1404.2</ele></trkpt>
      <trkpt lat="44.699545" lon="9.253145"><ele>1404.3</ele></trkpt>
      <trkpt lat="44.699530" lon="9.253152"><ele>1404.4</ele></trkpt>
      <trkpt lat="44.699512" lon="9.253152"><ele>1404.5</ele></trkpt>
      <trkpt lat="44.699495" lon="9.253155"><ele>1404.6</ele></trkpt>
      <trkpt lat="44.699480" lon="9.253147"><ele>1404.7</ele></trkpt>
      <trkpt lat="44.699468" lon="9.253140"><ele>1404.8</ele></trkpt>
      <trkpt lat="44.699457" lon="9.253142"><ele>1404.9</ele></trkpt>
      <trkpt lat="44.699428" lon="9.253135"><ele>1405.1</ele></trkpt>
      <trkpt lat="44.699415" lon="9.253130"><ele>1405.2</ele></trkpt>
      <trkpt lat="44.699393" lon="9.253122"><ele>1405.3</ele></trkpt>
      <trkpt lat="44.699368" lon="9.253118"><ele>1405.5</ele></trkpt>
      <trkpt lat="44.699345" lon="9.253127"><ele>1405.6</ele></trkpt>
      <trkpt lat="44.699322" lon="9.253128"><ele>1405.7</ele></trkpt>
      <trkpt lat="44.699303" lon="9.253130"><ele>1405.9</ele></trkpt>
      <trkpt lat="44.699288" lon="9.253137"><ele>1406.0</ele></trkpt>
      <trkpt lat="44.699267" lon="9.253140"><ele>1406.1</ele></trkpt>
      <trkpt lat="44.699247" lon="9.253142"><ele>1406.3</ele></trkpt>
      <trkpt lat="44.699223" lon="9.253147"><ele>1406.4</ele></trkpt>
      <trkpt lat="44.699203" lon="9.253148"><ele>1406.5</ele></trkpt>
      <trkpt lat="44.699182" lon="9.253148"><ele>1406.7</ele></trkpt>
      <trkpt lat="44.699163" lon="9.253152"><ele>1406.8</ele></trkpt>
      <trkpt lat="44.699143" lon="9.253150"><ele>1407.0</ele></trkpt>
      <trkpt lat="44.699123" lon="9.253155"><ele>1407.1</ele></trkpt>
      <trkpt lat="44.699105" lon="9.253160"><ele>1407.2</ele></trkpt>
      <trkpt lat="44.699087" lon="9.253167"><ele>1407.3</ele></trkpt>
      <trkpt lat="44.699068" lon="9.253167"><ele>1407.5</ele></trkpt>
      <trkpt lat="44.699043" lon="9.253162"><ele>1407.7</ele></trkpt>
      <trkpt lat="44.699020" lon="9.253167"><ele>1407.8</ele></trkpt>
      <trkpt lat="44.699008" lon="9.253160"><ele>1407.9</ele></trkpt>
      <trkpt lat="44.699013" lon="9.253143"><ele>1408.0</ele></trkpt>
      <trkpt lat="44.699007" lon="9.253133"><ele>1408.1</ele></trkpt>
      <trkpt lat="44.698998" lon="9.253123"><ele>1408.2</ele></trkpt>
      <trkpt lat="44.698993" lon="9.253115"><ele>1408.2</ele></trkpt>
      <trkpt lat="44.698988" lon="9.253110"><ele>1408.3</ele></trkpt>
      <trkpt lat="44.698983" lon="9.253100"><ele>1408.3</ele></trkpt>
      <trkpt lat="44.698972" lon="9.253080"><ele>1408.5</ele></trkpt>
      <trkpt lat="44.698963" lon="9.253062"><ele>1408.6</ele></trkpt>
      <trkpt lat="44.698955" lon="9.253045"><ele>1408.7</ele></trkpt>
      <trkpt lat="44.698945" lon="9.253022"><ele>1408.8</ele></trkpt>
      <trkpt lat="44.698937" lon="9.253003"><ele>1409.0</ele></trkpt>
      <trkpt lat="44.698920" lon="9.252990"><ele>1409.1</ele></trkpt>
      <trkpt lat="44.698902" lon="9.252975"><ele>1409.3</ele></trkpt>
      <trkpt lat="44.698882" lon="9.252963"><ele>1409.4</ele></trkpt>
      <trkpt lat="44.698860" lon="9.252943"><ele>1409.6</ele></trkpt>
      <trkpt lat="44.698838" lon="9.252928"><ele>1409.8</ele></trkpt>
      <trkpt lat="44.698817" lon="9.252918"><ele>1409.9</ele></trkpt>
      <trkpt lat="44.698793" lon="9.252910"><ele>1410.1</ele></trkpt>
      <trkpt lat="44.698768" lon="9.252898"><ele>1410.3</ele></trkpt>
      <trkpt lat="44.698747" lon="9.252890"><ele>1410.5</ele></trkpt>
      <trkpt lat="44.698727" lon="9.252887"><ele>1410.6</ele></trkpt>
      <trkpt lat="44.698705" lon="9.252883"><ele>1410.8</ele></trkpt>
      <trkpt lat="44.698685" lon="9.252885"><ele>1410.9</ele></trkpt>
      <trkpt lat="44.698667" lon="9.252892"><ele>1411.0</ele></trkpt>
      <trkpt lat="44.698642" lon="9.252903"><ele>1411.2</ele></trkpt>
      <trkpt lat="44.698617" lon="9.252910"><ele>1411.3</ele></trkpt>
      <trkpt lat="44.698600" lon="9.252918"><ele>1411.5</ele></trkpt>
      <trkpt lat="44.698578" lon="9.252922"><ele>1411.6</ele></trkpt>
      <trkpt lat="44.698558" lon="9.252925"><ele>1411.7</ele></trkpt>
      <trkpt lat="44.698538" lon="9.252930"><ele>1411.9</ele></trkpt>
      <trkpt lat="44.698520" lon="9.252942"><ele>1412.0</ele></trkpt>
      <trkpt lat="44.698503" lon="9.252955"><ele>1412.1</ele></trkpt>
      <trkpt lat="44.698485" lon="9.252965"><ele>1412.2</ele></trkpt>
      <trkpt lat="44.698467" lon="9.252978"><ele>1412.4</ele></trkpt>
      <trkpt lat="44.698448" lon="9.252990"><ele>1412.5</ele></trkpt>
      <trkpt lat="44.698435" lon="9.253000"><ele>1412.6</ele></trkpt>
      <trkpt lat="44.698420" lon="9.253010"><ele>1412.7</ele></trkpt>
      <trkpt lat="44.698402" lon="9.253027"><ele>1412.9</ele></trkpt>
      <trkpt lat="44.698388" lon="9.253042"><ele>1413.0</ele></trkpt>
      <trkpt lat="44.698375" lon="9.253052"><ele>1413.1</ele></trkpt>
      <trkpt lat="44.698357" lon="9.253063"><ele>1413.3</ele></trkpt>
      <trkpt lat="44.698343" lon="9.253078"><ele>1413.4</ele></trkpt>
      <trkpt lat="44.698328" lon="9.253090"><ele>1413.6</ele></trkpt>
      <trkpt lat="44.698313" lon="9.253100"><ele>1413.7</ele></trkpt>
      <trkpt lat="44.698298" lon="9.253112"><ele>1413.8</ele></trkpt>
      <trkpt lat="44.698285" lon="9.253122"><ele>1414.0</ele></trkpt>
      <trkpt lat="44.698270" lon="9.253135"><ele>1414.1</ele></trkpt>
      <trkpt lat="44.698258" lon="9.253150"><ele>1414.2</ele></trkpt>
      <trkpt lat="44.698243" lon="9.253165"><ele>1414.4</ele></trkpt>
      <trkpt lat="44.698230" lon="9.253177"><ele>1414.5</ele></trkpt>
      <trkpt lat="44.698215" lon="9.253187"><ele>1414.7</ele></trkpt>
      <trkpt lat="44.698202" lon="9.253193"><ele>1414.8</ele></trkpt>
      <trkpt lat="44.698188" lon="9.253203"><ele>1414.9</ele></trkpt>
      <trkpt lat="44.698173" lon="9.253213"><ele>1415.0</ele></trkpt>
      <trkpt lat="44.698157" lon="9.253228"><ele>1415.2</ele></trkpt>
      <trkpt lat="44.698143" lon="9.253240"><ele>1415.3</ele></trkpt>
      <trkpt lat="44.698127" lon="9.253250"><ele>1415.5</ele></trkpt>
      <trkpt lat="44.698110" lon="9.253260"><ele>1415.7</ele></trkpt>
      <trkpt lat="44.698100" lon="9.253272"><ele>1415.8</ele></trkpt>
      <trkpt lat="44.698088" lon="9.253282"><ele>1415.9</ele></trkpt>
      <trkpt lat="44.698077" lon="9.253295"><ele>1416.0</ele></trkpt>
      <trkpt lat="44.698053" lon="9.253313"><ele>1416.3</ele></trkpt>
      <trkpt lat="44.698037" lon="9.253327"><ele>1416.4</ele></trkpt>
      <trkpt lat="44.698022" lon="9.253337"><ele>1416.6</ele></trkpt>
      <trkpt lat="44.698008" lon="9.253345"><ele>1416.7</ele></trkpt>
      <trkpt lat="44.697995" lon="9.253353"><ele>1416.8</ele></trkpt>
      <trkpt lat="44.697980" lon="9.253360"><ele>1417.0</ele></trkpt>
      <trkpt lat="44.697968" lon="9.253375"><ele>1417.1</ele></trkpt>
      <trkpt lat="44.697955" lon="9.253392"><ele>1417.2</ele></trkpt>
      <trkpt lat="44.697940" lon="9.253407"><ele>1417.4</ele></trkpt>
      <trkpt lat="44.697925" lon="9.253418"><ele>1417.5</ele></trkpt>
      <trkpt lat="44.697910" lon="9.253432"><ele>1417.7</ele></trkpt>
      <trkpt lat="44.697893" lon="9.253440"><ele>1417.8</ele></trkpt>
      <trkpt lat="44.697875" lon="9.253447"><ele>1418.0</ele></trkpt>
      <trkpt lat="44.697860" lon="9.253455"><ele>1418.1</ele></trkpt>
      <trkpt lat="44.697845" lon="9.253460"><ele>1418.2</ele></trkpt>
      <trkpt lat="44.697832" lon="9.253462"><ele>1418.3</ele></trkpt>
      <trkpt lat="44.697818" lon="9.253470"><ele>1418.4</ele></trkpt>
      <trkpt lat="44.697805" lon="9.253477"><ele>1418.5</ele></trkpt>
      <trkpt lat="44.697790" lon="9.253482"><ele>1418.7</ele></trkpt>
      <trkpt lat="44.697775" lon="9.253487"><ele>1418.8</ele></trkpt>
      <trkpt lat="44.697760" lon="9.253488"><ele>1418.9</ele></trkpt>
      <trkpt lat="44.697740" lon="9.253488"><ele>1419.1</ele></trkpt>
      <trkpt lat="44.697727" lon="9.253487"><ele>1419.2</ele></trkpt>
      <trkpt lat="44.697713" lon="9.253490"><ele>1419.3</ele></trkpt>
      <trkpt lat="44.697702" lon="9.253495"><ele>1419.4</ele></trkpt>
      <trkpt lat="44.697692" lon="9.253497"><ele>1419.4</ele></trkpt>
      <trkpt lat="44.697685" lon="9.253498"><ele>1419.5</ele></trkpt>
      <trkpt lat="44.697670" lon="9.253505"><ele>1419.6</ele></trkpt>
      <trkpt lat="44.697657" lon="9.253505"><ele>1419.7</ele></trkpt>
      <trkpt lat="44.697643" lon="9.253505"><ele>1419.8</ele></trkpt>
      <trkpt lat="44.697628" lon="9.253505"><ele>1419.9</ele></trkpt>
      <trkpt lat="44.697617" lon="9.253507"><ele>1420.0</ele></trkpt>
      <trkpt lat="44.697607" lon="9.253508"><ele>1420.1</ele></trkpt>
      <trkpt lat="44.697593" lon="9.253512"><ele>1420.2</ele></trkpt>
      <trkpt lat="44.697578" lon="9.253518"><ele>1420.3</ele></trkpt>
      <trkpt lat="44.697563" lon="9.253525"><ele>1420.4</ele></trkpt>
      <trkpt lat="44.697545" lon="9.253527"><ele>1420.6</ele></trkpt>
      <trkpt lat="44.697530" lon="9.253533"><ele>1420.7</ele></trkpt>
      <trkpt lat="44.697512" lon="9.253533"><ele>1420.8</ele></trkpt>
      <trkpt lat="44.697497" lon="9.253532"><ele>1421.0</ele></trkpt>
      <trkpt lat="44.697477" lon="9.253515"><ele>1421.1</ele></trkpt>
      <trkpt lat="44.697453" lon="9.253502"><ele>1421.3</ele></trkpt>
      <trkpt lat="44.697428" lon="9.253497"><ele>1421.5</ele></trkpt>
      <trkpt lat="44.697393" lon="9.253498"><ele>1421.8</ele></trkpt>
      <trkpt lat="44.697370" lon="9.253498"><ele>1422.0</ele></trkpt>
      <trkpt lat="44.697337" lon="9.253523"><ele>1422.3</ele></trkpt>
      <trkpt lat="44.697312" lon="9.253533"><ele>1422.5</ele></trkpt>
      <trkpt lat="44.697290" lon="9.253535"><ele>1422.7</ele></trkpt>
      <trkpt lat="44.697272" lon="9.253528"><ele>1422.9</ele></trkpt>
      <trkpt lat="44.697257" lon="9.253518"><ele>1423.0</ele></trkpt>
      <trkpt lat="44.697243" lon="9.253505"><ele>1423.1</ele></trkpt>
      <trkpt lat="44.697227" lon="9.253493"><ele>1423.3</ele></trkpt>
      <trkpt lat="44.697212" lon="9.253480"><ele>1423.4</ele></trkpt>
      <trkpt lat="44.697195" lon="9.253467"><ele>1423.6</ele></trkpt>
      <trkpt lat="44.697183" lon="9.253453"><ele>1423.7</ele></trkpt>
      <trkpt lat="44.697173" lon="9.253437"><ele>1423.8</ele></trkpt>
      <trkpt lat="44.697162" lon="9.253425"><ele>1424.0</ele></trkpt>
      <trkpt lat="44.697150" lon="9.253417"><ele>1424.1</ele></trkpt>
      <trkpt lat="44.697134" lon="9.253402"><ele>1424.2</ele></trkpt>
      <trkpt lat="44.697132" lon="9.253397"><ele>1424.3</ele></trkpt>
      <trkpt lat="44.697120" lon="9.253382"><ele>1424.4</ele></trkpt>
      <trkpt lat="44.697108" lon="9.253363"><ele>1424.6</ele></trkpt>
      <trkpt lat="44.697097" lon="9.253350"><ele>1424.7</ele></trkpt>
      <trkpt lat="44.697085" lon="9.253338"><ele>1424.8</ele></trkpt>
      <trkpt lat="44.697072" lon="9.253325"><ele>1424.9</ele></trkpt>
      <trkpt lat="44.697060" lon="9.253308"><ele>1425.1</ele></trkpt>
      <trkpt lat="44.697048" lon="9.253290"><ele>1425.2</ele></trkpt>
      <trkpt lat="44.697035" lon="9.253277"><ele>1425.4</ele></trkpt>
      <trkpt lat="44.697025" lon="9.253263"><ele>1425.5</ele></trkpt>
      <trkpt lat="44.697013" lon="9.253248"><ele>1425.6</ele></trkpt>
      <trkpt lat="44.697000" lon="9.253235"><ele>1425.8</ele></trkpt>
      <trkpt lat="44.696988" lon="9.253218"><ele>1425.9</ele></trkpt>
      <trkpt lat="44.696977" lon="9.253202"><ele>1426.1</ele></trkpt>
      <trkpt lat="44.696970" lon="9.253187"><ele>1426.2</ele></trkpt>
      <trkpt lat="44.696957" lon="9.253172"><ele>1426.3</ele></trkpt>
      <trkpt lat="44.696940" lon="9.253160"><ele>1426.5</ele></trkpt>
      <trkpt lat="44.696925" lon="9.253150"><ele>1426.7</ele></trkpt>
      <trkpt lat="44.696908" lon="9.253142"><ele>1426.8</ele></trkpt>
      <trkpt lat="44.696890" lon="9.253133"><ele>1427.0</ele></trkpt>
      <trkpt lat="44.696873" lon="9.253128"><ele>1427.2</ele></trkpt>
      <trkpt lat="44.696852" lon="9.253122"><ele>1427.4</ele></trkpt>
      <trkpt lat="44.696835" lon="9.253112"><ele>1427.6</ele></trkpt>
      <trkpt lat="44.696812" lon="9.253095"><ele>1427.9</ele></trkpt>
      <trkpt lat="44.696785" lon="9.253078"><ele>1428.2</ele></trkpt>
      <trkpt lat="44.696767" lon="9.253058"><ele>1428.4</ele></trkpt>
      <trkpt lat="44.696752" lon="9.253048"><ele>1428.5</ele></trkpt>
      <trkpt lat="44.696735" lon="9.253040"><ele>1428.7</ele></trkpt>
      <trkpt lat="44.696722" lon="9.253032"><ele>1428.8</ele></trkpt>
      <trkpt lat="44.696708" lon="9.253033"><ele>1429.0</ele></trkpt>
      <trkpt lat="44.696693" lon="9.253020"><ele>1429.1</ele></trkpt>
      <trkpt lat="44.696677" lon="9.253010"><ele>1429.3</ele></trkpt>
      <trkpt lat="44.696660" lon="9.252992"><ele>1429.5</ele></trkpt>
      <trkpt lat="44.696645" lon="9.252980"><ele>1429.6</ele></trkpt>
      <trkpt lat="44.696628" lon="9.252972"><ele>1429.8</ele></trkpt>
      <trkpt lat="44.696613" lon="9.252957"><ele>1429.9</ele></trkpt>
      <trkpt lat="44.696597" lon="9.252942"><ele>1430.1</ele></trkpt>
      <trkpt lat="44.696583" lon="9.252928"><ele>1430.3</ele></trkpt>
      <trkpt lat="44.696572" lon="9.252912"><ele>1430.4</ele></trkpt>
      <trkpt lat="44.696560" lon="9.252895"><ele>1430.5</ele></trkpt>
      <trkpt lat="44.696552" lon="9.252880"><ele>1430.7</ele></trkpt>
      <trkpt lat="44.696540" lon="9.252863"><ele>1430.8</ele></trkpt>
      <trkpt lat="44.696530" lon="9.252850"><ele>1430.9</ele></trkpt>
      <trkpt lat="44.696517" lon="9.252835"><ele>1431.1</ele></trkpt>
      <trkpt lat="44.696503" lon="9.252823"><ele>1431.2</ele></trkpt>
      <trkpt lat="44.696485" lon="9.252808"><ele>1431.4</ele></trkpt>
      <trkpt lat="44.696473" lon="9.252792"><ele>1431.6</ele></trkpt>
      <trkpt lat="44.696458" lon="9.252773"><ele>1431.8</ele></trkpt>
      <trkpt lat="44.696445" lon="9.252755"><ele>1431.9</ele></trkpt>
      <trkpt lat="44.696442" lon="9.252738"><ele>1432.0</ele></trkpt>
      <trkpt lat="44.696437" lon="9.252720"><ele>1432.2</ele></trkpt>
      <trkpt lat="44.696427" lon="9.252707"><ele>1432.3</ele></trkpt>
      <trkpt lat="44.696415" lon="9.252685"><ele>1432.5</ele></trkpt>
      <trkpt lat="44.696398" lon="9.252668"><ele>1432.7</ele></trkpt>
      <trkpt lat="44.696380" lon="9.252645"><ele>1432.9</ele></trkpt>
      <trkpt lat="44.696358" lon="9.252620"><ele>1433.2</ele></trkpt>
      <trkpt lat="44.696335" lon="9.252593"><ele>1433.5</ele></trkpt>
      <trkpt lat="44.696318" lon="9.252572"><ele>1433.8</ele></trkpt>
      <trkpt lat="44.696307" lon="9.252555"><ele>1433.9</ele></trkpt>
      <trkpt lat="44.696295" lon="9.252543"><ele>1434.1</ele></trkpt>
      <trkpt lat="44.696275" lon="9.252522"><ele>1434.3</ele></trkpt>
      <trkpt lat="44.696262" lon="9.252512"><ele>1434.5</ele></trkpt>
      <trkpt lat="44.696247" lon="9.252495"><ele>1434.7</ele></trkpt>
      <trkpt lat="44.696235" lon="9.252477"><ele>1434.8</ele></trkpt>
      <trkpt lat="44.696222" lon="9.252460"><ele>1435.0</ele></trkpt>
      <trkpt lat="44.696207" lon="9.252443"><ele>1435.2</ele></trkpt>
      <trkpt lat="44.696193" lon="9.252427"><ele>1435.4</ele></trkpt>
      <trkpt lat="44.696180" lon="9.252408"><ele>1435.5</ele></trkpt>
      <trkpt lat="44.696170" lon="9.252393"><ele>1435.7</ele></trkpt>
      <trkpt lat="44.696160" lon="9.252380"><ele>1435.8</ele></trkpt>
      <trkpt lat="44.696148" lon="9.252360"><ele>1436.0</ele></trkpt>
      <trkpt lat="44.696133" lon="9.252345"><ele>1436.1</ele></trkpt>
      <trkpt lat="44.696120" lon="9.252332"><ele>1436.3</ele></trkpt>
      <trkpt lat="44.696108" lon="9.252322"><ele>1436.4</ele></trkpt>
      <trkpt lat="44.696095" lon="9.252305"><ele>1436.6</ele></trkpt>
      <trkpt lat="44.696087" lon="9.252290"><ele>1436.7</ele></trkpt>
      <trkpt lat="44.696075" lon="9.252272"><ele>1436.9</ele></trkpt>
      <trkpt lat="44.696063" lon="9.252258"><ele>1437.0</ele></trkpt>
      <trkpt lat="44.696055" lon="9.252242"><ele>1437.2</ele></trkpt>
      <trkpt lat="44.696050" lon="9.252222"><ele>1437.3</ele></trkpt>
      <trkpt lat="44.696047" lon="9.252203"><ele>1437.4</ele></trkpt>
      <trkpt lat="44.696040" lon="9.252197"><ele>1437.5</ele></trkpt>
      <trkpt lat="44.696033" lon="9.252185"><ele>1437.6</ele></trkpt>
      <trkpt lat="44.696017" lon="9.252168"><ele>1437.8</ele></trkpt>
      <trkpt lat="44.696003" lon="9.252155"><ele>1437.9</ele></trkpt>
      <trkpt lat="44.695990" lon="9.252142"><ele>1438.1</ele></trkpt>
      <trkpt lat="44.695978" lon="9.252122"><ele>1438.3</ele></trkpt>
      <trkpt lat="44.695960" lon="9.252107"><ele>1438.5</ele></trkpt>
      <trkpt lat="44.695942" lon="9.252093"><ele>1438.6</ele></trkpt>
      <trkpt lat="44.695925" lon="9.252083"><ele>1438.8</ele></trkpt>
      <trkpt lat="44.695900" lon="9.252074"><ele>1439.0</ele></trkpt>
      <trkpt lat="44.695893" lon="9.252072"><ele>1439.1</ele></trkpt>
      <trkpt lat="44.695877" lon="9.252060"><ele>1439.3</ele></trkpt>
      <trkpt lat="44.695863" lon="9.252057"><ele>1439.4</ele></trkpt>
      <trkpt lat="44.695852" lon="9.252050"><ele>1439.5</ele></trkpt>
      <trkpt lat="44.695832" lon="9.252037"><ele>1439.7</ele></trkpt>
      <trkpt lat="44.695813" lon="9.252030"><ele>1439.8</ele></trkpt>
      <trkpt lat="44.695793" lon="9.252027"><ele>1440.0</ele></trkpt>
      <trkpt lat="44.695768" lon="9.252023"><ele>1440.2</ele></trkpt>
      <trkpt lat="44.695745" lon="9.252015"><ele>1440.3</ele></trkpt>
      <trkpt lat="44.695730" lon="9.252015"><ele>1440.5</ele></trkpt>
      <trkpt lat="44.695717" lon="9.252018"><ele>1440.5</ele></trkpt>
      <trkpt lat="44.695698" lon="9.252018"><ele>1440.7</ele></trkpt>
      <trkpt lat="44.695672" lon="9.252014"><ele>1440.9</ele></trkpt>
      <trkpt lat="44.695663" lon="9.252013"><ele>1440.9</ele></trkpt>
      <trkpt lat="44.695645" lon="9.252002"><ele>1441.1</ele></trkpt>
      <trkpt lat="44.695627" lon="9.251992"><ele>1441.2</ele></trkpt>
      <trkpt lat="44.695612" lon="9.251988"><ele>1441.3</ele></trkpt>
      <trkpt lat="44.695593" lon="9.251982"><ele>1441.4</ele></trkpt>
      <trkpt lat="44.695575" lon="9.251977"><ele>1441.5</ele></trkpt>
      <trkpt lat="44.695555" lon="9.251972"><ele>1441.7</ele></trkpt>
      <trkpt lat="44.695540" lon="9.251973"><ele>1441.8</ele></trkpt>
      <trkpt lat="44.695528" lon="9.251972"><ele>1441.8</ele></trkpt>
      <trkpt lat="44.695517" lon="9.251968"><ele>1441.9</ele></trkpt>
      <trkpt lat="44.695493" lon="9.251960"><ele>1442.1</ele></trkpt>
      <trkpt lat="44.695468" lon="9.251955"><ele>1442.2</ele></trkpt>
      <trkpt lat="44.695450" lon="9.251953"><ele>1442.3</ele></trkpt>
      <trkpt lat="44.695432" lon="9.251958"><ele>1442.4</ele></trkpt>
      <trkpt lat="44.695418" lon="9.251962"><ele>1442.5</ele></trkpt>
      <trkpt lat="44.695402" lon="9.251960"><ele>1442.6</ele></trkpt>
      <trkpt lat="44.695383" lon="9.251958"><ele>1442.6</ele></trkpt>
      <trkpt lat="44.695360" lon="9.251963"><ele>1442.8</ele></trkpt>
      <trkpt lat="44.695338" lon="9.251967"><ele>1442.9</ele></trkpt>
      <trkpt lat="44.695315" lon="9.251970"><ele>1443.0</ele></trkpt>
      <trkpt lat="44.695290" lon="9.251972"><ele>1443.1</ele></trkpt>
      <trkpt lat="44.695267" lon="9.251972"><ele>1443.2</ele></trkpt>
      <trkpt lat="44.695245" lon="9.251972"><ele>1443.4</ele></trkpt>
      <trkpt lat="44.695230" lon="9.251973"><ele>1443.4</ele></trkpt>
      <trkpt lat="44.695213" lon="9.251972"><ele>1443.5</ele></trkpt>
      <trkpt lat="44.695190" lon="9.251973"><ele>1443.6</ele></trkpt>
      <trkpt lat="44.695167" lon="9.251972"><ele>1443.8</ele></trkpt>
      <trkpt lat="44.695145" lon="9.251975"><ele>1443.9</ele></trkpt>
      <trkpt lat="44.695127" lon="9.251982"><ele>1444.0</ele></trkpt>
      <trkpt lat="44.695107" lon="9.251988"><ele>1444.1</ele></trkpt>
      <trkpt lat="44.695092" lon="9.251993"><ele>1444.2</ele></trkpt>
      <trkpt lat="44.695073" lon="9.251988"><ele>1444.3</ele></trkpt>
      <trkpt lat="44.695052" lon="9.251980"><ele>1444.4</ele></trkpt>
      <trkpt lat="44.695035" lon="9.251978"><ele>1444.5</ele></trkpt>
      <trkpt lat="44.695015" lon="9.251980"><ele>1444.6</ele></trkpt>
      <trkpt lat="44.694997" lon="9.251987"><ele>1444.7</ele></trkpt>
      <trkpt lat="44.694978" lon="9.251988"><ele>1444.8</ele></trkpt>
      <trkpt lat="44.694958" lon="9.251992"><ele>1444.9</ele></trkpt>
      <trkpt lat="44.694935" lon="9.251995"><ele>1445.0</ele></trkpt>
      <trkpt lat="44.694917" lon="9.251995"><ele>1445.1</ele></trkpt>
      <trkpt lat="44.694898" lon="9.252000"><ele>1445.2</ele></trkpt>
      <trkpt lat="44.694880" lon="9.252010"><ele>1445.3</ele></trkpt>
      <trkpt lat="44.694860" lon="9.252008"><ele>1445.3</ele></trkpt>
      <trkpt lat="44.694838" lon="9.252007"><ele>1445.4</ele></trkpt>
      <trkpt lat="44.694815" lon="9.252005"><ele>1445.6</ele></trkpt>
      <trkpt lat="44.694792" lon="9.252000"><ele>1445.7</ele></trkpt>
      <trkpt lat="44.694758" lon="9.252002"><ele>1445.8</ele></trkpt>
      <trkpt lat="44.694728" lon="9.251990"><ele>1445.9</ele></trkpt>
      <trkpt lat="44.694692" lon="9.251980"><ele>1446.1</ele></trkpt>
      <trkpt lat="44.694655" lon="9.251962"><ele>1446.3</ele></trkpt>
      <trkpt lat="44.694622" lon="9.251947"><ele>1446.4</ele></trkpt>
      <trkpt lat="44.694570" lon="9.251920"><ele>1446.7</ele></trkpt>
      <trkpt lat="44.694552" lon="9.251910"><ele>1446.7</ele></trkpt>
      <trkpt lat="44.694515" lon="9.251898"><ele>1446.9</ele></trkpt>
      <trkpt lat="44.694480" lon="9.251880"><ele>1447.0</ele></trkpt>
      <trkpt lat="44.694443" lon="9.251868"><ele>1447.2</ele></trkpt>
      <trkpt lat="44.694405" lon="9.251860"><ele>1447.3</ele></trkpt>
      <trkpt lat="44.694363" lon="9.251853"><ele>1447.4</ele></trkpt>
      <trkpt lat="44.694325" lon="9.251848"><ele>1447.5</ele></trkpt>
      <trkpt lat="44.694288" lon="9.251847"><ele>1447.6</ele></trkpt>
      <trkpt lat="44.694255" lon="9.251842"><ele>1447.7</ele></trkpt>
      <trkpt lat="44.694223" lon="9.251832"><ele>1447.8</ele></trkpt>
      <trkpt lat="44.694197" lon="9.251828"><ele>1447.8</ele></trkpt>
      <trkpt lat="44.694155" lon="9.251818"><ele>1447.9</ele></trkpt>
      <trkpt lat="44.694142" lon="9.251815"><ele>1448.0</ele></trkpt>
      <trkpt lat="44.694120" lon="9.251813"><ele>1448.0</ele></trkpt>
      <trkpt lat="44.694100" lon="9.251808"><ele>1448.0</ele></trkpt>
      <trkpt lat="44.694080" lon="9.251803"><ele>1448.1</ele></trkpt>
      <trkpt lat="44.694060" lon="9.251797"><ele>1448.1</ele></trkpt>
      <trkpt lat="44.694033" lon="9.251790"><ele>1448.2</ele></trkpt>
      <trkpt lat="44.694000" lon="9.251785"><ele>1448.2</ele></trkpt>
      <trkpt lat="44.693968" lon="9.251777"><ele>1448.3</ele></trkpt>
      <trkpt lat="44.693935" lon="9.251767"><ele>1448.4</ele></trkpt>
      <trkpt lat="44.693900" lon="9.251752"><ele>1448.4</ele></trkpt>
      <trkpt lat="44.693862" lon="9.251732"><ele>1448.5</ele></trkpt>
      <trkpt lat="44.693823" lon="9.251712"><ele>1448.6</ele></trkpt>
      <trkpt lat="44.693773" lon="9.251682"><ele>1448.8</ele></trkpt>
      <trkpt lat="44.693758" lon="9.251670"><ele>1448.8</ele></trkpt>
      <trkpt lat="44.693735" lon="9.251648"><ele>1448.9</ele></trkpt>
      <trkpt lat="44.693715" lon="9.251628"><ele>1449.0</ele></trkpt>
      <trkpt lat="44.693695" lon="9.251610"><ele>1449.0</ele></trkpt>
      <trkpt lat="44.693678" lon="9.251597"><ele>1449.1</ele></trkpt>
      <trkpt lat="44.693667" lon="9.251582"><ele>1449.1</ele></trkpt>
      <trkpt lat="44.693655" lon="9.251562"><ele>1449.2</ele></trkpt>
      <trkpt lat="44.693645" lon="9.251548"><ele>1449.2</ele></trkpt>
      <trkpt lat="44.693625" lon="9.251537"><ele>1449.2</ele></trkpt>
      <trkpt lat="44.693590" lon="9.251518"><ele>1449.3</ele></trkpt>
      <trkpt lat="44.693578" lon="9.251512"><ele>1449.4</ele></trkpt>
      <trkpt lat="44.693552" lon="9.251500"><ele>1449.4</ele></trkpt>
      <trkpt lat="44.693523" lon="9.251488"><ele>1449.5</ele></trkpt>
      <trkpt lat="44.693490" lon="9.251480"><ele>1449.6</ele></trkpt>
      <trkpt lat="44.693457" lon="9.251477"><ele>1449.6</ele></trkpt>
      <trkpt lat="44.693423" lon="9.251475"><ele>1449.7</ele></trkpt>
      <trkpt lat="44.693388" lon="9.251477"><ele>1449.8</ele></trkpt>
      <trkpt lat="44.693355" lon="9.251483"><ele>1449.9</ele></trkpt>
      <trkpt lat="44.693318" lon="9.251493"><ele>1450.0</ele></trkpt>
      <trkpt lat="44.693280" lon="9.251505"><ele>1450.1</ele></trkpt>
      <trkpt lat="44.693242" lon="9.251515"><ele>1450.2</ele></trkpt>
      <trkpt lat="44.693208" lon="9.251522"><ele>1450.3</ele></trkpt>
      <trkpt lat="44.693178" lon="9.251525"><ele>1450.4</ele></trkpt>
      <trkpt lat="44.693152" lon="9.251527"><ele>1450.5</ele></trkpt>
      <trkpt lat="44.693128" lon="9.251527"><ele>1450.6</ele></trkpt>
      <trkpt lat="44.693100" lon="9.251525"><ele>1450.7</ele></trkpt>
      <trkpt lat="44.693073" lon="9.251530"><ele>1450.9</ele></trkpt>
      <trkpt lat="44.693053" lon="9.251528"><ele>1451.0</ele></trkpt>
      <trkpt lat="44.693035" lon="9.251527"><ele>1451.0</ele></trkpt>
      <trkpt lat="44.693015" lon="9.251528"><ele>1451.1</ele></trkpt>
      <trkpt lat="44.692992" lon="9.251532"><ele>1451.2</ele></trkpt>
      <trkpt lat="44.692967" lon="9.251533"><ele>1451.3</ele></trkpt>
      <trkpt lat="44.692942" lon="9.251532"><ele>1451.4</ele></trkpt>
      <trkpt lat="44.692917" lon="9.251540"><ele>1451.6</ele></trkpt>
      <trkpt lat="44.692888" lon="9.251548"><ele>1451.7</ele></trkpt>
      <trkpt lat="44.692865" lon="9.251560"><ele>1451.8</ele></trkpt>
      <trkpt lat="44.692837" lon="9.251582"><ele>1451.9</ele></trkpt>
      <trkpt lat="44.692803" lon="9.251598"><ele>1452.1</ele></trkpt>
      <trkpt lat="44.692772" lon="9.251613"><ele>1452.2</ele></trkpt>
      <trkpt lat="44.692740" lon="9.251630"><ele>1452.3</ele></trkpt>
      <trkpt lat="44.692707" lon="9.251650"><ele>1452.5</ele></trkpt>
      <trkpt lat="44.692670" lon="9.251668"><ele>1452.6</ele></trkpt>
      <trkpt lat="44.692635" lon="9.251690"><ele>1452.7</ele></trkpt>
      <trkpt lat="44.692607" lon="9.251710"><ele>1452.8</ele></trkpt>
      <trkpt lat="44.692577" lon="9.251723"><ele>1452.9</ele></trkpt>
      <trkpt lat="44.692550" lon="9.251732"><ele>1452.9</ele></trkpt>
      <trkpt lat="44.692523" lon="9.251732"><ele>1453.0</ele></trkpt>
      <trkpt lat="44.692502" lon="9.251730"><ele>1453.1</ele></trkpt>
      <trkpt lat="44.692477" lon="9.251728"><ele>1453.1</ele></trkpt>
      <trkpt lat="44.692444" lon="9.251726"><ele>1453.2</ele></trkpt>
      <trkpt lat="44.692432" lon="9.251725"><ele>1453.2</ele></trkpt>
      <trkpt lat="44.692403" lon="9.251725"><ele>1453.3</ele></trkpt>
      <trkpt lat="44.692373" lon="9.251723"><ele>1453.4</ele></trkpt>
      <trkpt lat="44.692342" lon="9.251718"><ele>1453.5</ele></trkpt>
      <trkpt lat="44.692307" lon="9.251712"><ele>1453.6</ele></trkpt>
      <trkpt lat="44.692273" lon="9.251712"><ele>1453.6</ele></trkpt>
      <trkpt lat="44.692240" lon="9.251708"><ele>1453.7</ele></trkpt>
      <trkpt lat="44.692205" lon="9.251708"><ele>1453.8</ele></trkpt>
      <trkpt lat="44.692177" lon="9.251700"><ele>1453.9</ele></trkpt>
      <trkpt lat="44.692152" lon="9.251678"><ele>1454.0</ele></trkpt>
      <trkpt lat="44.692133" lon="9.251652"><ele>1454.0</ele></trkpt>
      <trkpt lat="44.692118" lon="9.251622"><ele>1454.1</ele></trkpt>
      <trkpt lat="44.692095" lon="9.251587"><ele>1454.2</ele></trkpt>
      <trkpt lat="44.692088" lon="9.251577"><ele>1454.2</ele></trkpt>
      <trkpt lat="44.692088" lon="9.251562"><ele>1454.2</ele></trkpt>
      <trkpt lat="44.692077" lon="9.251542"><ele>1454.3</ele></trkpt>
      <trkpt lat="44.692057" lon="9.251522"><ele>1454.3</ele></trkpt>
      <trkpt lat="44.692037" lon="9.251488"><ele>1454.4</ele></trkpt>
      <trkpt lat="44.692017" lon="9.251457"><ele>1454.5</ele></trkpt>
      <trkpt lat="44.691995" lon="9.251423"><ele>1454.5</ele></trkpt>
      <trkpt lat="44.691968" lon="9.251395"><ele>1454.6</ele></trkpt>
      <trkpt lat="44.691938" lon="9.251365"><ele>1454.6</ele></trkpt>
      <trkpt lat="44.691910" lon="9.251340"><ele>1454.7</ele></trkpt>
      <trkpt lat="44.691883" lon="9.251305"><ele>1454.8</ele></trkpt>
      <trkpt lat="44.691862" lon="9.251265"><ele>1454.9</ele></trkpt>
      <trkpt lat="44.691833" lon="9.251204"><ele>1455.0</ele></trkpt>
      <trkpt lat="44.691823" lon="9.251185"><ele>1455.0</ele></trkpt>
      <trkpt lat="44.691813" lon="9.251158"><ele>1455.0</ele></trkpt>
      <trkpt lat="44.691795" lon="9.251128"><ele>1455.1</ele></trkpt>
      <trkpt lat="44.691775" lon="9.251100"><ele>1455.1</ele></trkpt>
      <trkpt lat="44.691762" lon="9.251068"><ele>1455.2</ele></trkpt>
      <trkpt lat="44.691738" lon="9.251040"><ele>1455.3</ele></trkpt>
      <trkpt lat="44.691717" lon="9.251022"><ele>1455.3</ele></trkpt>
      <trkpt lat="44.691698" lon="9.251007"><ele>1455.4</ele></trkpt>
      <trkpt lat="44.691683" lon="9.250997"><ele>1455.4</ele></trkpt>
      <trkpt lat="44.691672" lon="9.250983"><ele>1455.5</ele></trkpt>
      <trkpt lat="44.691662" lon="9.250968"><ele>1455.5</ele></trkpt>
      <trkpt lat="44.691645" lon="9.250958"><ele>1455.6</ele></trkpt>
      <trkpt lat="44.691627" lon="9.250935"><ele>1455.7</ele></trkpt>
      <trkpt lat="44.691607" lon="9.250912"><ele>1455.7</ele></trkpt>
      <trkpt lat="44.691588" lon="9.250900"><ele>1455.8</ele></trkpt>
      <trkpt lat="44.691568" lon="9.250893"><ele>1455.9</ele></trkpt>
      <trkpt lat="44.691547" lon="9.250885"><ele>1456.0</ele></trkpt>
      <trkpt lat="44.691527" lon="9.250873"><ele>1456.1</ele></trkpt>
      <trkpt lat="44.691503" lon="9.250867"><ele>1456.2</ele></trkpt>
      <trkpt lat="44.691483" lon="9.250863"><ele>1456.2</ele></trkpt>
      <trkpt lat="44.691455" lon="9.250863"><ele>1456.4</ele></trkpt>
      <trkpt lat="44.691427" lon="9.250863"><ele>1456.5</ele></trkpt>
      <trkpt lat="44.691400" lon="9.250872"><ele>1456.6</ele></trkpt>
      <trkpt lat="44.691373" lon="9.250882"><ele>1456.7</ele></trkpt>
      <trkpt lat="44.691345" lon="9.250895"><ele>1456.8</ele></trkpt>
      <trkpt lat="44.691318" lon="9.250907"><ele>1457.0</ele></trkpt>
      <trkpt lat="44.691288" lon="9.250915"><ele>1457.1</ele></trkpt>
      <trkpt lat="44.691258" lon="9.250917"><ele>1457.2</ele></trkpt>
      <trkpt lat="44.691227" lon="9.250915"><ele>1457.4</ele></trkpt>
      <trkpt lat="44.691197" lon="9.250907"><ele>1457.5</ele></trkpt>
      <trkpt lat="44.691170" lon="9.250895"><ele>1457.6</ele></trkpt>
      <trkpt lat="44.691145" lon="9.250883"><ele>1457.8</ele></trkpt>
      <trkpt lat="44.691113" lon="9.250867"><ele>1457.9</ele></trkpt>
      <trkpt lat="44.691082" lon="9.250860"><ele>1458.1</ele></trkpt>
      <trkpt lat="44.691050" lon="9.250870"><ele>1458.2</ele></trkpt>
      <trkpt lat="44.691020" lon="9.250888"><ele>1458.4</ele></trkpt>
      <trkpt lat="44.690997" lon="9.250898"><ele>1458.5</ele></trkpt>
      <trkpt lat="44.690972" lon="9.250905"><ele>1458.7</ele></trkpt>
      <trkpt lat="44.690952" lon="9.250912"><ele>1458.8</ele></trkpt>
      <trkpt lat="44.690933" lon="9.250918"><ele>1458.9</ele></trkpt>
      <trkpt lat="44.690912" lon="9.250927"><ele>1459.0</ele></trkpt>
      <trkpt lat="44.690890" lon="9.250937"><ele>1459.1</ele></trkpt>
      <trkpt lat="44.690877" lon="9.250943"><ele>1459.2</ele></trkpt>
      <trkpt lat="44.690860" lon="9.250948"><ele>1459.3</ele></trkpt>
      <trkpt lat="44.690838" lon="9.250947"><ele>1459.4</ele></trkpt>
      <trkpt lat="44.690810" lon="9.250945"><ele>1459.6</ele></trkpt>
      <trkpt lat="44.690783" lon="9.250938"><ele>1459.7</ele></trkpt>
      <trkpt lat="44.690758" lon="9.250933"><ele>1459.9</ele></trkpt>
      <trkpt lat="44.690722" lon="9.250929"><ele>1460.1</ele></trkpt>
      <trkpt lat="44.690712" lon="9.250927"><ele>1460.1</ele></trkpt>
      <trkpt lat="44.690690" lon="9.250922"><ele>1460.3</ele></trkpt>
      <trkpt lat="44.690670" lon="9.250913"><ele>1460.4</ele></trkpt>
      <trkpt lat="44.690653" lon="9.250902"><ele>1460.5</ele></trkpt>
      <trkpt lat="44.690637" lon="9.250893"><ele>1460.6</ele></trkpt>
      <trkpt lat="44.690617" lon="9.250883"><ele>1460.7</ele></trkpt>
      <trkpt lat="44.690595" lon="9.250870"><ele>1460.9</ele></trkpt>
      <trkpt lat="44.690585" lon="9.250860"><ele>1461.0</ele></trkpt>
      <trkpt lat="44.690573" lon="9.250847"><ele>1461.0</ele></trkpt>
      <trkpt lat="44.690555" lon="9.250842"><ele>1461.2</ele></trkpt>
      <trkpt lat="44.690535" lon="9.250835"><ele>1461.3</ele></trkpt>
      <trkpt lat="44.690513" lon="9.250825"><ele>1461.4</ele></trkpt>
      <trkpt lat="44.690477" lon="9.250812"><ele>1461.6</ele></trkpt>
      <trkpt lat="44.690467" lon="9.250810"><ele>1461.7</ele></trkpt>
      <trkpt lat="44.690438" lon="9.250808"><ele>1462.1</ele></trkpt>
      <trkpt lat="44.690410" lon="9.250797"><ele>1462.5</ele></trkpt>
      <trkpt lat="44.690392" lon="9.250788"><ele>1462.7</ele></trkpt>
      <trkpt lat="44.690377" lon="9.250787"><ele>1462.9</ele></trkpt>
      <trkpt lat="44.690358" lon="9.250780"><ele>1463.1</ele></trkpt>
      <trkpt lat="44.690335" lon="9.250777"><ele>1463.4</ele></trkpt>
      <trkpt lat="44.690307" lon="9.250775"><ele>1463.7</ele></trkpt>
      <trkpt lat="44.690280" lon="9.250772"><ele>1464.0</ele></trkpt>
      <trkpt lat="44.690252" lon="9.250773"><ele>1464.4</ele></trkpt>
      <trkpt lat="44.690227" lon="9.250778"><ele>1464.6</ele></trkpt>
      <trkpt lat="44.690200" lon="9.250777"><ele>1464.9</ele></trkpt>
      <trkpt lat="44.690166" lon="9.250787"><ele>1465.3</ele></trkpt>
      <trkpt lat="44.690157" lon="9.250790"><ele>1465.4</ele></trkpt>
      <trkpt lat="44.690143" lon="9.250800"><ele>1465.6</ele></trkpt>
      <trkpt lat="44.690130" lon="9.250813"><ele>1465.7</ele></trkpt>
      <trkpt lat="44.690113" lon="9.250827"><ele>1465.9</ele></trkpt>
      <trkpt lat="44.690098" lon="9.250842"><ele>1466.1</ele></trkpt>
      <trkpt lat="44.690078" lon="9.250860"><ele>1466.4</ele></trkpt>
      <trkpt lat="44.690057" lon="9.250883"><ele>1466.3</ele></trkpt>
      <trkpt lat="44.690032" lon="9.250910"><ele>1466.3</ele></trkpt>
      <trkpt lat="44.690005" lon="9.250937"><ele>1466.2</ele></trkpt>
      <trkpt lat="44.689978" lon="9.250960"><ele>1466.1</ele></trkpt>
      <trkpt lat="44.689953" lon="9.250975"><ele>1466.0</ele></trkpt>
      <trkpt lat="44.689925" lon="9.250988"><ele>1466.0</ele></trkpt>
      <trkpt lat="44.689880" lon="9.250990"><ele>1465.9</ele></trkpt>
      <trkpt lat="44.689865" lon="9.250992"><ele>1465.9</ele></trkpt>
      <trkpt lat="44.689837" lon="9.250988"><ele>1465.9</ele></trkpt>
      <trkpt lat="44.689810" lon="9.250978"><ele>1465.8</ele></trkpt>
      <trkpt lat="44.689783" lon="9.250965"><ele>1465.8</ele></trkpt>
      <trkpt lat="44.689758" lon="9.250948"><ele>1465.8</ele></trkpt>
      <trkpt lat="44.689733" lon="9.250920"><ele>1465.8</ele></trkpt>
      <trkpt lat="44.689710" lon="9.250892"><ele>1465.8</ele></trkpt>
      <trkpt lat="44.689695" lon="9.250870"><ele>1465.8</ele></trkpt>
      <trkpt lat="44.689680" lon="9.250850"><ele>1465.8</ele></trkpt>
      <trkpt lat="44.689662" lon="9.250835"><ele>1465.7</ele></trkpt>
      <trkpt lat="44.689645" lon="9.250820"><ele>1465.7</ele></trkpt>
      <trkpt lat="44.689628" lon="9.250815"><ele>1465.7</ele></trkpt>
      <trkpt lat="44.689610" lon="9.250808"><ele>1465.7</ele></trkpt>
      <trkpt lat="44.689587" lon="9.250807"><ele>1465.7</ele></trkpt>
      <trkpt lat="44.689560" lon="9.250807"><ele>1465.6</ele></trkpt>
      <trkpt lat="44.689535" lon="9.250807"><ele>1465.6</ele></trkpt>
      <trkpt lat="44.689510" lon="9.250805"><ele>1465.6</ele></trkpt>
      <trkpt lat="44.689482" lon="9.250803"><ele>1465.5</ele></trkpt>
      <trkpt lat="44.689452" lon="9.250808"><ele>1465.5</ele></trkpt>
      <trkpt lat="44.689427" lon="9.250813"><ele>1465.5</ele></trkpt>
      <trkpt lat="44.689402" lon="9.250808"><ele>1465.4</ele></trkpt>
      <trkpt lat="44.689377" lon="9.250807"><ele>1465.4</ele></trkpt>
      <trkpt lat="44.689348" lon="9.250808"><ele>1465.4</ele></trkpt>
      <trkpt lat="44.689323" lon="9.250805"><ele>1465.3</ele></trkpt>
      <trkpt lat="44.689298" lon="9.250797"><ele>1465.3</ele></trkpt>
      <trkpt lat="44.689275" lon="9.250792"><ele>1465.3</ele></trkpt>
      <trkpt lat="44.689250" lon="9.250777"><ele>1465.2</ele></trkpt>
      <trkpt lat="44.689232" lon="9.250752"><ele>1465.2</ele></trkpt>
      <trkpt lat="44.689235" lon="9.250733"><ele>1465.2</ele></trkpt>
      <trkpt lat="44.689243" lon="9.250702"><ele>1465.2</ele></trkpt>
      <trkpt lat="44.689263" lon="9.250663"><ele>1465.1</ele></trkpt>
      <trkpt lat="44.689305" lon="9.250618"><ele>1465.0</ele></trkpt>
      <trkpt lat="44.689333" lon="9.250575"><ele>1465.0</ele></trkpt>
      <trkpt lat="44.689358" lon="9.250543"><ele>1465.0</ele></trkpt>
      <trkpt lat="44.689377" lon="9.250508"><ele>1465.0</ele></trkpt>
      <trkpt lat="44.689392" lon="9.250482"><ele>1465.0</ele></trkpt>
      <trkpt lat="44.689415" lon="9.250460"><ele>1465.0</ele></trkpt>
      <trkpt lat="44.689433" lon="9.250438"><ele>1465.0</ele></trkpt>
      <trkpt lat="44.689432" lon="9.250398"><ele>1465.0</ele></trkpt>
      <trkpt lat="44.689443" lon="9.250362"><ele>1465.0</ele></trkpt>
      <trkpt lat="44.689442" lon="9.250327"><ele>1465.0</ele></trkpt>
      <trkpt lat="44.689442" lon="9.250285"><ele>1465.1</ele></trkpt>
      <trkpt lat="44.689442" lon="9.250245"><ele>1465.1</ele></trkpt>
      <trkpt lat="44.689442" lon="9.250227"><ele>1465.1</ele></trkpt>
      <trkpt lat="44.689427" lon="9.250193"><ele>1465.1</ele></trkpt>
      <trkpt lat="44.689415" lon="9.250142"><ele>1465.1</ele></trkpt>
      <trkpt lat="44.689390" lon="9.250100"><ele>1465.1</ele></trkpt>
      <trkpt lat="44.689388" lon="9.250043"><ele>1465.1</ele></trkpt>
      <trkpt lat="44.689397" lon="9.249978"><ele>1465.1</ele></trkpt>
      <trkpt lat="44.689393" lon="9.249922"><ele>1465.1</ele></trkpt>
      <trkpt lat="44.689373" lon="9.249832"><ele>1465.1</ele></trkpt>
      <trkpt lat="44.689367" lon="9.249802"><ele>1465.1</ele></trkpt>
      <trkpt lat="44.689350" lon="9.249742"><ele>1465.1</ele></trkpt>
      <trkpt lat="44.689340" lon="9.249695"><ele>1465.0</ele></trkpt>
      <trkpt lat="44.689327" lon="9.249657"><ele>1465.0</ele></trkpt>
      <trkpt lat="44.689325" lon="9.249618"><ele>1465.0</ele></trkpt>
      <trkpt lat="44.689327" lon="9.249585"><ele>1464.9</ele></trkpt>
      <trkpt lat="44.689322" lon="9.249557"><ele>1464.8</ele></trkpt>
      <trkpt lat="44.689313" lon="9.249535"><ele>1464.8</ele></trkpt>
      <trkpt lat="44.689302" lon="9.249512"><ele>1464.7</ele></trkpt>
      <trkpt lat="44.689290" lon="9.249487"><ele>1464.7</ele></trkpt>
      <trkpt lat="44.689270" lon="9.249475"><ele>1464.6</ele></trkpt>
      <trkpt lat="44.689248" lon="9.249455"><ele>1464.5</ele></trkpt>
      <trkpt lat="44.689203" lon="9.249425"><ele>1464.4</ele></trkpt>
      <trkpt lat="44.689190" lon="9.249418"><ele>1464.3</ele></trkpt>
      <trkpt lat="44.689165" lon="9.249400"><ele>1464.2</ele></trkpt>
      <trkpt lat="44.689138" lon="9.249380"><ele>1464.1</ele></trkpt>
      <trkpt lat="44.689112" lon="9.249360"><ele>1464.1</ele></trkpt>
      <trkpt lat="44.689085" lon="9.249347"><ele>1464.0</ele></trkpt>
      <trkpt lat="44.689048" lon="9.249335"><ele>1463.9</ele></trkpt>
      <trkpt lat="44.689008" lon="9.249323"><ele>1463.8</ele></trkpt>
      <trkpt lat="44.688965" lon="9.249315"><ele>1463.7</ele></trkpt>
      <trkpt lat="44.688922" lon="9.249302"><ele>1463.6</ele></trkpt>
      <trkpt lat="44.688872" lon="9.249280"><ele>1463.5</ele></trkpt>
      <trkpt lat="44.688827" lon="9.249252"><ele>1463.5</ele></trkpt>
      <trkpt lat="44.688785" lon="9.249228"><ele>1463.4</ele></trkpt>
      <trkpt lat="44.688735" lon="9.249190"><ele>1463.3</ele></trkpt>
      <trkpt lat="44.688718" lon="9.249175"><ele>1463.3</ele></trkpt>
      <trkpt lat="44.688693" lon="9.249152"><ele>1463.2</ele></trkpt>
      <trkpt lat="44.688670" lon="9.249127"><ele>1463.2</ele></trkpt>
      <trkpt lat="44.688645" lon="9.249103"><ele>1463.2</ele></trkpt>
      <trkpt lat="44.688612" lon="9.249085"><ele>1463.1</ele></trkpt>
      <trkpt lat="44.688577" lon="9.249065"><ele>1463.1</ele></trkpt>
      <trkpt lat="44.688547" lon="9.249042"><ele>1463.1</ele></trkpt>
      <trkpt lat="44.688523" lon="9.249018"><ele>1463.0</ele></trkpt>
      <trkpt lat="44.688503" lon="9.248982"><ele>1463.0</ele></trkpt>
      <trkpt lat="44.688490" lon="9.248942"><ele>1463.0</ele></trkpt>
      <trkpt lat="44.688472" lon="9.248897"><ele>1462.9</ele></trkpt>
      <trkpt lat="44.688450" lon="9.248852"><ele>1462.9</ele></trkpt>
      <trkpt lat="44.688433" lon="9.248797"><ele>1462.8</ele></trkpt>
      <trkpt lat="44.688420" lon="9.248737"><ele>1462.8</ele></trkpt>
      <trkpt lat="44.688415" lon="9.248685"><ele>1462.7</ele></trkpt>
      <trkpt lat="44.688408" lon="9.248632"><ele>1462.6</ele></trkpt>
      <trkpt lat="44.688402" lon="9.248582"><ele>1462.5</ele></trkpt>
      <trkpt lat="44.688397" lon="9.248543"><ele>1462.4</ele></trkpt>
      <trkpt lat="44.688388" lon="9.248497"><ele>1462.3</ele></trkpt>
      <trkpt lat="44.688378" lon="9.248452"><ele>1462.2</ele></trkpt>
      <trkpt lat="44.688375" lon="9.248405"><ele>1462.1</ele></trkpt>
      <trkpt lat="44.688368" lon="9.248362"><ele>1462.0</ele></trkpt>
      <trkpt lat="44.688365" lon="9.248327"><ele>1461.9</ele></trkpt>
      <trkpt lat="44.688362" lon="9.248283"><ele>1461.8</ele></trkpt>
      <trkpt lat="44.688355" lon="9.248248"><ele>1461.7</ele></trkpt>
      <trkpt lat="44.688323" lon="9.248217"><ele>1461.5</ele></trkpt>
      <trkpt lat="44.688290" lon="9.248182"><ele>1461.4</ele></trkpt>
      <trkpt lat="44.688262" lon="9.248138"><ele>1461.2</ele></trkpt>
      <trkpt lat="44.688228" lon="9.248112"><ele>1461.1</ele></trkpt>
      <trkpt lat="44.688190" lon="9.248068"><ele>1460.9</ele></trkpt>
      <trkpt lat="44.688150" lon="9.248033"><ele>1460.7</ele></trkpt>
      <trkpt lat="44.688115" lon="9.247992"><ele>1460.5</ele></trkpt>
      <trkpt lat="44.688080" lon="9.247957"><ele>1460.3</ele></trkpt>
      <trkpt lat="44.688038" lon="9.247912"><ele>1460.1</ele></trkpt>
      <trkpt lat="44.688005" lon="9.247868"><ele>1459.8</ele></trkpt>
      <trkpt lat="44.687975" lon="9.247822"><ele>1459.6</ele></trkpt>
      <trkpt lat="44.687948" lon="9.247775"><ele>1459.4</ele></trkpt>
      <trkpt lat="44.687920" lon="9.247723"><ele>1459.1</ele></trkpt>
      <trkpt lat="44.687892" lon="9.247652"><ele>1458.8</ele></trkpt>
      <trkpt lat="44.687860" lon="9.247562"><ele>1458.5</ele></trkpt>
      <trkpt lat="44.687842" lon="9.247487"><ele>1458.2</ele></trkpt>
      <trkpt lat="44.687815" lon="9.247410"><ele>1457.9</ele></trkpt>
      <trkpt lat="44.687790" lon="9.247345"><ele>1457.6</ele></trkpt>
      <trkpt lat="44.687765" lon="9.247298"><ele>1457.4</ele></trkpt>
      <trkpt lat="44.687743" lon="9.247238"><ele>1457.1</ele></trkpt>
      <trkpt lat="44.687737" lon="9.247187"><ele>1456.8</ele></trkpt>
      <trkpt lat="44.687733" lon="9.247133"><ele>1456.5</ele></trkpt>
      <trkpt lat="44.687730" lon="9.247093"><ele>1456.3</ele></trkpt>
      <trkpt lat="44.687710" lon="9.247038"><ele>1456.0</ele></trkpt>
      <trkpt lat="44.687703" lon="9.246985"><ele>1455.7</ele></trkpt>
      <trkpt lat="44.687700" lon="9.246928"><ele>1455.3</ele></trkpt>
      <trkpt lat="44.687683" lon="9.246852"><ele>1454.9</ele></trkpt>
      <trkpt lat="44.687680" lon="9.246746"><ele>1454.2</ele></trkpt>
      <trkpt lat="44.687681" lon="9.246717"><ele>1454.0</ele></trkpt>
      <trkpt lat="44.687685" lon="9.246660"><ele>1453.7</ele></trkpt>
      <trkpt lat="44.687685" lon="9.246598"><ele>1453.3</ele></trkpt>
      <trkpt lat="44.687690" lon="9.246540"><ele>1452.9</ele></trkpt>
      <trkpt lat="44.687685" lon="9.246453"><ele>1452.3</ele></trkpt>
      <trkpt lat="44.687688" lon="9.246383"><ele>1451.9</ele></trkpt>
      <trkpt lat="44.687705" lon="9.246345"><ele>1451.6</ele></trkpt>
      <trkpt lat="44.687705" lon="9.246270"><ele>1451.1</ele></trkpt>
      <trkpt lat="44.687698" lon="9.246190"><ele>1450.5</ele></trkpt>
      <trkpt lat="44.687690" lon="9.246107"><ele>1450.0</ele></trkpt>
      <trkpt lat="44.687685" lon="9.246022"><ele>1449.4</ele></trkpt>
      <trkpt lat="44.687675" lon="9.245947"><ele>1448.9</ele></trkpt>
      <trkpt lat="44.687659" lon="9.245833"><ele>1448.2</ele></trkpt>
      <trkpt lat="44.687653" lon="9.245794"><ele>1447.9</ele></trkpt>
      <trkpt lat="44.687642" lon="9.245715"><ele>1447.4</ele></trkpt>
      <trkpt lat="44.687625" lon="9.245623"><ele>1446.8</ele></trkpt>
      <trkpt lat="44.687618" lon="9.245547"><ele>1446.3</ele></trkpt>
      <trkpt lat="44.687612" lon="9.245477"><ele>1446.0</ele></trkpt>
      <trkpt lat="44.687615" lon="9.245422"><ele>1445.7</ele></trkpt>
      <trkpt lat="44.687612" lon="9.245345"><ele>1445.3</ele></trkpt>
      <trkpt lat="44.687607" lon="9.245278"><ele>1445.0</ele></trkpt>
      <trkpt lat="44.687600" lon="9.245197"><ele>1444.5</ele></trkpt>
      <trkpt lat="44.687592" lon="9.245100"><ele>1444.0</ele></trkpt>
      <trkpt lat="44.687583" lon="9.245023"><ele>1443.7</ele></trkpt>
      <trkpt lat="44.687565" lon="9.244938"><ele>1443.2</ele></trkpt>
      <trkpt lat="44.687545" lon="9.244870"><ele>1442.8</ele></trkpt>
      <trkpt lat="44.687535" lon="9.244812"><ele>1442.4</ele></trkpt>
      <trkpt lat="44.687522" lon="9.244720"><ele>1441.9</ele></trkpt>
      <trkpt lat="44.687503" lon="9.244635"><ele>1441.4</ele></trkpt>
      <trkpt lat="44.687487" lon="9.244547"><ele>1440.9</ele></trkpt>
      <trkpt lat="44.687468" lon="9.244463"><ele>1440.5</ele></trkpt>
      <trkpt lat="44.687460" lon="9.244377"><ele>1440.0</ele></trkpt>
      <trkpt lat="44.687445" lon="9.244283"><ele>1439.5</ele></trkpt>
      <trkpt lat="44.687448" lon="9.244210"><ele>1439.1</ele></trkpt>
      <trkpt lat="44.687452" lon="9.244118"><ele>1438.7</ele></trkpt>
      <trkpt lat="44.687450" lon="9.244020"><ele>1438.2</ele></trkpt>
      <trkpt lat="44.687455" lon="9.243937"><ele>1437.8</ele></trkpt>
      <trkpt lat="44.687463" lon="9.243840"><ele>1437.3</ele></trkpt>
      <trkpt lat="44.687463" lon="9.243767"><ele>1437.0</ele></trkpt>
      <trkpt lat="44.687472" lon="9.243683"><ele>1436.6</ele></trkpt>
      <trkpt lat="44.687473" lon="9.243582"><ele>1436.1</ele></trkpt>
      <trkpt lat="44.687475" lon="9.243475"><ele>1435.6</ele></trkpt>
      <trkpt lat="44.687467" lon="9.243367"><ele>1435.2</ele></trkpt>
      <trkpt lat="44.687472" lon="9.243257"><ele>1434.7</ele></trkpt>
      <trkpt lat="44.687483" lon="9.243155"><ele>1434.4</ele></trkpt>
      <trkpt lat="44.687483" lon="9.243067"><ele>1434.1</ele></trkpt>
      <trkpt lat="44.687477" lon="9.242975"><ele>1433.8</ele></trkpt>
      <trkpt lat="44.687447" lon="9.242887"><ele>1433.6</ele></trkpt>
      <trkpt lat="44.687442" lon="9.242803"><ele>1433.4</ele></trkpt>
      <trkpt lat="44.687422" lon="9.242728"><ele>1433.2</ele></trkpt>
      <trkpt lat="44.687398" lon="9.242657"><ele>1433.1</ele></trkpt>
      <trkpt lat="44.687362" lon="9.242603"><ele>1433.0</ele></trkpt>
      <trkpt lat="44.687315" lon="9.242562"><ele>1432.9</ele></trkpt>
      <trkpt lat="44.687262" lon="9.242523"><ele>1432.9</ele></trkpt>
      <trkpt lat="44.687210" lon="9.242497"><ele>1432.8</ele></trkpt>
      <trkpt lat="44.687147" lon="9.242478"><ele>1432.8</ele></trkpt>
      <trkpt lat="44.687093" lon="9.242477"><ele>1432.8</ele></trkpt>
      <trkpt lat="44.687032" lon="9.242475"><ele>1432.8</ele></trkpt>
      <trkpt lat="44.686988" lon="9.242480"><ele>1432.9</ele></trkpt>
      <trkpt lat="44.686945" lon="9.242477"><ele>1432.9</ele></trkpt>
      <trkpt lat="44.686902" lon="9.242475"><ele>1432.9</ele></trkpt>
      <trkpt lat="44.686862" lon="9.242480"><ele>1433.0</ele></trkpt>
      <trkpt lat="44.686830" lon="9.242482"><ele>1433.0</ele></trkpt>
      <trkpt lat="44.686802" lon="9.242478"><ele>1433.0</ele></trkpt>
      <trkpt lat="44.686772" lon="9.242472"><ele>1433.1</ele></trkpt>
      <trkpt lat="44.686737" lon="9.242468"><ele>1433.1</ele></trkpt>
      <trkpt lat="44.686710" lon="9.242465"><ele>1433.1</ele></trkpt>
      <trkpt lat="44.686680" lon="9.242467"><ele>1433.2</ele></trkpt>
      <trkpt lat="44.686657" lon="9.242453"><ele>1433.2</ele></trkpt>
      <trkpt lat="44.686638" lon="9.242435"><ele>1433.2</ele></trkpt>
      <trkpt lat="44.686623" lon="9.242418"><ele>1433.2</ele></trkpt>
      <trkpt lat="44.686608" lon="9.242407"><ele>1433.2</ele></trkpt>
      <trkpt lat="44.686585" lon="9.242380"><ele>1433.1</ele></trkpt>
      <trkpt lat="44.686577" lon="9.242368"><ele>1433.1</ele></trkpt>
      <trkpt lat="44.686555" lon="9.242343"><ele>1433.0</ele></trkpt>
      <trkpt lat="44.686527" lon="9.242317"><ele>1433.0</ele></trkpt>
      <trkpt lat="44.686498" lon="9.242290"><ele>1432.8</ele></trkpt>
      <trkpt lat="44.686456" lon="9.242240"><ele>1432.6</ele></trkpt>
      <trkpt lat="44.686442" lon="9.242218"><ele>1432.5</ele></trkpt>
      <trkpt lat="44.686418" lon="9.242177"><ele>1432.3</ele></trkpt>
      <trkpt lat="44.686403" lon="9.242142"><ele>1432.2</ele></trkpt>
      <trkpt lat="44.686400" lon="9.242105"><ele>1432.0</ele></trkpt>
      <trkpt lat="44.686398" lon="9.242057"><ele>1431.9</ele></trkpt>
      <trkpt lat="44.686388" lon="9.242000"><ele>1431.7</ele></trkpt>
      <trkpt lat="44.686377" lon="9.241940"><ele>1431.5</ele></trkpt>
      <trkpt lat="44.686367" lon="9.241857"><ele>1431.2</ele></trkpt>
      <trkpt lat="44.686367" lon="9.241782"><ele>1430.9</ele></trkpt>
      <trkpt lat="44.686365" lon="9.241710"><ele>1430.7</ele></trkpt>
      <trkpt lat="44.686352" lon="9.241620"><ele>1430.4</ele></trkpt>
      <trkpt lat="44.686348" lon="9.241543"><ele>1430.1</ele></trkpt>
      <trkpt lat="44.686342" lon="9.241460"><ele>1429.8</ele></trkpt>
      <trkpt lat="44.686335" lon="9.241385"><ele>1429.5</ele></trkpt>
      <trkpt lat="44.686343" lon="9.241318"><ele>1429.3</ele></trkpt>
      <trkpt lat="44.686358" lon="9.241253"><ele>1429.0</ele></trkpt>
      <trkpt lat="44.686372" lon="9.241183"><ele>1428.7</ele></trkpt>
      <trkpt lat="44.686383" lon="9.241093"><ele>1428.3</ele></trkpt>
      <trkpt lat="44.686395" lon="9.241008"><ele>1427.9</ele></trkpt>
      <trkpt lat="44.686403" lon="9.240923"><ele>1427.6</ele></trkpt>
      <trkpt lat="44.686408" lon="9.240835"><ele>1427.2</ele></trkpt>
      <trkpt lat="44.686415" lon="9.240752"><ele>1426.8</ele></trkpt>
      <trkpt lat="44.686422" lon="9.240683"><ele>1426.5</ele></trkpt>
      <trkpt lat="44.686417" lon="9.240597"><ele>1426.2</ele></trkpt>
      <trkpt lat="44.686413" lon="9.240527"><ele>1425.9</ele></trkpt>
      <trkpt lat="44.686415" lon="9.240442"><ele>1425.6</ele></trkpt>
      <trkpt lat="44.686422" lon="9.240348"><ele>1425.2</ele></trkpt>
      <trkpt lat="44.686433" lon="9.240252"><ele>1424.9</ele></trkpt>
      <trkpt lat="44.686447" lon="9.240163"><ele>1424.5</ele></trkpt>
      <trkpt lat="44.686462" lon="9.240070"><ele>1424.2</ele></trkpt>
      <trkpt lat="44.686480" lon="9.239988"><ele>1423.8</ele></trkpt>
      <trkpt lat="44.686492" lon="9.239910"><ele>1423.5</ele></trkpt>
      <trkpt lat="44.686492" lon="9.239827"><ele>1423.1</ele></trkpt>
      <trkpt lat="44.686495" lon="9.239738"><ele>1422.7</ele></trkpt>
      <trkpt lat="44.686500" lon="9.239662"><ele>1422.4</ele></trkpt>
      <trkpt lat="44.686498" lon="9.239588"><ele>1422.1</ele></trkpt>
      <trkpt lat="44.686492" lon="9.239513"><ele>1421.7</ele></trkpt>
      <trkpt lat="44.686488" lon="9.239420"><ele>1421.4</ele></trkpt>
      <trkpt lat="44.686485" lon="9.239390"><ele>1421.3</ele></trkpt>
      <trkpt lat="44.686477" lon="9.239330"><ele>1421.1</ele></trkpt>
      <trkpt lat="44.686473" lon="9.239278"><ele>1420.9</ele></trkpt>
      <trkpt lat="44.686465" lon="9.239233"><ele>1420.7</ele></trkpt>
      <trkpt lat="44.686458" lon="9.239190"><ele>1420.6</ele></trkpt>
      <trkpt lat="44.686450" lon="9.239138"><ele>1420.5</ele></trkpt>
      <trkpt lat="44.686440" lon="9.239078"><ele>1420.3</ele></trkpt>
      <trkpt lat="44.686430" lon="9.239022"><ele>1420.2</ele></trkpt>
      <trkpt lat="44.686420" lon="9.238965"><ele>1420.0</ele></trkpt>
      <trkpt lat="44.686367" lon="9.238883"><ele>1419.8</ele></trkpt>
      <trkpt lat="44.686335" lon="9.238793"><ele>1419.6</ele></trkpt>
      <trkpt lat="44.686342" lon="9.238740"><ele>1419.5</ele></trkpt>
      <trkpt lat="44.686347" lon="9.238688"><ele>1419.3</ele></trkpt>
      <trkpt lat="44.686362" lon="9.238630"><ele>1419.2</ele></trkpt>
      <trkpt lat="44.686365" lon="9.238568"><ele>1419.0</ele></trkpt>
      <trkpt lat="44.686362" lon="9.238492"><ele>1418.8</ele></trkpt>
      <trkpt lat="44.686362" lon="9.238430"><ele>1418.7</ele></trkpt>
      <trkpt lat="44.686355" lon="9.238368"><ele>1418.5</ele></trkpt>
      <trkpt lat="44.686355" lon="9.238313"><ele>1418.4</ele></trkpt>
      <trkpt lat="44.686362" lon="9.238262"><ele>1418.2</ele></trkpt>
      <trkpt lat="44.686368" lon="9.238217"><ele>1418.1</ele></trkpt>
      <trkpt lat="44.686370" lon="9.238168"><ele>1418.0</ele></trkpt>
      <trkpt lat="44.686357" lon="9.238117"><ele>1417.9</ele></trkpt>
      <trkpt lat="44.686330" lon="9.238060"><ele>1417.7</ele></trkpt>
      <trkpt lat="44.686303" lon="9.238013"><ele>1417.6</ele></trkpt>
      <trkpt lat="44.686262" lon="9.237957"><ele>1417.4</ele></trkpt>
      <trkpt lat="44.686227" lon="9.237907"><ele>1417.3</ele></trkpt>
      <trkpt lat="44.686190" lon="9.237835"><ele>1417.2</ele></trkpt>
      <trkpt lat="44.686135" lon="9.237753"><ele>1417.0</ele></trkpt>
      <trkpt lat="44.686098" lon="9.237697"><ele>1416.8</ele></trkpt>
      <trkpt lat="44.686073" lon="9.237652"><ele>1416.7</ele></trkpt>
      <trkpt lat="44.686057" lon="9.237603"><ele>1416.5</ele></trkpt>
      <trkpt lat="44.686048" lon="9.237543"><ele>1416.3</ele></trkpt>
      <trkpt lat="44.686043" lon="9.237502"><ele>1416.2</ele></trkpt>
      <trkpt lat="44.686043" lon="9.237442"><ele>1416.0</ele></trkpt>
      <trkpt lat="44.686040" lon="9.237387"><ele>1415.8</ele></trkpt>
      <trkpt lat="44.686032" lon="9.237332"><ele>1415.6</ele></trkpt>
      <trkpt lat="44.686035" lon="9.237267"><ele>1415.4</ele></trkpt>
      <trkpt lat="44.686043" lon="9.237192"><ele>1415.1</ele></trkpt>
      <trkpt lat="44.686052" lon="9.237103"><ele>1414.8</ele></trkpt>
      <trkpt lat="44.686063" lon="9.237032"><ele>1414.6</ele></trkpt>
      <trkpt lat="44.686078" lon="9.236968"><ele>1414.4</ele></trkpt>
      <trkpt lat="44.686100" lon="9.236900"><ele>1414.2</ele></trkpt>
      <trkpt lat="44.686118" lon="9.236833"><ele>1413.9</ele></trkpt>
      <trkpt lat="44.686135" lon="9.236772"><ele>1413.7</ele></trkpt>
      <trkpt lat="44.686167" lon="9.236678"><ele>1413.4</ele></trkpt>
      <trkpt lat="44.686187" lon="9.236600"><ele>1413.1</ele></trkpt>
      <trkpt lat="44.686205" lon="9.236527"><ele>1412.9</ele></trkpt>
      <trkpt lat="44.686237" lon="9.236401"><ele>1412.5</ele></trkpt>
      <trkpt lat="44.686249" lon="9.236355"><ele>1412.4</ele></trkpt>
      <trkpt lat="44.686273" lon="9.236263"><ele>1412.1</ele></trkpt>
      <trkpt lat="44.686298" lon="9.236183"><ele>1412.0</ele></trkpt>
      <trkpt lat="44.686327" lon="9.236107"><ele>1411.8</ele></trkpt>
      <trkpt lat="44.686360" lon="9.236037"><ele>1411.6</ele></trkpt>
      <trkpt lat="44.686395" lon="9.235967"><ele>1411.4</ele></trkpt>
      <trkpt lat="44.686417" lon="9.235913"><ele>1411.3</ele></trkpt>
      <trkpt lat="44.686433" lon="9.235860"><ele>1411.1</ele></trkpt>
      <trkpt lat="44.686443" lon="9.235817"><ele>1411.0</ele></trkpt>
      <trkpt lat="44.686443" lon="9.235778"><ele>1410.9</ele></trkpt>
      <trkpt lat="44.686465" lon="9.235752"><ele>1410.8</ele></trkpt>
      <trkpt lat="44.686493" lon="9.235728"><ele>1410.7</ele></trkpt>
      <trkpt lat="44.686535" lon="9.235692"><ele>1410.5</ele></trkpt>
      <trkpt lat="44.686550" lon="9.235682"><ele>1410.4</ele></trkpt>
      <trkpt lat="44.686570" lon="9.235657"><ele>1410.3</ele></trkpt>
      <trkpt lat="44.686590" lon="9.235635"><ele>1410.2</ele></trkpt>
      <trkpt lat="44.686615" lon="9.235617"><ele>1410.1</ele></trkpt>
      <trkpt lat="44.686642" lon="9.235597"><ele>1409.9</ele></trkpt>
      <trkpt lat="44.686678" lon="9.235565"><ele>1409.7</ele></trkpt>
      <trkpt lat="44.686718" lon="9.235522"><ele>1409.5</ele></trkpt>
      <trkpt lat="44.686757" lon="9.235468"><ele>1409.2</ele></trkpt>
      <trkpt lat="44.686798" lon="9.235403"><ele>1408.9</ele></trkpt>
      <trkpt lat="44.686837" lon="9.235337"><ele>1408.5</ele></trkpt>
      <trkpt lat="44.686865" lon="9.235272"><ele>1408.3</ele></trkpt>
      <trkpt lat="44.686885" lon="9.235207"><ele>1408.0</ele></trkpt>
      <trkpt lat="44.686906" lon="9.235097"><ele>1407.6</ele></trkpt>
      <trkpt lat="44.686911" lon="9.235060"><ele>1407.4</ele></trkpt>
      <trkpt lat="44.686923" lon="9.234985"><ele>1407.1</ele></trkpt>
      <trkpt lat="44.686932" lon="9.234870"><ele>1406.5</ele></trkpt>
      <trkpt lat="44.686932" lon="9.234833"><ele>1406.4</ele></trkpt>
      <trkpt lat="44.686928" lon="9.234752"><ele>1405.9</ele></trkpt>
      <trkpt lat="44.686925" lon="9.234663"><ele>1405.5</ele></trkpt>
      <trkpt lat="44.686928" lon="9.234590"><ele>1405.1</ele></trkpt>
      <trkpt lat="44.686930" lon="9.234527"><ele>1404.8</ele></trkpt>
      <trkpt lat="44.686937" lon="9.234450"><ele>1404.4</ele></trkpt>
      <trkpt lat="44.686948" lon="9.234373"><ele>1404.0</ele></trkpt>
      <trkpt lat="44.686947" lon="9.234312"><ele>1403.7</ele></trkpt>
      <trkpt lat="44.686937" lon="9.234245"><ele>1403.4</ele></trkpt>
      <trkpt lat="44.686925" lon="9.234182"><ele>1403.1</ele></trkpt>
      <trkpt lat="44.686910" lon="9.234100"><ele>1402.6</ele></trkpt>
      <trkpt lat="44.686910" lon="9.234035"><ele>1402.3</ele></trkpt>
      <trkpt lat="44.686918" lon="9.233970"><ele>1402.0</ele></trkpt>
      <trkpt lat="44.686930" lon="9.233903"><ele>1401.6</ele></trkpt>
      <trkpt lat="44.686935" lon="9.233838"><ele>1401.3</ele></trkpt>
      <trkpt lat="44.686940" lon="9.233775"><ele>1401.0</ele></trkpt>
      <trkpt lat="44.686947" lon="9.233722"><ele>1400.7</ele></trkpt>
      <trkpt lat="44.686948" lon="9.233655"><ele>1400.4</ele></trkpt>
      <trkpt lat="44.686947" lon="9.233588"><ele>1400.1</ele></trkpt>
      <trkpt lat="44.686937" lon="9.233507"><ele>1399.7</ele></trkpt>
      <trkpt lat="44.686933" lon="9.233433"><ele>1399.3</ele></trkpt>
      <trkpt lat="44.686927" lon="9.233367"><ele>1399.0</ele></trkpt>
      <trkpt lat="44.686917" lon="9.233295"><ele>1398.7</ele></trkpt>
      <trkpt lat="44.686907" lon="9.233222"><ele>1398.4</ele></trkpt>
      <trkpt lat="44.686908" lon="9.233152"><ele>1398.1</ele></trkpt>
      <trkpt lat="44.686913" lon="9.233085"><ele>1397.8</ele></trkpt>
      <trkpt lat="44.686915" lon="9.233013"><ele>1397.5</ele></trkpt>
      <trkpt lat="44.686907" lon="9.232933"><ele>1397.2</ele></trkpt>
      <trkpt lat="44.686882" lon="9.232857"><ele>1396.8</ele></trkpt>
      <trkpt lat="44.686838" lon="9.232803"><ele>1396.4</ele></trkpt>
      <trkpt lat="44.686787" lon="9.232767"><ele>1396.0</ele></trkpt>
      <trkpt lat="44.686727" lon="9.232728"><ele>1395.5</ele></trkpt>
      <trkpt lat="44.686662" lon="9.232697"><ele>1394.9</ele></trkpt>
      <trkpt lat="44.686605" lon="9.232665"><ele>1394.4</ele></trkpt>
      <trkpt lat="44.686550" lon="9.232637"><ele>1394.0</ele></trkpt>
      <trkpt lat="44.686493" lon="9.232612"><ele>1393.5</ele></trkpt>
      <trkpt lat="44.686437" lon="9.232578"><ele>1393.0</ele></trkpt>
      <trkpt lat="44.686387" lon="9.232547"><ele>1392.6</ele></trkpt>
      <trkpt lat="44.686338" lon="9.232508"><ele>1392.1</ele></trkpt>
      <trkpt lat="44.686290" lon="9.232460"><ele>1391.6</ele></trkpt>
      <trkpt lat="44.686252" lon="9.232420"><ele>1391.2</ele></trkpt>
      <trkpt lat="44.686223" lon="9.232377"><ele>1390.9</ele></trkpt>
      <trkpt lat="44.686197" lon="9.232325"><ele>1390.5</ele></trkpt>
      <trkpt lat="44.686175" lon="9.232260"><ele>1390.0</ele></trkpt>
      <trkpt lat="44.686153" lon="9.232177"><ele>1389.5</ele></trkpt>
      <trkpt lat="44.686128" lon="9.232098"><ele>1389.0</ele></trkpt>
      <trkpt lat="44.686088" lon="9.232010"><ele>1388.5</ele></trkpt>
      <trkpt lat="44.686055" lon="9.231937"><ele>1388.0</ele></trkpt>
      <trkpt lat="44.686030" lon="9.231867"><ele>1387.7</ele></trkpt>
      <trkpt lat="44.685992" lon="9.231763"><ele>1387.2</ele></trkpt>
      <trkpt lat="44.685982" lon="9.231732"><ele>1387.0</ele></trkpt>
      <trkpt lat="44.685965" lon="9.231673"><ele>1386.7</ele></trkpt>
      <trkpt lat="44.685945" lon="9.231620"><ele>1386.5</ele></trkpt>
      <trkpt lat="44.685933" lon="9.231567"><ele>1386.2</ele></trkpt>
      <trkpt lat="44.685920" lon="9.231518"><ele>1386.0</ele></trkpt>
      <trkpt lat="44.685905" lon="9.231472"><ele>1385.8</ele></trkpt>
      <trkpt lat="44.685893" lon="9.231425"><ele>1385.5</ele></trkpt>
      <trkpt lat="44.685880" lon="9.231380"><ele>1385.3</ele></trkpt>
      <trkpt lat="44.685872" lon="9.231318"><ele>1385.0</ele></trkpt>
      <trkpt lat="44.685860" lon="9.231265"><ele>1384.7</ele></trkpt>
      <trkpt lat="44.685843" lon="9.231212"><ele>1384.5</ele></trkpt>
      <trkpt lat="44.685817" lon="9.231157"><ele>1384.1</ele></trkpt>
      <trkpt lat="44.685798" lon="9.231103"><ele>1383.9</ele></trkpt>
      <trkpt lat="44.685780" lon="9.231047"><ele>1383.6</ele></trkpt>
      <trkpt lat="44.685768" lon="9.230990"><ele>1383.3</ele></trkpt>
      <trkpt lat="44.685745" lon="9.230918"><ele>1383.0</ele></trkpt>
      <trkpt lat="44.685708" lon="9.230843"><ele>1382.6</ele></trkpt>
      <trkpt lat="44.685688" lon="9.230757"><ele>1382.2</ele></trkpt>
      <trkpt lat="44.685662" lon="9.230685"><ele>1381.8</ele></trkpt>
      <trkpt lat="44.685655" lon="9.230630"><ele>1381.6</ele></trkpt>
      <trkpt lat="44.685647" lon="9.230577"><ele>1381.3</ele></trkpt>
      <trkpt lat="44.685630" lon="9.230525"><ele>1381.1</ele></trkpt>
      <trkpt lat="44.685627" lon="9.230482"><ele>1380.9</ele></trkpt>
      <trkpt lat="44.685625" lon="9.230420"><ele>1380.6</ele></trkpt>
      <trkpt lat="44.685630" lon="9.230352"><ele>1380.3</ele></trkpt>
      <trkpt lat="44.685637" lon="9.230285"><ele>1380.0</ele></trkpt>
      <trkpt lat="44.685638" lon="9.230210"><ele>1379.6</ele></trkpt>
      <trkpt lat="44.685643" lon="9.230138"><ele>1379.3</ele></trkpt>
      <trkpt lat="44.685647" lon="9.230050"><ele>1378.9</ele></trkpt>
      <trkpt lat="44.685647" lon="9.229955"><ele>1378.4</ele></trkpt>
      <trkpt lat="44.685643" lon="9.229880"><ele>1378.0</ele></trkpt>
      <trkpt lat="44.685630" lon="9.229803"><ele>1377.7</ele></trkpt>
      <trkpt lat="44.685618" lon="9.229735"><ele>1377.4</ele></trkpt>
      <trkpt lat="44.685593" lon="9.229673"><ele>1377.0</ele></trkpt>
      <trkpt lat="44.685563" lon="9.229608"><ele>1376.7</ele></trkpt>
      <trkpt lat="44.685543" lon="9.229547"><ele>1376.4</ele></trkpt>
      <trkpt lat="44.685518" lon="9.229485"><ele>1376.1</ele></trkpt>
      <trkpt lat="44.685467" lon="9.229386"><ele>1375.5</ele></trkpt>
      <trkpt lat="44.685440" lon="9.229352"><ele>1375.3</ele></trkpt>
      <trkpt lat="44.685383" lon="9.229278"><ele>1374.8</ele></trkpt>
      <trkpt lat="44.685332" lon="9.229212"><ele>1374.4</ele></trkpt>
      <trkpt lat="44.685272" lon="9.229162"><ele>1374.0</ele></trkpt>
      <trkpt lat="44.685223" lon="9.229108"><ele>1373.6</ele></trkpt>
      <trkpt lat="44.685183" lon="9.229067"><ele>1373.2</ele></trkpt>
      <trkpt lat="44.685143" lon="9.229023"><ele>1372.9</ele></trkpt>
      <trkpt lat="44.685103" lon="9.228980"><ele>1372.5</ele></trkpt>
      <trkpt lat="44.685075" lon="9.228920"><ele>1372.1</ele></trkpt>
      <trkpt lat="44.685048" lon="9.228847"><ele>1371.6</ele></trkpt>
      <trkpt lat="44.685020" lon="9.228762"><ele>1371.1</ele></trkpt>
      <trkpt lat="44.684990" lon="9.228668"><ele>1370.5</ele></trkpt>
      <trkpt lat="44.684960" lon="9.228585"><ele>1370.0</ele></trkpt>
      <trkpt lat="44.684925" lon="9.228490"><ele>1369.5</ele></trkpt>
      <trkpt lat="44.684892" lon="9.228413"><ele>1369.0</ele></trkpt>
      <trkpt lat="44.684858" lon="9.228340"><ele>1368.5</ele></trkpt>
      <trkpt lat="44.684823" lon="9.228273"><ele>1368.1</ele></trkpt>
      <trkpt lat="44.684775" lon="9.228195"><ele>1367.5</ele></trkpt>
      <trkpt lat="44.684723" lon="9.228108"><ele>1366.9</ele></trkpt>
      <trkpt lat="44.684663" lon="9.228008"><ele>1366.3</ele></trkpt>
      <trkpt lat="44.684598" lon="9.227902"><ele>1365.7</ele></trkpt>
      <trkpt lat="44.684528" lon="9.227802"><ele>1365.2</ele></trkpt>
      <trkpt lat="44.684463" lon="9.227700"><ele>1364.8</ele></trkpt>
      <trkpt lat="44.684405" lon="9.227582"><ele>1364.7</ele></trkpt>
      <trkpt lat="44.684352" lon="9.227473"><ele>1364.8</ele></trkpt>
      <trkpt lat="44.684305" lon="9.227385"><ele>1365.0</ele></trkpt>
      <trkpt lat="44.684265" lon="9.227297"><ele>1365.2</ele></trkpt>
      <trkpt lat="44.684225" lon="9.227213"><ele>1365.5</ele></trkpt>
      <trkpt lat="44.684190" lon="9.227140"><ele>1365.8</ele></trkpt>
      <trkpt lat="44.684160" lon="9.227078"><ele>1366.2</ele></trkpt>
      <trkpt lat="44.684127" lon="9.227025"><ele>1366.5</ele></trkpt>
      <trkpt lat="44.684105" lon="9.226975"><ele>1366.7</ele></trkpt>
      <trkpt lat="44.684095" lon="9.226903"><ele>1367.0</ele></trkpt>
      <trkpt lat="44.684107" lon="9.226853"><ele>1367.3</ele></trkpt>
      <trkpt lat="44.684122" lon="9.226805"><ele>1367.5</ele></trkpt>
      <trkpt lat="44.684133" lon="9.226758"><ele>1367.7</ele></trkpt>
      <trkpt lat="44.684145" lon="9.226718"><ele>1367.9</ele></trkpt>
      <trkpt lat="44.684160" lon="9.226690"><ele>1368.1</ele></trkpt>
      <trkpt lat="44.684177" lon="9.226658"><ele>1368.2</ele></trkpt>
      <trkpt lat="44.684190" lon="9.226623"><ele>1368.4</ele></trkpt>
      <trkpt lat="44.684202" lon="9.226593"><ele>1368.5</ele></trkpt>
      <trkpt lat="44.684213" lon="9.226560"><ele>1368.7</ele></trkpt>
      <trkpt lat="44.684223" lon="9.226533"><ele>1368.8</ele></trkpt>
      <trkpt lat="44.684237" lon="9.226498"><ele>1369.0</ele></trkpt>
      <trkpt lat="44.684257" lon="9.226473"><ele>1369.1</ele></trkpt>
      <trkpt lat="44.684277" lon="9.226433"><ele>1369.3</ele></trkpt>
      <trkpt lat="44.684300" lon="9.226400"><ele>1369.5</ele></trkpt>
      <trkpt lat="44.684330" lon="9.226370"><ele>1369.7</ele></trkpt>
      <trkpt lat="44.684358" lon="9.226343"><ele>1369.8</ele></trkpt>
      <trkpt lat="44.684393" lon="9.226303"><ele>1370.0</ele></trkpt>
      <trkpt lat="44.684403" lon="9.226292"><ele>1370.1</ele></trkpt>
      <trkpt lat="44.684427" lon="9.226265"><ele>1370.2</ele></trkpt>
      <trkpt lat="44.684448" lon="9.226252"><ele>1370.3</ele></trkpt>
      <trkpt lat="44.684482" lon="9.226230"><ele>1370.4</ele></trkpt>
      <trkpt lat="44.684527" lon="9.226195"><ele>1370.6</ele></trkpt>
      <trkpt lat="44.684567" lon="9.226158"><ele>1370.8</ele></trkpt>
      <trkpt lat="44.684592" lon="9.226120"><ele>1370.9</ele></trkpt>
      <trkpt lat="44.684617" lon="9.226080"><ele>1371.1</ele></trkpt>
      <trkpt lat="44.684637" lon="9.226032"><ele>1371.2</ele></trkpt>
      <trkpt lat="44.684647" lon="9.225977"><ele>1371.3</ele></trkpt>
      <trkpt lat="44.684648" lon="9.225923"><ele>1371.5</ele></trkpt>
      <trkpt lat="44.684640" lon="9.225880"><ele>1371.6</ele></trkpt>
      <trkpt lat="44.684617" lon="9.225816"><ele>1371.7</ele></trkpt>
      <trkpt lat="44.684605" lon="9.225797"><ele>1371.8</ele></trkpt>
      <trkpt lat="44.684587" lon="9.225757"><ele>1371.8</ele></trkpt>
      <trkpt lat="44.684565" lon="9.225723"><ele>1371.9</ele></trkpt>
      <trkpt lat="44.684550" lon="9.225692"><ele>1372.0</ele></trkpt>
      <trkpt lat="44.684537" lon="9.225668"><ele>1372.1</ele></trkpt>
      <trkpt lat="44.684525" lon="9.225647"><ele>1372.1</ele></trkpt>
      <trkpt lat="44.684517" lon="9.225622"><ele>1372.2</ele></trkpt>
      <trkpt lat="44.684513" lon="9.225597"><ele>1372.2</ele></trkpt>
      <trkpt lat="44.684505" lon="9.225572"><ele>1372.3</ele></trkpt>
      <trkpt lat="44.684492" lon="9.225548"><ele>1372.3</ele></trkpt>
      <trkpt lat="44.684480" lon="9.225522"><ele>1372.4</ele></trkpt>
      <trkpt lat="44.684470" lon="9.225502"><ele>1372.5</ele></trkpt>
      <trkpt lat="44.684459" lon="9.225468"><ele>1372.5</ele></trkpt>
      <trkpt lat="44.684453" lon="9.225457"><ele>1372.6</ele></trkpt>
      <trkpt lat="44.684435" lon="9.225418"><ele>1372.7</ele></trkpt>
      <trkpt lat="44.684420" lon="9.225383"><ele>1372.7</ele></trkpt>
      <trkpt lat="44.684402" lon="9.225345"><ele>1372.8</ele></trkpt>
      <trkpt lat="44.684388" lon="9.225307"><ele>1372.9</ele></trkpt>
      <trkpt lat="44.684377" lon="9.225272"><ele>1373.0</ele></trkpt>
      <trkpt lat="44.684367" lon="9.225232"><ele>1373.1</ele></trkpt>
      <trkpt lat="44.684352" lon="9.225182"><ele>1373.3</ele></trkpt>
      <trkpt lat="44.684347" lon="9.225168"><ele>1373.3</ele></trkpt>
      <trkpt lat="44.684340" lon="9.225142"><ele>1373.4</ele></trkpt>
      <trkpt lat="44.684335" lon="9.225108"><ele>1373.5</ele></trkpt>
      <trkpt lat="44.684332" lon="9.225087"><ele>1373.5</ele></trkpt>
      <trkpt lat="44.684320" lon="9.225062"><ele>1373.6</ele></trkpt>
      <trkpt lat="44.684305" lon="9.225032"><ele>1373.7</ele></trkpt>
      <trkpt lat="44.684288" lon="9.224998"><ele>1373.8</ele></trkpt>
      <trkpt lat="44.684278" lon="9.224968"><ele>1373.9</ele></trkpt>
      <trkpt lat="44.684267" lon="9.224933"><ele>1374.0</ele></trkpt>
      <trkpt lat="44.684253" lon="9.224893"><ele>1374.2</ele></trkpt>
      <trkpt lat="44.684240" lon="9.224863"><ele>1374.3</ele></trkpt>
      <trkpt lat="44.684230" lon="9.224827"><ele>1374.4</ele></trkpt>
      <trkpt lat="44.684215" lon="9.224783"><ele>1374.5</ele></trkpt>
      <trkpt lat="44.684200" lon="9.224737"><ele>1374.7</ele></trkpt>
      <trkpt lat="44.684187" lon="9.224693"><ele>1374.8</ele></trkpt>
      <trkpt lat="44.684170" lon="9.224643"><ele>1375.0</ele></trkpt>
      <trkpt lat="44.684147" lon="9.224593"><ele>1375.1</ele></trkpt>
      <trkpt lat="44.684138" lon="9.224560"><ele>1375.2</ele></trkpt>
      <trkpt lat="44.684130" lon="9.224528"><ele>1375.3</ele></trkpt>
      <trkpt lat="44.684118" lon="9.224507"><ele>1375.4</ele></trkpt>
      <trkpt lat="44.684115" lon="9.224488"><ele>1375.5</ele></trkpt>
      <trkpt lat="44.684107" lon="9.224475"><ele>1375.5</ele></trkpt>
      <trkpt lat="44.684103" lon="9.224435"><ele>1375.6</ele></trkpt>
      <trkpt lat="44.684090" lon="9.224387"><ele>1375.7</ele></trkpt>
      <trkpt lat="44.684077" lon="9.224357"><ele>1375.8</ele></trkpt>
      <trkpt lat="44.684057" lon="9.224317"><ele>1376.0</ele></trkpt>
      <trkpt lat="44.684043" lon="9.224275"><ele>1376.1</ele></trkpt>
      <trkpt lat="44.684035" lon="9.224232"><ele>1376.2</ele></trkpt>
      <trkpt lat="44.684032" lon="9.224197"><ele>1376.3</ele></trkpt>
      <trkpt lat="44.684027" lon="9.224163"><ele>1376.3</ele></trkpt>
      <trkpt lat="44.684022" lon="9.224132"><ele>1376.4</ele></trkpt>
      <trkpt lat="44.684017" lon="9.224102"><ele>1376.4</ele></trkpt>
      <trkpt lat="44.684005" lon="9.224062"><ele>1376.5</ele></trkpt>
      <trkpt lat="44.683987" lon="9.224022"><ele>1376.6</ele></trkpt>
      <trkpt lat="44.683972" lon="9.223992"><ele>1376.7</ele></trkpt>
      <trkpt lat="44.683958" lon="9.223948"><ele>1376.8</ele></trkpt>
      <trkpt lat="44.683953" lon="9.223898"><ele>1376.8</ele></trkpt>
      <trkpt lat="44.683942" lon="9.223852"><ele>1376.9</ele></trkpt>
      <trkpt lat="44.683923" lon="9.223805"><ele>1377.0</ele></trkpt>
      <trkpt lat="44.683907" lon="9.223752"><ele>1377.0</ele></trkpt>
      <trkpt lat="44.683898" lon="9.223705"><ele>1377.1</ele></trkpt>
      <trkpt lat="44.683880" lon="9.223658"><ele>1377.1</ele></trkpt>
      <trkpt lat="44.683867" lon="9.223586"><ele>1377.2</ele></trkpt>
      <trkpt lat="44.683863" lon="9.223563"><ele>1377.2</ele></trkpt>
      <trkpt lat="44.683852" lon="9.223518"><ele>1377.1</ele></trkpt>
      <trkpt lat="44.683850" lon="9.223475"><ele>1377.1</ele></trkpt>
      <trkpt lat="44.683853" lon="9.223428"><ele>1377.0</ele></trkpt>
      <trkpt lat="44.683852" lon="9.223390"><ele>1377.0</ele></trkpt>
      <trkpt lat="44.683845" lon="9.223355"><ele>1376.9</ele></trkpt>
      <trkpt lat="44.683847" lon="9.223322"><ele>1376.9</ele></trkpt>
      <trkpt lat="44.683847" lon="9.223282"><ele>1376.8</ele></trkpt>
      <trkpt lat="44.683852" lon="9.223225"><ele>1376.6</ele></trkpt>
      <trkpt lat="44.683848" lon="9.223185"><ele>1376.5</ele></trkpt>
      <trkpt lat="44.683850" lon="9.223140"><ele>1376.4</ele></trkpt>
      <trkpt lat="44.683850" lon="9.223093"><ele>1376.2</ele></trkpt>
      <trkpt lat="44.683850" lon="9.223040"><ele>1376.1</ele></trkpt>
      <trkpt lat="44.683857" lon="9.222990"><ele>1375.9</ele></trkpt>
      <trkpt lat="44.683863" lon="9.222953"><ele>1375.7</ele></trkpt>
      <trkpt lat="44.683867" lon="9.222923"><ele>1375.6</ele></trkpt>
      <trkpt lat="44.683867" lon="9.222887"><ele>1375.4</ele></trkpt>
      <trkpt lat="44.683872" lon="9.222862"><ele>1375.3</ele></trkpt>
      <trkpt lat="44.683873" lon="9.222838"><ele>1375.2</ele></trkpt>
      <trkpt lat="44.683875" lon="9.222812"><ele>1375.1</ele></trkpt>
      <trkpt lat="44.683875" lon="9.222785"><ele>1375.0</ele></trkpt>
      <trkpt lat="44.683873" lon="9.222753"><ele>1374.8</ele></trkpt>
      <trkpt lat="44.683885" lon="9.222712"><ele>1374.6</ele></trkpt>
      <trkpt lat="44.683910" lon="9.222652"><ele>1374.3</ele></trkpt>
      <trkpt lat="44.683930" lon="9.222593"><ele>1373.9</ele></trkpt>
      <trkpt lat="44.683963" lon="9.222483"><ele>1373.3</ele></trkpt>
      <trkpt lat="44.683976" lon="9.222440"><ele>1373.0</ele></trkpt>
      <trkpt lat="44.684002" lon="9.222353"><ele>1372.5</ele></trkpt>
      <trkpt lat="44.684017" lon="9.222282"><ele>1372.1</ele></trkpt>
      <trkpt lat="44.684020" lon="9.222213"><ele>1371.8</ele></trkpt>
      <trkpt lat="44.684017" lon="9.222138"><ele>1371.4</ele></trkpt>
      <trkpt lat="44.684017" lon="9.222060"><ele>1371.0</ele></trkpt>
      <trkpt lat="44.684023" lon="9.221970"><ele>1370.5</ele></trkpt>
      <trkpt lat="44.684027" lon="9.221887"><ele>1370.1</ele></trkpt>
      <trkpt lat="44.684023" lon="9.221803"><ele>1369.7</ele></trkpt>
      <trkpt lat="44.684020" lon="9.221717"><ele>1369.4</ele></trkpt>
      <trkpt lat="44.684020" lon="9.221631"><ele>1369.0</ele></trkpt>
      <trkpt lat="44.684018" lon="9.221605"><ele>1368.9</ele></trkpt>
      <trkpt lat="44.684015" lon="9.221557"><ele>1368.7</ele></trkpt>
      <trkpt lat="44.683998" lon="9.221507"><ele>1368.5</ele></trkpt>
      <trkpt lat="44.683987" lon="9.221447"><ele>1368.2</ele></trkpt>
      <trkpt lat="44.683980" lon="9.221375"><ele>1367.8</ele></trkpt>
      <trkpt lat="44.683982" lon="9.221298"><ele>1367.5</ele></trkpt>
      <trkpt lat="44.683972" lon="9.221203"><ele>1367.0</ele></trkpt>
      <trkpt lat="44.683973" lon="9.221118"><ele>1366.6</ele></trkpt>
      <trkpt lat="44.683970" lon="9.221008"><ele>1366.1</ele></trkpt>
      <trkpt lat="44.683978" lon="9.220917"><ele>1365.7</ele></trkpt>
      <trkpt lat="44.683985" lon="9.220818"><ele>1365.2</ele></trkpt>
      <trkpt lat="44.683990" lon="9.220717"><ele>1364.7</ele></trkpt>
      <trkpt lat="44.683992" lon="9.220620"><ele>1364.3</ele></trkpt>
      <trkpt lat="44.683988" lon="9.220528"><ele>1363.9</ele></trkpt>
      <trkpt lat="44.683990" lon="9.220427"><ele>1363.4</ele></trkpt>
      <trkpt lat="44.683992" lon="9.220328"><ele>1362.9</ele></trkpt>
      <trkpt lat="44.683997" lon="9.220238"><ele>1362.4</ele></trkpt>
      <trkpt lat="44.683995" lon="9.220145"><ele>1361.9</ele></trkpt>
      <trkpt lat="44.683995" lon="9.220053"><ele>1361.4</ele></trkpt>
      <trkpt lat="44.683993" lon="9.219945"><ele>1360.8</ele></trkpt>
      <trkpt lat="44.683987" lon="9.219837"><ele>1360.3</ele></trkpt>
      <trkpt lat="44.683985" lon="9.219718"><ele>1359.8</ele></trkpt>
      <trkpt lat="44.683983" lon="9.219598"><ele>1359.3</ele></trkpt>
      <trkpt lat="44.683980" lon="9.219482"><ele>1358.9</ele></trkpt>
      <trkpt lat="44.683973" lon="9.219375"><ele>1358.5</ele></trkpt>
      <trkpt lat="44.683978" lon="9.219262"><ele>1358.1</ele></trkpt>
      <trkpt lat="44.683977" lon="9.219152"><ele>1357.7</ele></trkpt>
      <trkpt lat="44.683970" lon="9.219048"><ele>1357.4</ele></trkpt>
      <trkpt lat="44.683962" lon="9.218940"><ele>1357.0</ele></trkpt>
      <trkpt lat="44.683955" lon="9.218823"><ele>1356.5</ele></trkpt>
      <trkpt lat="44.683948" lon="9.218712"><ele>1356.1</ele></trkpt>
      <trkpt lat="44.683945" lon="9.218610"><ele>1355.8</ele></trkpt>
      <trkpt lat="44.683942" lon="9.218515"><ele>1355.4</ele></trkpt>
      <trkpt lat="44.683932" lon="9.218423"><ele>1355.1</ele></trkpt>
      <trkpt lat="44.683915" lon="9.218333"><ele>1354.8</ele></trkpt>
      <trkpt lat="44.683893" lon="9.218247"><ele>1354.5</ele></trkpt>
      <trkpt lat="44.683872" lon="9.218158"><ele>1354.2</ele></trkpt>
      <trkpt lat="44.683845" lon="9.218075"><ele>1353.9</ele></trkpt>
      <trkpt lat="44.683815" lon="9.217993"><ele>1353.6</ele></trkpt>
      <trkpt lat="44.683783" lon="9.217915"><ele>1353.4</ele></trkpt>
      <trkpt lat="44.683748" lon="9.217840"><ele>1353.2</ele></trkpt>
      <trkpt lat="44.683718" lon="9.217765"><ele>1353.1</ele></trkpt>
      <trkpt lat="44.683698" lon="9.217685"><ele>1352.9</ele></trkpt>
      <trkpt lat="44.683692" lon="9.217593"><ele>1352.8</ele></trkpt>
      <trkpt lat="44.683698" lon="9.217502"><ele>1352.7</ele></trkpt>
      <trkpt lat="44.683707" lon="9.217413"><ele>1352.6</ele></trkpt>
      <trkpt lat="44.683717" lon="9.217333"><ele>1352.6</ele></trkpt>
      <trkpt lat="44.683720" lon="9.217265"><ele>1352.5</ele></trkpt>
      <trkpt lat="44.683722" lon="9.217208"><ele>1352.5</ele></trkpt>
      <trkpt lat="44.683727" lon="9.217157"><ele>1352.5</ele></trkpt>
      <trkpt lat="44.683747" lon="9.217099"><ele>1352.5</ele></trkpt>
      <trkpt lat="44.683755" lon="9.217082"><ele>1352.5</ele></trkpt>
      <trkpt lat="44.683770" lon="9.217045"><ele>1352.5</ele></trkpt>
      <trkpt lat="44.683777" lon="9.217003"><ele>1352.5</ele></trkpt>
      <trkpt lat="44.683782" lon="9.216960"><ele>1352.5</ele></trkpt>
      <trkpt lat="44.683783" lon="9.216913"><ele>1352.6</ele></trkpt>
      <trkpt lat="44.683782" lon="9.216870"><ele>1352.6</ele></trkpt>
      <trkpt lat="44.683775" lon="9.216828"><ele>1352.8</ele></trkpt>
      <trkpt lat="44.683767" lon="9.216795"><ele>1352.9</ele></trkpt>
      <trkpt lat="44.683755" lon="9.216767"><ele>1353.1</ele></trkpt>
      <trkpt lat="44.683743" lon="9.216745"><ele>1353.2</ele></trkpt>
      <trkpt lat="44.683733" lon="9.216723"><ele>1353.3</ele></trkpt>
      <trkpt lat="44.683722" lon="9.216702"><ele>1353.4</ele></trkpt>
      <trkpt lat="44.683712" lon="9.216680"><ele>1353.5</ele></trkpt>
      <trkpt lat="44.683703" lon="9.216657"><ele>1353.6</ele></trkpt>
      <trkpt lat="44.683692" lon="9.216633"><ele>1353.7</ele></trkpt>
      <trkpt lat="44.683678" lon="9.216608"><ele>1353.8</ele></trkpt>
      <trkpt lat="44.683668" lon="9.216583"><ele>1353.8</ele></trkpt>
      <trkpt lat="44.683662" lon="9.216553"><ele>1353.9</ele></trkpt>
      <trkpt lat="44.683660" lon="9.216523"><ele>1354.0</ele></trkpt>
      <trkpt lat="44.683660" lon="9.216492"><ele>1354.1</ele></trkpt>
      <trkpt lat="44.683662" lon="9.216453"><ele>1354.1</ele></trkpt>
      <trkpt lat="44.683665" lon="9.216420"><ele>1354.2</ele></trkpt>
      <trkpt lat="44.683670" lon="9.216382"><ele>1354.3</ele></trkpt>
      <trkpt lat="44.683678" lon="9.216342"><ele>1354.4</ele></trkpt>
      <trkpt lat="44.683692" lon="9.216302"><ele>1354.5</ele></trkpt>
      <trkpt lat="44.683705" lon="9.216263"><ele>1354.6</ele></trkpt>
      <trkpt lat="44.683713" lon="9.216223"><ele>1354.7</ele></trkpt>
      <trkpt lat="44.683720" lon="9.216190"><ele>1354.7</ele></trkpt>
      <trkpt lat="44.683727" lon="9.216160"><ele>1354.8</ele></trkpt>
      <trkpt lat="44.683730" lon="9.216125"><ele>1354.9</ele></trkpt>
      <trkpt lat="44.683738" lon="9.216083"><ele>1355.0</ele></trkpt>
      <trkpt lat="44.683752" lon="9.216047"><ele>1355.1</ele></trkpt>
      <trkpt lat="44.683762" lon="9.216017"><ele>1355.2</ele></trkpt>
      <trkpt lat="44.683765" lon="9.215988"><ele>1355.2</ele></trkpt>
      <trkpt lat="44.683768" lon="9.215960"><ele>1355.3</ele></trkpt>
      <trkpt lat="44.683777" lon="9.215925"><ele>1355.4</ele></trkpt>
      <trkpt lat="44.683783" lon="9.215892"><ele>1355.4</ele></trkpt>
      <trkpt lat="44.683790" lon="9.215860"><ele>1355.5</ele></trkpt>
      <trkpt lat="44.683800" lon="9.215827"><ele>1355.5</ele></trkpt>
      <trkpt lat="44.683808" lon="9.215798"><ele>1355.5</ele></trkpt>
      <trkpt lat="44.683812" lon="9.215773"><ele>1355.6</ele></trkpt>
      <trkpt lat="44.683818" lon="9.215752"><ele>1355.6</ele></trkpt>
      <trkpt lat="44.683825" lon="9.215727"><ele>1355.6</ele></trkpt>
      <trkpt lat="44.683837" lon="9.215702"><ele>1355.7</ele></trkpt>
      <trkpt lat="44.683848" lon="9.215677"><ele>1355.7</ele></trkpt>
      <trkpt lat="44.683860" lon="9.215655"><ele>1355.8</ele></trkpt>
      <trkpt lat="44.683872" lon="9.215637"><ele>1355.8</ele></trkpt>
      <trkpt lat="44.683885" lon="9.215617"><ele>1355.9</ele></trkpt>
      <trkpt lat="44.683893" lon="9.215593"><ele>1355.9</ele></trkpt>
      <trkpt lat="44.683897" lon="9.215572"><ele>1356.0</ele></trkpt>
      <trkpt lat="44.683902" lon="9.215548"><ele>1356.0</ele></trkpt>
      <trkpt lat="44.683912" lon="9.215523"><ele>1356.1</ele></trkpt>
      <trkpt lat="44.683923" lon="9.215502"><ele>1356.2</ele></trkpt>
      <trkpt lat="44.683932" lon="9.215478"><ele>1356.2</ele></trkpt>
      <trkpt lat="44.683938" lon="9.215455"><ele>1356.3</ele></trkpt>
      <trkpt lat="44.683947" lon="9.215428"><ele>1356.4</ele></trkpt>
      <trkpt lat="44.683953" lon="9.215403"><ele>1356.5</ele></trkpt>
      <trkpt lat="44.683960" lon="9.215377"><ele>1356.5</ele></trkpt>
      <trkpt lat="44.683968" lon="9.215350"><ele>1356.6</ele></trkpt>
      <trkpt lat="44.683975" lon="9.215323"><ele>1356.7</ele></trkpt>
      <trkpt lat="44.683982" lon="9.215297"><ele>1356.8</ele></trkpt>
      <trkpt lat="44.683992" lon="9.215272"><ele>1356.9</ele></trkpt>
      <trkpt lat="44.684000" lon="9.215245"><ele>1356.9</ele></trkpt>
      <trkpt lat="44.684008" lon="9.215217"><ele>1357.0</ele></trkpt>
      <trkpt lat="44.684017" lon="9.215192"><ele>1357.1</ele></trkpt>
      <trkpt lat="44.684025" lon="9.215168"><ele>1357.2</ele></trkpt>
      <trkpt lat="44.684032" lon="9.215145"><ele>1357.3</ele></trkpt>
      <trkpt lat="44.684040" lon="9.215120"><ele>1357.3</ele></trkpt>
      <trkpt lat="44.684043" lon="9.215087"><ele>1357.4</ele></trkpt>
      <trkpt lat="44.684047" lon="9.215053"><ele>1357.6</ele></trkpt>
      <trkpt lat="44.684048" lon="9.215023"><ele>1357.6</ele></trkpt>
      <trkpt lat="44.684050" lon="9.214992"><ele>1357.7</ele></trkpt>
      <trkpt lat="44.684052" lon="9.214960"><ele>1357.8</ele></trkpt>
      <trkpt lat="44.684053" lon="9.214920"><ele>1358.0</ele></trkpt>
      <trkpt lat="44.684053" lon="9.214892"><ele>1358.1</ele></trkpt>
      <trkpt lat="44.684055" lon="9.214867"><ele>1358.1</ele></trkpt>
      <trkpt lat="44.684057" lon="9.214835"><ele>1358.2</ele></trkpt>
      <trkpt lat="44.684058" lon="9.214800"><ele>1358.3</ele></trkpt>
      <trkpt lat="44.684057" lon="9.214778"><ele>1358.4</ele></trkpt>
      <trkpt lat="44.684058" lon="9.214755"><ele>1358.5</ele></trkpt>
      <trkpt lat="44.684057" lon="9.214730"><ele>1358.6</ele></trkpt>
      <trkpt lat="44.684053" lon="9.214705"><ele>1358.6</ele></trkpt>
      <trkpt lat="44.684053" lon="9.214672"><ele>1358.7</ele></trkpt>
      <trkpt lat="44.684062" lon="9.214637"><ele>1358.9</ele></trkpt>
      <trkpt lat="44.684067" lon="9.214603"><ele>1359.0</ele></trkpt>
      <trkpt lat="44.684068" lon="9.214568"><ele>1359.1</ele></trkpt>
      <trkpt lat="44.684067" lon="9.214542"><ele>1359.2</ele></trkpt>
      <trkpt lat="44.684070" lon="9.214510"><ele>1359.3</ele></trkpt>
      <trkpt lat="44.684072" lon="9.214483"><ele>1359.3</ele></trkpt>
      <trkpt lat="44.684068" lon="9.214467"><ele>1359.4</ele></trkpt>
      <trkpt lat="44.684072" lon="9.214435"><ele>1359.5</ele></trkpt>
      <trkpt lat="44.684078" lon="9.214407"><ele>1359.6</ele></trkpt>
      <trkpt lat="44.684082" lon="9.214378"><ele>1359.7</ele></trkpt>
      <trkpt lat="44.684085" lon="9.214345"><ele>1359.8</ele></trkpt>
      <trkpt lat="44.684078" lon="9.214310"><ele>1360.0</ele></trkpt>
      <trkpt lat="44.684070" lon="9.214282"><ele>1360.1</ele></trkpt>
      <trkpt lat="44.684058" lon="9.214252"><ele>1360.2</ele></trkpt>
      <trkpt lat="44.684043" lon="9.214227"><ele>1360.3</ele></trkpt>
      <trkpt lat="44.684030" lon="9.214205"><ele>1360.4</ele></trkpt>
      <trkpt lat="44.684017" lon="9.214185"><ele>1360.5</ele></trkpt>
      <trkpt lat="44.684003" lon="9.214167"><ele>1360.7</ele></trkpt>
      <trkpt lat="44.683998" lon="9.214140"><ele>1360.8</ele></trkpt>
      <trkpt lat="44.683993" lon="9.214115"><ele>1360.9</ele></trkpt>
      <trkpt lat="44.683988" lon="9.214088"><ele>1361.0</ele></trkpt>
      <trkpt lat="44.683985" lon="9.214067"><ele>1361.1</ele></trkpt>
      <trkpt lat="44.683982" lon="9.214038"><ele>1361.2</ele></trkpt>
      <trkpt lat="44.683980" lon="9.214010"><ele>1361.4</ele></trkpt>
      <trkpt lat="44.683968" lon="9.213987"><ele>1361.5</ele></trkpt>
      <trkpt lat="44.683962" lon="9.213962"><ele>1361.7</ele></trkpt>
      <trkpt lat="44.683952" lon="9.213933"><ele>1361.9</ele></trkpt>
      <trkpt lat="44.683943" lon="9.213907"><ele>1362.2</ele></trkpt>
      <trkpt lat="44.683938" lon="9.213885"><ele>1362.4</ele></trkpt>
      <trkpt lat="44.683932" lon="9.213863"><ele>1362.6</ele></trkpt>
      <trkpt lat="44.683932" lon="9.213842"><ele>1362.8</ele></trkpt>
      <trkpt lat="44.683927" lon="9.213822"><ele>1362.9</ele></trkpt>
      <trkpt lat="44.683917" lon="9.213805"><ele>1363.1</ele></trkpt>
      <trkpt lat="44.683908" lon="9.213787"><ele>1363.3</ele></trkpt>
      <trkpt lat="44.683902" lon="9.213765"><ele>1363.5</ele></trkpt>
      <trkpt lat="44.683898" lon="9.213743"><ele>1363.7</ele></trkpt>
      <trkpt lat="44.683900" lon="9.213725"><ele>1363.9</ele></trkpt>
      <trkpt lat="44.683903" lon="9.213713"><ele>1364.0</ele></trkpt>
      <trkpt lat="44.683907" lon="9.213697"><ele>1364.2</ele></trkpt>
      <trkpt lat="44.683907" lon="9.213682"><ele>1364.3</ele></trkpt>
      <trkpt lat="44.683910" lon="9.213665"><ele>1364.4</ele></trkpt>
      <trkpt lat="44.683910" lon="9.213640"><ele>1364.7</ele></trkpt>
      <trkpt lat="44.683907" lon="9.213618"><ele>1364.9</ele></trkpt>
      <trkpt lat="44.683903" lon="9.213595"><ele>1365.1</ele></trkpt>
      <trkpt lat="44.683902" lon="9.213575"><ele>1365.2</ele></trkpt>
      <trkpt lat="44.683900" lon="9.213552"><ele>1365.5</ele></trkpt>
      <trkpt lat="44.683900" lon="9.213535"><ele>1365.6</ele></trkpt>
      <trkpt lat="44.683902" lon="9.213517"><ele>1365.8</ele></trkpt>
      <trkpt lat="44.683905" lon="9.213495"><ele>1366.0</ele></trkpt>
      <trkpt lat="44.683910" lon="9.213480"><ele>1366.1</ele></trkpt>
      <trkpt lat="44.683915" lon="9.213463"><ele>1366.3</ele></trkpt>
      <trkpt lat="44.683917" lon="9.213447"><ele>1366.4</ele></trkpt>
      <trkpt lat="44.683913" lon="9.213428"><ele>1366.6</ele></trkpt>
      <trkpt lat="44.683917" lon="9.213412"><ele>1366.7</ele></trkpt>
      <trkpt lat="44.683920" lon="9.213390"><ele>1366.9</ele></trkpt>
      <trkpt lat="44.683923" lon="9.213367"><ele>1367.1</ele></trkpt>
      <trkpt lat="44.683928" lon="9.213345"><ele>1367.3</ele></trkpt>
      <trkpt lat="44.683937" lon="9.213325"><ele>1367.5</ele></trkpt>
      <trkpt lat="44.683942" lon="9.213310"><ele>1367.7</ele></trkpt>
      <trkpt lat="44.683948" lon="9.213287"><ele>1367.9</ele></trkpt>
      <trkpt lat="44.683960" lon="9.213265"><ele>1368.1</ele></trkpt>
      <trkpt lat="44.683972" lon="9.213245"><ele>1368.3</ele></trkpt>
      <trkpt lat="44.683982" lon="9.213225"><ele>1368.5</ele></trkpt>
      <trkpt lat="44.683988" lon="9.213203"><ele>1368.7</ele></trkpt>
      <trkpt lat="44.683995" lon="9.213183"><ele>1368.9</ele></trkpt>
      <trkpt lat="44.684003" lon="9.213168"><ele>1369.1</ele></trkpt>
      <trkpt lat="44.684007" lon="9.213153"><ele>1369.2</ele></trkpt>
      <trkpt lat="44.684012" lon="9.213133"><ele>1369.4</ele></trkpt>
      <trkpt lat="44.684018" lon="9.213110"><ele>1369.6</ele></trkpt>
      <trkpt lat="44.684023" lon="9.213088"><ele>1369.8</ele></trkpt>
      <trkpt lat="44.684023" lon="9.213063"><ele>1370.0</ele></trkpt>
      <trkpt lat="44.684025" lon="9.213042"><ele>1370.2</ele></trkpt>
      <trkpt lat="44.684030" lon="9.213018"><ele>1370.4</ele></trkpt>
      <trkpt lat="44.684035" lon="9.213000"><ele>1370.5</ele></trkpt>
      <trkpt lat="44.684040" lon="9.212978"><ele>1370.7</ele></trkpt>
      <trkpt lat="44.684045" lon="9.212958"><ele>1370.9</ele></trkpt>
      <trkpt lat="44.684050" lon="9.212940"><ele>1371.0</ele></trkpt>
      <trkpt lat="44.684055" lon="9.212920"><ele>1371.2</ele></trkpt>
      <trkpt lat="44.684060" lon="9.212898"><ele>1371.4</ele></trkpt>
      <trkpt lat="44.684065" lon="9.212877"><ele>1371.5</ele></trkpt>
      <trkpt lat="44.684068" lon="9.212855"><ele>1371.7</ele></trkpt>
      <trkpt lat="44.684070" lon="9.212833"><ele>1371.9</ele></trkpt>
      <trkpt lat="44.684072" lon="9.212812"><ele>1372.0</ele></trkpt>
      <trkpt lat="44.684077" lon="9.212792"><ele>1372.2</ele></trkpt>
      <trkpt lat="44.684083" lon="9.212768"><ele>1372.4</ele></trkpt>
      <trkpt lat="44.684092" lon="9.212747"><ele>1372.6</ele></trkpt>
      <trkpt lat="44.684108" lon="9.212727"><ele>1372.9</ele></trkpt>
      <trkpt lat="44.684118" lon="9.212708"><ele>1373.0</ele></trkpt>
      <trkpt lat="44.684127" lon="9.212682"><ele>1373.3</ele></trkpt>
      <trkpt lat="44.684117" lon="9.212667"><ele>1373.4</ele></trkpt>
      <trkpt lat="44.684120" lon="9.212652"><ele>1373.6</ele></trkpt>
      <trkpt lat="44.684125" lon="9.212623"><ele>1373.8</ele></trkpt>
      <trkpt lat="44.684123" lon="9.212600"><ele>1374.0</ele></trkpt>
      <trkpt lat="44.684125" lon="9.212580"><ele>1374.2</ele></trkpt>
      <trkpt lat="44.684125" lon="9.212558"><ele>1374.4</ele></trkpt>
      <trkpt lat="44.684123" lon="9.212540"><ele>1374.5</ele></trkpt>
      <trkpt lat="44.684120" lon="9.212518"><ele>1374.7</ele></trkpt>
      <trkpt lat="44.684123" lon="9.212497"><ele>1374.9</ele></trkpt>
      <trkpt lat="44.684130" lon="9.212475"><ele>1375.1</ele></trkpt>
      <trkpt lat="44.684133" lon="9.212457"><ele>1375.2</ele></trkpt>
      <trkpt lat="44.684138" lon="9.212432"><ele>1375.5</ele></trkpt>
      <trkpt lat="44.684150" lon="9.212405"><ele>1375.7</ele></trkpt>
      <trkpt lat="44.684153" lon="9.212380"><ele>1375.9</ele></trkpt>
      <trkpt lat="44.684152" lon="9.212357"><ele>1376.1</ele></trkpt>
      <trkpt lat="44.684152" lon="9.212327"><ele>1376.4</ele></trkpt>
      <trkpt lat="44.684152" lon="9.212320"><ele>1376.5</ele></trkpt>
      <trkpt lat="44.684157" lon="9.212305"><ele>1376.6</ele></trkpt>
      <trkpt lat="44.684162" lon="9.212288"><ele>1376.8</ele></trkpt>
      <trkpt lat="44.684168" lon="9.212263"><ele>1377.0</ele></trkpt>
      <trkpt lat="44.684173" lon="9.212240"><ele>1377.2</ele></trkpt>
      <trkpt lat="44.684180" lon="9.212213"><ele>1377.4</ele></trkpt>
      <trkpt lat="44.684185" lon="9.212187"><ele>1377.7</ele></trkpt>
      <trkpt lat="44.684190" lon="9.212160"><ele>1377.9</ele></trkpt>
      <trkpt lat="44.684190" lon="9.212137"><ele>1378.1</ele></trkpt>
      <trkpt lat="44.684190" lon="9.212118"><ele>1378.3</ele></trkpt>
      <trkpt lat="44.684188" lon="9.212100"><ele>1378.4</ele></trkpt>
      <trkpt lat="44.684183" lon="9.212080"><ele>1378.6</ele></trkpt>
      <trkpt lat="44.684180" lon="9.212063"><ele>1378.8</ele></trkpt>
      <trkpt lat="44.684177" lon="9.212048"><ele>1378.9</ele></trkpt>
      <trkpt lat="44.684177" lon="9.212035"><ele>1379.0</ele></trkpt>
      <trkpt lat="44.684180" lon="9.212017"><ele>1379.2</ele></trkpt>
      <trkpt lat="44.684182" lon="9.212000"><ele>1379.3</ele></trkpt>
      <trkpt lat="44.684182" lon="9.211983"><ele>1379.5</ele></trkpt>
      <trkpt lat="44.684180" lon="9.211968"><ele>1379.6</ele></trkpt>
      <trkpt lat="44.684175" lon="9.211950"><ele>1379.7</ele></trkpt>
      <trkpt lat="44.684172" lon="9.211930"><ele>1379.9</ele></trkpt>
      <trkpt lat="44.684170" lon="9.211908"><ele>1380.1</ele></trkpt>
      <trkpt lat="44.684170" lon="9.211890"><ele>1380.2</ele></trkpt>
      <trkpt lat="44.684170" lon="9.211872"><ele>1380.4</ele></trkpt>
      <trkpt lat="44.684168" lon="9.211855"><ele>1380.5</ele></trkpt>
      <trkpt lat="44.684165" lon="9.211840"><ele>1380.7</ele></trkpt>
      <trkpt lat="44.684157" lon="9.211825"><ele>1380.8</ele></trkpt>
      <trkpt lat="44.684143" lon="9.211808"><ele>1381.0</ele></trkpt>
      <trkpt lat="44.684130" lon="9.211793"><ele>1381.2</ele></trkpt>
      <trkpt lat="44.684122" lon="9.211775"><ele>1381.4</ele></trkpt>
      <trkpt lat="44.684117" lon="9.211755"><ele>1381.6</ele></trkpt>
      <trkpt lat="44.684113" lon="9.211727"><ele>1381.8</ele></trkpt>
      <trkpt lat="44.684112" lon="9.211698"><ele>1382.0</ele></trkpt>
      <trkpt lat="44.684107" lon="9.211670"><ele>1382.3</ele></trkpt>
      <trkpt lat="44.684093" lon="9.211652"><ele>1382.5</ele></trkpt>
      <trkpt lat="44.684077" lon="9.211648"><ele>1382.7</ele></trkpt>
      <trkpt lat="44.684062" lon="9.211647"><ele>1382.8</ele></trkpt>
      <trkpt lat="44.684050" lon="9.211645"><ele>1383.0</ele></trkpt>
      <trkpt lat="44.684040" lon="9.211647"><ele>1383.1</ele></trkpt>
      <trkpt lat="44.684032" lon="9.211638"><ele>1383.2</ele></trkpt>
      <trkpt lat="44.684025" lon="9.211625"><ele>1383.3</ele></trkpt>
      <trkpt lat="44.684017" lon="9.211612"><ele>1383.5</ele></trkpt>
      <trkpt lat="44.684007" lon="9.211597"><ele>1383.6</ele></trkpt>
      <trkpt lat="44.683997" lon="9.211587"><ele>1383.8</ele></trkpt>
      <trkpt lat="44.683982" lon="9.211575"><ele>1384.0</ele></trkpt>
      <trkpt lat="44.683968" lon="9.211563"><ele>1384.1</ele></trkpt>
      <trkpt lat="44.683955" lon="9.211552"><ele>1384.3</ele></trkpt>
      <trkpt lat="44.683943" lon="9.211540"><ele>1384.5</ele></trkpt>
      <trkpt lat="44.683933" lon="9.211525"><ele>1384.6</ele></trkpt>
      <trkpt lat="44.683918" lon="9.211515"><ele>1384.8</ele></trkpt>
      <trkpt lat="44.683902" lon="9.211503"><ele>1385.0</ele></trkpt>
      <trkpt lat="44.683887" lon="9.211490"><ele>1385.2</ele></trkpt>
      <trkpt lat="44.683873" lon="9.211478"><ele>1385.4</ele></trkpt>
      <trkpt lat="44.683863" lon="9.211468"><ele>1385.6</ele></trkpt>
      <trkpt lat="44.683852" lon="9.211457"><ele>1385.7</ele></trkpt>
      <trkpt lat="44.683838" lon="9.211452"><ele>1385.9</ele></trkpt>
      <trkpt lat="44.683820" lon="9.211443"><ele>1386.1</ele></trkpt>
      <trkpt lat="44.683800" lon="9.211438"><ele>1386.3</ele></trkpt>
      <trkpt lat="44.683783" lon="9.211430"><ele>1386.5</ele></trkpt>
      <trkpt lat="44.683765" lon="9.211408"><ele>1386.8</ele></trkpt>
      <trkpt lat="44.683743" lon="9.211395"><ele>1387.1</ele></trkpt>
      <trkpt lat="44.683723" lon="9.211377"><ele>1387.4</ele></trkpt>
      <trkpt lat="44.683717" lon="9.211362"><ele>1387.5</ele></trkpt>
      <trkpt lat="44.683705" lon="9.211348"><ele>1387.7</ele></trkpt>
      <trkpt lat="44.683697" lon="9.211332"><ele>1387.8</ele></trkpt>
      <trkpt lat="44.683685" lon="9.211315"><ele>1388.0</ele></trkpt>
      <trkpt lat="44.683672" lon="9.211305"><ele>1388.2</ele></trkpt>
      <trkpt lat="44.683655" lon="9.211300"><ele>1388.4</ele></trkpt>
      <trkpt lat="44.683638" lon="9.211298"><ele>1388.5</ele></trkpt>
      <trkpt lat="44.683623" lon="9.211293"><ele>1388.6</ele></trkpt>
      <trkpt lat="44.683608" lon="9.211290"><ele>1388.7</ele></trkpt>
      <trkpt lat="44.683593" lon="9.211288"><ele>1388.8</ele></trkpt>
      <trkpt lat="44.683578" lon="9.211285"><ele>1388.9</ele></trkpt>
      <trkpt lat="44.683563" lon="9.211288"><ele>1389.0</ele></trkpt>
      <trkpt lat="44.683547" lon="9.211293"><ele>1389.1</ele></trkpt>
      <trkpt lat="44.683537" lon="9.211295"><ele>1389.2</ele></trkpt>
      <trkpt lat="44.683522" lon="9.211303"><ele>1389.3</ele></trkpt>
      <trkpt lat="44.683507" lon="9.211305"><ele>1389.4</ele></trkpt>
      <trkpt lat="44.683495" lon="9.211308"><ele>1389.5</ele></trkpt>
      <trkpt lat="44.683483" lon="9.211310"><ele>1389.5</ele></trkpt>
      <trkpt lat="44.683478" lon="9.211318"><ele>1389.6</ele></trkpt>
      <trkpt lat="44.683475" lon="9.211320"><ele>1389.6</ele></trkpt>
      <trkpt lat="44.683465" lon="9.211325"><ele>1389.7</ele></trkpt>
      <trkpt lat="44.683462" lon="9.211332"><ele>1389.7</ele></trkpt>
      <trkpt lat="44.683452" lon="9.211342"><ele>1389.8</ele></trkpt>
      <trkpt lat="44.683440" lon="9.211348"><ele>1389.9</ele></trkpt>
      <trkpt lat="44.683433" lon="9.211357"><ele>1389.9</ele></trkpt>
      <trkpt lat="44.683418" lon="9.211370"><ele>1390.1</ele></trkpt>
      <trkpt lat="44.683402" lon="9.211385"><ele>1390.2</ele></trkpt>
      <trkpt lat="44.683383" lon="9.211398"><ele>1390.3</ele></trkpt>
      <trkpt lat="44.683372" lon="9.211407"><ele>1390.4</ele></trkpt>
      <trkpt lat="44.683357" lon="9.211422"><ele>1390.5</ele></trkpt>
      <trkpt lat="44.683345" lon="9.211428"><ele>1390.6</ele></trkpt>
      <trkpt lat="44.683328" lon="9.211430"><ele>1390.7</ele></trkpt>
      <trkpt lat="44.683308" lon="9.211430"><ele>1390.9</ele></trkpt>
      <trkpt lat="44.683292" lon="9.211427"><ele>1391.0</ele></trkpt>
      <trkpt lat="44.683275" lon="9.211423"><ele>1391.1</ele></trkpt>
      <trkpt lat="44.683258" lon="9.211422"><ele>1391.2</ele></trkpt>
      <trkpt lat="44.683243" lon="9.211417"><ele>1391.3</ele></trkpt>
      <trkpt lat="44.683227" lon="9.211413"><ele>1391.4</ele></trkpt>
      <trkpt lat="44.683212" lon="9.211412"><ele>1391.5</ele></trkpt>
      <trkpt lat="44.683195" lon="9.211408"><ele>1391.6</ele></trkpt>
      <trkpt lat="44.683178" lon="9.211402"><ele>1391.7</ele></trkpt>
      <trkpt lat="44.683162" lon="9.211392"><ele>1391.8</ele></trkpt>
      <trkpt lat="44.683143" lon="9.211380"><ele>1392.0</ele></trkpt>
      <trkpt lat="44.683130" lon="9.211368"><ele>1392.1</ele></trkpt>
      <trkpt lat="44.683117" lon="9.211355"><ele>1392.2</ele></trkpt>
      <trkpt lat="44.683105" lon="9.211342"><ele>1392.2</ele></trkpt>
      <trkpt lat="44.683097" lon="9.211328"><ele>1392.3</ele></trkpt>
      <trkpt lat="44.683090" lon="9.211315"><ele>1392.4</ele></trkpt>
      <trkpt lat="44.683077" lon="9.211293"><ele>1392.5</ele></trkpt>
      <trkpt lat="44.683060" lon="9.211265"><ele>1392.6</ele></trkpt>
      <trkpt lat="44.683052" lon="9.211238"><ele>1392.7</ele></trkpt>
      <trkpt lat="44.683043" lon="9.211212"><ele>1392.8</ele></trkpt>
      <trkpt lat="44.683032" lon="9.211185"><ele>1392.9</ele></trkpt>
      <trkpt lat="44.683015" lon="9.211163"><ele>1393.0</ele></trkpt>
      <trkpt lat="44.682998" lon="9.211138"><ele>1393.1</ele></trkpt>
      <trkpt lat="44.682980" lon="9.211118"><ele>1393.2</ele></trkpt>
      <trkpt lat="44.682962" lon="9.211098"><ele>1393.3</ele></trkpt>
      <trkpt lat="44.682945" lon="9.211083"><ele>1393.4</ele></trkpt>
      <trkpt lat="44.682928" lon="9.211068"><ele>1393.5</ele></trkpt>
      <trkpt lat="44.682918" lon="9.211055"><ele>1393.5</ele></trkpt>
      <trkpt lat="44.682912" lon="9.211045"><ele>1393.5</ele></trkpt>
      <trkpt lat="44.682903" lon="9.211032"><ele>1393.6</ele></trkpt>
      <trkpt lat="44.682897" lon="9.211022"><ele>1393.6</ele></trkpt>
      <trkpt lat="44.682890" lon="9.211012"><ele>1393.6</ele></trkpt>
      <trkpt lat="44.682883" lon="9.210998"><ele>1393.7</ele></trkpt>
      <trkpt lat="44.682866" lon="9.210965"><ele>1393.8</ele></trkpt>
      <trkpt lat="44.682863" lon="9.210952"><ele>1393.8</ele></trkpt>
      <trkpt lat="44.682857" lon="9.210923"><ele>1393.9</ele></trkpt>
      <trkpt lat="44.682852" lon="9.210900"><ele>1393.9</ele></trkpt>
      <trkpt lat="44.682845" lon="9.210887"><ele>1394.0</ele></trkpt>
      <trkpt lat="44.682837" lon="9.210872"><ele>1394.0</ele></trkpt>
      <trkpt lat="44.682832" lon="9.210852"><ele>1394.1</ele></trkpt>
      <trkpt lat="44.682823" lon="9.210835"><ele>1394.1</ele></trkpt>
      <trkpt lat="44.682823" lon="9.210815"><ele>1394.2</ele></trkpt>
      <trkpt lat="44.682820" lon="9.210797"><ele>1394.2</ele></trkpt>
      <trkpt lat="44.682820" lon="9.210773"><ele>1394.2</ele></trkpt>
      <trkpt lat="44.682820" lon="9.210753"><ele>1394.3</ele></trkpt>
      <trkpt lat="44.682822" lon="9.210732"><ele>1394.3</ele></trkpt>
      <trkpt lat="44.682822" lon="9.210715"><ele>1394.4</ele></trkpt>
      <trkpt lat="44.682818" lon="9.210702"><ele>1394.4</ele></trkpt>
      <trkpt lat="44.682815" lon="9.210687"><ele>1394.4</ele></trkpt>
      <trkpt lat="44.682812" lon="9.210668"><ele>1394.5</ele></trkpt>
      <trkpt lat="44.682808" lon="9.210637"><ele>1394.5</ele></trkpt>
      <trkpt lat="44.682808" lon="9.210608"><ele>1394.6</ele></trkpt>
      <trkpt lat="44.682812" lon="9.210583"><ele>1394.6</ele></trkpt>
      <trkpt lat="44.682815" lon="9.210553"><ele>1394.7</ele></trkpt>
      <trkpt lat="44.682822" lon="9.210520"><ele>1394.8</ele></trkpt>
      <trkpt lat="44.682818" lon="9.210485"><ele>1394.8</ele></trkpt>
      <trkpt lat="44.682810" lon="9.210455"><ele>1394.9</ele></trkpt>
      <trkpt lat="44.682808" lon="9.210432"><ele>1394.9</ele></trkpt>
      <trkpt lat="44.682810" lon="9.210407"><ele>1395.0</ele></trkpt>
      <trkpt lat="44.682808" lon="9.210383"><ele>1395.0</ele></trkpt>
      <trkpt lat="44.682798" lon="9.210363"><ele>1395.1</ele></trkpt>
      <trkpt lat="44.682787" lon="9.210343"><ele>1395.1</ele></trkpt>
      <trkpt lat="44.682778" lon="9.210328"><ele>1395.2</ele></trkpt>
      <trkpt lat="44.682770" lon="9.210310"><ele>1395.2</ele></trkpt>
      <trkpt lat="44.682767" lon="9.210292"><ele>1395.3</ele></trkpt>
      <trkpt lat="44.682763" lon="9.210263"><ele>1395.3</ele></trkpt>
      <trkpt lat="44.682757" lon="9.210238"><ele>1395.4</ele></trkpt>
      <trkpt lat="44.682747" lon="9.210217"><ele>1395.5</ele></trkpt>
      <trkpt lat="44.682742" lon="9.210183"><ele>1395.6</ele></trkpt>
      <trkpt lat="44.682737" lon="9.210150"><ele>1395.7</ele></trkpt>
      <trkpt lat="44.682735" lon="9.210120"><ele>1395.8</ele></trkpt>
      <trkpt lat="44.682735" lon="9.210085"><ele>1395.9</ele></trkpt>
      <trkpt lat="44.682727" lon="9.210034"><ele>1396.1</ele></trkpt>
      <trkpt lat="44.682722" lon="9.210018"><ele>1396.1</ele></trkpt>
      <trkpt lat="44.682712" lon="9.209992"><ele>1396.3</ele></trkpt>
      <trkpt lat="44.682700" lon="9.209973"><ele>1396.4</ele></trkpt>
      <trkpt lat="44.682692" lon="9.209947"><ele>1396.5</ele></trkpt>
      <trkpt lat="44.682692" lon="9.209918"><ele>1396.6</ele></trkpt>
      <trkpt lat="44.682687" lon="9.209908"><ele>1396.7</ele></trkpt>
      <trkpt lat="44.682682" lon="9.209897"><ele>1396.8</ele></trkpt>
      <trkpt lat="44.682673" lon="9.209883"><ele>1396.8</ele></trkpt>
      <trkpt lat="44.682665" lon="9.209863"><ele>1397.0</ele></trkpt>
      <trkpt lat="44.682653" lon="9.209835"><ele>1397.1</ele></trkpt>
      <trkpt lat="44.682642" lon="9.209817"><ele>1397.2</ele></trkpt>
      <trkpt lat="44.682630" lon="9.209785"><ele>1397.4</ele></trkpt>
      <trkpt lat="44.682618" lon="9.209762"><ele>1397.6</ele></trkpt>
      <trkpt lat="44.682610" lon="9.209733"><ele>1397.7</ele></trkpt>
      <trkpt lat="44.682598" lon="9.209712"><ele>1397.9</ele></trkpt>
      <trkpt lat="44.682592" lon="9.209682"><ele>1398.0</ele></trkpt>
      <trkpt lat="44.682587" lon="9.209653"><ele>1398.2</ele></trkpt>
      <trkpt lat="44.682585" lon="9.209622"><ele>1398.3</ele></trkpt>
      <trkpt lat="44.682578" lon="9.209603"><ele>1398.4</ele></trkpt>
      <trkpt lat="44.682572" lon="9.209575"><ele>1398.6</ele></trkpt>
      <trkpt lat="44.682563" lon="9.209553"><ele>1398.7</ele></trkpt>
      <trkpt lat="44.682550" lon="9.209537"><ele>1398.9</ele></trkpt>
      <trkpt lat="44.682537" lon="9.209515"><ele>1399.0</ele></trkpt>
      <trkpt lat="44.682497" lon="9.209528"><ele>1399.3</ele></trkpt>
      <trkpt lat="44.682473" lon="9.209523"><ele>1399.5</ele></trkpt>
      <trkpt lat="44.682440" lon="9.209533"><ele>1399.7</ele></trkpt>
      <trkpt lat="44.682417" lon="9.209527"><ele>1399.9</ele></trkpt>
      <trkpt lat="44.682405" lon="9.209520"><ele>1399.9</ele></trkpt>
      <trkpt lat="44.682398" lon="9.209472"><ele>1400.2</ele></trkpt>
      <trkpt lat="44.682388" lon="9.209457"><ele>1400.3</ele></trkpt>
      <trkpt lat="44.682378" lon="9.209438"><ele>1400.4</ele></trkpt>
      <trkpt lat="44.682402" lon="9.209348"><ele>1400.9</ele></trkpt>
      <trkpt lat="44.682400" lon="9.209325"><ele>1401.0</ele></trkpt>
      <trkpt lat="44.682392" lon="9.209302"><ele>1401.1</ele></trkpt>
      <trkpt lat="44.682390" lon="9.209275"><ele>1401.2</ele></trkpt>
      <trkpt lat="44.682383" lon="9.209253"><ele>1401.4</ele></trkpt>
      <trkpt lat="44.682378" lon="9.209228"><ele>1401.5</ele></trkpt>
      <trkpt lat="44.682383" lon="9.209192"><ele>1401.7</ele></trkpt>
      <trkpt lat="44.682385" lon="9.209139"><ele>1401.9</ele></trkpt>
      <trkpt lat="44.682383" lon="9.209123"><ele>1402.0</ele></trkpt>
      <trkpt lat="44.682383" lon="9.209090"><ele>1402.2</ele></trkpt>
      <trkpt lat="44.682382" lon="9.209063"><ele>1402.3</ele></trkpt>
      <trkpt lat="44.682380" lon="9.209033"><ele>1402.5</ele></trkpt>
      <trkpt lat="44.682373" lon="9.208990"><ele>1402.7</ele></trkpt>
      <trkpt lat="44.682368" lon="9.208952"><ele>1402.9</ele></trkpt>
      <trkpt lat="44.682363" lon="9.208913"><ele>1403.1</ele></trkpt>
      <trkpt lat="44.682355" lon="9.208878"><ele>1403.4</ele></trkpt>
      <trkpt lat="44.682350" lon="9.208843"><ele>1403.5</ele></trkpt>
      <trkpt lat="44.682342" lon="9.208812"><ele>1403.7</ele></trkpt>
      <trkpt lat="44.682337" lon="9.208780"><ele>1403.9</ele></trkpt>
      <trkpt lat="44.682330" lon="9.208752"><ele>1404.1</ele></trkpt>
      <trkpt lat="44.682323" lon="9.208722"><ele>1404.2</ele></trkpt>
      <trkpt lat="44.682317" lon="9.208695"><ele>1404.4</ele></trkpt>
      <trkpt lat="44.682312" lon="9.208670"><ele>1404.5</ele></trkpt>
      <trkpt lat="44.682307" lon="9.208645"><ele>1404.7</ele></trkpt>
      <trkpt lat="44.682302" lon="9.208615"><ele>1404.8</ele></trkpt>
      <trkpt lat="44.682297" lon="9.208588"><ele>1405.0</ele></trkpt>
      <trkpt lat="44.682292" lon="9.208563"><ele>1405.1</ele></trkpt>
      <trkpt lat="44.682290" lon="9.208540"><ele>1405.2</ele></trkpt>
      <trkpt lat="44.682290" lon="9.208517"><ele>1405.3</ele></trkpt>
      <trkpt lat="44.682293" lon="9.208482"><ele>1405.5</ele></trkpt>
      <trkpt lat="44.682298" lon="9.208445"><ele>1405.6</ele></trkpt>
      <trkpt lat="44.682303" lon="9.208412"><ele>1405.7</ele></trkpt>
      <trkpt lat="44.682308" lon="9.208383"><ele>1405.8</ele></trkpt>
      <trkpt lat="44.682318" lon="9.208357"><ele>1405.9</ele></trkpt>
      <trkpt lat="44.682328" lon="9.208322"><ele>1406.1</ele></trkpt>
      <trkpt lat="44.682338" lon="9.208290"><ele>1406.2</ele></trkpt>
      <trkpt lat="44.682343" lon="9.208257"><ele>1406.3</ele></trkpt>
      <trkpt lat="44.682357" lon="9.208233"><ele>1406.3</ele></trkpt>
      <trkpt lat="44.682365" lon="9.208200"><ele>1406.4</ele></trkpt>
      <trkpt lat="44.682368" lon="9.208165"><ele>1406.5</ele></trkpt>
      <trkpt lat="44.682375" lon="9.208130"><ele>1406.6</ele></trkpt>
      <trkpt lat="44.682378" lon="9.208098"><ele>1406.6</ele></trkpt>
      <trkpt lat="44.682382" lon="9.208070"><ele>1406.7</ele></trkpt>
      <trkpt lat="44.682392" lon="9.208038"><ele>1406.7</ele></trkpt>
      <trkpt lat="44.682398" lon="9.208010"><ele>1406.7</ele></trkpt>
      <trkpt lat="44.682402" lon="9.207980"><ele>1406.8</ele></trkpt>
      <trkpt lat="44.682403" lon="9.207947"><ele>1406.8</ele></trkpt>
      <trkpt lat="44.682407" lon="9.207918"><ele>1406.8</ele></trkpt>
      <trkpt lat="44.682403" lon="9.207892"><ele>1406.9</ele></trkpt>
      <trkpt lat="44.682393" lon="9.207870"><ele>1406.9</ele></trkpt>
      <trkpt lat="44.682387" lon="9.207847"><ele>1406.9</ele></trkpt>
      <trkpt lat="44.682383" lon="9.207818"><ele>1406.9</ele></trkpt>
      <trkpt lat="44.682385" lon="9.207790"><ele>1407.0</ele></trkpt>
      <trkpt lat="44.682382" lon="9.207763"><ele>1407.0</ele></trkpt>
      <trkpt lat="44.682375" lon="9.207732"><ele>1407.0</ele></trkpt>
      <trkpt lat="44.682365" lon="9.207698"><ele>1407.0</ele></trkpt>
      <trkpt lat="44.682353" lon="9.207663"><ele>1407.1</ele></trkpt>
      <trkpt lat="44.682340" lon="9.207630"><ele>1407.1</ele></trkpt>
      <trkpt lat="44.682323" lon="9.207600"><ele>1407.1</ele></trkpt>
      <trkpt lat="44.682305" lon="9.207575"><ele>1407.0</ele></trkpt>
      <trkpt lat="44.682285" lon="9.207553"><ele>1406.9</ele></trkpt>
      <trkpt lat="44.682270" lon="9.207532"><ele>1406.8</ele></trkpt>
      <trkpt lat="44.682260" lon="9.207513"><ele>1406.8</ele></trkpt>
      <trkpt lat="44.682253" lon="9.207495"><ele>1406.8</ele></trkpt>
      <trkpt lat="44.682248" lon="9.207477"><ele>1406.8</ele></trkpt>
      <trkpt lat="44.682240" lon="9.207453"><ele>1406.8</ele></trkpt>
      <trkpt lat="44.682230" lon="9.207437"><ele>1406.8</ele></trkpt>
      <trkpt lat="44.682220" lon="9.207423"><ele>1406.9</ele></trkpt>
      <trkpt lat="44.682210" lon="9.207408"><ele>1406.9</ele></trkpt>
      <trkpt lat="44.682197" lon="9.207400"><ele>1406.9</ele></trkpt>
      <trkpt lat="44.682172" lon="9.207393"><ele>1406.9</ele></trkpt>
      <trkpt lat="44.682150" lon="9.207388"><ele>1407.0</ele></trkpt>
      <trkpt lat="44.682120" lon="9.207388"><ele>1407.0</ele></trkpt>
      <trkpt lat="44.682100" lon="9.207383"><ele>1407.0</ele></trkpt>
      <trkpt lat="44.682082" lon="9.207373"><ele>1407.1</ele></trkpt>
      <trkpt lat="44.682060" lon="9.207367"><ele>1407.1</ele></trkpt>
      <trkpt lat="44.682035" lon="9.207360"><ele>1407.1</ele></trkpt>
      <trkpt lat="44.682010" lon="9.207353"><ele>1407.2</ele></trkpt>
      <trkpt lat="44.681988" lon="9.207348"><ele>1407.2</ele></trkpt>
      <trkpt lat="44.681968" lon="9.207348"><ele>1407.2</ele></trkpt>
      <trkpt lat="44.681948" lon="9.207348"><ele>1407.3</ele></trkpt>
      <trkpt lat="44.681927" lon="9.207345"><ele>1407.3</ele></trkpt>
      <trkpt lat="44.681905" lon="9.207342"><ele>1407.3</ele></trkpt>
      <trkpt lat="44.681882" lon="9.207342"><ele>1407.4</ele></trkpt>
      <trkpt lat="44.681857" lon="9.207342"><ele>1407.4</ele></trkpt>
      <trkpt lat="44.681828" lon="9.207342"><ele>1407.5</ele></trkpt>
      <trkpt lat="44.681782" lon="9.207341"><ele>1407.5</ele></trkpt>
      <trkpt lat="44.681767" lon="9.207340"><ele>1407.6</ele></trkpt>
      <trkpt lat="44.681738" lon="9.207333"><ele>1407.6</ele></trkpt>
      <trkpt lat="44.681710" lon="9.207328"><ele>1407.7</ele></trkpt>
      <trkpt lat="44.681682" lon="9.207328"><ele>1407.7</ele></trkpt>
      <trkpt lat="44.681652" lon="9.207325"><ele>1407.8</ele></trkpt>
      <trkpt lat="44.681617" lon="9.207325"><ele>1407.8</ele></trkpt>
      <trkpt lat="44.681585" lon="9.207323"><ele>1407.9</ele></trkpt>
      <trkpt lat="44.681555" lon="9.207322"><ele>1408.0</ele></trkpt>
      <trkpt lat="44.681527" lon="9.207320"><ele>1408.0</ele></trkpt>
      <trkpt lat="44.681502" lon="9.207322"><ele>1408.1</ele></trkpt>
      <trkpt lat="44.681480" lon="9.207328"><ele>1408.2</ele></trkpt>
      <trkpt lat="44.681452" lon="9.207333"><ele>1408.2</ele></trkpt>
      <trkpt lat="44.681422" lon="9.207325"><ele>1408.3</ele></trkpt>
      <trkpt lat="44.681393" lon="9.207310"><ele>1408.4</ele></trkpt>
      <trkpt lat="44.681367" lon="9.207298"><ele>1408.5</ele></trkpt>
      <trkpt lat="44.681347" lon="9.207288"><ele>1408.6</ele></trkpt>
      <trkpt lat="44.681330" lon="9.207285"><ele>1408.7</ele></trkpt>
      <trkpt lat="44.681312" lon="9.207280"><ele>1408.8</ele></trkpt>
      <trkpt lat="44.681293" lon="9.207273"><ele>1408.8</ele></trkpt>
      <trkpt lat="44.681277" lon="9.207263"><ele>1408.9</ele></trkpt>
      <trkpt lat="44.681258" lon="9.207253"><ele>1409.0</ele></trkpt>
      <trkpt lat="44.681242" lon="9.207240"><ele>1409.1</ele></trkpt>
      <trkpt lat="44.681222" lon="9.207225"><ele>1409.2</ele></trkpt>
      <trkpt lat="44.681205" lon="9.207213"><ele>1409.3</ele></trkpt>
      <trkpt lat="44.681192" lon="9.207203"><ele>1409.4</ele></trkpt>
      <trkpt lat="44.681180" lon="9.207195"><ele>1409.4</ele></trkpt>
      <trkpt lat="44.681170" lon="9.207183"><ele>1409.5</ele></trkpt>
      <trkpt lat="44.681158" lon="9.207168"><ele>1409.6</ele></trkpt>
      <trkpt lat="44.681148" lon="9.207155"><ele>1409.7</ele></trkpt>
      <trkpt lat="44.681140" lon="9.207137"><ele>1409.7</ele></trkpt>
      <trkpt lat="44.681128" lon="9.207118"><ele>1409.8</ele></trkpt>
      <trkpt lat="44.681118" lon="9.207103"><ele>1409.9</ele></trkpt>
      <trkpt lat="44.681108" lon="9.207087"><ele>1410.0</ele></trkpt>
      <trkpt lat="44.681092" lon="9.207070"><ele>1410.1</ele></trkpt>
      <trkpt lat="44.681077" lon="9.207058"><ele>1410.2</ele></trkpt>
      <trkpt lat="44.681063" lon="9.207035"><ele>1410.3</ele></trkpt>
      <trkpt lat="44.681048" lon="9.207015"><ele>1410.4</ele></trkpt>
      <trkpt lat="44.681035" lon="9.206993"><ele>1410.5</ele></trkpt>
      <trkpt lat="44.681022" lon="9.206972"><ele>1410.7</ele></trkpt>
      <trkpt lat="44.681005" lon="9.206952"><ele>1410.8</ele></trkpt>
      <trkpt lat="44.680992" lon="9.206927"><ele>1410.9</ele></trkpt>
      <trkpt lat="44.680978" lon="9.206903"><ele>1411.0</ele></trkpt>
      <trkpt lat="44.680967" lon="9.206880"><ele>1411.2</ele></trkpt>
      <trkpt lat="44.680957" lon="9.206853"><ele>1411.3</ele></trkpt>
      <trkpt lat="44.680950" lon="9.206830"><ele>1411.4</ele></trkpt>
      <trkpt lat="44.680940" lon="9.206812"><ele>1411.5</ele></trkpt>
      <trkpt lat="44.680930" lon="9.206795"><ele>1411.6</ele></trkpt>
      <trkpt lat="44.680922" lon="9.206783"><ele>1411.7</ele></trkpt>
      <trkpt lat="44.680912" lon="9.206770"><ele>1411.8</ele></trkpt>
      <trkpt lat="44.680905" lon="9.206750"><ele>1411.9</ele></trkpt>
      <trkpt lat="44.680893" lon="9.206730"><ele>1412.0</ele></trkpt>
      <trkpt lat="44.680880" lon="9.206712"><ele>1412.1</ele></trkpt>
      <trkpt lat="44.680868" lon="9.206690"><ele>1412.2</ele></trkpt>
      <trkpt lat="44.680853" lon="9.206668"><ele>1412.4</ele></trkpt>
      <trkpt lat="44.680837" lon="9.206650"><ele>1412.5</ele></trkpt>
      <trkpt lat="44.680822" lon="9.206620"><ele>1412.7</ele></trkpt>
      <trkpt lat="44.680802" lon="9.206605"><ele>1412.9</ele></trkpt>
      <trkpt lat="44.680788" lon="9.206590"><ele>1413.0</ele></trkpt>
      <trkpt lat="44.680773" lon="9.206577"><ele>1413.1</ele></trkpt>
      <trkpt lat="44.680760" lon="9.206555"><ele>1413.2</ele></trkpt>
      <trkpt lat="44.680752" lon="9.206538"><ele>1413.3</ele></trkpt>
      <trkpt lat="44.680740" lon="9.206518"><ele>1413.5</ele></trkpt>
      <trkpt lat="44.680732" lon="9.206498"><ele>1413.6</ele></trkpt>
      <trkpt lat="44.680722" lon="9.206480"><ele>1413.7</ele></trkpt>
      <trkpt lat="44.680713" lon="9.206445"><ele>1413.9</ele></trkpt>
      <trkpt lat="44.680703" lon="9.206415"><ele>1414.1</ele></trkpt>
      <trkpt lat="44.680687" lon="9.206393"><ele>1414.2</ele></trkpt>
      <trkpt lat="44.680673" lon="9.206378"><ele>1414.4</ele></trkpt>
      <trkpt lat="44.680663" lon="9.206360"><ele>1414.5</ele></trkpt>
      <trkpt lat="44.680652" lon="9.206342"><ele>1414.6</ele></trkpt>
      <trkpt lat="44.680638" lon="9.206315"><ele>1414.8</ele></trkpt>
      <trkpt lat="44.680627" lon="9.206293"><ele>1414.9</ele></trkpt>
      <trkpt lat="44.680617" lon="9.206273"><ele>1415.1</ele></trkpt>
      <trkpt lat="44.680605" lon="9.206253"><ele>1415.2</ele></trkpt>
      <trkpt lat="44.680593" lon="9.206237"><ele>1415.3</ele></trkpt>
      <trkpt lat="44.680582" lon="9.206218"><ele>1415.5</ele></trkpt>
      <trkpt lat="44.680567" lon="9.206187"><ele>1415.7</ele></trkpt>
      <trkpt lat="44.680562" lon="9.206177"><ele>1415.8</ele></trkpt>
      <trkpt lat="44.680550" lon="9.206155"><ele>1415.9</ele></trkpt>
      <trkpt lat="44.680535" lon="9.206133"><ele>1416.1</ele></trkpt>
      <trkpt lat="44.680522" lon="9.206113"><ele>1416.2</ele></trkpt>
      <trkpt lat="44.680512" lon="9.206093"><ele>1416.4</ele></trkpt>
      <trkpt lat="44.680502" lon="9.206073"><ele>1416.5</ele></trkpt>
      <trkpt lat="44.680492" lon="9.206057"><ele>1416.6</ele></trkpt>
      <trkpt lat="44.680480" lon="9.206042"><ele>1416.8</ele></trkpt>
      <trkpt lat="44.680468" lon="9.206023"><ele>1416.9</ele></trkpt>
      <trkpt lat="44.680457" lon="9.206005"><ele>1417.1</ele></trkpt>
      <trkpt lat="44.680450" lon="9.205983"><ele>1417.2</ele></trkpt>
      <trkpt lat="44.680443" lon="9.205965"><ele>1417.3</ele></trkpt>
      <trkpt lat="44.680438" lon="9.205945"><ele>1417.4</ele></trkpt>
      <trkpt lat="44.680428" lon="9.205925"><ele>1417.6</ele></trkpt>
      <trkpt lat="44.680420" lon="9.205903"><ele>1417.7</ele></trkpt>
      <trkpt lat="44.680413" lon="9.205882"><ele>1417.8</ele></trkpt>
      <trkpt lat="44.680407" lon="9.205867"><ele>1417.9</ele></trkpt>
      <trkpt lat="44.680400" lon="9.205853"><ele>1418.0</ele></trkpt>
      <trkpt lat="44.680395" lon="9.205838"><ele>1418.1</ele></trkpt>
      <trkpt lat="44.680387" lon="9.205823"><ele>1418.2</ele></trkpt>
      <trkpt lat="44.680375" lon="9.205812"><ele>1418.4</ele></trkpt>
      <trkpt lat="44.680368" lon="9.205802"><ele>1418.4</ele></trkpt>
      <trkpt lat="44.680363" lon="9.205788"><ele>1418.5</ele></trkpt>
      <trkpt lat="44.680355" lon="9.205777"><ele>1418.6</ele></trkpt>
      <trkpt lat="44.680348" lon="9.205762"><ele>1418.7</ele></trkpt>
      <trkpt lat="44.680340" lon="9.205743"><ele>1418.9</ele></trkpt>
      <trkpt lat="44.680338" lon="9.205718"><ele>1419.0</ele></trkpt>
      <trkpt lat="44.680340" lon="9.205693"><ele>1419.2</ele></trkpt>
      <trkpt lat="44.680337" lon="9.205670"><ele>1419.3</ele></trkpt>
      <trkpt lat="44.680332" lon="9.205653"><ele>1419.4</ele></trkpt>
      <trkpt lat="44.680330" lon="9.205627"><ele>1419.6</ele></trkpt>
      <trkpt lat="44.680327" lon="9.205597"><ele>1419.8</ele></trkpt>
      <trkpt lat="44.680323" lon="9.205577"><ele>1419.9</ele></trkpt>
      <trkpt lat="44.680318" lon="9.205555"><ele>1420.2</ele></trkpt>
      <trkpt lat="44.680315" lon="9.205542"><ele>1420.3</ele></trkpt>
      <trkpt lat="44.680308" lon="9.205523"><ele>1420.5</ele></trkpt>
      <trkpt lat="44.680302" lon="9.205503"><ele>1420.6</ele></trkpt>
      <trkpt lat="44.680300" lon="9.205483"><ele>1420.8</ele></trkpt>
      <trkpt lat="44.680297" lon="9.205468"><ele>1421.0</ele></trkpt>
      <trkpt lat="44.680293" lon="9.205460"><ele>1421.0</ele></trkpt>
      <trkpt lat="44.680292" lon="9.205447"><ele>1421.2</ele></trkpt>
      <trkpt lat="44.680293" lon="9.205425"><ele>1421.4</ele></trkpt>
      <trkpt lat="44.680290" lon="9.205408"><ele>1421.5</ele></trkpt>
      <trkpt lat="44.680282" lon="9.205392"><ele>1421.7</ele></trkpt>
      <trkpt lat="44.680270" lon="9.205375"><ele>1421.9</ele></trkpt>
      <trkpt lat="44.680260" lon="9.205360"><ele>1422.1</ele></trkpt>
      <trkpt lat="44.680248" lon="9.205342"><ele>1422.3</ele></trkpt>
      <trkpt lat="44.680237" lon="9.205323"><ele>1422.5</ele></trkpt>
      <trkpt lat="44.680228" lon="9.205308"><ele>1422.7</ele></trkpt>
      <trkpt lat="44.680220" lon="9.205295"><ele>1422.8</ele></trkpt>
      <trkpt lat="44.680210" lon="9.205277"><ele>1423.0</ele></trkpt>
      <trkpt lat="44.680197" lon="9.205257"><ele>1423.2</ele></trkpt>
      <trkpt lat="44.680185" lon="9.205232"><ele>1423.4</ele></trkpt>
      <trkpt lat="44.680173" lon="9.205212"><ele>1423.6</ele></trkpt>
      <trkpt lat="44.680162" lon="9.205193"><ele>1423.8</ele></trkpt>
      <trkpt lat="44.680148" lon="9.205177"><ele>1424.0</ele></trkpt>
      <trkpt lat="44.680137" lon="9.205150"><ele>1424.3</ele></trkpt>
      <trkpt lat="44.680123" lon="9.205130"><ele>1424.5</ele></trkpt>
      <trkpt lat="44.680115" lon="9.205105"><ele>1424.7</ele></trkpt>
      <trkpt lat="44.680107" lon="9.205083"><ele>1424.8</ele></trkpt>
      <trkpt lat="44.680097" lon="9.205068"><ele>1425.0</ele></trkpt>
      <trkpt lat="44.680078" lon="9.205053"><ele>1425.2</ele></trkpt>
      <trkpt lat="44.680063" lon="9.205042"><ele>1425.4</ele></trkpt>
      <trkpt lat="44.680050" lon="9.205027"><ele>1425.5</ele></trkpt>
      <trkpt lat="44.680038" lon="9.205015"><ele>1425.6</ele></trkpt>
      <trkpt lat="44.680030" lon="9.204995"><ele>1425.8</ele></trkpt>
      <trkpt lat="44.680020" lon="9.204977"><ele>1425.9</ele></trkpt>
      <trkpt lat="44.680008" lon="9.204963"><ele>1426.1</ele></trkpt>
      <trkpt lat="44.679997" lon="9.204952"><ele>1426.2</ele></trkpt>
      <trkpt lat="44.679982" lon="9.204925"><ele>1426.4</ele></trkpt>
      <trkpt lat="44.679965" lon="9.204912"><ele>1426.6</ele></trkpt>
      <trkpt lat="44.679950" lon="9.204895"><ele>1426.7</ele></trkpt>
      <trkpt lat="44.679937" lon="9.204870"><ele>1426.9</ele></trkpt>
      <trkpt lat="44.679925" lon="9.204850"><ele>1427.1</ele></trkpt>
      <trkpt lat="44.679917" lon="9.204833"><ele>1427.2</ele></trkpt>
      <trkpt lat="44.679915" lon="9.204815"><ele>1427.3</ele></trkpt>
      <trkpt lat="44.679908" lon="9.204795"><ele>1427.4</ele></trkpt>
      <trkpt lat="44.679898" lon="9.204783"><ele>1427.5</ele></trkpt>
      <trkpt lat="44.679895" lon="9.204767"><ele>1427.6</ele></trkpt>
      <trkpt lat="44.679882" lon="9.204753"><ele>1427.7</ele></trkpt>
      <trkpt lat="44.679872" lon="9.204733"><ele>1427.9</ele></trkpt>
      <trkpt lat="44.679860" lon="9.204723"><ele>1428.0</ele></trkpt>
      <trkpt lat="44.679847" lon="9.204707"><ele>1428.1</ele></trkpt>
      <trkpt lat="44.679835" lon="9.204685"><ele>1428.3</ele></trkpt>
      <trkpt lat="44.679820" lon="9.204667"><ele>1428.5</ele></trkpt>
      <trkpt lat="44.679808" lon="9.204642"><ele>1428.6</ele></trkpt>
      <trkpt lat="44.679803" lon="9.204615"><ele>1428.8</ele></trkpt>
      <trkpt lat="44.679798" lon="9.204588"><ele>1429.0</ele></trkpt>
      <trkpt lat="44.679790" lon="9.204558"><ele>1429.1</ele></trkpt>
      <trkpt lat="44.679785" lon="9.204527"><ele>1429.3</ele></trkpt>
      <trkpt lat="44.679775" lon="9.204492"><ele>1429.5</ele></trkpt>
      <trkpt lat="44.679763" lon="9.204462"><ele>1429.7</ele></trkpt>
      <trkpt lat="44.679753" lon="9.204440"><ele>1429.9</ele></trkpt>
      <trkpt lat="44.679735" lon="9.204418"><ele>1430.0</ele></trkpt>
      <trkpt lat="44.679725" lon="9.204402"><ele>1430.1</ele></trkpt>
      <trkpt lat="44.679722" lon="9.204388"><ele>1430.1</ele></trkpt>
      <trkpt lat="44.679715" lon="9.204380"><ele>1430.2</ele></trkpt>
      <trkpt lat="44.679707" lon="9.204373"><ele>1430.2</ele></trkpt>
      <trkpt lat="44.679693" lon="9.204363"><ele>1430.3</ele></trkpt>
      <trkpt lat="44.679657" lon="9.204336"><ele>1430.5</ele></trkpt>
      <trkpt lat="44.679648" lon="9.204330"><ele>1430.6</ele></trkpt>
      <trkpt lat="44.679625" lon="9.204323"><ele>1430.7</ele></trkpt>
      <trkpt lat="44.679598" lon="9.204318"><ele>1430.8</ele></trkpt>
      <trkpt lat="44.679577" lon="9.204322"><ele>1430.9</ele></trkpt>
      <trkpt lat="44.679553" lon="9.204328"><ele>1431.0</ele></trkpt>
      <trkpt lat="44.679535" lon="9.204337"><ele>1431.0</ele></trkpt>
      <trkpt lat="44.679527" lon="9.204338"><ele>1431.0</ele></trkpt>
      <trkpt lat="44.679512" lon="9.204348"><ele>1431.1</ele></trkpt>
      <trkpt lat="44.679492" lon="9.204362"><ele>1431.2</ele></trkpt>
      <trkpt lat="44.679473" lon="9.204375"><ele>1431.2</ele></trkpt>
      <trkpt lat="44.679457" lon="9.204387"><ele>1431.3</ele></trkpt>
      <trkpt lat="44.679422" lon="9.204401"><ele>1431.4</ele></trkpt>
      <trkpt lat="44.679410" lon="9.204405"><ele>1431.4</ele></trkpt>
      <trkpt lat="44.679383" lon="9.204412"><ele>1431.5</ele></trkpt>
      <trkpt lat="44.679360" lon="9.204422"><ele>1431.5</ele></trkpt>
      <trkpt lat="44.679335" lon="9.204427"><ele>1431.6</ele></trkpt>
      <trkpt lat="44.679317" lon="9.204430"><ele>1431.6</ele></trkpt>
      <trkpt lat="44.679293" lon="9.204430"><ele>1431.7</ele></trkpt>
      <trkpt lat="44.679263" lon="9.204435"><ele>1431.8</ele></trkpt>
      <trkpt lat="44.679230" lon="9.204432"><ele>1431.9</ele></trkpt>
      <trkpt lat="44.679188" lon="9.204423"><ele>1432.0</ele></trkpt>
      <trkpt lat="44.679153" lon="9.204422"><ele>1432.2</ele></trkpt>
      <trkpt lat="44.679120" lon="9.204417"><ele>1432.3</ele></trkpt>
      <trkpt lat="44.679087" lon="9.204413"><ele>1432.4</ele></trkpt>
      <trkpt lat="44.679053" lon="9.204412"><ele>1432.6</ele></trkpt>
      <trkpt lat="44.679008" lon="9.204408"><ele>1432.8</ele></trkpt>
      <trkpt lat="44.678957" lon="9.204413"><ele>1433.0</ele></trkpt>
      <trkpt lat="44.678912" lon="9.204413"><ele>1433.2</ele></trkpt>
      <trkpt lat="44.678877" lon="9.204408"><ele>1433.4</ele></trkpt>
      <trkpt lat="44.678840" lon="9.204398"><ele>1433.5</ele></trkpt>
      <trkpt lat="44.678805" lon="9.204385"><ele>1433.7</ele></trkpt>
      <trkpt lat="44.678765" lon="9.204377"><ele>1433.9</ele></trkpt>
      <trkpt lat="44.678722" lon="9.204367"><ele>1434.0</ele></trkpt>
      <trkpt lat="44.678678" lon="9.204352"><ele>1434.2</ele></trkpt>
      <trkpt lat="44.678642" lon="9.204337"><ele>1434.3</ele></trkpt>
      <trkpt lat="44.678612" lon="9.204322"><ele>1434.5</ele></trkpt>
      <trkpt lat="44.678585" lon="9.204310"><ele>1434.6</ele></trkpt>
      <trkpt lat="44.678565" lon="9.204298"><ele>1434.7</ele></trkpt>
      <trkpt lat="44.678542" lon="9.204290"><ele>1434.8</ele></trkpt>
      <trkpt lat="44.678515" lon="9.204283"><ele>1434.9</ele></trkpt>
      <trkpt lat="44.678487" lon="9.204277"><ele>1435.0</ele></trkpt>
      <trkpt lat="44.678457" lon="9.204268"><ele>1435.1</ele></trkpt>
      <trkpt lat="44.678433" lon="9.204260"><ele>1435.2</ele></trkpt>
      <trkpt lat="44.678407" lon="9.204253"><ele>1435.3</ele></trkpt>
      <trkpt lat="44.678382" lon="9.204247"><ele>1435.5</ele></trkpt>
      <trkpt lat="44.678358" lon="9.204240"><ele>1435.6</ele></trkpt>
      <trkpt lat="44.678333" lon="9.204230"><ele>1435.7</ele></trkpt>
      <trkpt lat="44.678307" lon="9.204222"><ele>1435.8</ele></trkpt>
      <trkpt lat="44.678278" lon="9.204208"><ele>1436.0</ele></trkpt>
      <trkpt lat="44.678255" lon="9.204197"><ele>1436.1</ele></trkpt>
      <trkpt lat="44.678233" lon="9.204185"><ele>1436.2</ele></trkpt>
      <trkpt lat="44.678212" lon="9.204180"><ele>1436.4</ele></trkpt>
      <trkpt lat="44.678198" lon="9.204172"><ele>1436.4</ele></trkpt>
      <trkpt lat="44.678187" lon="9.204160"><ele>1436.5</ele></trkpt>
      <trkpt lat="44.678167" lon="9.204157"><ele>1436.6</ele></trkpt>
      <trkpt lat="44.678150" lon="9.204155"><ele>1436.7</ele></trkpt>
      <trkpt lat="44.678133" lon="9.204162"><ele>1436.8</ele></trkpt>
      <trkpt lat="44.678115" lon="9.204163"><ele>1436.9</ele></trkpt>
      <trkpt lat="44.678093" lon="9.204163"><ele>1437.0</ele></trkpt>
      <trkpt lat="44.678070" lon="9.204163"><ele>1437.2</ele></trkpt>
      <trkpt lat="44.678047" lon="9.204162"><ele>1437.3</ele></trkpt>
      <trkpt lat="44.678027" lon="9.204162"><ele>1437.4</ele></trkpt>
      <trkpt lat="44.678010" lon="9.204163"><ele>1437.5</ele></trkpt>
      <trkpt lat="44.677995" lon="9.204167"><ele>1437.6</ele></trkpt>
      <trkpt lat="44.677978" lon="9.204168"><ele>1437.7</ele></trkpt>
      <trkpt lat="44.677950" lon="9.204174"><ele>1437.8</ele></trkpt>
      <trkpt lat="44.677938" lon="9.204177"><ele>1437.9</ele></trkpt>
      <trkpt lat="44.677917" lon="9.204183"><ele>1438.0</ele></trkpt>
      <trkpt lat="44.677897" lon="9.204190"><ele>1438.1</ele></trkpt>
      <trkpt lat="44.677872" lon="9.204197"><ele>1438.2</ele></trkpt>
      <trkpt lat="44.677850" lon="9.204210"><ele>1438.3</ele></trkpt>
      <trkpt lat="44.677823" lon="9.204223"><ele>1438.5</ele></trkpt>
      <trkpt lat="44.677802" lon="9.204237"><ele>1438.6</ele></trkpt>
      <trkpt lat="44.677783" lon="9.204245"><ele>1438.7</ele></trkpt>
      <trkpt lat="44.677752" lon="9.204261"><ele>1438.9</ele></trkpt>
      <trkpt lat="44.677743" lon="9.204263"><ele>1438.9</ele></trkpt>
      <trkpt lat="44.677720" lon="9.204268"><ele>1439.0</ele></trkpt>
      <trkpt lat="44.677703" lon="9.204277"><ele>1439.1</ele></trkpt>
      <trkpt lat="44.677686" lon="9.204288"><ele>1439.2</ele></trkpt>
      <trkpt lat="44.677680" lon="9.204293"><ele>1439.2</ele></trkpt>
      <trkpt lat="44.677670" lon="9.204300"><ele>1439.2</ele></trkpt>
      <trkpt lat="44.677660" lon="9.204302"><ele>1439.3</ele></trkpt>
      <trkpt lat="44.677640" lon="9.204298"><ele>1439.3</ele></trkpt>
      <trkpt lat="44.677620" lon="9.204298"><ele>1439.4</ele></trkpt>
      <trkpt lat="44.677607" lon="9.204297"><ele>1439.5</ele></trkpt>
      <trkpt lat="44.677595" lon="9.204295"><ele>1439.5</ele></trkpt>
      <trkpt lat="44.677583" lon="9.204295"><ele>1439.6</ele></trkpt>
      <trkpt lat="44.677562" lon="9.204302"><ele>1439.6</ele></trkpt>
      <trkpt lat="44.677532" lon="9.204305"><ele>1439.7</ele></trkpt>
      <trkpt lat="44.677502" lon="9.204305"><ele>1439.8</ele></trkpt>
      <trkpt lat="44.677472" lon="9.204302"><ele>1439.9</ele></trkpt>
      <trkpt lat="44.677445" lon="9.204297"><ele>1440.0</ele></trkpt>
      <trkpt lat="44.677415" lon="9.204288"><ele>1440.1</ele></trkpt>
      <trkpt lat="44.677393" lon="9.204268"><ele>1440.2</ele></trkpt>
      <trkpt lat="44.677373" lon="9.204243"><ele>1440.3</ele></trkpt>
      <trkpt lat="44.677357" lon="9.204217"><ele>1440.3</ele></trkpt>
      <trkpt lat="44.677340" lon="9.204192"><ele>1440.4</ele></trkpt>
      <trkpt lat="44.677323" lon="9.204175"><ele>1440.5</ele></trkpt>
      <trkpt lat="44.677312" lon="9.204160"><ele>1440.5</ele></trkpt>
      <trkpt lat="44.677298" lon="9.204150"><ele>1440.6</ele></trkpt>
      <trkpt lat="44.677285" lon="9.204137"><ele>1440.6</ele></trkpt>
      <trkpt lat="44.677268" lon="9.204125"><ele>1440.7</ele></trkpt>
      <trkpt lat="44.677252" lon="9.204110"><ele>1440.7</ele></trkpt>
      <trkpt lat="44.677232" lon="9.204090"><ele>1440.8</ele></trkpt>
      <trkpt lat="44.677213" lon="9.204073"><ele>1440.9</ele></trkpt>
      <trkpt lat="44.677193" lon="9.204055"><ele>1440.9</ele></trkpt>
      <trkpt lat="44.677172" lon="9.204035"><ele>1441.0</ele></trkpt>
      <trkpt lat="44.677147" lon="9.204018"><ele>1441.1</ele></trkpt>
      <trkpt lat="44.677120" lon="9.204002"><ele>1441.2</ele></trkpt>
      <trkpt lat="44.677095" lon="9.203985"><ele>1441.3</ele></trkpt>
      <trkpt lat="44.677070" lon="9.203963"><ele>1441.4</ele></trkpt>
      <trkpt lat="44.677047" lon="9.203940"><ele>1441.5</ele></trkpt>
      <trkpt lat="44.677027" lon="9.203917"><ele>1441.6</ele></trkpt>
      <trkpt lat="44.677015" lon="9.203895"><ele>1441.7</ele></trkpt>
      <trkpt lat="44.677005" lon="9.203873"><ele>1441.7</ele></trkpt>
      <trkpt lat="44.676993" lon="9.203855"><ele>1441.8</ele></trkpt>
      <trkpt lat="44.676977" lon="9.203838"><ele>1441.8</ele></trkpt>
      <trkpt lat="44.676953" lon="9.203813"><ele>1441.9</ele></trkpt>
      <trkpt lat="44.676937" lon="9.203782"><ele>1442.0</ele></trkpt>
      <trkpt lat="44.676920" lon="9.203757"><ele>1442.1</ele></trkpt>
      <trkpt lat="44.676898" lon="9.203730"><ele>1442.2</ele></trkpt>
      <trkpt lat="44.676877" lon="9.203707"><ele>1442.3</ele></trkpt>
      <trkpt lat="44.676855" lon="9.203675"><ele>1442.4</ele></trkpt>
      <trkpt lat="44.676835" lon="9.203648"><ele>1442.5</ele></trkpt>
      <trkpt lat="44.676822" lon="9.203617"><ele>1442.6</ele></trkpt>
      <trkpt lat="44.676798" lon="9.203590"><ele>1442.7</ele></trkpt>
      <trkpt lat="44.676772" lon="9.203567"><ele>1442.8</ele></trkpt>
      <trkpt lat="44.676745" lon="9.203543"><ele>1442.9</ele></trkpt>
      <trkpt lat="44.676723" lon="9.203518"><ele>1443.0</ele></trkpt>
      <trkpt lat="44.676697" lon="9.203502"><ele>1443.2</ele></trkpt>
      <trkpt lat="44.676668" lon="9.203487"><ele>1443.3</ele></trkpt>
      <trkpt lat="44.676647" lon="9.203463"><ele>1443.4</ele></trkpt>
      <trkpt lat="44.676620" lon="9.203443"><ele>1443.5</ele></trkpt>
      <trkpt lat="44.676595" lon="9.203425"><ele>1443.6</ele></trkpt>
      <trkpt lat="44.676568" lon="9.203408"><ele>1443.7</ele></trkpt>
      <trkpt lat="44.676537" lon="9.203395"><ele>1443.8</ele></trkpt>
      <trkpt lat="44.676505" lon="9.203383"><ele>1444.0</ele></trkpt>
      <trkpt lat="44.676475" lon="9.203365"><ele>1444.1</ele></trkpt>
      <trkpt lat="44.676442" lon="9.203347"><ele>1444.2</ele></trkpt>
      <trkpt lat="44.676408" lon="9.203325"><ele>1444.4</ele></trkpt>
      <trkpt lat="44.676370" lon="9.203312"><ele>1444.5</ele></trkpt>
      <trkpt lat="44.676328" lon="9.203297"><ele>1444.7</ele></trkpt>
      <trkpt lat="44.676290" lon="9.203280"><ele>1444.8</ele></trkpt>
      <trkpt lat="44.676252" lon="9.203255"><ele>1445.0</ele></trkpt>
      <trkpt lat="44.676225" lon="9.203228"><ele>1445.1</ele></trkpt>
      <trkpt lat="44.676195" lon="9.203207"><ele>1445.3</ele></trkpt>
      <trkpt lat="44.676162" lon="9.203192"><ele>1445.4</ele></trkpt>
      <trkpt lat="44.676125" lon="9.203173"><ele>1445.6</ele></trkpt>
      <trkpt lat="44.676097" lon="9.203153"><ele>1445.7</ele></trkpt>
      <trkpt lat="44.676062" lon="9.203140"><ele>1445.9</ele></trkpt>
      <trkpt lat="44.676032" lon="9.203125"><ele>1446.0</ele></trkpt>
      <trkpt lat="44.675995" lon="9.203113"><ele>1446.1</ele></trkpt>
      <trkpt lat="44.675957" lon="9.203103"><ele>1446.3</ele></trkpt>
      <trkpt lat="44.675923" lon="9.203097"><ele>1446.4</ele></trkpt>
      <trkpt lat="44.675897" lon="9.203092"><ele>1446.5</ele></trkpt>
      <trkpt lat="44.675868" lon="9.203090"><ele>1446.7</ele></trkpt>
      <trkpt lat="44.675833" lon="9.203095"><ele>1446.8</ele></trkpt>
      <trkpt lat="44.675807" lon="9.203088"><ele>1446.9</ele></trkpt>
      <trkpt lat="44.675782" lon="9.203075"><ele>1447.0</ele></trkpt>
      <trkpt lat="44.675750" lon="9.203058"><ele>1447.2</ele></trkpt>
      <trkpt lat="44.675712" lon="9.203045"><ele>1447.3</ele></trkpt>
      <trkpt lat="44.675675" lon="9.203035"><ele>1447.5</ele></trkpt>
      <trkpt lat="44.675643" lon="9.203027"><ele>1447.7</ele></trkpt>
      <trkpt lat="44.675617" lon="9.203022"><ele>1447.8</ele></trkpt>
      <trkpt lat="44.675590" lon="9.203023"><ele>1447.9</ele></trkpt>
      <trkpt lat="44.675570" lon="9.203018"><ele>1448.0</ele></trkpt>
      <trkpt lat="44.675553" lon="9.203005"><ele>1448.1</ele></trkpt>
      <trkpt lat="44.675532" lon="9.202992"><ele>1448.2</ele></trkpt>
      <trkpt lat="44.675513" lon="9.202978"><ele>1448.3</ele></trkpt>
      <trkpt lat="44.675502" lon="9.202953"><ele>1448.5</ele></trkpt>
      <trkpt lat="44.675487" lon="9.202933"><ele>1448.6</ele></trkpt>
      <trkpt lat="44.675473" lon="9.202915"><ele>1448.7</ele></trkpt>
      <trkpt lat="44.675465" lon="9.202898"><ele>1448.7</ele></trkpt>
      <trkpt lat="44.675450" lon="9.202885"><ele>1448.8</ele></trkpt>
      <trkpt lat="44.675435" lon="9.202870"><ele>1448.9</ele></trkpt>
      <trkpt lat="44.675420" lon="9.202853"><ele>1449.0</ele></trkpt>
      <trkpt lat="44.675405" lon="9.202837"><ele>1449.2</ele></trkpt>
      <trkpt lat="44.675392" lon="9.202823"><ele>1449.2</ele></trkpt>
      <trkpt lat="44.675375" lon="9.202808"><ele>1449.4</ele></trkpt>
      <trkpt lat="44.675360" lon="9.202793"><ele>1449.5</ele></trkpt>
      <trkpt lat="44.675345" lon="9.202773"><ele>1449.6</ele></trkpt>
      <trkpt lat="44.675327" lon="9.202757"><ele>1449.7</ele></trkpt>
      <trkpt lat="44.675308" lon="9.202737"><ele>1449.9</ele></trkpt>
      <trkpt lat="44.675290" lon="9.202718"><ele>1450.2</ele></trkpt>
      <trkpt lat="44.675277" lon="9.202698"><ele>1450.3</ele></trkpt>
      <trkpt lat="44.675262" lon="9.202682"><ele>1450.5</ele></trkpt>
      <trkpt lat="44.675243" lon="9.202665"><ele>1450.8</ele></trkpt>
      <trkpt lat="44.675227" lon="9.202648"><ele>1451.0</ele></trkpt>
      <trkpt lat="44.675208" lon="9.202633"><ele>1451.2</ele></trkpt>
      <trkpt lat="44.675188" lon="9.202620"><ele>1451.4</ele></trkpt>
      <trkpt lat="44.675173" lon="9.202603"><ele>1451.6</ele></trkpt>
      <trkpt lat="44.675158" lon="9.202592"><ele>1451.8</ele></trkpt>
      <trkpt lat="44.675140" lon="9.202577"><ele>1452.0</ele></trkpt>
      <trkpt lat="44.675120" lon="9.202563"><ele>1452.2</ele></trkpt>
      <trkpt lat="44.675107" lon="9.202553"><ele>1452.4</ele></trkpt>
      <trkpt lat="44.675093" lon="9.202542"><ele>1452.6</ele></trkpt>
      <trkpt lat="44.675078" lon="9.202530"><ele>1452.8</ele></trkpt>
      <trkpt lat="44.675055" lon="9.202517"><ele>1453.0</ele></trkpt>
      <trkpt lat="44.675033" lon="9.202510"><ele>1453.2</ele></trkpt>
      <trkpt lat="44.675007" lon="9.202505"><ele>1453.5</ele></trkpt>
      <trkpt lat="44.674988" lon="9.202497"><ele>1453.7</ele></trkpt>
      <trkpt lat="44.674970" lon="9.202480"><ele>1454.0</ele></trkpt>
      <trkpt lat="44.674952" lon="9.202473"><ele>1454.1</ele></trkpt>
      <trkpt lat="44.674932" lon="9.202463"><ele>1454.4</ele></trkpt>
      <trkpt lat="44.674913" lon="9.202455"><ele>1454.6</ele></trkpt>
      <trkpt lat="44.674885" lon="9.202445"><ele>1454.8</ele></trkpt>
      <trkpt lat="44.674858" lon="9.202435"><ele>1455.1</ele></trkpt>
      <trkpt lat="44.674840" lon="9.202418"><ele>1455.3</ele></trkpt>
      <trkpt lat="44.674818" lon="9.202405"><ele>1455.6</ele></trkpt>
      <trkpt lat="44.674800" lon="9.202390"><ele>1455.8</ele></trkpt>
      <trkpt lat="44.674783" lon="9.202383"><ele>1456.0</ele></trkpt>
      <trkpt lat="44.674760" lon="9.202377"><ele>1456.2</ele></trkpt>
      <trkpt lat="44.674740" lon="9.202370"><ele>1456.4</ele></trkpt>
      <trkpt lat="44.674720" lon="9.202363"><ele>1456.6</ele></trkpt>
      <trkpt lat="44.674708" lon="9.202348"><ele>1456.7</ele></trkpt>
      <trkpt lat="44.674690" lon="9.202337"><ele>1456.9</ele></trkpt>
      <trkpt lat="44.674670" lon="9.202325"><ele>1457.1</ele></trkpt>
      <trkpt lat="44.674647" lon="9.202318"><ele>1457.4</ele></trkpt>
      <trkpt lat="44.674620" lon="9.202310"><ele>1457.6</ele></trkpt>
      <trkpt lat="44.674598" lon="9.202298"><ele>1457.9</ele></trkpt>
      <trkpt lat="44.674580" lon="9.202287"><ele>1458.1</ele></trkpt>
      <trkpt lat="44.674558" lon="9.202278"><ele>1458.3</ele></trkpt>
      <trkpt lat="44.674537" lon="9.202268"><ele>1458.5</ele></trkpt>
      <trkpt lat="44.674517" lon="9.202258"><ele>1458.7</ele></trkpt>
      <trkpt lat="44.674498" lon="9.202248"><ele>1458.9</ele></trkpt>
      <trkpt lat="44.674480" lon="9.202238"><ele>1459.1</ele></trkpt>
      <trkpt lat="44.674463" lon="9.202220"><ele>1459.3</ele></trkpt>
      <trkpt lat="44.674440" lon="9.202203"><ele>1459.5</ele></trkpt>
      <trkpt lat="44.674422" lon="9.202178"><ele>1459.8</ele></trkpt>
      <trkpt lat="44.674403" lon="9.202157"><ele>1460.0</ele></trkpt>
      <trkpt lat="44.674387" lon="9.202145"><ele>1460.2</ele></trkpt>
      <trkpt lat="44.674377" lon="9.202127"><ele>1460.3</ele></trkpt>
      <trkpt lat="44.674360" lon="9.202115"><ele>1460.5</ele></trkpt>
      <trkpt lat="44.674345" lon="9.202103"><ele>1460.7</ele></trkpt>
      <trkpt lat="44.674332" lon="9.202083"><ele>1460.8</ele></trkpt>
      <trkpt lat="44.674320" lon="9.202067"><ele>1461.0</ele></trkpt>
      <trkpt lat="44.674305" lon="9.202058"><ele>1461.1</ele></trkpt>
      <trkpt lat="44.674292" lon="9.202048"><ele>1461.3</ele></trkpt>
      <trkpt lat="44.674278" lon="9.202035"><ele>1461.4</ele></trkpt>
      <trkpt lat="44.674258" lon="9.202017"><ele>1461.7</ele></trkpt>
      <trkpt lat="44.674250" lon="9.202012"><ele>1461.7</ele></trkpt>
      <trkpt lat="44.674228" lon="9.202007"><ele>1462.0</ele></trkpt>
      <trkpt lat="44.674205" lon="9.202007"><ele>1462.2</ele></trkpt>
      <trkpt lat="44.674187" lon="9.202002"><ele>1462.4</ele></trkpt>
      <trkpt lat="44.674173" lon="9.201988"><ele>1462.5</ele></trkpt>
      <trkpt lat="44.674158" lon="9.201970"><ele>1462.7</ele></trkpt>
      <trkpt lat="44.674140" lon="9.201957"><ele>1462.9</ele></trkpt>
      <trkpt lat="44.674123" lon="9.201945"><ele>1463.1</ele></trkpt>
      <trkpt lat="44.674105" lon="9.201937"><ele>1463.3</ele></trkpt>
      <trkpt lat="44.674085" lon="9.201930"><ele>1463.5</ele></trkpt>
      <trkpt lat="44.674058" lon="9.201912"><ele>1463.7</ele></trkpt>
      <trkpt lat="44.674050" lon="9.201907"><ele>1463.8</ele></trkpt>
      <trkpt lat="44.674035" lon="9.201895"><ele>1464.0</ele></trkpt>
      <trkpt lat="44.674018" lon="9.201887"><ele>1464.2</ele></trkpt>
      <trkpt lat="44.674003" lon="9.201878"><ele>1464.3</ele></trkpt>
      <trkpt lat="44.673983" lon="9.201868"><ele>1464.5</ele></trkpt>
      <trkpt lat="44.673962" lon="9.201858"><ele>1464.7</ele></trkpt>
      <trkpt lat="44.673942" lon="9.201842"><ele>1464.9</ele></trkpt>
      <trkpt lat="44.673923" lon="9.201827"><ele>1465.1</ele></trkpt>
      <trkpt lat="44.673905" lon="9.201807"><ele>1465.3</ele></trkpt>
      <trkpt lat="44.673887" lon="9.201792"><ele>1465.5</ele></trkpt>
      <trkpt lat="44.673872" lon="9.201780"><ele>1465.6</ele></trkpt>
      <trkpt lat="44.673852" lon="9.201773"><ele>1465.8</ele></trkpt>
      <trkpt lat="44.673828" lon="9.201762"><ele>1466.0</ele></trkpt>
      <trkpt lat="44.673800" lon="9.201755"><ele>1466.2</ele></trkpt>
      <trkpt lat="44.673777" lon="9.201752"><ele>1466.4</ele></trkpt>
      <trkpt lat="44.673757" lon="9.201748"><ele>1466.6</ele></trkpt>
      <trkpt lat="44.673737" lon="9.201747"><ele>1466.8</ele></trkpt>
      <trkpt lat="44.673710" lon="9.201745"><ele>1467.0</ele></trkpt>
      <trkpt lat="44.673678" lon="9.201745"><ele>1467.3</ele></trkpt>
      <trkpt lat="44.673653" lon="9.201742"><ele>1467.5</ele></trkpt>
      <trkpt lat="44.673633" lon="9.201730"><ele>1467.7</ele></trkpt>
      <trkpt lat="44.673613" lon="9.201707"><ele>1467.9</ele></trkpt>
      <trkpt lat="44.673577" lon="9.201693"><ele>1468.2</ele></trkpt>
      <trkpt lat="44.673560" lon="9.201677"><ele>1468.4</ele></trkpt>
      <trkpt lat="44.673538" lon="9.201657"><ele>1468.6</ele></trkpt>
      <trkpt lat="44.673517" lon="9.201642"><ele>1468.8</ele></trkpt>
      <trkpt lat="44.673495" lon="9.201622"><ele>1469.0</ele></trkpt>
      <trkpt lat="44.673477" lon="9.201605"><ele>1469.1</ele></trkpt>
      <trkpt lat="44.673458" lon="9.201590"><ele>1469.3</ele></trkpt>
      <trkpt lat="44.673442" lon="9.201573"><ele>1469.5</ele></trkpt>
      <trkpt lat="44.673423" lon="9.201563"><ele>1469.6</ele></trkpt>
      <trkpt lat="44.673398" lon="9.201557"><ele>1469.8</ele></trkpt>
      <trkpt lat="44.673365" lon="9.201553"><ele>1470.0</ele></trkpt>
      <trkpt lat="44.673328" lon="9.201555"><ele>1470.3</ele></trkpt>
      <trkpt lat="44.673302" lon="9.201553"><ele>1470.5</ele></trkpt>
      <trkpt lat="44.673272" lon="9.201548"><ele>1470.7</ele></trkpt>
      <trkpt lat="44.673242" lon="9.201545"><ele>1471.0</ele></trkpt>
      <trkpt lat="44.673213" lon="9.201540"><ele>1471.2</ele></trkpt>
      <trkpt lat="44.673190" lon="9.201528"><ele>1471.4</ele></trkpt>
      <trkpt lat="44.673168" lon="9.201517"><ele>1471.6</ele></trkpt>
      <trkpt lat="44.673148" lon="9.201507"><ele>1471.8</ele></trkpt>
      <trkpt lat="44.673130" lon="9.201498"><ele>1472.0</ele></trkpt>
      <trkpt lat="44.673113" lon="9.201483"><ele>1472.1</ele></trkpt>
      <trkpt lat="44.673095" lon="9.201467"><ele>1472.3</ele></trkpt>
      <trkpt lat="44.673078" lon="9.201452"><ele>1472.5</ele></trkpt>
    </trkseg>
  </trk>
</gpx>
