<?xml version="1.0" encoding="UTF-8"?>
<gpx version="1.1" creator="strava_segment_to_gpx"
     xmlns="http://www.topografix.com/GPX/1/1">
  <trk>
    <name>Monte Beigua 2026 (Varazze)</name>
    <trkseg>
      <trkpt lat="44.360811" lon="8.575868"><ele>9.6</ele></trkpt>
      <trkpt lat="44.360846" lon="8.575830"><ele>9.6</ele></trkpt>
      <trkpt lat="44.360888" lon="8.575792"><ele>9.4</ele></trkpt>
      <trkpt lat="44.360929" lon="8.575750"><ele>9.2</ele></trkpt>
      <trkpt lat="44.360976" lon="8.575708"><ele>9.0</ele></trkpt>
      <trkpt lat="44.361022" lon="8.575665"><ele>8.8</ele></trkpt>
      <trkpt lat="44.361066" lon="8.575624"><ele>8.4</ele></trkpt>
      <trkpt lat="44.361115" lon="8.575588"><ele>8.2</ele></trkpt>
      <trkpt lat="44.361161" lon="8.575552"><ele>8.0</ele></trkpt>
      <trkpt lat="44.361208" lon="8.575514"><ele>7.8</ele></trkpt>
      <trkpt lat="44.361253" lon="8.575475"><ele>7.8</ele></trkpt>
      <trkpt lat="44.361297" lon="8.575438"><ele>7.8</ele></trkpt>
      <trkpt lat="44.361341" lon="8.575405"><ele>7.8</ele></trkpt>
      <trkpt lat="44.361385" lon="8.575375"><ele>7.8</ele></trkpt>
      <trkpt lat="44.361429" lon="8.575352"><ele>8.0</ele></trkpt>
      <trkpt lat="44.361477" lon="8.575332"><ele>8.0</ele></trkpt>
      <trkpt lat="44.361525" lon="8.575315"><ele>8.0</ele></trkpt>
      <trkpt lat="44.361570" lon="8.575300"><ele>8.0</ele></trkpt>
      <trkpt lat="44.361614" lon="8.575284"><ele>8.0</ele></trkpt>
      <trkpt lat="44.361653" lon="8.575275"><ele>8.0</ele></trkpt>
      <trkpt lat="44.361697" lon="8.575264"><ele>8.0</ele></trkpt>
      <trkpt lat="44.361740" lon="8.575256"><ele>8.0</ele></trkpt>
      <trkpt lat="44.361786" lon="8.575243"><ele>8.0</ele></trkpt>
      <trkpt lat="44.361834" lon="8.575228"><ele>8.0</ele></trkpt>
      <trkpt lat="44.361879" lon="8.575219"><ele>8.0</ele></trkpt>
      <trkpt lat="44.361923" lon="8.575204"><ele>8.2</ele></trkpt>
      <trkpt lat="44.361963" lon="8.575189"><ele>8.2</ele></trkpt>
      <trkpt lat="44.362003" lon="8.575176"><ele>8.4</ele></trkpt>
      <trkpt lat="44.362037" lon="8.575161"><ele>8.4</ele></trkpt>
      <trkpt lat="44.362071" lon="8.575143"><ele>8.4</ele></trkpt>
      <trkpt lat="44.362106" lon="8.575129"><ele>8.6</ele></trkpt>
      <trkpt lat="44.362141" lon="8.575116"><ele>8.6</ele></trkpt>
      <trkpt lat="44.362177" lon="8.575109"><ele>8.6</ele></trkpt>
      <trkpt lat="44.362214" lon="8.575104"><ele>8.6</ele></trkpt>
      <trkpt lat="44.362252" lon="8.575097"><ele>8.8</ele></trkpt>
      <trkpt lat="44.362294" lon="8.575090"><ele>8.8</ele></trkpt>
      <trkpt lat="44.362332" lon="8.575087"><ele>8.8</ele></trkpt>
      <trkpt lat="44.362375" lon="8.575083"><ele>8.8</ele></trkpt>
      <trkpt lat="44.362416" lon="8.575079"><ele>8.8</ele></trkpt>
      <trkpt lat="44.362462" lon="8.575074"><ele>9.0</ele></trkpt>
      <trkpt lat="44.362507" lon="8.575069"><ele>9.0</ele></trkpt>
      <trkpt lat="44.362554" lon="8.575068"><ele>9.0</ele></trkpt>
      <trkpt lat="44.362594" lon="8.575064"><ele>9.0</ele></trkpt>
      <trkpt lat="44.362633" lon="8.575059"><ele>9.2</ele></trkpt>
      <trkpt lat="44.362665" lon="8.575063"><ele>9.2</ele></trkpt>
      <trkpt lat="44.362697" lon="8.575065"><ele>9.2</ele></trkpt>
      <trkpt lat="44.362729" lon="8.575067"><ele>9.4</ele></trkpt>
      <trkpt lat="44.362761" lon="8.575074"><ele>9.4</ele></trkpt>
      <trkpt lat="44.362792" lon="8.575081"><ele>9.4</ele></trkpt>
      <trkpt lat="44.362824" lon="8.575085"><ele>9.4</ele></trkpt>
      <trkpt lat="44.362861" lon="8.575086"><ele>9.4</ele></trkpt>
      <trkpt lat="44.362896" lon="8.575091"><ele>9.4</ele></trkpt>
      <trkpt lat="44.362932" lon="8.575091"><ele>9.4</ele></trkpt>
      <trkpt lat="44.362974" lon="8.575094"><ele>9.4</ele></trkpt>
      <trkpt lat="44.363016" lon="8.575102"><ele>9.4</ele></trkpt>
      <trkpt lat="44.363060" lon="8.575101"><ele>9.4</ele></trkpt>
      <trkpt lat="44.363105" lon="8.575104"><ele>9.6</ele></trkpt>
      <trkpt lat="44.363153" lon="8.575107"><ele>9.6</ele></trkpt>
      <trkpt lat="44.363201" lon="8.575107"><ele>9.6</ele></trkpt>
      <trkpt lat="44.363252" lon="8.575110"><ele>9.6</ele></trkpt>
      <trkpt lat="44.363302" lon="8.575101"><ele>9.6</ele></trkpt>
      <trkpt lat="44.363355" lon="8.575100"><ele>9.6</ele></trkpt>
      <trkpt lat="44.363405" lon="8.575104"><ele>9.6</ele></trkpt>
      <trkpt lat="44.363458" lon="8.575108"><ele>9.8</ele></trkpt>
      <trkpt lat="44.363506" lon="8.575103"><ele>9.8</ele></trkpt>
      <trkpt lat="44.363557" lon="8.575111"><ele>9.8</ele></trkpt>
      <trkpt lat="44.363608" lon="8.575111"><ele>9.8</ele></trkpt>
      <trkpt lat="44.363663" lon="8.575107"><ele>9.8</ele></trkpt>
      <trkpt lat="44.363717" lon="8.575102"><ele>9.8</ele></trkpt>
      <trkpt lat="44.363768" lon="8.575095"><ele>10.0</ele></trkpt>
      <trkpt lat="44.363817" lon="8.575092"><ele>10.0</ele></trkpt>
      <trkpt lat="44.363874" lon="8.575091"><ele>10.0</ele></trkpt>
      <trkpt lat="44.363927" lon="8.575086"><ele>10.2</ele></trkpt>
      <trkpt lat="44.363980" lon="8.575085"><ele>10.2</ele></trkpt>
      <trkpt lat="44.364034" lon="8.575080"><ele>10.2</ele></trkpt>
      <trkpt lat="44.364093" lon="8.575081"><ele>10.4</ele></trkpt>
      <trkpt lat="44.364150" lon="8.575079"><ele>10.4</ele></trkpt>
      <trkpt lat="44.364205" lon="8.575073"><ele>10.4</ele></trkpt>
      <trkpt lat="44.364259" lon="8.575067"><ele>10.4</ele></trkpt>
      <trkpt lat="44.364318" lon="8.575063"><ele>10.6</ele></trkpt>
      <trkpt lat="44.364375" lon="8.575055"><ele>10.6</ele></trkpt>
      <trkpt lat="44.364429" lon="8.575049"><ele>10.6</ele></trkpt>
      <trkpt lat="44.364484" lon="8.575045"><ele>10.8</ele></trkpt>
      <trkpt lat="44.364538" lon="8.575037"><ele>10.8</ele></trkpt>
      <trkpt lat="44.364592" lon="8.575031"><ele>10.8</ele></trkpt>
      <trkpt lat="44.364646" lon="8.575026"><ele>11.0</ele></trkpt>
      <trkpt lat="44.364703" lon="8.575023"><ele>11.0</ele></trkpt>
      <trkpt lat="44.364758" lon="8.575021"><ele>11.0</ele></trkpt>
      <trkpt lat="44.364813" lon="8.575027"><ele>11.2</ele></trkpt>
      <trkpt lat="44.364867" lon="8.575028"><ele>11.2</ele></trkpt>
      <trkpt lat="44.364917" lon="8.575030"><ele>11.4</ele></trkpt>
      <trkpt lat="44.364967" lon="8.575026"><ele>11.4</ele></trkpt>
      <trkpt lat="44.365016" lon="8.575028"><ele>11.6</ele></trkpt>
      <trkpt lat="44.365065" lon="8.575031"><ele>11.8</ele></trkpt>
      <trkpt lat="44.365112" lon="8.575032"><ele>11.8</ele></trkpt>
      <trkpt lat="44.365158" lon="8.575027"><ele>12.0</ele></trkpt>
      <trkpt lat="44.365203" lon="8.575025"><ele>12.2</ele></trkpt>
      <trkpt lat="44.365248" lon="8.575021"><ele>12.4</ele></trkpt>
      <trkpt lat="44.365293" lon="8.575012"><ele>12.6</ele></trkpt>
      <trkpt lat="44.365337" lon="8.575005"><ele>12.8</ele></trkpt>
      <trkpt lat="44.365380" lon="8.574994"><ele>13.0</ele></trkpt>
      <trkpt lat="44.365425" lon="8.574981"><ele>13.2</ele></trkpt>
      <trkpt lat="44.365470" lon="8.574964"><ele>13.2</ele></trkpt>
      <trkpt lat="44.365514" lon="8.574957"><ele>13.4</ele></trkpt>
      <trkpt lat="44.365560" lon="8.574952"><ele>13.6</ele></trkpt>
      <trkpt lat="44.365607" lon="8.574946"><ele>13.8</ele></trkpt>
      <trkpt lat="44.365655" lon="8.574942"><ele>13.8</ele></trkpt>
      <trkpt lat="44.365702" lon="8.574930"><ele>14.0</ele></trkpt>
      <trkpt lat="44.365751" lon="8.574925"><ele>14.0</ele></trkpt>
      <trkpt lat="44.365801" lon="8.574920"><ele>14.0</ele></trkpt>
      <trkpt lat="44.365851" lon="8.574905"><ele>14.2</ele></trkpt>
      <trkpt lat="44.365901" lon="8.574900"><ele>14.2</ele></trkpt>
      <trkpt lat="44.365952" lon="8.574896"><ele>14.4</ele></trkpt>
      <trkpt lat="44.366003" lon="8.574888"><ele>14.4</ele></trkpt>
      <trkpt lat="44.366055" lon="8.574878"><ele>14.6</ele></trkpt>
      <trkpt lat="44.366104" lon="8.574864"><ele>14.6</ele></trkpt>
      <trkpt lat="44.366151" lon="8.574840"><ele>14.8</ele></trkpt>
      <trkpt lat="44.366198" lon="8.574809"><ele>15.0</ele></trkpt>
      <trkpt lat="44.366238" lon="8.574768"><ele>15.0</ele></trkpt>
      <trkpt lat="44.366279" lon="8.574725"><ele>15.0</ele></trkpt>
      <trkpt lat="44.366319" lon="8.574678"><ele>15.0</ele></trkpt>
      <trkpt lat="44.366357" lon="8.574627"><ele>15.0</ele></trkpt>
      <trkpt lat="44.366393" lon="8.574572"><ele>15.0</ele></trkpt>
      <trkpt lat="44.366423" lon="8.574511"><ele>15.0</ele></trkpt>
      <trkpt lat="44.366456" lon="8.574456"><ele>15.0</ele></trkpt>
      <trkpt lat="44.366488" lon="8.574400"><ele>14.8</ele></trkpt>
      <trkpt lat="44.366517" lon="8.574341"><ele>14.8</ele></trkpt>
      <trkpt lat="44.366540" lon="8.574275"><ele>14.8</ele></trkpt>
      <trkpt lat="44.366559" lon="8.574208"><ele>14.8</ele></trkpt>
      <trkpt lat="44.366577" lon="8.574142"><ele>14.8</ele></trkpt>
      <trkpt lat="44.366597" lon="8.574076"><ele>14.8</ele></trkpt>
      <trkpt lat="44.366619" lon="8.574011"><ele>14.8</ele></trkpt>
      <trkpt lat="44.366636" lon="8.573945"><ele>14.8</ele></trkpt>
      <trkpt lat="44.366653" lon="8.573877"><ele>14.8</ele></trkpt>
      <trkpt lat="44.366667" lon="8.573810"><ele>14.8</ele></trkpt>
      <trkpt lat="44.366682" lon="8.573742"><ele>14.8</ele></trkpt>
      <trkpt lat="44.366698" lon="8.573672"><ele>14.8</ele></trkpt>
      <trkpt lat="44.366714" lon="8.573605"><ele>15.0</ele></trkpt>
      <trkpt lat="44.366730" lon="8.573540"><ele>15.0</ele></trkpt>
      <trkpt lat="44.366745" lon="8.573474"><ele>15.0</ele></trkpt>
      <trkpt lat="44.366760" lon="8.573407"><ele>15.0</ele></trkpt>
      <trkpt lat="44.366774" lon="8.573337"><ele>15.0</ele></trkpt>
      <trkpt lat="44.366787" lon="8.573266"><ele>15.2</ele></trkpt>
      <trkpt lat="44.366802" lon="8.573199"><ele>15.2</ele></trkpt>
      <trkpt lat="44.366819" lon="8.573136"><ele>15.4</ele></trkpt>
      <trkpt lat="44.366834" lon="8.573075"><ele>15.6</ele></trkpt>
      <trkpt lat="44.366847" lon="8.573019"><ele>15.8</ele></trkpt>
      <trkpt lat="44.366867" lon="8.572962"><ele>16.0</ele></trkpt>
      <trkpt lat="44.366882" lon="8.572904"><ele>16.2</ele></trkpt>
      <trkpt lat="44.366896" lon="8.572849"><ele>16.6</ele></trkpt>
      <trkpt lat="44.366909" lon="8.572793"><ele>16.8</ele></trkpt>
      <trkpt lat="44.366918" lon="8.572740"><ele>17.2</ele></trkpt>
      <trkpt lat="44.366934" lon="8.572685"><ele>17.4</ele></trkpt>
      <trkpt lat="44.366958" lon="8.572634"><ele>17.6</ele></trkpt>
      <trkpt lat="44.366981" lon="8.572593"><ele>17.8</ele></trkpt>
      <trkpt lat="44.367008" lon="8.572567"><ele>18.0</ele></trkpt>
      <trkpt lat="44.367042" lon="8.572547"><ele>18.2</ele></trkpt>
      <trkpt lat="44.367074" lon="8.572535"><ele>18.4</ele></trkpt>
      <trkpt lat="44.367104" lon="8.572521"><ele>18.6</ele></trkpt>
      <trkpt lat="44.367136" lon="8.572508"><ele>18.8</ele></trkpt>
      <trkpt lat="44.367170" lon="8.572497"><ele>18.8</ele></trkpt>
      <trkpt lat="44.367207" lon="8.572483"><ele>19.0</ele></trkpt>
      <trkpt lat="44.367241" lon="8.572467"><ele>19.0</ele></trkpt>
      <trkpt lat="44.367273" lon="8.572447"><ele>19.2</ele></trkpt>
      <trkpt lat="44.367304" lon="8.572435"><ele>19.2</ele></trkpt>
      <trkpt lat="44.367340" lon="8.572418"><ele>19.4</ele></trkpt>
      <trkpt lat="44.367373" lon="8.572415"><ele>19.4</ele></trkpt>
      <trkpt lat="44.367403" lon="8.572415"><ele>19.6</ele></trkpt>
      <trkpt lat="44.367431" lon="8.572422"><ele>19.8</ele></trkpt>
      <trkpt lat="44.367451" lon="8.572438"><ele>20.0</ele></trkpt>
      <trkpt lat="44.367475" lon="8.572439"><ele>20.2</ele></trkpt>
      <trkpt lat="44.367498" lon="8.572442"><ele>20.4</ele></trkpt>
      <trkpt lat="44.367524" lon="8.572445"><ele>20.6</ele></trkpt>
      <trkpt lat="44.367547" lon="8.572443"><ele>21.0</ele></trkpt>
      <trkpt lat="44.367577" lon="8.572444"><ele>21.2</ele></trkpt>
      <trkpt lat="44.367607" lon="8.572438"><ele>21.4</ele></trkpt>
      <trkpt lat="44.367634" lon="8.572443"><ele>21.8</ele></trkpt>
      <trkpt lat="44.367667" lon="8.572444"><ele>22.0</ele></trkpt>
      <trkpt lat="44.367695" lon="8.572451"><ele>22.4</ele></trkpt>
      <trkpt lat="44.367720" lon="8.572460"><ele>22.6</ele></trkpt>
      <trkpt lat="44.367744" lon="8.572473"><ele>22.8</ele></trkpt>
      <trkpt lat="44.367772" lon="8.572490"><ele>23.0</ele></trkpt>
      <trkpt lat="44.367799" lon="8.572507"><ele>23.2</ele></trkpt>
      <trkpt lat="44.367825" lon="8.572522"><ele>23.4</ele></trkpt>
      <trkpt lat="44.367858" lon="8.572539"><ele>23.6</ele></trkpt>
      <trkpt lat="44.367884" lon="8.572558"><ele>23.8</ele></trkpt>
      <trkpt lat="44.367909" lon="8.572580"><ele>24.0</ele></trkpt>
      <trkpt lat="44.367936" lon="8.572598"><ele>24.4</ele></trkpt>
      <trkpt lat="44.367961" lon="8.572618"><ele>24.6</ele></trkpt>
      <trkpt lat="44.367982" lon="8.572638"><ele>24.8</ele></trkpt>
      <trkpt lat="44.368013" lon="8.572656"><ele>24.8</ele></trkpt>
      <trkpt lat="44.368044" lon="8.572668"><ele>25.0</ele></trkpt>
      <trkpt lat="44.368079" lon="8.572690"><ele>25.2</ele></trkpt>
      <trkpt lat="44.368117" lon="8.572715"><ele>25.2</ele></trkpt>
      <trkpt lat="44.368166" lon="8.572741"><ele>25.2</ele></trkpt>
      <trkpt lat="44.368213" lon="8.572762"><ele>25.2</ele></trkpt>
      <trkpt lat="44.368264" lon="8.572778"><ele>25.0</ele></trkpt>
      <trkpt lat="44.368312" lon="8.572800"><ele>25.0</ele></trkpt>
      <trkpt lat="44.368357" lon="8.572817"><ele>24.8</ele></trkpt>
      <trkpt lat="44.368403" lon="8.572838"><ele>24.6</ele></trkpt>
      <trkpt lat="44.368451" lon="8.572854"><ele>24.6</ele></trkpt>
      <trkpt lat="44.368499" lon="8.572869"><ele>24.4</ele></trkpt>
      <trkpt lat="44.368546" lon="8.572893"><ele>24.4</ele></trkpt>
      <trkpt lat="44.368589" lon="8.572933"><ele>24.2</ele></trkpt>
      <trkpt lat="44.368623" lon="8.572980"><ele>24.2</ele></trkpt>
      <trkpt lat="44.368660" lon="8.573027"><ele>24.2</ele></trkpt>
      <trkpt lat="44.368694" lon="8.573077"><ele>24.2</ele></trkpt>
      <trkpt lat="44.368722" lon="8.573129"><ele>24.2</ele></trkpt>
      <trkpt lat="44.368747" lon="8.573183"><ele>24.2</ele></trkpt>
      <trkpt lat="44.368773" lon="8.573238"><ele>24.2</ele></trkpt>
      <trkpt lat="44.368799" lon="8.573290"><ele>24.4</ele></trkpt>
      <trkpt lat="44.368824" lon="8.573344"><ele>24.4</ele></trkpt>
      <trkpt lat="44.368851" lon="8.573399"><ele>24.6</ele></trkpt>
      <trkpt lat="44.368881" lon="8.573451"><ele>24.6</ele></trkpt>
      <trkpt lat="44.368910" lon="8.573502"><ele>24.8</ele></trkpt>
      <trkpt lat="44.368937" lon="8.573555"><ele>24.8</ele></trkpt>
      <trkpt lat="44.368964" lon="8.573604"><ele>25.0</ele></trkpt>
      <trkpt lat="44.368993" lon="8.573655"><ele>25.0</ele></trkpt>
      <trkpt lat="44.369022" lon="8.573707"><ele>25.0</ele></trkpt>
      <trkpt lat="44.369053" lon="8.573756"><ele>25.0</ele></trkpt>
      <trkpt lat="44.369084" lon="8.573805"><ele>25.2</ele></trkpt>
      <trkpt lat="44.369116" lon="8.573853"><ele>25.2</ele></trkpt>
      <trkpt lat="44.369149" lon="8.573899"><ele>25.4</ele></trkpt>
      <trkpt lat="44.369182" lon="8.573947"><ele>25.4</ele></trkpt>
      <trkpt lat="44.369215" lon="8.573990"><ele>25.6</ele></trkpt>
      <trkpt lat="44.369249" lon="8.574026"><ele>25.6</ele></trkpt>
      <trkpt lat="44.369286" lon="8.574062"><ele>25.6</ele></trkpt>
      <trkpt lat="44.369326" lon="8.574093"><ele>25.6</ele></trkpt>
      <trkpt lat="44.369367" lon="8.574125"><ele>25.8</ele></trkpt>
      <trkpt lat="44.369410" lon="8.574149"><ele>25.8</ele></trkpt>
      <trkpt lat="44.369454" lon="8.574173"><ele>25.8</ele></trkpt>
      <trkpt lat="44.369498" lon="8.574199"><ele>25.8</ele></trkpt>
      <trkpt lat="44.369543" lon="8.574228"><ele>26.0</ele></trkpt>
      <trkpt lat="44.369587" lon="8.574254"><ele>26.0</ele></trkpt>
      <trkpt lat="44.369634" lon="8.574278"><ele>26.0</ele></trkpt>
      <trkpt lat="44.369679" lon="8.574303"><ele>26.2</ele></trkpt>
      <trkpt lat="44.369726" lon="8.574327"><ele>26.2</ele></trkpt>
      <trkpt lat="44.369773" lon="8.574351"><ele>26.2</ele></trkpt>
      <trkpt lat="44.369822" lon="8.574372"><ele>26.4</ele></trkpt>
      <trkpt lat="44.369872" lon="8.574386"><ele>26.4</ele></trkpt>
      <trkpt lat="44.369921" lon="8.574396"><ele>26.6</ele></trkpt>
      <trkpt lat="44.369970" lon="8.574406"><ele>26.6</ele></trkpt>
      <trkpt lat="44.370020" lon="8.574414"><ele>26.6</ele></trkpt>
      <trkpt lat="44.370069" lon="8.574421"><ele>26.6</ele></trkpt>
      <trkpt lat="44.370118" lon="8.574423"><ele>26.8</ele></trkpt>
      <trkpt lat="44.370166" lon="8.574423"><ele>26.8</ele></trkpt>
      <trkpt lat="44.370218" lon="8.574423"><ele>26.8</ele></trkpt>
      <trkpt lat="44.370269" lon="8.574428"><ele>26.8</ele></trkpt>
      <trkpt lat="44.370321" lon="8.574432"><ele>26.8</ele></trkpt>
      <trkpt lat="44.370370" lon="8.574437"><ele>27.0</ele></trkpt>
      <trkpt lat="44.370420" lon="8.574441"><ele>27.0</ele></trkpt>
      <trkpt lat="44.370469" lon="8.574447"><ele>27.0</ele></trkpt>
      <trkpt lat="44.370518" lon="8.574452"><ele>27.0</ele></trkpt>
      <trkpt lat="44.370567" lon="8.574460"><ele>27.2</ele></trkpt>
      <trkpt lat="44.370613" lon="8.574464"><ele>27.0</ele></trkpt>
      <trkpt lat="44.370661" lon="8.574462"><ele>27.2</ele></trkpt>
      <trkpt lat="44.370708" lon="8.574457"><ele>27.4</ele></trkpt>
      <trkpt lat="44.370756" lon="8.574446"><ele>27.6</ele></trkpt>
      <trkpt lat="44.370803" lon="8.574430"><ele>27.6</ele></trkpt>
      <trkpt lat="44.370848" lon="8.574417"><ele>27.8</ele></trkpt>
      <trkpt lat="44.370895" lon="8.574401"><ele>28.0</ele></trkpt>
      <trkpt lat="44.370940" lon="8.574385"><ele>28.0</ele></trkpt>
      <trkpt lat="44.370987" lon="8.574369"><ele>28.0</ele></trkpt>
      <trkpt lat="44.371036" lon="8.574355"><ele>28.0</ele></trkpt>
      <trkpt lat="44.371086" lon="8.574343"><ele>28.0</ele></trkpt>
      <trkpt lat="44.371135" lon="8.574331"><ele>28.0</ele></trkpt>
      <trkpt lat="44.371182" lon="8.574317"><ele>28.2</ele></trkpt>
      <trkpt lat="44.371229" lon="8.574302"><ele>28.2</ele></trkpt>
      <trkpt lat="44.371275" lon="8.574284"><ele>28.4</ele></trkpt>
      <trkpt lat="44.371321" lon="8.574265"><ele>28.4</ele></trkpt>
      <trkpt lat="44.371367" lon="8.574245"><ele>28.6</ele></trkpt>
      <trkpt lat="44.371410" lon="8.574227"><ele>28.6</ele></trkpt>
      <trkpt lat="44.371451" lon="8.574209"><ele>28.8</ele></trkpt>
      <trkpt lat="44.371487" lon="8.574186"><ele>28.8</ele></trkpt>
      <trkpt lat="44.371524" lon="8.574166"><ele>28.8</ele></trkpt>
      <trkpt lat="44.371561" lon="8.574143"><ele>29.0</ele></trkpt>
      <trkpt lat="44.371599" lon="8.574115"><ele>29.2</ele></trkpt>
      <trkpt lat="44.371638" lon="8.574089"><ele>29.2</ele></trkpt>
      <trkpt lat="44.371681" lon="8.574069"><ele>29.2</ele></trkpt>
      <trkpt lat="44.371722" lon="8.574052"><ele>29.4</ele></trkpt>
      <trkpt lat="44.371761" lon="8.574031"><ele>29.4</ele></trkpt>
      <trkpt lat="44.371802" lon="8.574011"><ele>29.6</ele></trkpt>
      <trkpt lat="44.371845" lon="8.573990"><ele>29.6</ele></trkpt>
      <trkpt lat="44.371886" lon="8.573973"><ele>29.8</ele></trkpt>
      <trkpt lat="44.371927" lon="8.573949"><ele>29.8</ele></trkpt>
      <trkpt lat="44.371964" lon="8.573924"><ele>29.8</ele></trkpt>
      <trkpt lat="44.372001" lon="8.573900"><ele>29.8</ele></trkpt>
      <trkpt lat="44.372036" lon="8.573867"><ele>30.0</ele></trkpt>
      <trkpt lat="44.372072" lon="8.573838"><ele>30.2</ele></trkpt>
      <trkpt lat="44.372108" lon="8.573805"><ele>30.2</ele></trkpt>
      <trkpt lat="44.372143" lon="8.573768"><ele>30.4</ele></trkpt>
      <trkpt lat="44.372178" lon="8.573728"><ele>30.6</ele></trkpt>
      <trkpt lat="44.372214" lon="8.573686"><ele>30.6</ele></trkpt>
      <trkpt lat="44.372248" lon="8.573646"><ele>30.8</ele></trkpt>
      <trkpt lat="44.372281" lon="8.573602"><ele>31.0</ele></trkpt>
      <trkpt lat="44.372312" lon="8.573558"><ele>31.0</ele></trkpt>
      <trkpt lat="44.372340" lon="8.573510"><ele>31.2</ele></trkpt>
      <trkpt lat="44.372368" lon="8.573461"><ele>31.2</ele></trkpt>
      <trkpt lat="44.372392" lon="8.573410"><ele>31.4</ele></trkpt>
      <trkpt lat="44.372416" lon="8.573362"><ele>31.4</ele></trkpt>
      <trkpt lat="44.372441" lon="8.573314"><ele>31.6</ele></trkpt>
      <trkpt lat="44.372465" lon="8.573268"><ele>31.8</ele></trkpt>
      <trkpt lat="44.372490" lon="8.573222"><ele>31.8</ele></trkpt>
      <trkpt lat="44.372513" lon="8.573175"><ele>32.0</ele></trkpt>
      <trkpt lat="44.372536" lon="8.573126"><ele>32.0</ele></trkpt>
      <trkpt lat="44.372561" lon="8.573082"><ele>32.2</ele></trkpt>
      <trkpt lat="44.372584" lon="8.573040"><ele>32.4</ele></trkpt>
      <trkpt lat="44.372604" lon="8.572997"><ele>32.6</ele></trkpt>
      <trkpt lat="44.372626" lon="8.572953"><ele>32.6</ele></trkpt>
      <trkpt lat="44.372647" lon="8.572909"><ele>32.8</ele></trkpt>
      <trkpt lat="44.372667" lon="8.572867"><ele>33.0</ele></trkpt>
      <trkpt lat="44.372689" lon="8.572827"><ele>33.2</ele></trkpt>
      <trkpt lat="44.372711" lon="8.572786"><ele>33.4</ele></trkpt>
      <trkpt lat="44.372731" lon="8.572744"><ele>33.4</ele></trkpt>
      <trkpt lat="44.372751" lon="8.572702"><ele>33.6</ele></trkpt>
      <trkpt lat="44.372770" lon="8.572656"><ele>33.8</ele></trkpt>
      <trkpt lat="44.372790" lon="8.572610"><ele>34.0</ele></trkpt>
      <trkpt lat="44.372810" lon="8.572567"><ele>34.2</ele></trkpt>
      <trkpt lat="44.372830" lon="8.572522"><ele>34.4</ele></trkpt>
      <trkpt lat="44.372848" lon="8.572477"><ele>34.4</ele></trkpt>
      <trkpt lat="44.372867" lon="8.572433"><ele>34.8</ele></trkpt>
      <trkpt lat="44.372885" lon="8.572387"><ele>35.0</ele></trkpt>
      <trkpt lat="44.372903" lon="8.572342"><ele>35.2</ele></trkpt>
      <trkpt lat="44.372921" lon="8.572297"><ele>35.2</ele></trkpt>
      <trkpt lat="44.372941" lon="8.572252"><ele>35.4</ele></trkpt>
      <trkpt lat="44.372960" lon="8.572206"><ele>35.4</ele></trkpt>
      <trkpt lat="44.372980" lon="8.572163"><ele>35.6</ele></trkpt>
      <trkpt lat="44.373000" lon="8.572123"><ele>35.8</ele></trkpt>
      <trkpt lat="44.373018" lon="8.572077"><ele>35.8</ele></trkpt>
      <trkpt lat="44.373035" lon="8.572034"><ele>36.0</ele></trkpt>
      <trkpt lat="44.373055" lon="8.571990"><ele>36.2</ele></trkpt>
      <trkpt lat="44.373076" lon="8.571948"><ele>36.2</ele></trkpt>
      <trkpt lat="44.373096" lon="8.571903"><ele>36.4</ele></trkpt>
      <trkpt lat="44.373114" lon="8.571855"><ele>36.6</ele></trkpt>
      <trkpt lat="44.373132" lon="8.571809"><ele>36.6</ele></trkpt>
      <trkpt lat="44.373150" lon="8.571763"><ele>37.0</ele></trkpt>
      <trkpt lat="44.373166" lon="8.571713"><ele>37.2</ele></trkpt>
      <trkpt lat="44.373182" lon="8.571664"><ele>37.4</ele></trkpt>
      <trkpt lat="44.373197" lon="8.571617"><ele>37.4</ele></trkpt>
      <trkpt lat="44.373209" lon="8.571572"><ele>37.6</ele></trkpt>
      <trkpt lat="44.373222" lon="8.571525"><ele>37.8</ele></trkpt>
      <trkpt lat="44.373236" lon="8.571478"><ele>38.0</ele></trkpt>
      <trkpt lat="44.373250" lon="8.571430"><ele>38.2</ele></trkpt>
      <trkpt lat="44.373264" lon="8.571383"><ele>38.4</ele></trkpt>
      <trkpt lat="44.373270" lon="8.571341"><ele>38.4</ele></trkpt>
      <trkpt lat="44.373274" lon="8.571298"><ele>38.6</ele></trkpt>
      <trkpt lat="44.373280" lon="8.571254"><ele>38.8</ele></trkpt>
      <trkpt lat="44.373285" lon="8.571209"><ele>38.8</ele></trkpt>
      <trkpt lat="44.373290" lon="8.571167"><ele>39.0</ele></trkpt>
      <trkpt lat="44.373294" lon="8.571126"><ele>39.0</ele></trkpt>
      <trkpt lat="44.373303" lon="8.571087"><ele>39.2</ele></trkpt>
      <trkpt lat="44.373309" lon="8.571048"><ele>39.2</ele></trkpt>
      <trkpt lat="44.373313" lon="8.571012"><ele>39.4</ele></trkpt>
      <trkpt lat="44.373317" lon="8.570978"><ele>39.4</ele></trkpt>
      <trkpt lat="44.373320" lon="8.570947"><ele>39.4</ele></trkpt>
      <trkpt lat="44.373325" lon="8.570911"><ele>39.6</ele></trkpt>
      <trkpt lat="44.373329" lon="8.570873"><ele>39.6</ele></trkpt>
      <trkpt lat="44.373333" lon="8.570831"><ele>39.8</ele></trkpt>
      <trkpt lat="44.373336" lon="8.570787"><ele>39.8</ele></trkpt>
      <trkpt lat="44.373338" lon="8.570735"><ele>39.8</ele></trkpt>
      <trkpt lat="44.373336" lon="8.570680"><ele>39.8</ele></trkpt>
      <trkpt lat="44.373333" lon="8.570622"><ele>39.8</ele></trkpt>
      <trkpt lat="44.373331" lon="8.570567"><ele>40.0</ele></trkpt>
      <trkpt lat="44.373332" lon="8.570509"><ele>40.0</ele></trkpt>
      <trkpt lat="44.373332" lon="8.570451"><ele>40.0</ele></trkpt>
      <trkpt lat="44.373333" lon="8.570393"><ele>40.2</ele></trkpt>
      <trkpt lat="44.373331" lon="8.570335"><ele>40.2</ele></trkpt>
      <trkpt lat="44.373327" lon="8.570280"><ele>40.2</ele></trkpt>
      <trkpt lat="44.373325" lon="8.570222"><ele>40.2</ele></trkpt>
      <trkpt lat="44.373324" lon="8.570161"><ele>40.4</ele></trkpt>
      <trkpt lat="44.373322" lon="8.570103"><ele>40.4</ele></trkpt>
      <trkpt lat="44.373321" lon="8.570044"><ele>40.6</ele></trkpt>
      <trkpt lat="44.373320" lon="8.569985"><ele>40.6</ele></trkpt>
      <trkpt lat="44.373318" lon="8.569925"><ele>40.6</ele></trkpt>
      <trkpt lat="44.373315" lon="8.569868"><ele>40.8</ele></trkpt>
      <trkpt lat="44.373314" lon="8.569811"><ele>40.8</ele></trkpt>
      <trkpt lat="44.373310" lon="8.569755"><ele>41.0</ele></trkpt>
      <trkpt lat="44.373306" lon="8.569703"><ele>41.0</ele></trkpt>
      <trkpt lat="44.373305" lon="8.569655"><ele>41.2</ele></trkpt>
      <trkpt lat="44.373306" lon="8.569602"><ele>41.4</ele></trkpt>
      <trkpt lat="44.373308" lon="8.569553"><ele>41.6</ele></trkpt>
      <trkpt lat="44.373314" lon="8.569505"><ele>41.8</ele></trkpt>
      <trkpt lat="44.373318" lon="8.569458"><ele>42.0</ele></trkpt>
      <trkpt lat="44.373324" lon="8.569410"><ele>42.2</ele></trkpt>
      <trkpt lat="44.373334" lon="8.569364"><ele>42.6</ele></trkpt>
      <trkpt lat="44.373341" lon="8.569316"><ele>42.8</ele></trkpt>
      <trkpt lat="44.373352" lon="8.569275"><ele>43.0</ele></trkpt>
      <trkpt lat="44.373361" lon="8.569230"><ele>43.4</ele></trkpt>
      <trkpt lat="44.373370" lon="8.569189"><ele>43.4</ele></trkpt>
      <trkpt lat="44.373377" lon="8.569145"><ele>43.6</ele></trkpt>
      <trkpt lat="44.373388" lon="8.569098"><ele>43.8</ele></trkpt>
      <trkpt lat="44.373398" lon="8.569050"><ele>44.0</ele></trkpt>
      <trkpt lat="44.373409" lon="8.569001"><ele>44.0</ele></trkpt>
      <trkpt lat="44.373419" lon="8.568952"><ele>44.2</ele></trkpt>
      <trkpt lat="44.373429" lon="8.568904"><ele>44.4</ele></trkpt>
      <trkpt lat="44.373438" lon="8.568859"><ele>44.6</ele></trkpt>
      <trkpt lat="44.373445" lon="8.568813"><ele>44.8</ele></trkpt>
      <trkpt lat="44.373451" lon="8.568766"><ele>45.0</ele></trkpt>
      <trkpt lat="44.373458" lon="8.568720"><ele>45.2</ele></trkpt>
      <trkpt lat="44.373465" lon="8.568675"><ele>45.4</ele></trkpt>
      <trkpt lat="44.373472" lon="8.568632"><ele>45.4</ele></trkpt>
      <trkpt lat="44.373484" lon="8.568584"><ele>45.8</ele></trkpt>
      <trkpt lat="44.373497" lon="8.568537"><ele>46.0</ele></trkpt>
      <trkpt lat="44.373507" lon="8.568493"><ele>46.2</ele></trkpt>
      <trkpt lat="44.373519" lon="8.568448"><ele>46.2</ele></trkpt>
      <trkpt lat="44.373534" lon="8.568403"><ele>46.4</ele></trkpt>
      <trkpt lat="44.373554" lon="8.568364"><ele>46.6</ele></trkpt>
      <trkpt lat="44.373573" lon="8.568320"><ele>46.6</ele></trkpt>
      <trkpt lat="44.373595" lon="8.568279"><ele>46.8</ele></trkpt>
      <trkpt lat="44.373619" lon="8.568238"><ele>46.8</ele></trkpt>
      <trkpt lat="44.373646" lon="8.568198"><ele>47.0</ele></trkpt>
      <trkpt lat="44.373676" lon="8.568158"><ele>47.2</ele></trkpt>
      <trkpt lat="44.373707" lon="8.568121"><ele>47.2</ele></trkpt>
      <trkpt lat="44.373743" lon="8.568089"><ele>47.2</ele></trkpt>
      <trkpt lat="44.373780" lon="8.568061"><ele>47.2</ele></trkpt>
      <trkpt lat="44.373816" lon="8.568031"><ele>47.4</ele></trkpt>
      <trkpt lat="44.373855" lon="8.568005"><ele>47.4</ele></trkpt>
      <trkpt lat="44.373898" lon="8.567988"><ele>47.4</ele></trkpt>
      <trkpt lat="44.373948" lon="8.567978"><ele>47.4</ele></trkpt>
      <trkpt lat="44.373987" lon="8.567968"><ele>47.6</ele></trkpt>
      <trkpt lat="44.374029" lon="8.567960"><ele>47.6</ele></trkpt>
      <trkpt lat="44.374073" lon="8.567954"><ele>47.8</ele></trkpt>
      <trkpt lat="44.374114" lon="8.567950"><ele>47.8</ele></trkpt>
      <trkpt lat="44.374159" lon="8.567945"><ele>48.0</ele></trkpt>
      <trkpt lat="44.374204" lon="8.567944"><ele>48.0</ele></trkpt>
      <trkpt lat="44.374250" lon="8.567948"><ele>48.2</ele></trkpt>
      <trkpt lat="44.374295" lon="8.567954"><ele>48.2</ele></trkpt>
      <trkpt lat="44.374339" lon="8.567961"><ele>48.4</ele></trkpt>
      <trkpt lat="44.374382" lon="8.567967"><ele>48.4</ele></trkpt>
      <trkpt lat="44.374425" lon="8.567970"><ele>48.6</ele></trkpt>
      <trkpt lat="44.374468" lon="8.567973"><ele>48.6</ele></trkpt>
      <trkpt lat="44.374510" lon="8.567980"><ele>48.8</ele></trkpt>
      <trkpt lat="44.374553" lon="8.567986"><ele>49.0</ele></trkpt>
      <trkpt lat="44.374597" lon="8.567991"><ele>49.0</ele></trkpt>
      <trkpt lat="44.374639" lon="8.567997"><ele>49.2</ele></trkpt>
      <trkpt lat="44.374682" lon="8.568002"><ele>49.4</ele></trkpt>
      <trkpt lat="44.374725" lon="8.568010"><ele>49.4</ele></trkpt>
      <trkpt lat="44.374770" lon="8.568015"><ele>49.6</ele></trkpt>
      <trkpt lat="44.374813" lon="8.568020"><ele>49.8</ele></trkpt>
      <trkpt lat="44.374856" lon="8.568027"><ele>49.8</ele></trkpt>
      <trkpt lat="44.374899" lon="8.568036"><ele>50.0</ele></trkpt>
      <trkpt lat="44.374943" lon="8.568044"><ele>50.2</ele></trkpt>
      <trkpt lat="44.374988" lon="8.568053"><ele>50.2</ele></trkpt>
      <trkpt lat="44.375031" lon="8.568056"><ele>50.4</ele></trkpt>
      <trkpt lat="44.375073" lon="8.568050"><ele>50.6</ele></trkpt>
      <trkpt lat="44.375115" lon="8.568042"><ele>50.8</ele></trkpt>
      <trkpt lat="44.375159" lon="8.568030"><ele>51.0</ele></trkpt>
      <trkpt lat="44.375204" lon="8.568013"><ele>51.0</ele></trkpt>
      <trkpt lat="44.375247" lon="8.567988"><ele>51.2</ele></trkpt>
      <trkpt lat="44.375290" lon="8.567960"><ele>51.4</ele></trkpt>
      <trkpt lat="44.375331" lon="8.567933"><ele>51.4</ele></trkpt>
      <trkpt lat="44.375373" lon="8.567904"><ele>51.6</ele></trkpt>
      <trkpt lat="44.375412" lon="8.567871"><ele>51.6</ele></trkpt>
      <trkpt lat="44.375444" lon="8.567827"><ele>51.8</ele></trkpt>
      <trkpt lat="44.375465" lon="8.567773"><ele>51.8</ele></trkpt>
      <trkpt lat="44.375486" lon="8.567714"><ele>52.0</ele></trkpt>
      <trkpt lat="44.375506" lon="8.567653"><ele>52.0</ele></trkpt>
      <trkpt lat="44.375523" lon="8.567589"><ele>52.2</ele></trkpt>
      <trkpt lat="44.375536" lon="8.567528"><ele>52.2</ele></trkpt>
      <trkpt lat="44.375544" lon="8.567469"><ele>52.2</ele></trkpt>
      <trkpt lat="44.375551" lon="8.567414"><ele>52.4</ele></trkpt>
      <trkpt lat="44.375555" lon="8.567355"><ele>52.4</ele></trkpt>
      <trkpt lat="44.375563" lon="8.567303"><ele>52.4</ele></trkpt>
      <trkpt lat="44.375575" lon="8.567250"><ele>52.6</ele></trkpt>
      <trkpt lat="44.375588" lon="8.567201"><ele>52.6</ele></trkpt>
      <trkpt lat="44.375599" lon="8.567150"><ele>52.8</ele></trkpt>
      <trkpt lat="44.375612" lon="8.567099"><ele>52.8</ele></trkpt>
      <trkpt lat="44.375621" lon="8.567051"><ele>53.0</ele></trkpt>
      <trkpt lat="44.375630" lon="8.567003"><ele>53.2</ele></trkpt>
      <trkpt lat="44.375636" lon="8.566951"><ele>53.2</ele></trkpt>
      <trkpt lat="44.375643" lon="8.566895"><ele>53.4</ele></trkpt>
      <trkpt lat="44.375648" lon="8.566839"><ele>53.4</ele></trkpt>
      <trkpt lat="44.375653" lon="8.566787"><ele>53.6</ele></trkpt>
      <trkpt lat="44.375660" lon="8.566739"><ele>53.8</ele></trkpt>
      <trkpt lat="44.375664" lon="8.566690"><ele>54.0</ele></trkpt>
      <trkpt lat="44.375668" lon="8.566645"><ele>54.2</ele></trkpt>
      <trkpt lat="44.375670" lon="8.566603"><ele>54.4</ele></trkpt>
      <trkpt lat="44.375677" lon="8.566561"><ele>54.6</ele></trkpt>
      <trkpt lat="44.375683" lon="8.566519"><ele>54.8</ele></trkpt>
      <trkpt lat="44.375692" lon="8.566479"><ele>55.0</ele></trkpt>
      <trkpt lat="44.375699" lon="8.566439"><ele>55.2</ele></trkpt>
      <trkpt lat="44.375704" lon="8.566398"><ele>55.4</ele></trkpt>
      <trkpt lat="44.375709" lon="8.566359"><ele>55.6</ele></trkpt>
      <trkpt lat="44.375714" lon="8.566321"><ele>55.8</ele></trkpt>
      <trkpt lat="44.375723" lon="8.566281"><ele>56.0</ele></trkpt>
      <trkpt lat="44.375732" lon="8.566243"><ele>56.2</ele></trkpt>
      <trkpt lat="44.375743" lon="8.566206"><ele>56.4</ele></trkpt>
      <trkpt lat="44.375752" lon="8.566171"><ele>56.4</ele></trkpt>
      <trkpt lat="44.375761" lon="8.566132"><ele>56.6</ele></trkpt>
      <trkpt lat="44.375773" lon="8.566093"><ele>56.8</ele></trkpt>
      <trkpt lat="44.375783" lon="8.566055"><ele>57.0</ele></trkpt>
      <trkpt lat="44.375794" lon="8.566017"><ele>57.2</ele></trkpt>
      <trkpt lat="44.375806" lon="8.565978"><ele>57.4</ele></trkpt>
      <trkpt lat="44.375817" lon="8.565940"><ele>57.6</ele></trkpt>
      <trkpt lat="44.375830" lon="8.565900"><ele>57.8</ele></trkpt>
      <trkpt lat="44.375840" lon="8.565860"><ele>58.0</ele></trkpt>
      <trkpt lat="44.375851" lon="8.565822"><ele>58.2</ele></trkpt>
      <trkpt lat="44.375862" lon="8.565784"><ele>58.2</ele></trkpt>
      <trkpt lat="44.375873" lon="8.565746"><ele>58.4</ele></trkpt>
      <trkpt lat="44.375883" lon="8.565706"><ele>58.6</ele></trkpt>
      <trkpt lat="44.375895" lon="8.565666"><ele>58.8</ele></trkpt>
      <trkpt lat="44.375908" lon="8.565629"><ele>59.0</ele></trkpt>
      <trkpt lat="44.375923" lon="8.565593"><ele>59.2</ele></trkpt>
      <trkpt lat="44.375941" lon="8.565554"><ele>59.4</ele></trkpt>
      <trkpt lat="44.375962" lon="8.565515"><ele>59.4</ele></trkpt>
      <trkpt lat="44.375985" lon="8.565480"><ele>59.6</ele></trkpt>
      <trkpt lat="44.376010" lon="8.565451"><ele>59.8</ele></trkpt>
      <trkpt lat="44.376037" lon="8.565425"><ele>59.8</ele></trkpt>
      <trkpt lat="44.376067" lon="8.565402"><ele>60.0</ele></trkpt>
      <trkpt lat="44.376101" lon="8.565382"><ele>60.0</ele></trkpt>
      <trkpt lat="44.376135" lon="8.565366"><ele>60.2</ele></trkpt>
      <trkpt lat="44.376171" lon="8.565349"><ele>60.4</ele></trkpt>
      <trkpt lat="44.376201" lon="8.565334"><ele>60.6</ele></trkpt>
      <trkpt lat="44.376233" lon="8.565319"><ele>60.8</ele></trkpt>
      <trkpt lat="44.376268" lon="8.565314"><ele>61.0</ele></trkpt>
      <trkpt lat="44.376302" lon="8.565307"><ele>61.0</ele></trkpt>
      <trkpt lat="44.376338" lon="8.565303"><ele>61.2</ele></trkpt>
      <trkpt lat="44.376372" lon="8.565302"><ele>61.4</ele></trkpt>
      <trkpt lat="44.376407" lon="8.565302"><ele>61.4</ele></trkpt>
      <trkpt lat="44.376444" lon="8.565301"><ele>61.6</ele></trkpt>
      <trkpt lat="44.376481" lon="8.565308"><ele>61.6</ele></trkpt>
      <trkpt lat="44.376515" lon="8.565312"><ele>61.8</ele></trkpt>
      <trkpt lat="44.376549" lon="8.565317"><ele>62.0</ele></trkpt>
      <trkpt lat="44.376584" lon="8.565321"><ele>62.0</ele></trkpt>
      <trkpt lat="44.376619" lon="8.565321"><ele>62.2</ele></trkpt>
      <trkpt lat="44.376655" lon="8.565317"><ele>62.4</ele></trkpt>
      <trkpt lat="44.376689" lon="8.565317"><ele>62.6</ele></trkpt>
      <trkpt lat="44.376723" lon="8.565318"><ele>62.8</ele></trkpt>
      <trkpt lat="44.376755" lon="8.565318"><ele>63.0</ele></trkpt>
      <trkpt lat="44.376786" lon="8.565322"><ele>63.0</ele></trkpt>
      <trkpt lat="44.376819" lon="8.565322"><ele>63.2</ele></trkpt>
      <trkpt lat="44.376853" lon="8.565320"><ele>63.4</ele></trkpt>
      <trkpt lat="44.376886" lon="8.565316"><ele>63.4</ele></trkpt>
      <trkpt lat="44.376919" lon="8.565310"><ele>63.6</ele></trkpt>
      <trkpt lat="44.376953" lon="8.565301"><ele>63.8</ele></trkpt>
      <trkpt lat="44.376987" lon="8.565292"><ele>63.8</ele></trkpt>
      <trkpt lat="44.377020" lon="8.565279"><ele>64.0</ele></trkpt>
      <trkpt lat="44.377053" lon="8.565263"><ele>64.2</ele></trkpt>
      <trkpt lat="44.377089" lon="8.565248"><ele>64.2</ele></trkpt>
      <trkpt lat="44.377122" lon="8.565229"><ele>64.4</ele></trkpt>
      <trkpt lat="44.377157" lon="8.565208"><ele>64.6</ele></trkpt>
      <trkpt lat="44.377189" lon="8.565182"><ele>64.6</ele></trkpt>
      <trkpt lat="44.377220" lon="8.565157"><ele>64.8</ele></trkpt>
      <trkpt lat="44.377252" lon="8.565133"><ele>64.8</ele></trkpt>
      <trkpt lat="44.377282" lon="8.565111"><ele>65.0</ele></trkpt>
      <trkpt lat="44.377309" lon="8.565091"><ele>65.2</ele></trkpt>
      <trkpt lat="44.377333" lon="8.565075"><ele>65.2</ele></trkpt>
      <trkpt lat="44.377353" lon="8.565060"><ele>65.4</ele></trkpt>
      <trkpt lat="44.377371" lon="8.565048"><ele>65.6</ele></trkpt>
      <trkpt lat="44.377390" lon="8.565031"><ele>65.8</ele></trkpt>
      <trkpt lat="44.377414" lon="8.565013"><ele>65.8</ele></trkpt>
      <trkpt lat="44.377439" lon="8.564993"><ele>66.0</ele></trkpt>
      <trkpt lat="44.377464" lon="8.564973"><ele>66.2</ele></trkpt>
      <trkpt lat="44.377490" lon="8.564952"><ele>66.4</ele></trkpt>
      <trkpt lat="44.377516" lon="8.564930"><ele>66.4</ele></trkpt>
      <trkpt lat="44.377543" lon="8.564911"><ele>66.6</ele></trkpt>
      <trkpt lat="44.377567" lon="8.564889"><ele>66.6</ele></trkpt>
      <trkpt lat="44.377592" lon="8.564866"><ele>66.8</ele></trkpt>
      <trkpt lat="44.377616" lon="8.564844"><ele>67.0</ele></trkpt>
      <trkpt lat="44.377640" lon="8.564820"><ele>67.0</ele></trkpt>
      <trkpt lat="44.377666" lon="8.564793"><ele>67.2</ele></trkpt>
      <trkpt lat="44.377690" lon="8.564769"><ele>67.4</ele></trkpt>
      <trkpt lat="44.377715" lon="8.564742"><ele>67.6</ele></trkpt>
      <trkpt lat="44.377740" lon="8.564717"><ele>67.6</ele></trkpt>
      <trkpt lat="44.377767" lon="8.564691"><ele>67.8</ele></trkpt>
      <trkpt lat="44.377792" lon="8.564662"><ele>67.8</ele></trkpt>
      <trkpt lat="44.377817" lon="8.564633"><ele>68.0</ele></trkpt>
      <trkpt lat="44.377843" lon="8.564605"><ele>68.2</ele></trkpt>
      <trkpt lat="44.377870" lon="8.564578"><ele>68.2</ele></trkpt>
      <trkpt lat="44.377896" lon="8.564551"><ele>68.4</ele></trkpt>
      <trkpt lat="44.377922" lon="8.564523"><ele>68.6</ele></trkpt>
      <trkpt lat="44.377948" lon="8.564495"><ele>68.6</ele></trkpt>
      <trkpt lat="44.377971" lon="8.564462"><ele>68.8</ele></trkpt>
      <trkpt lat="44.377993" lon="8.564433"><ele>68.8</ele></trkpt>
      <trkpt lat="44.378019" lon="8.564401"><ele>69.0</ele></trkpt>
      <trkpt lat="44.378044" lon="8.564373"><ele>69.2</ele></trkpt>
      <trkpt lat="44.378071" lon="8.564347"><ele>69.2</ele></trkpt>
      <trkpt lat="44.378098" lon="8.564326"><ele>69.4</ele></trkpt>
      <trkpt lat="44.378125" lon="8.564303"><ele>69.6</ele></trkpt>
      <trkpt lat="44.378150" lon="8.564278"><ele>69.8</ele></trkpt>
      <trkpt lat="44.378178" lon="8.564252"><ele>70.0</ele></trkpt>
      <trkpt lat="44.378208" lon="8.564236"><ele>70.2</ele></trkpt>
      <trkpt lat="44.378241" lon="8.564221"><ele>70.2</ele></trkpt>
      <trkpt lat="44.378275" lon="8.564209"><ele>70.4</ele></trkpt>
      <trkpt lat="44.378305" lon="8.564196"><ele>70.4</ele></trkpt>
      <trkpt lat="44.378339" lon="8.564186"><ele>70.6</ele></trkpt>
      <trkpt lat="44.378373" lon="8.564176"><ele>70.8</ele></trkpt>
      <trkpt lat="44.378406" lon="8.564166"><ele>71.0</ele></trkpt>
      <trkpt lat="44.378438" lon="8.564160"><ele>71.2</ele></trkpt>
      <trkpt lat="44.378467" lon="8.564151"><ele>71.4</ele></trkpt>
      <trkpt lat="44.378498" lon="8.564140"><ele>71.6</ele></trkpt>
      <trkpt lat="44.378528" lon="8.564132"><ele>71.8</ele></trkpt>
      <trkpt lat="44.378558" lon="8.564123"><ele>72.0</ele></trkpt>
      <trkpt lat="44.378588" lon="8.564116"><ele>72.2</ele></trkpt>
      <trkpt lat="44.378620" lon="8.564108"><ele>72.2</ele></trkpt>
      <trkpt lat="44.378653" lon="8.564101"><ele>72.4</ele></trkpt>
      <trkpt lat="44.378684" lon="8.564093"><ele>72.6</ele></trkpt>
      <trkpt lat="44.378712" lon="8.564079"><ele>72.8</ele></trkpt>
      <trkpt lat="44.378738" lon="8.564064"><ele>73.0</ele></trkpt>
      <trkpt lat="44.378768" lon="8.564049"><ele>73.0</ele></trkpt>
      <trkpt lat="44.378797" lon="8.564032"><ele>73.2</ele></trkpt>
      <trkpt lat="44.378826" lon="8.564015"><ele>73.4</ele></trkpt>
      <trkpt lat="44.378851" lon="8.563991"><ele>73.6</ele></trkpt>
      <trkpt lat="44.378874" lon="8.563963"><ele>73.8</ele></trkpt>
      <trkpt lat="44.378899" lon="8.563933"><ele>73.8</ele></trkpt>
      <trkpt lat="44.378924" lon="8.563905"><ele>74.0</ele></trkpt>
      <trkpt lat="44.378947" lon="8.563878"><ele>74.2</ele></trkpt>
      <trkpt lat="44.378972" lon="8.563847"><ele>74.4</ele></trkpt>
      <trkpt lat="44.378995" lon="8.563814"><ele>74.4</ele></trkpt>
      <trkpt lat="44.379019" lon="8.563778"><ele>74.6</ele></trkpt>
      <trkpt lat="44.379041" lon="8.563736"><ele>74.6</ele></trkpt>
      <trkpt lat="44.379061" lon="8.563696"><ele>74.8</ele></trkpt>
      <trkpt lat="44.379081" lon="8.563654"><ele>74.8</ele></trkpt>
      <trkpt lat="44.379099" lon="8.563612"><ele>74.8</ele></trkpt>
      <trkpt lat="44.379117" lon="8.563570"><ele>74.8</ele></trkpt>
      <trkpt lat="44.379137" lon="8.563528"><ele>75.0</ele></trkpt>
      <trkpt lat="44.379154" lon="8.563485"><ele>75.0</ele></trkpt>
      <trkpt lat="44.379173" lon="8.563445"><ele>75.2</ele></trkpt>
      <trkpt lat="44.379193" lon="8.563401"><ele>75.4</ele></trkpt>
      <trkpt lat="44.379213" lon="8.563356"><ele>75.4</ele></trkpt>
      <trkpt lat="44.379232" lon="8.563312"><ele>75.6</ele></trkpt>
      <trkpt lat="44.379250" lon="8.563270"><ele>75.8</ele></trkpt>
      <trkpt lat="44.379267" lon="8.563227"><ele>76.0</ele></trkpt>
      <trkpt lat="44.379284" lon="8.563183"><ele>76.0</ele></trkpt>
      <trkpt lat="44.379296" lon="8.563140"><ele>76.2</ele></trkpt>
      <trkpt lat="44.379306" lon="8.563096"><ele>76.2</ele></trkpt>
      <trkpt lat="44.379315" lon="8.563053"><ele>76.4</ele></trkpt>
      <trkpt lat="44.379324" lon="8.563012"><ele>76.6</ele></trkpt>
      <trkpt lat="44.379330" lon="8.562970"><ele>76.8</ele></trkpt>
      <trkpt lat="44.379333" lon="8.562929"><ele>77.0</ele></trkpt>
      <trkpt lat="44.379338" lon="8.562887"><ele>77.2</ele></trkpt>
      <trkpt lat="44.379342" lon="8.562845"><ele>77.4</ele></trkpt>
      <trkpt lat="44.379346" lon="8.562801"><ele>77.6</ele></trkpt>
      <trkpt lat="44.379351" lon="8.562759"><ele>77.6</ele></trkpt>
      <trkpt lat="44.379356" lon="8.562717"><ele>77.8</ele></trkpt>
      <trkpt lat="44.379362" lon="8.562675"><ele>78.0</ele></trkpt>
      <trkpt lat="44.379369" lon="8.562637"><ele>78.0</ele></trkpt>
      <trkpt lat="44.379377" lon="8.562608"><ele>78.2</ele></trkpt>
      <trkpt lat="44.379386" lon="8.562575"><ele>78.4</ele></trkpt>
      <trkpt lat="44.379397" lon="8.562542"><ele>78.6</ele></trkpt>
      <trkpt lat="44.379411" lon="8.562509"><ele>78.6</ele></trkpt>
      <trkpt lat="44.379425" lon="8.562472"><ele>78.8</ele></trkpt>
      <trkpt lat="44.379446" lon="8.562440"><ele>79.0</ele></trkpt>
      <trkpt lat="44.379470" lon="8.562405"><ele>79.0</ele></trkpt>
      <trkpt lat="44.379495" lon="8.562367"><ele>79.2</ele></trkpt>
      <trkpt lat="44.379516" lon="8.562337"><ele>79.4</ele></trkpt>
      <trkpt lat="44.379536" lon="8.562308"><ele>79.6</ele></trkpt>
      <trkpt lat="44.379557" lon="8.562283"><ele>79.8</ele></trkpt>
      <trkpt lat="44.379579" lon="8.562260"><ele>79.8</ele></trkpt>
      <trkpt lat="44.379600" lon="8.562237"><ele>80.0</ele></trkpt>
      <trkpt lat="44.379621" lon="8.562211"><ele>80.2</ele></trkpt>
      <trkpt lat="44.379642" lon="8.562188"><ele>80.4</ele></trkpt>
      <trkpt lat="44.379665" lon="8.562163"><ele>80.6</ele></trkpt>
      <trkpt lat="44.379687" lon="8.562138"><ele>80.6</ele></trkpt>
      <trkpt lat="44.379708" lon="8.562115"><ele>80.8</ele></trkpt>
      <trkpt lat="44.379728" lon="8.562090"><ele>80.8</ele></trkpt>
      <trkpt lat="44.379746" lon="8.562064"><ele>81.0</ele></trkpt>
      <trkpt lat="44.379766" lon="8.562037"><ele>81.2</ele></trkpt>
      <trkpt lat="44.379784" lon="8.562010"><ele>81.4</ele></trkpt>
      <trkpt lat="44.379805" lon="8.561986"><ele>81.4</ele></trkpt>
      <trkpt lat="44.379822" lon="8.561960"><ele>81.6</ele></trkpt>
      <trkpt lat="44.379842" lon="8.561941"><ele>81.8</ele></trkpt>
      <trkpt lat="44.379863" lon="8.561920"><ele>82.0</ele></trkpt>
      <trkpt lat="44.379885" lon="8.561898"><ele>82.2</ele></trkpt>
      <trkpt lat="44.379906" lon="8.561876"><ele>82.2</ele></trkpt>
      <trkpt lat="44.379928" lon="8.561854"><ele>82.4</ele></trkpt>
      <trkpt lat="44.379950" lon="8.561834"><ele>82.6</ele></trkpt>
      <trkpt lat="44.379975" lon="8.561816"><ele>82.8</ele></trkpt>
      <trkpt lat="44.380000" lon="8.561798"><ele>83.0</ele></trkpt>
      <trkpt lat="44.380025" lon="8.561781"><ele>83.2</ele></trkpt>
      <trkpt lat="44.380051" lon="8.561762"><ele>83.4</ele></trkpt>
      <trkpt lat="44.380080" lon="8.561747"><ele>83.6</ele></trkpt>
      <trkpt lat="44.380108" lon="8.561731"><ele>83.6</ele></trkpt>
      <trkpt lat="44.380136" lon="8.561715"><ele>83.8</ele></trkpt>
      <trkpt lat="44.380165" lon="8.561697"><ele>84.0</ele></trkpt>
      <trkpt lat="44.380194" lon="8.561676"><ele>84.0</ele></trkpt>
      <trkpt lat="44.380225" lon="8.561658"><ele>84.2</ele></trkpt>
      <trkpt lat="44.380255" lon="8.561639"><ele>84.4</ele></trkpt>
      <trkpt lat="44.380284" lon="8.561618"><ele>84.4</ele></trkpt>
      <trkpt lat="44.380316" lon="8.561593"><ele>84.6</ele></trkpt>
      <trkpt lat="44.380348" lon="8.561569"><ele>84.6</ele></trkpt>
      <trkpt lat="44.380380" lon="8.561544"><ele>84.8</ele></trkpt>
      <trkpt lat="44.380411" lon="8.561515"><ele>84.8</ele></trkpt>
      <trkpt lat="44.380445" lon="8.561488"><ele>84.8</ele></trkpt>
      <trkpt lat="44.380479" lon="8.561458"><ele>85.0</ele></trkpt>
      <trkpt lat="44.380510" lon="8.561428"><ele>85.0</ele></trkpt>
      <trkpt lat="44.380542" lon="8.561395"><ele>85.0</ele></trkpt>
      <trkpt lat="44.380574" lon="8.561362"><ele>85.2</ele></trkpt>
      <trkpt lat="44.380605" lon="8.561331"><ele>85.2</ele></trkpt>
      <trkpt lat="44.380635" lon="8.561295"><ele>85.4</ele></trkpt>
      <trkpt lat="44.380664" lon="8.561256"><ele>85.4</ele></trkpt>
      <trkpt lat="44.380690" lon="8.561211"><ele>85.6</ele></trkpt>
      <trkpt lat="44.380715" lon="8.561163"><ele>85.6</ele></trkpt>
      <trkpt lat="44.380740" lon="8.561116"><ele>85.8</ele></trkpt>
      <trkpt lat="44.380768" lon="8.561071"><ele>85.8</ele></trkpt>
      <trkpt lat="44.380793" lon="8.561022"><ele>85.8</ele></trkpt>
      <trkpt lat="44.380817" lon="8.560974"><ele>85.8</ele></trkpt>
      <trkpt lat="44.380841" lon="8.560921"><ele>85.8</ele></trkpt>
      <trkpt lat="44.380866" lon="8.560868"><ele>85.8</ele></trkpt>
      <trkpt lat="44.380886" lon="8.560810"><ele>85.8</ele></trkpt>
      <trkpt lat="44.380903" lon="8.560756"><ele>85.8</ele></trkpt>
      <trkpt lat="44.380923" lon="8.560699"><ele>85.8</ele></trkpt>
      <trkpt lat="44.380942" lon="8.560644"><ele>85.8</ele></trkpt>
      <trkpt lat="44.380961" lon="8.560589"><ele>85.8</ele></trkpt>
      <trkpt lat="44.380982" lon="8.560535"><ele>85.8</ele></trkpt>
      <trkpt lat="44.381003" lon="8.560483"><ele>86.0</ele></trkpt>
      <trkpt lat="44.381030" lon="8.560438"><ele>86.0</ele></trkpt>
      <trkpt lat="44.381057" lon="8.560397"><ele>86.0</ele></trkpt>
      <trkpt lat="44.381087" lon="8.560359"><ele>86.0</ele></trkpt>
      <trkpt lat="44.381118" lon="8.560317"><ele>86.0</ele></trkpt>
      <trkpt lat="44.381152" lon="8.560276"><ele>85.8</ele></trkpt>
      <trkpt lat="44.381188" lon="8.560236"><ele>85.8</ele></trkpt>
      <trkpt lat="44.381226" lon="8.560192"><ele>85.8</ele></trkpt>
      <trkpt lat="44.381265" lon="8.560149"><ele>85.8</ele></trkpt>
      <trkpt lat="44.381302" lon="8.560099"><ele>85.6</ele></trkpt>
      <trkpt lat="44.381340" lon="8.560050"><ele>85.6</ele></trkpt>
      <trkpt lat="44.381373" lon="8.559998"><ele>85.6</ele></trkpt>
      <trkpt lat="44.381409" lon="8.559944"><ele>85.6</ele></trkpt>
      <trkpt lat="44.381444" lon="8.559894"><ele>85.6</ele></trkpt>
      <trkpt lat="44.381483" lon="8.559849"><ele>85.6</ele></trkpt>
      <trkpt lat="44.381520" lon="8.559800"><ele>85.6</ele></trkpt>
      <trkpt lat="44.381557" lon="8.559750"><ele>85.6</ele></trkpt>
      <trkpt lat="44.381595" lon="8.559699"><ele>85.6</ele></trkpt>
      <trkpt lat="44.381629" lon="8.559647"><ele>85.8</ele></trkpt>
      <trkpt lat="44.381664" lon="8.559603"><ele>85.8</ele></trkpt>
      <trkpt lat="44.381697" lon="8.559559"><ele>85.8</ele></trkpt>
      <trkpt lat="44.381730" lon="8.559514"><ele>85.8</ele></trkpt>
      <trkpt lat="44.381759" lon="8.559467"><ele>86.0</ele></trkpt>
      <trkpt lat="44.381786" lon="8.559421"><ele>86.0</ele></trkpt>
      <trkpt lat="44.381815" lon="8.559383"><ele>86.0</ele></trkpt>
      <trkpt lat="44.381842" lon="8.559345"><ele>86.2</ele></trkpt>
      <trkpt lat="44.381865" lon="8.559308"><ele>86.2</ele></trkpt>
      <trkpt lat="44.381887" lon="8.559272"><ele>86.4</ele></trkpt>
      <trkpt lat="44.381912" lon="8.559237"><ele>86.4</ele></trkpt>
      <trkpt lat="44.381938" lon="8.559200"><ele>86.4</ele></trkpt>
      <trkpt lat="44.381966" lon="8.559165"><ele>86.4</ele></trkpt>
      <trkpt lat="44.381992" lon="8.559125"><ele>86.6</ele></trkpt>
      <trkpt lat="44.382019" lon="8.559083"><ele>86.6</ele></trkpt>
      <trkpt lat="44.382048" lon="8.559046"><ele>86.6</ele></trkpt>
      <trkpt lat="44.382078" lon="8.559003"><ele>86.6</ele></trkpt>
      <trkpt lat="44.382105" lon="8.558956"><ele>86.6</ele></trkpt>
      <trkpt lat="44.382133" lon="8.558908"><ele>86.6</ele></trkpt>
      <trkpt lat="44.382156" lon="8.558855"><ele>86.4</ele></trkpt>
      <trkpt lat="44.382179" lon="8.558798"><ele>86.4</ele></trkpt>
      <trkpt lat="44.382199" lon="8.558741"><ele>86.2</ele></trkpt>
      <trkpt lat="44.382220" lon="8.558680"><ele>86.2</ele></trkpt>
      <trkpt lat="44.382239" lon="8.558621"><ele>86.2</ele></trkpt>
      <trkpt lat="44.382256" lon="8.558562"><ele>86.0</ele></trkpt>
      <trkpt lat="44.382266" lon="8.558500"><ele>86.0</ele></trkpt>
      <trkpt lat="44.382275" lon="8.558442"><ele>86.0</ele></trkpt>
      <trkpt lat="44.382291" lon="8.558389"><ele>86.0</ele></trkpt>
      <trkpt lat="44.382306" lon="8.558334"><ele>86.2</ele></trkpt>
      <trkpt lat="44.382321" lon="8.558279"><ele>86.2</ele></trkpt>
      <trkpt lat="44.382332" lon="8.558222"><ele>86.2</ele></trkpt>
      <trkpt lat="44.382344" lon="8.558165"><ele>86.2</ele></trkpt>
      <trkpt lat="44.382358" lon="8.558107"><ele>86.2</ele></trkpt>
      <trkpt lat="44.382368" lon="8.558047"><ele>86.2</ele></trkpt>
      <trkpt lat="44.382380" lon="8.557988"><ele>86.2</ele></trkpt>
      <trkpt lat="44.382390" lon="8.557931"><ele>86.2</ele></trkpt>
      <trkpt lat="44.382402" lon="8.557872"><ele>86.4</ele></trkpt>
      <trkpt lat="44.382416" lon="8.557817"><ele>86.4</ele></trkpt>
      <trkpt lat="44.382430" lon="8.557759"><ele>86.4</ele></trkpt>
      <trkpt lat="44.382443" lon="8.557698"><ele>86.4</ele></trkpt>
      <trkpt lat="44.382455" lon="8.557636"><ele>86.4</ele></trkpt>
      <trkpt lat="44.382467" lon="8.557578"><ele>86.4</ele></trkpt>
      <trkpt lat="44.382478" lon="8.557517"><ele>86.6</ele></trkpt>
      <trkpt lat="44.382489" lon="8.557458"><ele>86.6</ele></trkpt>
      <trkpt lat="44.382501" lon="8.557398"><ele>86.6</ele></trkpt>
      <trkpt lat="44.382514" lon="8.557341"><ele>86.8</ele></trkpt>
      <trkpt lat="44.382525" lon="8.557286"><ele>86.8</ele></trkpt>
      <trkpt lat="44.382536" lon="8.557229"><ele>86.8</ele></trkpt>
      <trkpt lat="44.382548" lon="8.557171"><ele>87.0</ele></trkpt>
      <trkpt lat="44.382560" lon="8.557116"><ele>87.0</ele></trkpt>
      <trkpt lat="44.382571" lon="8.557056"><ele>87.0</ele></trkpt>
      <trkpt lat="44.382583" lon="8.556998"><ele>87.2</ele></trkpt>
      <trkpt lat="44.382595" lon="8.556939"><ele>87.2</ele></trkpt>
      <trkpt lat="44.382607" lon="8.556877"><ele>87.2</ele></trkpt>
      <trkpt lat="44.382622" lon="8.556817"><ele>87.4</ele></trkpt>
      <trkpt lat="44.382636" lon="8.556757"><ele>87.4</ele></trkpt>
      <trkpt lat="44.382647" lon="8.556698"><ele>87.4</ele></trkpt>
      <trkpt lat="44.382659" lon="8.556637"><ele>87.4</ele></trkpt>
      <trkpt lat="44.382674" lon="8.556577"><ele>87.4</ele></trkpt>
      <trkpt lat="44.382693" lon="8.556519"><ele>87.6</ele></trkpt>
      <trkpt lat="44.382712" lon="8.556461"><ele>87.6</ele></trkpt>
      <trkpt lat="44.382734" lon="8.556404"><ele>87.6</ele></trkpt>
      <trkpt lat="44.382754" lon="8.556349"><ele>87.6</ele></trkpt>
      <trkpt lat="44.382775" lon="8.556293"><ele>87.6</ele></trkpt>
      <trkpt lat="44.382797" lon="8.556237"><ele>87.4</ele></trkpt>
      <trkpt lat="44.382821" lon="8.556178"><ele>87.4</ele></trkpt>
      <trkpt lat="44.382844" lon="8.556120"><ele>87.4</ele></trkpt>
      <trkpt lat="44.382868" lon="8.556065"><ele>87.4</ele></trkpt>
      <trkpt lat="44.382892" lon="8.556009"><ele>87.6</ele></trkpt>
      <trkpt lat="44.382918" lon="8.555955"><ele>87.6</ele></trkpt>
      <trkpt lat="44.382947" lon="8.555907"><ele>87.8</ele></trkpt>
      <trkpt lat="44.382975" lon="8.555857"><ele>87.8</ele></trkpt>
      <trkpt lat="44.383004" lon="8.555805"><ele>88.0</ele></trkpt>
      <trkpt lat="44.383033" lon="8.555754"><ele>88.0</ele></trkpt>
      <trkpt lat="44.383062" lon="8.555703"><ele>88.0</ele></trkpt>
      <trkpt lat="44.383089" lon="8.555652"><ele>88.2</ele></trkpt>
      <trkpt lat="44.383116" lon="8.555603"><ele>88.2</ele></trkpt>
      <trkpt lat="44.383145" lon="8.555556"><ele>88.4</ele></trkpt>
      <trkpt lat="44.383175" lon="8.555506"><ele>88.4</ele></trkpt>
      <trkpt lat="44.383205" lon="8.555457"><ele>88.6</ele></trkpt>
      <trkpt lat="44.383235" lon="8.555411"><ele>88.6</ele></trkpt>
      <trkpt lat="44.383266" lon="8.555367"><ele>88.6</ele></trkpt>
      <trkpt lat="44.383295" lon="8.555317"><ele>88.8</ele></trkpt>
      <trkpt lat="44.383326" lon="8.555268"><ele>88.8</ele></trkpt>
      <trkpt lat="44.383357" lon="8.555218"><ele>89.0</ele></trkpt>
      <trkpt lat="44.383388" lon="8.555170"><ele>89.0</ele></trkpt>
      <trkpt lat="44.383420" lon="8.555125"><ele>89.0</ele></trkpt>
      <trkpt lat="44.383450" lon="8.555077"><ele>89.2</ele></trkpt>
      <trkpt lat="44.383482" lon="8.555029"><ele>89.2</ele></trkpt>
      <trkpt lat="44.383512" lon="8.554979"><ele>89.2</ele></trkpt>
      <trkpt lat="44.383544" lon="8.554931"><ele>89.2</ele></trkpt>
      <trkpt lat="44.383575" lon="8.554883"><ele>89.2</ele></trkpt>
      <trkpt lat="44.383608" lon="8.554836"><ele>89.4</ele></trkpt>
      <trkpt lat="44.383640" lon="8.554792"><ele>89.4</ele></trkpt>
      <trkpt lat="44.383671" lon="8.554745"><ele>89.4</ele></trkpt>
      <trkpt lat="44.383701" lon="8.554697"><ele>89.4</ele></trkpt>
      <trkpt lat="44.383731" lon="8.554650"><ele>89.6</ele></trkpt>
      <trkpt lat="44.383763" lon="8.554606"><ele>89.6</ele></trkpt>
      <trkpt lat="44.383795" lon="8.554566"><ele>89.8</ele></trkpt>
      <trkpt lat="44.383827" lon="8.554526"><ele>89.8</ele></trkpt>
      <trkpt lat="44.383857" lon="8.554483"><ele>90.0</ele></trkpt>
      <trkpt lat="44.383885" lon="8.554441"><ele>90.0</ele></trkpt>
      <trkpt lat="44.383913" lon="8.554395"><ele>90.0</ele></trkpt>
      <trkpt lat="44.383941" lon="8.554348"><ele>90.0</ele></trkpt>
      <trkpt lat="44.383968" lon="8.554300"><ele>90.2</ele></trkpt>
      <trkpt lat="44.383993" lon="8.554251"><ele>90.2</ele></trkpt>
      <trkpt lat="44.384018" lon="8.554201"><ele>90.4</ele></trkpt>
      <trkpt lat="44.384041" lon="8.554149"><ele>90.4</ele></trkpt>
      <trkpt lat="44.384061" lon="8.554096"><ele>90.6</ele></trkpt>
      <trkpt lat="44.384082" lon="8.554044"><ele>90.6</ele></trkpt>
      <trkpt lat="44.384101" lon="8.553994"><ele>90.6</ele></trkpt>
      <trkpt lat="44.384119" lon="8.553948"><ele>90.6</ele></trkpt>
      <trkpt lat="44.384137" lon="8.553904"><ele>90.8</ele></trkpt>
      <trkpt lat="44.384151" lon="8.553863"><ele>90.8</ele></trkpt>
      <trkpt lat="44.384166" lon="8.553828"><ele>91.0</ele></trkpt>
      <trkpt lat="44.384176" lon="8.553796"><ele>91.2</ele></trkpt>
      <trkpt lat="44.384189" lon="8.553766"><ele>91.4</ele></trkpt>
      <trkpt lat="44.384199" lon="8.553734"><ele>91.4</ele></trkpt>
      <trkpt lat="44.384209" lon="8.553698"><ele>91.6</ele></trkpt>
      <trkpt lat="44.384221" lon="8.553662"><ele>91.8</ele></trkpt>
      <trkpt lat="44.384237" lon="8.553628"><ele>91.8</ele></trkpt>
      <trkpt lat="44.384246" lon="8.553585"><ele>92.0</ele></trkpt>
      <trkpt lat="44.384258" lon="8.553546"><ele>92.0</ele></trkpt>
      <trkpt lat="44.384273" lon="8.553510"><ele>92.2</ele></trkpt>
      <trkpt lat="44.384288" lon="8.553474"><ele>92.2</ele></trkpt>
      <trkpt lat="44.384304" lon="8.553438"><ele>92.4</ele></trkpt>
      <trkpt lat="44.384319" lon="8.553397"><ele>92.4</ele></trkpt>
      <trkpt lat="44.384333" lon="8.553356"><ele>92.6</ele></trkpt>
      <trkpt lat="44.384345" lon="8.553315"><ele>92.8</ele></trkpt>
      <trkpt lat="44.384358" lon="8.553275"><ele>92.8</ele></trkpt>
      <trkpt lat="44.384370" lon="8.553235"><ele>93.0</ele></trkpt>
      <trkpt lat="44.384383" lon="8.553193"><ele>93.2</ele></trkpt>
      <trkpt lat="44.384396" lon="8.553152"><ele>93.4</ele></trkpt>
      <trkpt lat="44.384409" lon="8.553111"><ele>93.4</ele></trkpt>
      <trkpt lat="44.384423" lon="8.553073"><ele>93.6</ele></trkpt>
      <trkpt lat="44.384434" lon="8.553035"><ele>93.8</ele></trkpt>
      <trkpt lat="44.384446" lon="8.552999"><ele>93.8</ele></trkpt>
      <trkpt lat="44.384459" lon="8.552959"><ele>94.0</ele></trkpt>
      <trkpt lat="44.384471" lon="8.552919"><ele>94.2</ele></trkpt>
      <trkpt lat="44.384486" lon="8.552882"><ele>94.4</ele></trkpt>
      <trkpt lat="44.384499" lon="8.552843"><ele>94.4</ele></trkpt>
      <trkpt lat="44.384512" lon="8.552805"><ele>94.6</ele></trkpt>
      <trkpt lat="44.384527" lon="8.552767"><ele>94.8</ele></trkpt>
      <trkpt lat="44.384540" lon="8.552729"><ele>94.8</ele></trkpt>
      <trkpt lat="44.384553" lon="8.552692"><ele>95.0</ele></trkpt>
      <trkpt lat="44.384565" lon="8.552654"><ele>95.2</ele></trkpt>
      <trkpt lat="44.384577" lon="8.552615"><ele>95.4</ele></trkpt>
      <trkpt lat="44.384590" lon="8.552576"><ele>95.6</ele></trkpt>
      <trkpt lat="44.384604" lon="8.552536"><ele>95.6</ele></trkpt>
      <trkpt lat="44.384617" lon="8.552497"><ele>95.8</ele></trkpt>
      <trkpt lat="44.384628" lon="8.552456"><ele>95.8</ele></trkpt>
      <trkpt lat="44.384640" lon="8.552414"><ele>96.0</ele></trkpt>
      <trkpt lat="44.384651" lon="8.552374"><ele>96.2</ele></trkpt>
      <trkpt lat="44.384664" lon="8.552333"><ele>96.4</ele></trkpt>
      <trkpt lat="44.384677" lon="8.552292"><ele>96.6</ele></trkpt>
      <trkpt lat="44.384690" lon="8.552254"><ele>96.8</ele></trkpt>
      <trkpt lat="44.384705" lon="8.552214"><ele>96.8</ele></trkpt>
      <trkpt lat="44.384720" lon="8.552175"><ele>97.0</ele></trkpt>
      <trkpt lat="44.384733" lon="8.552137"><ele>97.2</ele></trkpt>
      <trkpt lat="44.384748" lon="8.552098"><ele>97.2</ele></trkpt>
      <trkpt lat="44.384762" lon="8.552057"><ele>97.4</ele></trkpt>
      <trkpt lat="44.384777" lon="8.552017"><ele>97.6</ele></trkpt>
      <trkpt lat="44.384791" lon="8.551976"><ele>97.6</ele></trkpt>
      <trkpt lat="44.384803" lon="8.551934"><ele>98.0</ele></trkpt>
      <trkpt lat="44.384815" lon="8.551889"><ele>98.0</ele></trkpt>
      <trkpt lat="44.384827" lon="8.551842"><ele>98.2</ele></trkpt>
      <trkpt lat="44.384842" lon="8.551797"><ele>98.4</ele></trkpt>
      <trkpt lat="44.384859" lon="8.551754"><ele>98.6</ele></trkpt>
      <trkpt lat="44.384874" lon="8.551712"><ele>98.6</ele></trkpt>
      <trkpt lat="44.384888" lon="8.551669"><ele>98.6</ele></trkpt>
      <trkpt lat="44.384900" lon="8.551625"><ele>98.8</ele></trkpt>
      <trkpt lat="44.384910" lon="8.551581"><ele>99.0</ele></trkpt>
      <trkpt lat="44.384926" lon="8.551535"><ele>99.2</ele></trkpt>
      <trkpt lat="44.384943" lon="8.551494"><ele>99.2</ele></trkpt>
      <trkpt lat="44.384962" lon="8.551453"><ele>99.4</ele></trkpt>
      <trkpt lat="44.384980" lon="8.551413"><ele>99.6</ele></trkpt>
      <trkpt lat="44.384995" lon="8.551372"><ele>99.8</ele></trkpt>
      <trkpt lat="44.385010" lon="8.551331"><ele>99.8</ele></trkpt>
      <trkpt lat="44.385024" lon="8.551288"><ele>100.0</ele></trkpt>
      <trkpt lat="44.385038" lon="8.551245"><ele>100.2</ele></trkpt>
      <trkpt lat="44.385052" lon="8.551201"><ele>100.4</ele></trkpt>
      <trkpt lat="44.385065" lon="8.551159"><ele>100.6</ele></trkpt>
      <trkpt lat="44.385080" lon="8.551119"><ele>100.8</ele></trkpt>
      <trkpt lat="44.385094" lon="8.551078"><ele>101.0</ele></trkpt>
      <trkpt lat="44.385107" lon="8.551038"><ele>101.2</ele></trkpt>
      <trkpt lat="44.385119" lon="8.550994"><ele>101.2</ele></trkpt>
      <trkpt lat="44.385131" lon="8.550952"><ele>101.4</ele></trkpt>
      <trkpt lat="44.385145" lon="8.550913"><ele>101.6</ele></trkpt>
      <trkpt lat="44.385158" lon="8.550875"><ele>101.6</ele></trkpt>
      <trkpt lat="44.385173" lon="8.550834"><ele>101.8</ele></trkpt>
      <trkpt lat="44.385189" lon="8.550794"><ele>102.0</ele></trkpt>
      <trkpt lat="44.385206" lon="8.550753"><ele>102.0</ele></trkpt>
      <trkpt lat="44.385219" lon="8.550713"><ele>102.2</ele></trkpt>
      <trkpt lat="44.385233" lon="8.550671"><ele>102.4</ele></trkpt>
      <trkpt lat="44.385244" lon="8.550628"><ele>102.6</ele></trkpt>
      <trkpt lat="44.385256" lon="8.550587"><ele>102.8</ele></trkpt>
      <trkpt lat="44.385270" lon="8.550546"><ele>103.0</ele></trkpt>
      <trkpt lat="44.385285" lon="8.550504"><ele>103.2</ele></trkpt>
      <trkpt lat="44.385300" lon="8.550462"><ele>103.2</ele></trkpt>
      <trkpt lat="44.385313" lon="8.550423"><ele>103.4</ele></trkpt>
      <trkpt lat="44.385327" lon="8.550382"><ele>103.6</ele></trkpt>
      <trkpt lat="44.385343" lon="8.550341"><ele>103.6</ele></trkpt>
      <trkpt lat="44.385357" lon="8.550300"><ele>103.8</ele></trkpt>
      <trkpt lat="44.385373" lon="8.550261"><ele>103.8</ele></trkpt>
      <trkpt lat="44.385390" lon="8.550222"><ele>104.0</ele></trkpt>
      <trkpt lat="44.385407" lon="8.550187"><ele>104.2</ele></trkpt>
      <trkpt lat="44.385424" lon="8.550150"><ele>104.4</ele></trkpt>
      <trkpt lat="44.385443" lon="8.550115"><ele>104.6</ele></trkpt>
      <trkpt lat="44.385463" lon="8.550082"><ele>104.8</ele></trkpt>
      <trkpt lat="44.385481" lon="8.550046"><ele>105.0</ele></trkpt>
      <trkpt lat="44.385501" lon="8.550012"><ele>105.2</ele></trkpt>
      <trkpt lat="44.385522" lon="8.549982"><ele>105.4</ele></trkpt>
      <trkpt lat="44.385543" lon="8.549952"><ele>105.6</ele></trkpt>
      <trkpt lat="44.385565" lon="8.549922"><ele>105.8</ele></trkpt>
      <trkpt lat="44.385584" lon="8.549894"><ele>106.0</ele></trkpt>
      <trkpt lat="44.385600" lon="8.549871"><ele>106.2</ele></trkpt>
      <trkpt lat="44.385614" lon="8.549848"><ele>106.4</ele></trkpt>
      <trkpt lat="44.385630" lon="8.549822"><ele>106.6</ele></trkpt>
      <trkpt lat="44.385649" lon="8.549799"><ele>106.8</ele></trkpt>
      <trkpt lat="44.385670" lon="8.549780"><ele>107.0</ele></trkpt>
      <trkpt lat="44.385693" lon="8.549759"><ele>107.2</ele></trkpt>
      <trkpt lat="44.385722" lon="8.549734"><ele>107.4</ele></trkpt>
      <trkpt lat="44.385752" lon="8.549716"><ele>107.6</ele></trkpt>
      <trkpt lat="44.385776" lon="8.549699"><ele>107.8</ele></trkpt>
      <trkpt lat="44.385800" lon="8.549691"><ele>108.0</ele></trkpt>
      <trkpt lat="44.385822" lon="8.549684"><ele>108.2</ele></trkpt>
      <trkpt lat="44.385844" lon="8.549682"><ele>108.2</ele></trkpt>
      <trkpt lat="44.385868" lon="8.549682"><ele>108.4</ele></trkpt>
      <trkpt lat="44.385895" lon="8.549687"><ele>108.6</ele></trkpt>
      <trkpt lat="44.385925" lon="8.549695"><ele>108.8</ele></trkpt>
      <trkpt lat="44.385951" lon="8.549708"><ele>108.8</ele></trkpt>
      <trkpt lat="44.385978" lon="8.549719"><ele>109.0</ele></trkpt>
      <trkpt lat="44.386005" lon="8.549729"><ele>109.2</ele></trkpt>
      <trkpt lat="44.386035" lon="8.549741"><ele>109.4</ele></trkpt>
      <trkpt lat="44.386060" lon="8.549747"><ele>109.6</ele></trkpt>
      <trkpt lat="44.386086" lon="8.549755"><ele>109.8</ele></trkpt>
      <trkpt lat="44.386111" lon="8.549762"><ele>109.8</ele></trkpt>
      <trkpt lat="44.386135" lon="8.549769"><ele>110.0</ele></trkpt>
      <trkpt lat="44.386160" lon="8.549775"><ele>110.2</ele></trkpt>
      <trkpt lat="44.386188" lon="8.549782"><ele>110.4</ele></trkpt>
      <trkpt lat="44.386215" lon="8.549789"><ele>110.6</ele></trkpt>
      <trkpt lat="44.386241" lon="8.549794"><ele>110.8</ele></trkpt>
      <trkpt lat="44.386266" lon="8.549789"><ele>111.0</ele></trkpt>
      <trkpt lat="44.386296" lon="8.549788"><ele>111.2</ele></trkpt>
      <trkpt lat="44.386326" lon="8.549788"><ele>111.2</ele></trkpt>
      <trkpt lat="44.386356" lon="8.549786"><ele>111.4</ele></trkpt>
      <trkpt lat="44.386384" lon="8.549786"><ele>111.4</ele></trkpt>
      <trkpt lat="44.386414" lon="8.549785"><ele>111.6</ele></trkpt>
      <trkpt lat="44.386441" lon="8.549785"><ele>111.8</ele></trkpt>
      <trkpt lat="44.386470" lon="8.549783"><ele>111.8</ele></trkpt>
      <trkpt lat="44.386498" lon="8.549781"><ele>112.0</ele></trkpt>
      <trkpt lat="44.386527" lon="8.549778"><ele>112.2</ele></trkpt>
      <trkpt lat="44.386554" lon="8.549775"><ele>112.4</ele></trkpt>
      <trkpt lat="44.386580" lon="8.549774"><ele>112.4</ele></trkpt>
      <trkpt lat="44.386607" lon="8.549769"><ele>112.6</ele></trkpt>
      <trkpt lat="44.386634" lon="8.549767"><ele>112.8</ele></trkpt>
      <trkpt lat="44.386659" lon="8.549765"><ele>113.0</ele></trkpt>
      <trkpt lat="44.386686" lon="8.549755"><ele>113.2</ele></trkpt>
      <trkpt lat="44.386714" lon="8.549749"><ele>113.4</ele></trkpt>
      <trkpt lat="44.386739" lon="8.549738"><ele>113.6</ele></trkpt>
      <trkpt lat="44.386768" lon="8.549730"><ele>113.8</ele></trkpt>
      <trkpt lat="44.386798" lon="8.549729"><ele>114.0</ele></trkpt>
      <trkpt lat="44.386828" lon="8.549727"><ele>114.2</ele></trkpt>
      <trkpt lat="44.386854" lon="8.549724"><ele>114.4</ele></trkpt>
      <trkpt lat="44.386881" lon="8.549719"><ele>114.6</ele></trkpt>
      <trkpt lat="44.386910" lon="8.549713"><ele>114.6</ele></trkpt>
      <trkpt lat="44.386935" lon="8.549706"><ele>114.8</ele></trkpt>
      <trkpt lat="44.386962" lon="8.549697"><ele>115.0</ele></trkpt>
      <trkpt lat="44.386990" lon="8.549688"><ele>115.0</ele></trkpt>
      <trkpt lat="44.387021" lon="8.549685"><ele>115.2</ele></trkpt>
      <trkpt lat="44.387048" lon="8.549678"><ele>115.4</ele></trkpt>
      <trkpt lat="44.387075" lon="8.549667"><ele>115.4</ele></trkpt>
      <trkpt lat="44.387104" lon="8.549659"><ele>115.6</ele></trkpt>
      <trkpt lat="44.387133" lon="8.549651"><ele>115.8</ele></trkpt>
      <trkpt lat="44.387161" lon="8.549642"><ele>115.8</ele></trkpt>
      <trkpt lat="44.387192" lon="8.549636"><ele>116.0</ele></trkpt>
      <trkpt lat="44.387221" lon="8.549627"><ele>116.2</ele></trkpt>
      <trkpt lat="44.387248" lon="8.549615"><ele>116.2</ele></trkpt>
      <trkpt lat="44.387276" lon="8.549605"><ele>116.4</ele></trkpt>
      <trkpt lat="44.387304" lon="8.549598"><ele>116.6</ele></trkpt>
      <trkpt lat="44.387330" lon="8.549592"><ele>116.6</ele></trkpt>
      <trkpt lat="44.387354" lon="8.549586"><ele>116.8</ele></trkpt>
      <trkpt lat="44.387377" lon="8.549578"><ele>117.0</ele></trkpt>
      <trkpt lat="44.387401" lon="8.549570"><ele>117.2</ele></trkpt>
      <trkpt lat="44.387429" lon="8.549563"><ele>117.4</ele></trkpt>
      <trkpt lat="44.387457" lon="8.549551"><ele>117.4</ele></trkpt>
      <trkpt lat="44.387487" lon="8.549537"><ele>117.6</ele></trkpt>
      <trkpt lat="44.387521" lon="8.549524"><ele>117.8</ele></trkpt>
      <trkpt lat="44.387554" lon="8.549513"><ele>117.8</ele></trkpt>
      <trkpt lat="44.387587" lon="8.549499"><ele>117.8</ele></trkpt>
      <trkpt lat="44.387620" lon="8.549482"><ele>118.0</ele></trkpt>
      <trkpt lat="44.387648" lon="8.549461"><ele>118.0</ele></trkpt>
      <trkpt lat="44.387670" lon="8.549434"><ele>118.0</ele></trkpt>
      <trkpt lat="44.387691" lon="8.549407"><ele>118.2</ele></trkpt>
      <trkpt lat="44.387710" lon="8.549386"><ele>118.4</ele></trkpt>
      <trkpt lat="44.387729" lon="8.549367"><ele>118.4</ele></trkpt>
      <trkpt lat="44.387747" lon="8.549346"><ele>118.6</ele></trkpt>
      <trkpt lat="44.387764" lon="8.549320"><ele>118.8</ele></trkpt>
      <trkpt lat="44.387780" lon="8.549292"><ele>118.8</ele></trkpt>
      <trkpt lat="44.387794" lon="8.549263"><ele>119.0</ele></trkpt>
      <trkpt lat="44.387809" lon="8.549237"><ele>119.2</ele></trkpt>
      <trkpt lat="44.387821" lon="8.549208"><ele>119.2</ele></trkpt>
      <trkpt lat="44.387830" lon="8.549178"><ele>119.4</ele></trkpt>
      <trkpt lat="44.387839" lon="8.549147"><ele>119.4</ele></trkpt>
      <trkpt lat="44.387847" lon="8.549115"><ele>119.6</ele></trkpt>
      <trkpt lat="44.387849" lon="8.549084"><ele>119.6</ele></trkpt>
      <trkpt lat="44.387850" lon="8.549051"><ele>119.8</ele></trkpt>
      <trkpt lat="44.387849" lon="8.549015"><ele>120.0</ele></trkpt>
      <trkpt lat="44.387848" lon="8.548980"><ele>120.2</ele></trkpt>
      <trkpt lat="44.387849" lon="8.548947"><ele>120.4</ele></trkpt>
      <trkpt lat="44.387849" lon="8.548913"><ele>120.6</ele></trkpt>
      <trkpt lat="44.387847" lon="8.548879"><ele>120.8</ele></trkpt>
      <trkpt lat="44.387842" lon="8.548846"><ele>120.8</ele></trkpt>
      <trkpt lat="44.387837" lon="8.548813"><ele>121.0</ele></trkpt>
      <trkpt lat="44.387830" lon="8.548781"><ele>121.0</ele></trkpt>
      <trkpt lat="44.387821" lon="8.548750"><ele>121.2</ele></trkpt>
      <trkpt lat="44.387812" lon="8.548720"><ele>121.2</ele></trkpt>
      <trkpt lat="44.387800" lon="8.548690"><ele>121.4</ele></trkpt>
      <trkpt lat="44.387789" lon="8.548662"><ele>121.6</ele></trkpt>
      <trkpt lat="44.387777" lon="8.548634"><ele>121.8</ele></trkpt>
      <trkpt lat="44.387767" lon="8.548607"><ele>122.0</ele></trkpt>
      <trkpt lat="44.387757" lon="8.548582"><ele>122.2</ele></trkpt>
      <trkpt lat="44.387748" lon="8.548557"><ele>122.2</ele></trkpt>
      <trkpt lat="44.387742" lon="8.548532"><ele>122.4</ele></trkpt>
      <trkpt lat="44.387740" lon="8.548502"><ele>122.6</ele></trkpt>
      <trkpt lat="44.387738" lon="8.548473"><ele>122.8</ele></trkpt>
      <trkpt lat="44.387736" lon="8.548443"><ele>123.0</ele></trkpt>
      <trkpt lat="44.387741" lon="8.548412"><ele>123.2</ele></trkpt>
      <trkpt lat="44.387751" lon="8.548386"><ele>123.4</ele></trkpt>
      <trkpt lat="44.387764" lon="8.548363"><ele>123.6</ele></trkpt>
      <trkpt lat="44.387777" lon="8.548341"><ele>123.6</ele></trkpt>
      <trkpt lat="44.387788" lon="8.548321"><ele>123.8</ele></trkpt>
      <trkpt lat="44.387802" lon="8.548308"><ele>123.8</ele></trkpt>
      <trkpt lat="44.387817" lon="8.548295"><ele>124.0</ele></trkpt>
      <trkpt lat="44.387837" lon="8.548285"><ele>124.2</ele></trkpt>
      <trkpt lat="44.387856" lon="8.548280"><ele>124.4</ele></trkpt>
      <trkpt lat="44.387876" lon="8.548278"><ele>124.6</ele></trkpt>
      <trkpt lat="44.387896" lon="8.548278"><ele>124.8</ele></trkpt>
      <trkpt lat="44.387921" lon="8.548282"><ele>125.0</ele></trkpt>
      <trkpt lat="44.387946" lon="8.548285"><ele>125.2</ele></trkpt>
      <trkpt lat="44.387968" lon="8.548289"><ele>125.6</ele></trkpt>
      <trkpt lat="44.387992" lon="8.548292"><ele>125.8</ele></trkpt>
      <trkpt lat="44.388014" lon="8.548296"><ele>125.8</ele></trkpt>
      <trkpt lat="44.388034" lon="8.548299"><ele>126.0</ele></trkpt>
      <trkpt lat="44.388057" lon="8.548302"><ele>126.2</ele></trkpt>
      <trkpt lat="44.388080" lon="8.548307"><ele>126.2</ele></trkpt>
      <trkpt lat="44.388102" lon="8.548316"><ele>126.4</ele></trkpt>
      <trkpt lat="44.388123" lon="8.548322"><ele>126.6</ele></trkpt>
      <trkpt lat="44.388145" lon="8.548325"><ele>127.0</ele></trkpt>
      <trkpt lat="44.388168" lon="8.548329"><ele>127.2</ele></trkpt>
      <trkpt lat="44.388194" lon="8.548339"><ele>127.4</ele></trkpt>
      <trkpt lat="44.388218" lon="8.548350"><ele>127.6</ele></trkpt>
      <trkpt lat="44.388244" lon="8.548360"><ele>127.6</ele></trkpt>
      <trkpt lat="44.388267" lon="8.548368"><ele>127.8</ele></trkpt>
      <trkpt lat="44.388289" lon="8.548371"><ele>128.0</ele></trkpt>
      <trkpt lat="44.388314" lon="8.548375"><ele>128.2</ele></trkpt>
      <trkpt lat="44.388338" lon="8.548384"><ele>128.4</ele></trkpt>
      <trkpt lat="44.388361" lon="8.548393"><ele>128.6</ele></trkpt>
      <trkpt lat="44.388385" lon="8.548397"><ele>128.8</ele></trkpt>
      <trkpt lat="44.388409" lon="8.548402"><ele>128.8</ele></trkpt>
      <trkpt lat="44.388434" lon="8.548407"><ele>129.0</ele></trkpt>
      <trkpt lat="44.388458" lon="8.548416"><ele>129.2</ele></trkpt>
      <trkpt lat="44.388482" lon="8.548427"><ele>129.4</ele></trkpt>
      <trkpt lat="44.388508" lon="8.548438"><ele>129.6</ele></trkpt>
      <trkpt lat="44.388531" lon="8.548451"><ele>129.6</ele></trkpt>
      <trkpt lat="44.388556" lon="8.548464"><ele>129.8</ele></trkpt>
      <trkpt lat="44.388581" lon="8.548480"><ele>130.0</ele></trkpt>
      <trkpt lat="44.388604" lon="8.548503"><ele>130.2</ele></trkpt>
      <trkpt lat="44.388627" lon="8.548528"><ele>130.4</ele></trkpt>
      <trkpt lat="44.388651" lon="8.548554"><ele>130.4</ele></trkpt>
      <trkpt lat="44.388676" lon="8.548581"><ele>130.6</ele></trkpt>
      <trkpt lat="44.388700" lon="8.548613"><ele>130.8</ele></trkpt>
      <trkpt lat="44.388722" lon="8.548646"><ele>130.8</ele></trkpt>
      <trkpt lat="44.388743" lon="8.548678"><ele>131.0</ele></trkpt>
      <trkpt lat="44.388764" lon="8.548711"><ele>131.0</ele></trkpt>
      <trkpt lat="44.388788" lon="8.548745"><ele>131.0</ele></trkpt>
      <trkpt lat="44.388812" lon="8.548778"><ele>131.0</ele></trkpt>
      <trkpt lat="44.388839" lon="8.548813"><ele>131.2</ele></trkpt>
      <trkpt lat="44.388866" lon="8.548849"><ele>131.2</ele></trkpt>
      <trkpt lat="44.388893" lon="8.548884"><ele>131.2</ele></trkpt>
      <trkpt lat="44.388920" lon="8.548920"><ele>131.2</ele></trkpt>
      <trkpt lat="44.388946" lon="8.548956"><ele>131.2</ele></trkpt>
      <trkpt lat="44.388973" lon="8.548994"><ele>131.2</ele></trkpt>
      <trkpt lat="44.388998" lon="8.549030"><ele>131.4</ele></trkpt>
      <trkpt lat="44.389023" lon="8.549065"><ele>131.4</ele></trkpt>
      <trkpt lat="44.389046" lon="8.549097"><ele>131.4</ele></trkpt>
      <trkpt lat="44.389069" lon="8.549129"><ele>131.6</ele></trkpt>
      <trkpt lat="44.389090" lon="8.549160"><ele>131.6</ele></trkpt>
      <trkpt lat="44.389108" lon="8.549186"><ele>131.8</ele></trkpt>
      <trkpt lat="44.389128" lon="8.549215"><ele>131.8</ele></trkpt>
      <trkpt lat="44.389144" lon="8.549235"><ele>132.0</ele></trkpt>
      <trkpt lat="44.389163" lon="8.549258"><ele>132.2</ele></trkpt>
      <trkpt lat="44.389182" lon="8.549283"><ele>132.2</ele></trkpt>
      <trkpt lat="44.389204" lon="8.549310"><ele>132.4</ele></trkpt>
      <trkpt lat="44.389227" lon="8.549335"><ele>132.6</ele></trkpt>
      <trkpt lat="44.389247" lon="8.549361"><ele>132.8</ele></trkpt>
      <trkpt lat="44.389267" lon="8.549388"><ele>132.8</ele></trkpt>
      <trkpt lat="44.389287" lon="8.549413"><ele>133.0</ele></trkpt>
      <trkpt lat="44.389307" lon="8.549436"><ele>133.2</ele></trkpt>
      <trkpt lat="44.389330" lon="8.549460"><ele>133.2</ele></trkpt>
      <trkpt lat="44.389349" lon="8.549485"><ele>133.4</ele></trkpt>
      <trkpt lat="44.389369" lon="8.549510"><ele>133.6</ele></trkpt>
      <trkpt lat="44.389390" lon="8.549534"><ele>133.8</ele></trkpt>
      <trkpt lat="44.389413" lon="8.549557"><ele>134.0</ele></trkpt>
      <trkpt lat="44.389434" lon="8.549578"><ele>134.0</ele></trkpt>
      <trkpt lat="44.389452" lon="8.549598"><ele>134.2</ele></trkpt>
      <trkpt lat="44.389468" lon="8.549624"><ele>134.4</ele></trkpt>
      <trkpt lat="44.389486" lon="8.549650"><ele>134.6</ele></trkpt>
      <trkpt lat="44.389507" lon="8.549680"><ele>134.8</ele></trkpt>
      <trkpt lat="44.389533" lon="8.549708"><ele>135.0</ele></trkpt>
      <trkpt lat="44.389552" lon="8.549734"><ele>135.0</ele></trkpt>
      <trkpt lat="44.389575" lon="8.549755"><ele>135.2</ele></trkpt>
      <trkpt lat="44.389596" lon="8.549774"><ele>135.4</ele></trkpt>
      <trkpt lat="44.389616" lon="8.549793"><ele>135.6</ele></trkpt>
      <trkpt lat="44.389637" lon="8.549811"><ele>135.8</ele></trkpt>
      <trkpt lat="44.389659" lon="8.549828"><ele>136.2</ele></trkpt>
      <trkpt lat="44.389681" lon="8.549840"><ele>136.4</ele></trkpt>
      <trkpt lat="44.389703" lon="8.549855"><ele>136.6</ele></trkpt>
      <trkpt lat="44.389725" lon="8.549866"><ele>136.8</ele></trkpt>
      <trkpt lat="44.389749" lon="8.549874"><ele>136.8</ele></trkpt>
      <trkpt lat="44.389774" lon="8.549881"><ele>137.0</ele></trkpt>
      <trkpt lat="44.389800" lon="8.549887"><ele>137.2</ele></trkpt>
      <trkpt lat="44.389823" lon="8.549894"><ele>137.4</ele></trkpt>
      <trkpt lat="44.389848" lon="8.549904"><ele>137.6</ele></trkpt>
      <trkpt lat="44.389871" lon="8.549909"><ele>137.8</ele></trkpt>
      <trkpt lat="44.389897" lon="8.549909"><ele>138.0</ele></trkpt>
      <trkpt lat="44.389922" lon="8.549911"><ele>138.2</ele></trkpt>
      <trkpt lat="44.389946" lon="8.549911"><ele>138.4</ele></trkpt>
      <trkpt lat="44.389972" lon="8.549911"><ele>138.6</ele></trkpt>
      <trkpt lat="44.389999" lon="8.549911"><ele>138.8</ele></trkpt>
      <trkpt lat="44.390026" lon="8.549907"><ele>139.0</ele></trkpt>
      <trkpt lat="44.390051" lon="8.549900"><ele>139.2</ele></trkpt>
      <trkpt lat="44.390076" lon="8.549897"><ele>139.6</ele></trkpt>
      <trkpt lat="44.390102" lon="8.549892"><ele>139.8</ele></trkpt>
      <trkpt lat="44.390127" lon="8.549887"><ele>140.0</ele></trkpt>
      <trkpt lat="44.390152" lon="8.549882"><ele>140.2</ele></trkpt>
      <trkpt lat="44.390176" lon="8.549880"><ele>140.6</ele></trkpt>
      <trkpt lat="44.390202" lon="8.549877"><ele>140.8</ele></trkpt>
      <trkpt lat="44.390226" lon="8.549875"><ele>141.0</ele></trkpt>
      <trkpt lat="44.390247" lon="8.549874"><ele>141.2</ele></trkpt>
      <trkpt lat="44.390270" lon="8.549871"><ele>141.4</ele></trkpt>
      <trkpt lat="44.390294" lon="8.549865"><ele>141.6</ele></trkpt>
      <trkpt lat="44.390319" lon="8.549860"><ele>141.8</ele></trkpt>
      <trkpt lat="44.390344" lon="8.549855"><ele>142.0</ele></trkpt>
      <trkpt lat="44.390370" lon="8.549848"><ele>142.2</ele></trkpt>
      <trkpt lat="44.390398" lon="8.549842"><ele>142.4</ele></trkpt>
      <trkpt lat="44.390425" lon="8.549834"><ele>142.6</ele></trkpt>
      <trkpt lat="44.390450" lon="8.549828"><ele>143.0</ele></trkpt>
      <trkpt lat="44.390474" lon="8.549824"><ele>143.2</ele></trkpt>
      <trkpt lat="44.390500" lon="8.549817"><ele>143.4</ele></trkpt>
      <trkpt lat="44.390525" lon="8.549809"><ele>143.6</ele></trkpt>
      <trkpt lat="44.390549" lon="8.549805"><ele>143.8</ele></trkpt>
      <trkpt lat="44.390572" lon="8.549799"><ele>144.0</ele></trkpt>
      <trkpt lat="44.390597" lon="8.549791"><ele>144.2</ele></trkpt>
      <trkpt lat="44.390624" lon="8.549787"><ele>144.6</ele></trkpt>
      <trkpt lat="44.390651" lon="8.549783"><ele>144.8</ele></trkpt>
      <trkpt lat="44.390678" lon="8.549777"><ele>145.0</ele></trkpt>
      <trkpt lat="44.390704" lon="8.549769"><ele>145.4</ele></trkpt>
      <trkpt lat="44.390730" lon="8.549764"><ele>145.6</ele></trkpt>
      <trkpt lat="44.390755" lon="8.549761"><ele>145.8</ele></trkpt>
      <trkpt lat="44.390779" lon="8.549758"><ele>146.2</ele></trkpt>
      <trkpt lat="44.390805" lon="8.549755"><ele>146.4</ele></trkpt>
      <trkpt lat="44.390830" lon="8.549750"><ele>146.6</ele></trkpt>
      <trkpt lat="44.390856" lon="8.549744"><ele>146.8</ele></trkpt>
      <trkpt lat="44.390882" lon="8.549740"><ele>147.0</ele></trkpt>
      <trkpt lat="44.390906" lon="8.549739"><ele>147.2</ele></trkpt>
      <trkpt lat="44.390929" lon="8.549731"><ele>147.6</ele></trkpt>
      <trkpt lat="44.390951" lon="8.549725"><ele>147.8</ele></trkpt>
      <trkpt lat="44.390972" lon="8.549718"><ele>148.0</ele></trkpt>
      <trkpt lat="44.390997" lon="8.549710"><ele>148.2</ele></trkpt>
      <trkpt lat="44.391023" lon="8.549697"><ele>148.4</ele></trkpt>
      <trkpt lat="44.391048" lon="8.549682"><ele>148.6</ele></trkpt>
      <trkpt lat="44.391072" lon="8.549668"><ele>148.8</ele></trkpt>
      <trkpt lat="44.391092" lon="8.549655"><ele>149.2</ele></trkpt>
      <trkpt lat="44.391111" lon="8.549637"><ele>149.4</ele></trkpt>
      <trkpt lat="44.391132" lon="8.549618"><ele>149.6</ele></trkpt>
      <trkpt lat="44.391156" lon="8.549597"><ele>149.8</ele></trkpt>
      <trkpt lat="44.391179" lon="8.549580"><ele>150.2</ele></trkpt>
      <trkpt lat="44.391202" lon="8.549564"><ele>150.4</ele></trkpt>
      <trkpt lat="44.391223" lon="8.549550"><ele>150.6</ele></trkpt>
      <trkpt lat="44.391244" lon="8.549538"><ele>150.8</ele></trkpt>
      <trkpt lat="44.391267" lon="8.549523"><ele>151.0</ele></trkpt>
      <trkpt lat="44.391289" lon="8.549505"><ele>151.2</ele></trkpt>
      <trkpt lat="44.391312" lon="8.549486"><ele>151.6</ele></trkpt>
      <trkpt lat="44.391334" lon="8.549472"><ele>151.8</ele></trkpt>
      <trkpt lat="44.391353" lon="8.549450"><ele>152.0</ele></trkpt>
      <trkpt lat="44.391373" lon="8.549431"><ele>152.2</ele></trkpt>
      <trkpt lat="44.391393" lon="8.549412"><ele>152.4</ele></trkpt>
      <trkpt lat="44.391412" lon="8.549395"><ele>152.6</ele></trkpt>
      <trkpt lat="44.391431" lon="8.549377"><ele>152.8</ele></trkpt>
      <trkpt lat="44.391452" lon="8.549362"><ele>153.0</ele></trkpt>
      <trkpt lat="44.391470" lon="8.549344"><ele>153.4</ele></trkpt>
      <trkpt lat="44.391488" lon="8.549321"><ele>153.6</ele></trkpt>
      <trkpt lat="44.391507" lon="8.549300"><ele>153.8</ele></trkpt>
      <trkpt lat="44.391523" lon="8.549276"><ele>154.0</ele></trkpt>
      <trkpt lat="44.391541" lon="8.549254"><ele>154.2</ele></trkpt>
      <trkpt lat="44.391558" lon="8.549231"><ele>154.4</ele></trkpt>
      <trkpt lat="44.391574" lon="8.549208"><ele>154.6</ele></trkpt>
      <trkpt lat="44.391589" lon="8.549183"><ele>154.8</ele></trkpt>
      <trkpt lat="44.391606" lon="8.549159"><ele>155.2</ele></trkpt>
      <trkpt lat="44.391619" lon="8.549132"><ele>155.4</ele></trkpt>
      <trkpt lat="44.391630" lon="8.549100"><ele>155.6</ele></trkpt>
      <trkpt lat="44.391642" lon="8.549067"><ele>155.8</ele></trkpt>
      <trkpt lat="44.391652" lon="8.549034"><ele>156.0</ele></trkpt>
      <trkpt lat="44.391661" lon="8.549001"><ele>156.2</ele></trkpt>
      <trkpt lat="44.391666" lon="8.548965"><ele>156.4</ele></trkpt>
      <trkpt lat="44.391671" lon="8.548932"><ele>156.6</ele></trkpt>
      <trkpt lat="44.391674" lon="8.548896"><ele>156.8</ele></trkpt>
      <trkpt lat="44.391676" lon="8.548860"><ele>157.0</ele></trkpt>
      <trkpt lat="44.391679" lon="8.548821"><ele>157.2</ele></trkpt>
      <trkpt lat="44.391684" lon="8.548785"><ele>157.4</ele></trkpt>
      <trkpt lat="44.391687" lon="8.548747"><ele>157.6</ele></trkpt>
      <trkpt lat="44.391695" lon="8.548711"><ele>157.8</ele></trkpt>
      <trkpt lat="44.391702" lon="8.548675"><ele>158.0</ele></trkpt>
      <trkpt lat="44.391708" lon="8.548643"><ele>158.2</ele></trkpt>
      <trkpt lat="44.391713" lon="8.548606"><ele>158.4</ele></trkpt>
      <trkpt lat="44.391718" lon="8.548567"><ele>158.6</ele></trkpt>
      <trkpt lat="44.391725" lon="8.548534"><ele>158.8</ele></trkpt>
      <trkpt lat="44.391733" lon="8.548502"><ele>159.0</ele></trkpt>
      <trkpt lat="44.391740" lon="8.548473"><ele>159.2</ele></trkpt>
      <trkpt lat="44.391744" lon="8.548442"><ele>159.4</ele></trkpt>
      <trkpt lat="44.391754" lon="8.548410"><ele>159.6</ele></trkpt>
      <trkpt lat="44.391761" lon="8.548376"><ele>159.8</ele></trkpt>
      <trkpt lat="44.391770" lon="8.548339"><ele>160.0</ele></trkpt>
      <trkpt lat="44.391777" lon="8.548297"><ele>160.4</ele></trkpt>
      <trkpt lat="44.391789" lon="8.548263"><ele>160.6</ele></trkpt>
      <trkpt lat="44.391800" lon="8.548228"><ele>160.8</ele></trkpt>
      <trkpt lat="44.391812" lon="8.548193"><ele>161.0</ele></trkpt>
      <trkpt lat="44.391819" lon="8.548153"><ele>161.2</ele></trkpt>
      <trkpt lat="44.391822" lon="8.548117"><ele>161.4</ele></trkpt>
      <trkpt lat="44.391826" lon="8.548077"><ele>161.6</ele></trkpt>
      <trkpt lat="44.391830" lon="8.548041"><ele>161.6</ele></trkpt>
      <trkpt lat="44.391836" lon="8.548003"><ele>161.8</ele></trkpt>
      <trkpt lat="44.391843" lon="8.547968"><ele>162.0</ele></trkpt>
      <trkpt lat="44.391849" lon="8.547932"><ele>162.2</ele></trkpt>
      <trkpt lat="44.391856" lon="8.547896"><ele>162.4</ele></trkpt>
      <trkpt lat="44.391857" lon="8.547860"><ele>162.6</ele></trkpt>
      <trkpt lat="44.391864" lon="8.547827"><ele>162.8</ele></trkpt>
      <trkpt lat="44.391871" lon="8.547792"><ele>163.0</ele></trkpt>
      <trkpt lat="44.391878" lon="8.547752"><ele>163.2</ele></trkpt>
      <trkpt lat="44.391882" lon="8.547707"><ele>163.4</ele></trkpt>
      <trkpt lat="44.391887" lon="8.547662"><ele>163.6</ele></trkpt>
      <trkpt lat="44.391896" lon="8.547616"><ele>164.0</ele></trkpt>
      <trkpt lat="44.391902" lon="8.547567"><ele>164.2</ele></trkpt>
      <trkpt lat="44.391903" lon="8.547528"><ele>164.4</ele></trkpt>
      <trkpt lat="44.391904" lon="8.547495"><ele>164.6</ele></trkpt>
      <trkpt lat="44.391910" lon="8.547465"><ele>164.8</ele></trkpt>
      <trkpt lat="44.391915" lon="8.547438"><ele>165.0</ele></trkpt>
      <trkpt lat="44.391923" lon="8.547406"><ele>165.4</ele></trkpt>
      <trkpt lat="44.391930" lon="8.547371"><ele>165.6</ele></trkpt>
      <trkpt lat="44.391936" lon="8.547335"><ele>165.8</ele></trkpt>
      <trkpt lat="44.391944" lon="8.547301"><ele>166.0</ele></trkpt>
      <trkpt lat="44.391954" lon="8.547267"><ele>166.0</ele></trkpt>
      <trkpt lat="44.391962" lon="8.547233"><ele>166.2</ele></trkpt>
      <trkpt lat="44.391969" lon="8.547205"><ele>166.4</ele></trkpt>
      <trkpt lat="44.391979" lon="8.547172"><ele>166.6</ele></trkpt>
      <trkpt lat="44.391994" lon="8.547141"><ele>166.8</ele></trkpt>
      <trkpt lat="44.392010" lon="8.547115"><ele>167.0</ele></trkpt>
      <trkpt lat="44.392029" lon="8.547089"><ele>167.2</ele></trkpt>
      <trkpt lat="44.392048" lon="8.547067"><ele>167.4</ele></trkpt>
      <trkpt lat="44.392070" lon="8.547049"><ele>167.6</ele></trkpt>
      <trkpt lat="44.392092" lon="8.547034"><ele>167.8</ele></trkpt>
      <trkpt lat="44.392113" lon="8.547018"><ele>168.0</ele></trkpt>
      <trkpt lat="44.392134" lon="8.546998"><ele>168.2</ele></trkpt>
      <trkpt lat="44.392156" lon="8.546987"><ele>168.4</ele></trkpt>
      <trkpt lat="44.392175" lon="8.546982"><ele>168.6</ele></trkpt>
      <trkpt lat="44.392195" lon="8.546975"><ele>168.8</ele></trkpt>
      <trkpt lat="44.392216" lon="8.546967"><ele>169.0</ele></trkpt>
      <trkpt lat="44.392238" lon="8.546956"><ele>169.2</ele></trkpt>
      <trkpt lat="44.392259" lon="8.546948"><ele>169.4</ele></trkpt>
      <trkpt lat="44.392281" lon="8.546941"><ele>169.6</ele></trkpt>
      <trkpt lat="44.392302" lon="8.546935"><ele>169.8</ele></trkpt>
      <trkpt lat="44.392323" lon="8.546925"><ele>170.0</ele></trkpt>
      <trkpt lat="44.392347" lon="8.546916"><ele>170.2</ele></trkpt>
      <trkpt lat="44.392370" lon="8.546905"><ele>170.4</ele></trkpt>
      <trkpt lat="44.392394" lon="8.546896"><ele>170.6</ele></trkpt>
      <trkpt lat="44.392419" lon="8.546891"><ele>170.8</ele></trkpt>
      <trkpt lat="44.392442" lon="8.546885"><ele>171.0</ele></trkpt>
      <trkpt lat="44.392465" lon="8.546877"><ele>171.2</ele></trkpt>
      <trkpt lat="44.392487" lon="8.546870"><ele>171.4</ele></trkpt>
      <trkpt lat="44.392510" lon="8.546864"><ele>171.6</ele></trkpt>
      <trkpt lat="44.392530" lon="8.546853"><ele>172.0</ele></trkpt>
      <trkpt lat="44.392549" lon="8.546842"><ele>172.2</ele></trkpt>
      <trkpt lat="44.392572" lon="8.546831"><ele>172.6</ele></trkpt>
      <trkpt lat="44.392593" lon="8.546821"><ele>172.8</ele></trkpt>
      <trkpt lat="44.392614" lon="8.546807"><ele>173.0</ele></trkpt>
      <trkpt lat="44.392635" lon="8.546786"><ele>173.4</ele></trkpt>
      <trkpt lat="44.392649" lon="8.546767"><ele>173.6</ele></trkpt>
      <trkpt lat="44.392658" lon="8.546747"><ele>173.8</ele></trkpt>
      <trkpt lat="44.392667" lon="8.546728"><ele>174.0</ele></trkpt>
      <trkpt lat="44.392679" lon="8.546708"><ele>174.2</ele></trkpt>
      <trkpt lat="44.392692" lon="8.546689"><ele>174.6</ele></trkpt>
      <trkpt lat="44.392709" lon="8.546673"><ele>174.8</ele></trkpt>
      <trkpt lat="44.392722" lon="8.546655"><ele>175.0</ele></trkpt>
      <trkpt lat="44.392734" lon="8.546634"><ele>175.2</ele></trkpt>
      <trkpt lat="44.392749" lon="8.546616"><ele>175.2</ele></trkpt>
      <trkpt lat="44.392766" lon="8.546602"><ele>175.4</ele></trkpt>
      <trkpt lat="44.392781" lon="8.546583"><ele>175.6</ele></trkpt>
      <trkpt lat="44.392795" lon="8.546562"><ele>175.8</ele></trkpt>
      <trkpt lat="44.392809" lon="8.546536"><ele>176.0</ele></trkpt>
      <trkpt lat="44.392823" lon="8.546516"><ele>176.2</ele></trkpt>
      <trkpt lat="44.392837" lon="8.546500"><ele>176.4</ele></trkpt>
      <trkpt lat="44.392850" lon="8.546486"><ele>176.6</ele></trkpt>
      <trkpt lat="44.392862" lon="8.546468"><ele>176.8</ele></trkpt>
      <trkpt lat="44.392876" lon="8.546448"><ele>176.8</ele></trkpt>
      <trkpt lat="44.392891" lon="8.546432"><ele>177.0</ele></trkpt>
      <trkpt lat="44.392906" lon="8.546415"><ele>177.2</ele></trkpt>
      <trkpt lat="44.392922" lon="8.546403"><ele>177.4</ele></trkpt>
      <trkpt lat="44.392939" lon="8.546393"><ele>177.6</ele></trkpt>
      <trkpt lat="44.392954" lon="8.546386"><ele>177.8</ele></trkpt>
      <trkpt lat="44.392971" lon="8.546378"><ele>178.0</ele></trkpt>
      <trkpt lat="44.392988" lon="8.546369"><ele>178.2</ele></trkpt>
      <trkpt lat="44.393006" lon="8.546363"><ele>178.2</ele></trkpt>
      <trkpt lat="44.393023" lon="8.546356"><ele>178.4</ele></trkpt>
      <trkpt lat="44.393042" lon="8.546353"><ele>178.6</ele></trkpt>
      <trkpt lat="44.393061" lon="8.546349"><ele>178.6</ele></trkpt>
      <trkpt lat="44.393080" lon="8.546342"><ele>178.8</ele></trkpt>
      <trkpt lat="44.393100" lon="8.546334"><ele>179.0</ele></trkpt>
      <trkpt lat="44.393121" lon="8.546326"><ele>179.2</ele></trkpt>
      <trkpt lat="44.393143" lon="8.546316"><ele>179.2</ele></trkpt>
      <trkpt lat="44.393166" lon="8.546307"><ele>179.4</ele></trkpt>
      <trkpt lat="44.393189" lon="8.546293"><ele>179.6</ele></trkpt>
      <trkpt lat="44.393212" lon="8.546281"><ele>179.8</ele></trkpt>
      <trkpt lat="44.393234" lon="8.546268"><ele>180.0</ele></trkpt>
      <trkpt lat="44.393256" lon="8.546250"><ele>180.2</ele></trkpt>
      <trkpt lat="44.393276" lon="8.546231"><ele>180.4</ele></trkpt>
      <trkpt lat="44.393295" lon="8.546213"><ele>180.6</ele></trkpt>
      <trkpt lat="44.393312" lon="8.546195"><ele>180.8</ele></trkpt>
      <trkpt lat="44.393327" lon="8.546176"><ele>181.0</ele></trkpt>
      <trkpt lat="44.393343" lon="8.546158"><ele>181.2</ele></trkpt>
      <trkpt lat="44.393358" lon="8.546137"><ele>181.4</ele></trkpt>
      <trkpt lat="44.393374" lon="8.546114"><ele>181.6</ele></trkpt>
      <trkpt lat="44.393388" lon="8.546090"><ele>181.8</ele></trkpt>
      <trkpt lat="44.393399" lon="8.546065"><ele>182.0</ele></trkpt>
      <trkpt lat="44.393409" lon="8.546038"><ele>182.2</ele></trkpt>
      <trkpt lat="44.393420" lon="8.546010"><ele>182.4</ele></trkpt>
      <trkpt lat="44.393431" lon="8.545985"><ele>182.6</ele></trkpt>
      <trkpt lat="44.393441" lon="8.545963"><ele>182.8</ele></trkpt>
      <trkpt lat="44.393449" lon="8.545937"><ele>183.0</ele></trkpt>
      <trkpt lat="44.393458" lon="8.545912"><ele>183.2</ele></trkpt>
      <trkpt lat="44.393471" lon="8.545887"><ele>183.4</ele></trkpt>
      <trkpt lat="44.393483" lon="8.545861"><ele>183.6</ele></trkpt>
      <trkpt lat="44.393490" lon="8.545835"><ele>184.0</ele></trkpt>
      <trkpt lat="44.393499" lon="8.545815"><ele>184.2</ele></trkpt>
      <trkpt lat="44.393512" lon="8.545795"><ele>184.4</ele></trkpt>
      <trkpt lat="44.393523" lon="8.545770"><ele>184.6</ele></trkpt>
      <trkpt lat="44.393532" lon="8.545742"><ele>184.8</ele></trkpt>
      <trkpt lat="44.393539" lon="8.545713"><ele>185.0</ele></trkpt>
      <trkpt lat="44.393548" lon="8.545686"><ele>185.2</ele></trkpt>
      <trkpt lat="44.393559" lon="8.545664"><ele>185.6</ele></trkpt>
      <trkpt lat="44.393569" lon="8.545639"><ele>185.6</ele></trkpt>
      <trkpt lat="44.393576" lon="8.545617"><ele>185.8</ele></trkpt>
      <trkpt lat="44.393585" lon="8.545591"><ele>186.0</ele></trkpt>
      <trkpt lat="44.393594" lon="8.545567"><ele>186.2</ele></trkpt>
      <trkpt lat="44.393603" lon="8.545540"><ele>186.4</ele></trkpt>
      <trkpt lat="44.393613" lon="8.545514"><ele>186.6</ele></trkpt>
      <trkpt lat="44.393623" lon="8.545487"><ele>186.8</ele></trkpt>
      <trkpt lat="44.393631" lon="8.545460"><ele>187.0</ele></trkpt>
      <trkpt lat="44.393640" lon="8.545434"><ele>187.2</ele></trkpt>
      <trkpt lat="44.393650" lon="8.545410"><ele>187.2</ele></trkpt>
      <trkpt lat="44.393658" lon="8.545383"><ele>187.4</ele></trkpt>
      <trkpt lat="44.393668" lon="8.545355"><ele>187.6</ele></trkpt>
      <trkpt lat="44.393679" lon="8.545326"><ele>187.8</ele></trkpt>
      <trkpt lat="44.393691" lon="8.545302"><ele>188.0</ele></trkpt>
      <trkpt lat="44.393703" lon="8.545277"><ele>188.2</ele></trkpt>
      <trkpt lat="44.393716" lon="8.545254"><ele>188.4</ele></trkpt>
      <trkpt lat="44.393730" lon="8.545234"><ele>188.6</ele></trkpt>
      <trkpt lat="44.393743" lon="8.545210"><ele>188.8</ele></trkpt>
      <trkpt lat="44.393756" lon="8.545190"><ele>189.0</ele></trkpt>
      <trkpt lat="44.393769" lon="8.545170"><ele>189.0</ele></trkpt>
      <trkpt lat="44.393781" lon="8.545144"><ele>189.2</ele></trkpt>
      <trkpt lat="44.393796" lon="8.545122"><ele>189.4</ele></trkpt>
      <trkpt lat="44.393810" lon="8.545102"><ele>189.6</ele></trkpt>
      <trkpt lat="44.393821" lon="8.545079"><ele>189.8</ele></trkpt>
      <trkpt lat="44.393835" lon="8.545061"><ele>190.0</ele></trkpt>
      <trkpt lat="44.393849" lon="8.545041"><ele>190.2</ele></trkpt>
      <trkpt lat="44.393861" lon="8.545020"><ele>190.4</ele></trkpt>
      <trkpt lat="44.393873" lon="8.544999"><ele>190.6</ele></trkpt>
      <trkpt lat="44.393886" lon="8.544977"><ele>190.8</ele></trkpt>
      <trkpt lat="44.393898" lon="8.544952"><ele>191.0</ele></trkpt>
      <trkpt lat="44.393912" lon="8.544927"><ele>191.2</ele></trkpt>
      <trkpt lat="44.393927" lon="8.544903"><ele>191.4</ele></trkpt>
      <trkpt lat="44.393940" lon="8.544878"><ele>191.6</ele></trkpt>
      <trkpt lat="44.393952" lon="8.544853"><ele>191.6</ele></trkpt>
      <trkpt lat="44.393965" lon="8.544828"><ele>191.8</ele></trkpt>
      <trkpt lat="44.393979" lon="8.544805"><ele>192.0</ele></trkpt>
      <trkpt lat="44.393993" lon="8.544780"><ele>192.2</ele></trkpt>
      <trkpt lat="44.394009" lon="8.544756"><ele>192.2</ele></trkpt>
      <trkpt lat="44.394023" lon="8.544733"><ele>192.4</ele></trkpt>
      <trkpt lat="44.394037" lon="8.544712"><ele>192.6</ele></trkpt>
      <trkpt lat="44.394052" lon="8.544689"><ele>192.8</ele></trkpt>
      <trkpt lat="44.394065" lon="8.544665"><ele>193.0</ele></trkpt>
      <trkpt lat="44.394078" lon="8.544644"><ele>193.2</ele></trkpt>
      <trkpt lat="44.394093" lon="8.544620"><ele>193.4</ele></trkpt>
      <trkpt lat="44.394107" lon="8.544594"><ele>193.6</ele></trkpt>
      <trkpt lat="44.394120" lon="8.544570"><ele>193.8</ele></trkpt>
      <trkpt lat="44.394132" lon="8.544548"><ele>193.8</ele></trkpt>
      <trkpt lat="44.394144" lon="8.544524"><ele>194.0</ele></trkpt>
      <trkpt lat="44.394157" lon="8.544499"><ele>194.2</ele></trkpt>
      <trkpt lat="44.394171" lon="8.544474"><ele>194.4</ele></trkpt>
      <trkpt lat="44.394185" lon="8.544452"><ele>194.6</ele></trkpt>
      <trkpt lat="44.394197" lon="8.544429"><ele>194.8</ele></trkpt>
      <trkpt lat="44.394211" lon="8.544405"><ele>195.0</ele></trkpt>
      <trkpt lat="44.394226" lon="8.544383"><ele>195.0</ele></trkpt>
      <trkpt lat="44.394242" lon="8.544366"><ele>195.2</ele></trkpt>
      <trkpt lat="44.394259" lon="8.544353"><ele>195.4</ele></trkpt>
      <trkpt lat="44.394280" lon="8.544342"><ele>195.4</ele></trkpt>
      <trkpt lat="44.394302" lon="8.544332"><ele>195.6</ele></trkpt>
      <trkpt lat="44.394324" lon="8.544329"><ele>195.8</ele></trkpt>
      <trkpt lat="44.394345" lon="8.544333"><ele>195.8</ele></trkpt>
      <trkpt lat="44.394367" lon="8.544341"><ele>196.0</ele></trkpt>
      <trkpt lat="44.394386" lon="8.544353"><ele>196.2</ele></trkpt>
      <trkpt lat="44.394401" lon="8.544372"><ele>196.4</ele></trkpt>
      <trkpt lat="44.394414" lon="8.544396"><ele>196.8</ele></trkpt>
      <trkpt lat="44.394425" lon="8.544421"><ele>197.0</ele></trkpt>
      <trkpt lat="44.394433" lon="8.544450"><ele>197.2</ele></trkpt>
      <trkpt lat="44.394440" lon="8.544479"><ele>197.4</ele></trkpt>
      <trkpt lat="44.394442" lon="8.544508"><ele>197.4</ele></trkpt>
      <trkpt lat="44.394443" lon="8.544535"><ele>197.6</ele></trkpt>
      <trkpt lat="44.394439" lon="8.544565"><ele>197.8</ele></trkpt>
      <trkpt lat="44.394439" lon="8.544594"><ele>198.0</ele></trkpt>
      <trkpt lat="44.394437" lon="8.544622"><ele>198.2</ele></trkpt>
      <trkpt lat="44.394432" lon="8.544649"><ele>198.4</ele></trkpt>
      <trkpt lat="44.394435" lon="8.544675"><ele>198.6</ele></trkpt>
      <trkpt lat="44.394436" lon="8.544702"><ele>198.8</ele></trkpt>
      <trkpt lat="44.394431" lon="8.544727"><ele>199.0</ele></trkpt>
      <trkpt lat="44.394432" lon="8.544754"><ele>199.2</ele></trkpt>
      <trkpt lat="44.394432" lon="8.544790"><ele>199.4</ele></trkpt>
      <trkpt lat="44.394432" lon="8.544831"><ele>199.6</ele></trkpt>
      <trkpt lat="44.394430" lon="8.544868"><ele>199.8</ele></trkpt>
      <trkpt lat="44.394427" lon="8.544906"><ele>200.0</ele></trkpt>
      <trkpt lat="44.394422" lon="8.544947"><ele>200.2</ele></trkpt>
      <trkpt lat="44.394414" lon="8.544986"><ele>200.4</ele></trkpt>
      <trkpt lat="44.394404" lon="8.545019"><ele>200.8</ele></trkpt>
      <trkpt lat="44.394390" lon="8.545045"><ele>201.0</ele></trkpt>
      <trkpt lat="44.394379" lon="8.545068"><ele>201.2</ele></trkpt>
      <trkpt lat="44.394367" lon="8.545092"><ele>201.4</ele></trkpt>
      <trkpt lat="44.394358" lon="8.545112"><ele>201.6</ele></trkpt>
      <trkpt lat="44.394343" lon="8.545134"><ele>201.8</ele></trkpt>
      <trkpt lat="44.394329" lon="8.545155"><ele>202.0</ele></trkpt>
      <trkpt lat="44.394316" lon="8.545177"><ele>202.2</ele></trkpt>
      <trkpt lat="44.394300" lon="8.545198"><ele>202.4</ele></trkpt>
      <trkpt lat="44.394280" lon="8.545212"><ele>202.6</ele></trkpt>
      <trkpt lat="44.394263" lon="8.545231"><ele>202.8</ele></trkpt>
      <trkpt lat="44.394247" lon="8.545251"><ele>202.8</ele></trkpt>
      <trkpt lat="44.394230" lon="8.545272"><ele>203.0</ele></trkpt>
      <trkpt lat="44.394217" lon="8.545292"><ele>203.2</ele></trkpt>
      <trkpt lat="44.394200" lon="8.545311"><ele>203.4</ele></trkpt>
      <trkpt lat="44.394184" lon="8.545330"><ele>203.6</ele></trkpt>
      <trkpt lat="44.394166" lon="8.545347"><ele>203.8</ele></trkpt>
      <trkpt lat="44.394146" lon="8.545361"><ele>204.0</ele></trkpt>
      <trkpt lat="44.394130" lon="8.545380"><ele>204.2</ele></trkpt>
      <trkpt lat="44.394116" lon="8.545404"><ele>204.4</ele></trkpt>
      <trkpt lat="44.394103" lon="8.545426"><ele>204.6</ele></trkpt>
      <trkpt lat="44.394091" lon="8.545447"><ele>204.8</ele></trkpt>
      <trkpt lat="44.394081" lon="8.545469"><ele>205.0</ele></trkpt>
      <trkpt lat="44.394076" lon="8.545495"><ele>205.2</ele></trkpt>
      <trkpt lat="44.394072" lon="8.545523"><ele>205.4</ele></trkpt>
      <trkpt lat="44.394070" lon="8.545548"><ele>205.6</ele></trkpt>
      <trkpt lat="44.394068" lon="8.545580"><ele>205.8</ele></trkpt>
      <trkpt lat="44.394070" lon="8.545609"><ele>205.8</ele></trkpt>
      <trkpt lat="44.394074" lon="8.545640"><ele>206.0</ele></trkpt>
      <trkpt lat="44.394079" lon="8.545671"><ele>206.2</ele></trkpt>
      <trkpt lat="44.394084" lon="8.545703"><ele>206.4</ele></trkpt>
      <trkpt lat="44.394093" lon="8.545733"><ele>206.4</ele></trkpt>
      <trkpt lat="44.394104" lon="8.545763"><ele>206.6</ele></trkpt>
      <trkpt lat="44.394115" lon="8.545791"><ele>206.6</ele></trkpt>
      <trkpt lat="44.394125" lon="8.545821"><ele>206.8</ele></trkpt>
      <trkpt lat="44.394135" lon="8.545851"><ele>206.8</ele></trkpt>
      <trkpt lat="44.394142" lon="8.545880"><ele>207.0</ele></trkpt>
      <trkpt lat="44.394149" lon="8.545909"><ele>207.2</ele></trkpt>
      <trkpt lat="44.394156" lon="8.545940"><ele>207.4</ele></trkpt>
      <trkpt lat="44.394163" lon="8.545971"><ele>207.6</ele></trkpt>
      <trkpt lat="44.394169" lon="8.546000"><ele>207.6</ele></trkpt>
      <trkpt lat="44.394176" lon="8.546029"><ele>207.8</ele></trkpt>
      <trkpt lat="44.394178" lon="8.546058"><ele>208.0</ele></trkpt>
      <trkpt lat="44.394182" lon="8.546090"><ele>208.2</ele></trkpt>
      <trkpt lat="44.394185" lon="8.546120"><ele>208.2</ele></trkpt>
      <trkpt lat="44.394184" lon="8.546151"><ele>208.4</ele></trkpt>
      <trkpt lat="44.394180" lon="8.546180"><ele>208.6</ele></trkpt>
      <trkpt lat="44.394173" lon="8.546211"><ele>208.8</ele></trkpt>
      <trkpt lat="44.394163" lon="8.546237"><ele>209.2</ele></trkpt>
      <trkpt lat="44.394153" lon="8.546260"><ele>209.4</ele></trkpt>
      <trkpt lat="44.394147" lon="8.546287"><ele>209.6</ele></trkpt>
      <trkpt lat="44.394137" lon="8.546312"><ele>209.8</ele></trkpt>
      <trkpt lat="44.394127" lon="8.546335"><ele>210.2</ele></trkpt>
      <trkpt lat="44.394117" lon="8.546359"><ele>210.4</ele></trkpt>
      <trkpt lat="44.394106" lon="8.546381"><ele>210.6</ele></trkpt>
      <trkpt lat="44.394094" lon="8.546402"><ele>210.8</ele></trkpt>
      <trkpt lat="44.394083" lon="8.546422"><ele>211.0</ele></trkpt>
      <trkpt lat="44.394074" lon="8.546446"><ele>211.2</ele></trkpt>
      <trkpt lat="44.394060" lon="8.546468"><ele>211.4</ele></trkpt>
      <trkpt lat="44.394049" lon="8.546494"><ele>211.6</ele></trkpt>
      <trkpt lat="44.394039" lon="8.546519"><ele>211.8</ele></trkpt>
      <trkpt lat="44.394031" lon="8.546543"><ele>212.0</ele></trkpt>
      <trkpt lat="44.394022" lon="8.546566"><ele>212.2</ele></trkpt>
      <trkpt lat="44.394011" lon="8.546586"><ele>212.4</ele></trkpt>
      <trkpt lat="44.393998" lon="8.546606"><ele>212.6</ele></trkpt>
      <trkpt lat="44.393986" lon="8.546627"><ele>212.8</ele></trkpt>
      <trkpt lat="44.393977" lon="8.546651"><ele>213.0</ele></trkpt>
      <trkpt lat="44.393966" lon="8.546673"><ele>213.2</ele></trkpt>
      <trkpt lat="44.393955" lon="8.546694"><ele>213.4</ele></trkpt>
      <trkpt lat="44.393943" lon="8.546715"><ele>213.6</ele></trkpt>
      <trkpt lat="44.393933" lon="8.546735"><ele>213.8</ele></trkpt>
      <trkpt lat="44.393926" lon="8.546762"><ele>214.0</ele></trkpt>
      <trkpt lat="44.393916" lon="8.546788"><ele>214.2</ele></trkpt>
      <trkpt lat="44.393906" lon="8.546813"><ele>214.4</ele></trkpt>
      <trkpt lat="44.393896" lon="8.546838"><ele>214.4</ele></trkpt>
      <trkpt lat="44.393887" lon="8.546860"><ele>214.6</ele></trkpt>
      <trkpt lat="44.393876" lon="8.546881"><ele>214.8</ele></trkpt>
      <trkpt lat="44.393863" lon="8.546905"><ele>215.0</ele></trkpt>
      <trkpt lat="44.393848" lon="8.546927"><ele>215.0</ele></trkpt>
      <trkpt lat="44.393835" lon="8.546950"><ele>215.2</ele></trkpt>
      <trkpt lat="44.393822" lon="8.546972"><ele>215.4</ele></trkpt>
      <trkpt lat="44.393808" lon="8.546993"><ele>215.6</ele></trkpt>
      <trkpt lat="44.393796" lon="8.547015"><ele>215.8</ele></trkpt>
      <trkpt lat="44.393784" lon="8.547039"><ele>216.0</ele></trkpt>
      <trkpt lat="44.393771" lon="8.547065"><ele>216.0</ele></trkpt>
      <trkpt lat="44.393755" lon="8.547087"><ele>216.2</ele></trkpt>
      <trkpt lat="44.393741" lon="8.547111"><ele>216.4</ele></trkpt>
      <trkpt lat="44.393728" lon="8.547136"><ele>216.6</ele></trkpt>
      <trkpt lat="44.393717" lon="8.547160"><ele>216.8</ele></trkpt>
      <trkpt lat="44.393704" lon="8.547185"><ele>217.0</ele></trkpt>
      <trkpt lat="44.393691" lon="8.547210"><ele>217.2</ele></trkpt>
      <trkpt lat="44.393678" lon="8.547237"><ele>217.4</ele></trkpt>
      <trkpt lat="44.393665" lon="8.547263"><ele>217.6</ele></trkpt>
      <trkpt lat="44.393650" lon="8.547287"><ele>217.8</ele></trkpt>
      <trkpt lat="44.393636" lon="8.547309"><ele>218.0</ele></trkpt>
      <trkpt lat="44.393623" lon="8.547333"><ele>218.2</ele></trkpt>
      <trkpt lat="44.393608" lon="8.547360"><ele>218.2</ele></trkpt>
      <trkpt lat="44.393594" lon="8.547382"><ele>218.4</ele></trkpt>
      <trkpt lat="44.393583" lon="8.547406"><ele>218.6</ele></trkpt>
      <trkpt lat="44.393572" lon="8.547429"><ele>218.8</ele></trkpt>
      <trkpt lat="44.393563" lon="8.547454"><ele>218.8</ele></trkpt>
      <trkpt lat="44.393554" lon="8.547477"><ele>219.0</ele></trkpt>
      <trkpt lat="44.393540" lon="8.547499"><ele>219.2</ele></trkpt>
      <trkpt lat="44.393527" lon="8.547524"><ele>219.4</ele></trkpt>
      <trkpt lat="44.393514" lon="8.547551"><ele>219.6</ele></trkpt>
      <trkpt lat="44.393506" lon="8.547578"><ele>219.8</ele></trkpt>
      <trkpt lat="44.393502" lon="8.547605"><ele>220.0</ele></trkpt>
      <trkpt lat="44.393494" lon="8.547632"><ele>220.2</ele></trkpt>
      <trkpt lat="44.393487" lon="8.547660"><ele>220.4</ele></trkpt>
      <trkpt lat="44.393484" lon="8.547692"><ele>220.6</ele></trkpt>
      <trkpt lat="44.393485" lon="8.547725"><ele>220.8</ele></trkpt>
      <trkpt lat="44.393489" lon="8.547754"><ele>221.0</ele></trkpt>
      <trkpt lat="44.393495" lon="8.547785"><ele>221.2</ele></trkpt>
      <trkpt lat="44.393502" lon="8.547815"><ele>221.2</ele></trkpt>
      <trkpt lat="44.393515" lon="8.547846"><ele>221.6</ele></trkpt>
      <trkpt lat="44.393530" lon="8.547875"><ele>221.6</ele></trkpt>
      <trkpt lat="44.393547" lon="8.547902"><ele>221.8</ele></trkpt>
      <trkpt lat="44.393565" lon="8.547923"><ele>222.0</ele></trkpt>
      <trkpt lat="44.393582" lon="8.547944"><ele>222.2</ele></trkpt>
      <trkpt lat="44.393601" lon="8.547959"><ele>222.4</ele></trkpt>
      <trkpt lat="44.393622" lon="8.547971"><ele>222.6</ele></trkpt>
      <trkpt lat="44.393642" lon="8.547979"><ele>222.8</ele></trkpt>
      <trkpt lat="44.393661" lon="8.547983"><ele>223.0</ele></trkpt>
      <trkpt lat="44.393681" lon="8.547985"><ele>223.2</ele></trkpt>
      <trkpt lat="44.393700" lon="8.547982"><ele>223.4</ele></trkpt>
      <trkpt lat="44.393720" lon="8.547980"><ele>223.8</ele></trkpt>
      <trkpt lat="44.393740" lon="8.547972"><ele>224.0</ele></trkpt>
      <trkpt lat="44.393759" lon="8.547961"><ele>224.2</ele></trkpt>
      <trkpt lat="44.393778" lon="8.547947"><ele>224.4</ele></trkpt>
      <trkpt lat="44.393795" lon="8.547929"><ele>224.6</ele></trkpt>
      <trkpt lat="44.393814" lon="8.547908"><ele>224.8</ele></trkpt>
      <trkpt lat="44.393833" lon="8.547891"><ele>225.0</ele></trkpt>
      <trkpt lat="44.393851" lon="8.547873"><ele>225.2</ele></trkpt>
      <trkpt lat="44.393868" lon="8.547855"><ele>225.4</ele></trkpt>
      <trkpt lat="44.393884" lon="8.547832"><ele>225.4</ele></trkpt>
      <trkpt lat="44.393902" lon="8.547815"><ele>225.6</ele></trkpt>
      <trkpt lat="44.393920" lon="8.547804"><ele>225.8</ele></trkpt>
      <trkpt lat="44.393938" lon="8.547788"><ele>226.0</ele></trkpt>
      <trkpt lat="44.393952" lon="8.547770"><ele>226.2</ele></trkpt>
      <trkpt lat="44.393967" lon="8.547752"><ele>226.4</ele></trkpt>
      <trkpt lat="44.393983" lon="8.547736"><ele>226.6</ele></trkpt>
      <trkpt lat="44.393999" lon="8.547719"><ele>226.8</ele></trkpt>
      <trkpt lat="44.394016" lon="8.547701"><ele>227.0</ele></trkpt>
      <trkpt lat="44.394032" lon="8.547686"><ele>227.2</ele></trkpt>
      <trkpt lat="44.394050" lon="8.547668"><ele>227.4</ele></trkpt>
      <trkpt lat="44.394067" lon="8.547651"><ele>227.6</ele></trkpt>
      <trkpt lat="44.394086" lon="8.547636"><ele>227.8</ele></trkpt>
      <trkpt lat="44.394103" lon="8.547618"><ele>228.0</ele></trkpt>
      <trkpt lat="44.394119" lon="8.547601"><ele>228.2</ele></trkpt>
      <trkpt lat="44.394135" lon="8.547586"><ele>228.4</ele></trkpt>
      <trkpt lat="44.394152" lon="8.547571"><ele>228.6</ele></trkpt>
      <trkpt lat="44.394169" lon="8.547552"><ele>228.8</ele></trkpt>
      <trkpt lat="44.394185" lon="8.547531"><ele>229.0</ele></trkpt>
      <trkpt lat="44.394202" lon="8.547511"><ele>229.2</ele></trkpt>
      <trkpt lat="44.394219" lon="8.547496"><ele>229.4</ele></trkpt>
      <trkpt lat="44.394236" lon="8.547478"><ele>229.6</ele></trkpt>
      <trkpt lat="44.394252" lon="8.547463"><ele>229.8</ele></trkpt>
      <trkpt lat="44.394266" lon="8.547448"><ele>230.2</ele></trkpt>
      <trkpt lat="44.394284" lon="8.547433"><ele>230.4</ele></trkpt>
      <trkpt lat="44.394300" lon="8.547416"><ele>230.6</ele></trkpt>
      <trkpt lat="44.394317" lon="8.547398"><ele>230.8</ele></trkpt>
      <trkpt lat="44.394334" lon="8.547380"><ele>231.0</ele></trkpt>
      <trkpt lat="44.394352" lon="8.547364"><ele>231.2</ele></trkpt>
      <trkpt lat="44.394370" lon="8.547346"><ele>231.4</ele></trkpt>
      <trkpt lat="44.394385" lon="8.547328"><ele>231.6</ele></trkpt>
      <trkpt lat="44.394401" lon="8.547307"><ele>231.8</ele></trkpt>
      <trkpt lat="44.394416" lon="8.547285"><ele>232.0</ele></trkpt>
      <trkpt lat="44.394432" lon="8.547265"><ele>232.4</ele></trkpt>
      <trkpt lat="44.394449" lon="8.547245"><ele>232.6</ele></trkpt>
      <trkpt lat="44.394464" lon="8.547222"><ele>232.8</ele></trkpt>
      <trkpt lat="44.394480" lon="8.547204"><ele>233.0</ele></trkpt>
      <trkpt lat="44.394496" lon="8.547188"><ele>233.2</ele></trkpt>
      <trkpt lat="44.394511" lon="8.547169"><ele>233.4</ele></trkpt>
      <trkpt lat="44.394526" lon="8.547145"><ele>233.6</ele></trkpt>
      <trkpt lat="44.394542" lon="8.547125"><ele>233.8</ele></trkpt>
      <trkpt lat="44.394558" lon="8.547106"><ele>234.0</ele></trkpt>
      <trkpt lat="44.394574" lon="8.547083"><ele>234.2</ele></trkpt>
      <trkpt lat="44.394589" lon="8.547060"><ele>234.4</ele></trkpt>
      <trkpt lat="44.394605" lon="8.547039"><ele>234.6</ele></trkpt>
      <trkpt lat="44.394620" lon="8.547017"><ele>234.8</ele></trkpt>
      <trkpt lat="44.394635" lon="8.546995"><ele>235.0</ele></trkpt>
      <trkpt lat="44.394650" lon="8.546975"><ele>235.2</ele></trkpt>
      <trkpt lat="44.394666" lon="8.546954"><ele>235.4</ele></trkpt>
      <trkpt lat="44.394681" lon="8.546933"><ele>235.6</ele></trkpt>
      <trkpt lat="44.394699" lon="8.546909"><ele>235.8</ele></trkpt>
      <trkpt lat="44.394717" lon="8.546886"><ele>236.0</ele></trkpt>
      <trkpt lat="44.394732" lon="8.546863"><ele>236.2</ele></trkpt>
      <trkpt lat="44.394750" lon="8.546834"><ele>236.4</ele></trkpt>
      <trkpt lat="44.394771" lon="8.546810"><ele>236.6</ele></trkpt>
      <trkpt lat="44.394792" lon="8.546779"><ele>236.8</ele></trkpt>
      <trkpt lat="44.394808" lon="8.546752"><ele>237.0</ele></trkpt>
      <trkpt lat="44.394824" lon="8.546731"><ele>237.4</ele></trkpt>
      <trkpt lat="44.394840" lon="8.546711"><ele>237.6</ele></trkpt>
      <trkpt lat="44.394857" lon="8.546689"><ele>237.8</ele></trkpt>
      <trkpt lat="44.394874" lon="8.546667"><ele>238.0</ele></trkpt>
      <trkpt lat="44.394891" lon="8.546646"><ele>238.2</ele></trkpt>
      <trkpt lat="44.394904" lon="8.546624"><ele>238.4</ele></trkpt>
      <trkpt lat="44.394918" lon="8.546603"><ele>238.8</ele></trkpt>
      <trkpt lat="44.394933" lon="8.546585"><ele>239.0</ele></trkpt>
      <trkpt lat="44.394949" lon="8.546570"><ele>239.2</ele></trkpt>
      <trkpt lat="44.394965" lon="8.546555"><ele>239.4</ele></trkpt>
      <trkpt lat="44.394983" lon="8.546541"><ele>239.6</ele></trkpt>
      <trkpt lat="44.395001" lon="8.546526"><ele>239.8</ele></trkpt>
      <trkpt lat="44.395020" lon="8.546508"><ele>240.0</ele></trkpt>
      <trkpt lat="44.395036" lon="8.546492"><ele>240.2</ele></trkpt>
      <trkpt lat="44.395055" lon="8.546477"><ele>240.4</ele></trkpt>
      <trkpt lat="44.395072" lon="8.546464"><ele>240.6</ele></trkpt>
      <trkpt lat="44.395090" lon="8.546453"><ele>240.8</ele></trkpt>
      <trkpt lat="44.395109" lon="8.546448"><ele>241.0</ele></trkpt>
      <trkpt lat="44.395128" lon="8.546445"><ele>241.2</ele></trkpt>
      <trkpt lat="44.395148" lon="8.546443"><ele>241.4</ele></trkpt>
      <trkpt lat="44.395168" lon="8.546438"><ele>241.6</ele></trkpt>
      <trkpt lat="44.395188" lon="8.546433"><ele>241.8</ele></trkpt>
      <trkpt lat="44.395205" lon="8.546431"><ele>242.0</ele></trkpt>
      <trkpt lat="44.395224" lon="8.546427"><ele>242.2</ele></trkpt>
      <trkpt lat="44.395241" lon="8.546424"><ele>242.4</ele></trkpt>
      <trkpt lat="44.395262" lon="8.546416"><ele>242.6</ele></trkpt>
      <trkpt lat="44.395279" lon="8.546411"><ele>242.8</ele></trkpt>
      <trkpt lat="44.395297" lon="8.546405"><ele>243.0</ele></trkpt>
      <trkpt lat="44.395315" lon="8.546401"><ele>243.2</ele></trkpt>
      <trkpt lat="44.395333" lon="8.546399"><ele>243.4</ele></trkpt>
      <trkpt lat="44.395352" lon="8.546395"><ele>243.6</ele></trkpt>
      <trkpt lat="44.395370" lon="8.546395"><ele>243.8</ele></trkpt>
      <trkpt lat="44.395390" lon="8.546389"><ele>244.0</ele></trkpt>
      <trkpt lat="44.395410" lon="8.546384"><ele>244.2</ele></trkpt>
      <trkpt lat="44.395429" lon="8.546380"><ele>244.4</ele></trkpt>
      <trkpt lat="44.395449" lon="8.546380"><ele>244.6</ele></trkpt>
      <trkpt lat="44.395469" lon="8.546379"><ele>244.8</ele></trkpt>
      <trkpt lat="44.395488" lon="8.546375"><ele>245.0</ele></trkpt>
      <trkpt lat="44.395506" lon="8.546371"><ele>245.2</ele></trkpt>
      <trkpt lat="44.395526" lon="8.546366"><ele>245.4</ele></trkpt>
      <trkpt lat="44.395544" lon="8.546361"><ele>245.6</ele></trkpt>
      <trkpt lat="44.395563" lon="8.546361"><ele>245.8</ele></trkpt>
      <trkpt lat="44.395581" lon="8.546363"><ele>246.0</ele></trkpt>
      <trkpt lat="44.395600" lon="8.546363"><ele>246.2</ele></trkpt>
      <trkpt lat="44.395619" lon="8.546361"><ele>246.4</ele></trkpt>
      <trkpt lat="44.395638" lon="8.546357"><ele>246.6</ele></trkpt>
      <trkpt lat="44.395658" lon="8.546354"><ele>246.8</ele></trkpt>
      <trkpt lat="44.395675" lon="8.546351"><ele>247.0</ele></trkpt>
      <trkpt lat="44.395692" lon="8.546349"><ele>247.2</ele></trkpt>
      <trkpt lat="44.395710" lon="8.546348"><ele>247.6</ele></trkpt>
      <trkpt lat="44.395731" lon="8.546341"><ele>247.8</ele></trkpt>
      <trkpt lat="44.395752" lon="8.546334"><ele>248.0</ele></trkpt>
      <trkpt lat="44.395771" lon="8.546331"><ele>248.2</ele></trkpt>
      <trkpt lat="44.395792" lon="8.546327"><ele>248.4</ele></trkpt>
      <trkpt lat="44.395816" lon="8.546323"><ele>248.6</ele></trkpt>
      <trkpt lat="44.395837" lon="8.546318"><ele>248.8</ele></trkpt>
      <trkpt lat="44.395856" lon="8.546314"><ele>249.0</ele></trkpt>
      <trkpt lat="44.395872" lon="8.546309"><ele>249.2</ele></trkpt>
      <trkpt lat="44.395888" lon="8.546306"><ele>249.4</ele></trkpt>
      <trkpt lat="44.395906" lon="8.546299"><ele>249.6</ele></trkpt>
      <trkpt lat="44.395923" lon="8.546294"><ele>249.8</ele></trkpt>
      <trkpt lat="44.395941" lon="8.546290"><ele>250.0</ele></trkpt>
      <trkpt lat="44.395960" lon="8.546286"><ele>250.2</ele></trkpt>
      <trkpt lat="44.395978" lon="8.546281"><ele>250.4</ele></trkpt>
      <trkpt lat="44.395996" lon="8.546275"><ele>250.6</ele></trkpt>
      <trkpt lat="44.396015" lon="8.546273"><ele>250.8</ele></trkpt>
      <trkpt lat="44.396033" lon="8.546269"><ele>251.2</ele></trkpt>
      <trkpt lat="44.396050" lon="8.546264"><ele>251.4</ele></trkpt>
      <trkpt lat="44.396067" lon="8.546265"><ele>251.6</ele></trkpt>
      <trkpt lat="44.396084" lon="8.546263"><ele>251.8</ele></trkpt>
      <trkpt lat="44.396102" lon="8.546258"><ele>252.0</ele></trkpt>
      <trkpt lat="44.396122" lon="8.546254"><ele>252.2</ele></trkpt>
      <trkpt lat="44.396138" lon="8.546248"><ele>252.4</ele></trkpt>
      <trkpt lat="44.396157" lon="8.546243"><ele>252.6</ele></trkpt>
      <trkpt lat="44.396177" lon="8.546238"><ele>252.8</ele></trkpt>
      <trkpt lat="44.396198" lon="8.546234"><ele>253.0</ele></trkpt>
      <trkpt lat="44.396217" lon="8.546237"><ele>253.4</ele></trkpt>
      <trkpt lat="44.396236" lon="8.546244"><ele>253.6</ele></trkpt>
      <trkpt lat="44.396254" lon="8.546251"><ele>253.8</ele></trkpt>
      <trkpt lat="44.396272" lon="8.546255"><ele>254.0</ele></trkpt>
      <trkpt lat="44.396290" lon="8.546261"><ele>254.2</ele></trkpt>
      <trkpt lat="44.396309" lon="8.546265"><ele>254.4</ele></trkpt>
      <trkpt lat="44.396327" lon="8.546272"><ele>254.6</ele></trkpt>
      <trkpt lat="44.396344" lon="8.546282"><ele>254.8</ele></trkpt>
      <trkpt lat="44.396362" lon="8.546290"><ele>255.0</ele></trkpt>
      <trkpt lat="44.396382" lon="8.546293"><ele>255.4</ele></trkpt>
      <trkpt lat="44.396402" lon="8.546294"><ele>255.6</ele></trkpt>
      <trkpt lat="44.396421" lon="8.546295"><ele>255.8</ele></trkpt>
      <trkpt lat="44.396441" lon="8.546299"><ele>256.0</ele></trkpt>
      <trkpt lat="44.396461" lon="8.546301"><ele>256.2</ele></trkpt>
      <trkpt lat="44.396479" lon="8.546301"><ele>256.6</ele></trkpt>
      <trkpt lat="44.396498" lon="8.546300"><ele>256.8</ele></trkpt>
      <trkpt lat="44.396519" lon="8.546296"><ele>257.0</ele></trkpt>
      <trkpt lat="44.396537" lon="8.546291"><ele>257.2</ele></trkpt>
      <trkpt lat="44.396555" lon="8.546283"><ele>257.4</ele></trkpt>
      <trkpt lat="44.396573" lon="8.546274"><ele>257.6</ele></trkpt>
      <trkpt lat="44.396592" lon="8.546266"><ele>257.8</ele></trkpt>
      <trkpt lat="44.396614" lon="8.546256"><ele>258.0</ele></trkpt>
      <trkpt lat="44.396634" lon="8.546245"><ele>258.2</ele></trkpt>
      <trkpt lat="44.396654" lon="8.546230"><ele>258.4</ele></trkpt>
      <trkpt lat="44.396673" lon="8.546214"><ele>258.6</ele></trkpt>
      <trkpt lat="44.396688" lon="8.546195"><ele>258.8</ele></trkpt>
      <trkpt lat="44.396701" lon="8.546174"><ele>259.0</ele></trkpt>
      <trkpt lat="44.396708" lon="8.546149"><ele>259.2</ele></trkpt>
      <trkpt lat="44.396713" lon="8.546122"><ele>259.4</ele></trkpt>
      <trkpt lat="44.396723" lon="8.546097"><ele>259.6</ele></trkpt>
      <trkpt lat="44.396737" lon="8.546073"><ele>260.0</ele></trkpt>
      <trkpt lat="44.396746" lon="8.546047"><ele>260.2</ele></trkpt>
      <trkpt lat="44.396753" lon="8.546017"><ele>260.4</ele></trkpt>
      <trkpt lat="44.396758" lon="8.545987"><ele>260.6</ele></trkpt>
      <trkpt lat="44.396764" lon="8.545962"><ele>260.8</ele></trkpt>
      <trkpt lat="44.396773" lon="8.545935"><ele>261.0</ele></trkpt>
      <trkpt lat="44.396782" lon="8.545907"><ele>261.2</ele></trkpt>
      <trkpt lat="44.396792" lon="8.545877"><ele>261.4</ele></trkpt>
      <trkpt lat="44.396801" lon="8.545853"><ele>261.8</ele></trkpt>
      <trkpt lat="44.396806" lon="8.545831"><ele>262.0</ele></trkpt>
      <trkpt lat="44.396810" lon="8.545818"><ele>262.2</ele></trkpt>
      <trkpt lat="44.396815" lon="8.545797"><ele>262.4</ele></trkpt>
      <trkpt lat="44.396824" lon="8.545770"><ele>262.4</ele></trkpt>
      <trkpt lat="44.396835" lon="8.545740"><ele>262.6</ele></trkpt>
      <trkpt lat="44.396841" lon="8.545701"><ele>262.8</ele></trkpt>
      <trkpt lat="44.396846" lon="8.545660"><ele>263.0</ele></trkpt>
      <trkpt lat="44.396850" lon="8.545632"><ele>263.0</ele></trkpt>
      <trkpt lat="44.396854" lon="8.545612"><ele>263.2</ele></trkpt>
      <trkpt lat="44.396856" lon="8.545589"><ele>263.4</ele></trkpt>
      <trkpt lat="44.396861" lon="8.545562"><ele>263.6</ele></trkpt>
      <trkpt lat="44.396865" lon="8.545536"><ele>263.6</ele></trkpt>
      <trkpt lat="44.396874" lon="8.545508"><ele>263.8</ele></trkpt>
      <trkpt lat="44.396882" lon="8.545481"><ele>264.0</ele></trkpt>
      <trkpt lat="44.396889" lon="8.545454"><ele>264.0</ele></trkpt>
      <trkpt lat="44.396895" lon="8.545430"><ele>264.2</ele></trkpt>
      <trkpt lat="44.396900" lon="8.545403"><ele>264.4</ele></trkpt>
      <trkpt lat="44.396904" lon="8.545376"><ele>264.6</ele></trkpt>
      <trkpt lat="44.396912" lon="8.545346"><ele>264.6</ele></trkpt>
      <trkpt lat="44.396920" lon="8.545314"><ele>264.8</ele></trkpt>
      <trkpt lat="44.396929" lon="8.545285"><ele>265.0</ele></trkpt>
      <trkpt lat="44.396938" lon="8.545255"><ele>265.0</ele></trkpt>
      <trkpt lat="44.396946" lon="8.545225"><ele>265.2</ele></trkpt>
      <trkpt lat="44.396952" lon="8.545195"><ele>265.4</ele></trkpt>
      <trkpt lat="44.396960" lon="8.545166"><ele>265.6</ele></trkpt>
      <trkpt lat="44.396968" lon="8.545137"><ele>265.6</ele></trkpt>
      <trkpt lat="44.396975" lon="8.545107"><ele>265.8</ele></trkpt>
      <trkpt lat="44.396981" lon="8.545076"><ele>266.0</ele></trkpt>
      <trkpt lat="44.396988" lon="8.545044"><ele>266.2</ele></trkpt>
      <trkpt lat="44.396993" lon="8.545013"><ele>266.4</ele></trkpt>
      <trkpt lat="44.397001" lon="8.544981"><ele>266.4</ele></trkpt>
      <trkpt lat="44.397008" lon="8.544949"><ele>266.6</ele></trkpt>
      <trkpt lat="44.397016" lon="8.544917"><ele>266.8</ele></trkpt>
      <trkpt lat="44.397023" lon="8.544885"><ele>267.0</ele></trkpt>
      <trkpt lat="44.397027" lon="8.544853"><ele>267.2</ele></trkpt>
      <trkpt lat="44.397034" lon="8.544821"><ele>267.2</ele></trkpt>
      <trkpt lat="44.397040" lon="8.544790"><ele>267.4</ele></trkpt>
      <trkpt lat="44.397044" lon="8.544760"><ele>267.6</ele></trkpt>
      <trkpt lat="44.397048" lon="8.544729"><ele>267.8</ele></trkpt>
      <trkpt lat="44.397054" lon="8.544695"><ele>267.8</ele></trkpt>
      <trkpt lat="44.397060" lon="8.544662"><ele>268.0</ele></trkpt>
      <trkpt lat="44.397068" lon="8.544626"><ele>268.2</ele></trkpt>
      <trkpt lat="44.397075" lon="8.544589"><ele>268.4</ele></trkpt>
      <trkpt lat="44.397084" lon="8.544557"><ele>268.6</ele></trkpt>
      <trkpt lat="44.397089" lon="8.544531"><ele>268.6</ele></trkpt>
      <trkpt lat="44.397092" lon="8.544508"><ele>268.8</ele></trkpt>
      <trkpt lat="44.397094" lon="8.544483"><ele>268.8</ele></trkpt>
      <trkpt lat="44.397098" lon="8.544458"><ele>269.0</ele></trkpt>
      <trkpt lat="44.397103" lon="8.544430"><ele>269.2</ele></trkpt>
      <trkpt lat="44.397109" lon="8.544402"><ele>269.2</ele></trkpt>
      <trkpt lat="44.397117" lon="8.544371"><ele>269.2</ele></trkpt>
      <trkpt lat="44.397122" lon="8.544345"><ele>269.4</ele></trkpt>
      <trkpt lat="44.397123" lon="8.544323"><ele>269.4</ele></trkpt>
      <trkpt lat="44.397124" lon="8.544302"><ele>269.6</ele></trkpt>
      <trkpt lat="44.397131" lon="8.544277"><ele>269.6</ele></trkpt>
      <trkpt lat="44.397135" lon="8.544250"><ele>269.8</ele></trkpt>
      <trkpt lat="44.397138" lon="8.544223"><ele>269.8</ele></trkpt>
      <trkpt lat="44.397140" lon="8.544193"><ele>270.0</ele></trkpt>
      <trkpt lat="44.397143" lon="8.544168"><ele>270.0</ele></trkpt>
      <trkpt lat="44.397146" lon="8.544145"><ele>270.2</ele></trkpt>
      <trkpt lat="44.397150" lon="8.544119"><ele>270.2</ele></trkpt>
      <trkpt lat="44.397155" lon="8.544092"><ele>270.4</ele></trkpt>
      <trkpt lat="44.397161" lon="8.544063"><ele>270.4</ele></trkpt>
      <trkpt lat="44.397165" lon="8.544033"><ele>270.4</ele></trkpt>
      <trkpt lat="44.397170" lon="8.544000"><ele>270.6</ele></trkpt>
      <trkpt lat="44.397178" lon="8.543967"><ele>270.6</ele></trkpt>
      <trkpt lat="44.397185" lon="8.543935"><ele>270.8</ele></trkpt>
      <trkpt lat="44.397191" lon="8.543903"><ele>270.8</ele></trkpt>
      <trkpt lat="44.397197" lon="8.543873"><ele>271.0</ele></trkpt>
      <trkpt lat="44.397205" lon="8.543841"><ele>271.0</ele></trkpt>
      <trkpt lat="44.397214" lon="8.543808"><ele>271.2</ele></trkpt>
      <trkpt lat="44.397223" lon="8.543775"><ele>271.2</ele></trkpt>
      <trkpt lat="44.397232" lon="8.543747"><ele>271.4</ele></trkpt>
      <trkpt lat="44.397241" lon="8.543719"><ele>271.4</ele></trkpt>
      <trkpt lat="44.397247" lon="8.543700"><ele>271.6</ele></trkpt>
      <trkpt lat="44.397255" lon="8.543683"><ele>271.8</ele></trkpt>
      <trkpt lat="44.397264" lon="8.543661"><ele>271.8</ele></trkpt>
      <trkpt lat="44.397271" lon="8.543639"><ele>271.8</ele></trkpt>
      <trkpt lat="44.397277" lon="8.543622"><ele>272.0</ele></trkpt>
      <trkpt lat="44.397284" lon="8.543601"><ele>272.2</ele></trkpt>
      <trkpt lat="44.397293" lon="8.543578"><ele>272.2</ele></trkpt>
      <trkpt lat="44.397302" lon="8.543554"><ele>272.2</ele></trkpt>
      <trkpt lat="44.397312" lon="8.543531"><ele>272.4</ele></trkpt>
      <trkpt lat="44.397322" lon="8.543508"><ele>272.6</ele></trkpt>
      <trkpt lat="44.397334" lon="8.543485"><ele>272.6</ele></trkpt>
      <trkpt lat="44.397343" lon="8.543460"><ele>272.8</ele></trkpt>
      <trkpt lat="44.397354" lon="8.543434"><ele>272.8</ele></trkpt>
      <trkpt lat="44.397366" lon="8.543409"><ele>272.8</ele></trkpt>
      <trkpt lat="44.397377" lon="8.543386"><ele>273.0</ele></trkpt>
      <trkpt lat="44.397391" lon="8.543364"><ele>273.2</ele></trkpt>
      <trkpt lat="44.397407" lon="8.543344"><ele>273.2</ele></trkpt>
      <trkpt lat="44.397423" lon="8.543325"><ele>273.4</ele></trkpt>
      <trkpt lat="44.397439" lon="8.543304"><ele>273.6</ele></trkpt>
      <trkpt lat="44.397456" lon="8.543284"><ele>273.6</ele></trkpt>
      <trkpt lat="44.397474" lon="8.543267"><ele>273.8</ele></trkpt>
      <trkpt lat="44.397490" lon="8.543251"><ele>273.8</ele></trkpt>
      <trkpt lat="44.397503" lon="8.543238"><ele>273.8</ele></trkpt>
      <trkpt lat="44.397517" lon="8.543223"><ele>274.0</ele></trkpt>
      <trkpt lat="44.397531" lon="8.543210"><ele>274.2</ele></trkpt>
      <trkpt lat="44.397546" lon="8.543200"><ele>274.2</ele></trkpt>
      <trkpt lat="44.397558" lon="8.543191"><ele>274.4</ele></trkpt>
      <trkpt lat="44.397571" lon="8.543180"><ele>274.6</ele></trkpt>
      <trkpt lat="44.397585" lon="8.543165"><ele>274.8</ele></trkpt>
      <trkpt lat="44.397600" lon="8.543150"><ele>274.8</ele></trkpt>
      <trkpt lat="44.397615" lon="8.543135"><ele>275.0</ele></trkpt>
      <trkpt lat="44.397631" lon="8.543122"><ele>275.0</ele></trkpt>
      <trkpt lat="44.397648" lon="8.543110"><ele>275.2</ele></trkpt>
      <trkpt lat="44.397665" lon="8.543093"><ele>275.2</ele></trkpt>
      <trkpt lat="44.397681" lon="8.543075"><ele>275.4</ele></trkpt>
      <trkpt lat="44.397696" lon="8.543054"><ele>275.4</ele></trkpt>
      <trkpt lat="44.397711" lon="8.543034"><ele>275.6</ele></trkpt>
      <trkpt lat="44.397728" lon="8.543014"><ele>275.6</ele></trkpt>
      <trkpt lat="44.397746" lon="8.542995"><ele>275.6</ele></trkpt>
      <trkpt lat="44.397763" lon="8.542976"><ele>275.8</ele></trkpt>
      <trkpt lat="44.397780" lon="8.542957"><ele>275.8</ele></trkpt>
      <trkpt lat="44.397799" lon="8.542935"><ele>276.0</ele></trkpt>
      <trkpt lat="44.397816" lon="8.542908"><ele>276.2</ele></trkpt>
      <trkpt lat="44.397833" lon="8.542881"><ele>276.2</ele></trkpt>
      <trkpt lat="44.397849" lon="8.542856"><ele>276.4</ele></trkpt>
      <trkpt lat="44.397867" lon="8.542832"><ele>276.4</ele></trkpt>
      <trkpt lat="44.397882" lon="8.542804"><ele>276.6</ele></trkpt>
      <trkpt lat="44.397898" lon="8.542782"><ele>276.6</ele></trkpt>
      <trkpt lat="44.397909" lon="8.542757"><ele>276.8</ele></trkpt>
      <trkpt lat="44.397918" lon="8.542737"><ele>276.8</ele></trkpt>
      <trkpt lat="44.397929" lon="8.542723"><ele>276.8</ele></trkpt>
      <trkpt lat="44.397942" lon="8.542708"><ele>277.0</ele></trkpt>
      <trkpt lat="44.397953" lon="8.542694"><ele>277.0</ele></trkpt>
      <trkpt lat="44.397966" lon="8.542678"><ele>277.2</ele></trkpt>
      <trkpt lat="44.397979" lon="8.542661"><ele>277.4</ele></trkpt>
      <trkpt lat="44.397991" lon="8.542641"><ele>277.4</ele></trkpt>
      <trkpt lat="44.398005" lon="8.542622"><ele>277.6</ele></trkpt>
      <trkpt lat="44.398019" lon="8.542602"><ele>277.8</ele></trkpt>
      <trkpt lat="44.398032" lon="8.542582"><ele>277.8</ele></trkpt>
      <trkpt lat="44.398047" lon="8.542562"><ele>278.0</ele></trkpt>
      <trkpt lat="44.398062" lon="8.542542"><ele>278.2</ele></trkpt>
      <trkpt lat="44.398079" lon="8.542523"><ele>278.4</ele></trkpt>
      <trkpt lat="44.398097" lon="8.542503"><ele>278.6</ele></trkpt>
      <trkpt lat="44.398116" lon="8.542482"><ele>278.8</ele></trkpt>
      <trkpt lat="44.398136" lon="8.542460"><ele>279.0</ele></trkpt>
      <trkpt lat="44.398152" lon="8.542440"><ele>279.2</ele></trkpt>
      <trkpt lat="44.398169" lon="8.542418"><ele>279.2</ele></trkpt>
      <trkpt lat="44.398185" lon="8.542399"><ele>279.4</ele></trkpt>
      <trkpt lat="44.398203" lon="8.542379"><ele>279.6</ele></trkpt>
      <trkpt lat="44.398222" lon="8.542359"><ele>279.6</ele></trkpt>
      <trkpt lat="44.398241" lon="8.542344"><ele>279.8</ele></trkpt>
      <trkpt lat="44.398257" lon="8.542328"><ele>279.8</ele></trkpt>
      <trkpt lat="44.398272" lon="8.542312"><ele>280.0</ele></trkpt>
      <trkpt lat="44.398282" lon="8.542296"><ele>280.2</ele></trkpt>
      <trkpt lat="44.398294" lon="8.542284"><ele>280.2</ele></trkpt>
      <trkpt lat="44.398307" lon="8.542272"><ele>280.4</ele></trkpt>
      <trkpt lat="44.398321" lon="8.542259"><ele>280.4</ele></trkpt>
      <trkpt lat="44.398335" lon="8.542242"><ele>280.6</ele></trkpt>
      <trkpt lat="44.398348" lon="8.542224"><ele>280.6</ele></trkpt>
      <trkpt lat="44.398364" lon="8.542208"><ele>280.8</ele></trkpt>
      <trkpt lat="44.398379" lon="8.542195"><ele>281.0</ele></trkpt>
      <trkpt lat="44.398391" lon="8.542175"><ele>281.0</ele></trkpt>
      <trkpt lat="44.398405" lon="8.542155"><ele>281.2</ele></trkpt>
      <trkpt lat="44.398419" lon="8.542138"><ele>281.4</ele></trkpt>
      <trkpt lat="44.398432" lon="8.542121"><ele>281.4</ele></trkpt>
      <trkpt lat="44.398445" lon="8.542105"><ele>281.6</ele></trkpt>
      <trkpt lat="44.398458" lon="8.542084"><ele>281.6</ele></trkpt>
      <trkpt lat="44.398471" lon="8.542065"><ele>281.8</ele></trkpt>
      <trkpt lat="44.398482" lon="8.542044"><ele>282.0</ele></trkpt>
      <trkpt lat="44.398494" lon="8.542021"><ele>282.2</ele></trkpt>
      <trkpt lat="44.398509" lon="8.542003"><ele>282.4</ele></trkpt>
      <trkpt lat="44.398525" lon="8.541987"><ele>282.6</ele></trkpt>
      <trkpt lat="44.398541" lon="8.541969"><ele>282.8</ele></trkpt>
      <trkpt lat="44.398559" lon="8.541954"><ele>283.0</ele></trkpt>
      <trkpt lat="44.398577" lon="8.541944"><ele>283.2</ele></trkpt>
      <trkpt lat="44.398597" lon="8.541928"><ele>283.4</ele></trkpt>
      <trkpt lat="44.398614" lon="8.541911"><ele>283.6</ele></trkpt>
      <trkpt lat="44.398630" lon="8.541895"><ele>283.6</ele></trkpt>
      <trkpt lat="44.398642" lon="8.541879"><ele>283.8</ele></trkpt>
      <trkpt lat="44.398656" lon="8.541860"><ele>283.8</ele></trkpt>
      <trkpt lat="44.398670" lon="8.541845"><ele>284.0</ele></trkpt>
      <trkpt lat="44.398684" lon="8.541831"><ele>284.0</ele></trkpt>
      <trkpt lat="44.398695" lon="8.541815"><ele>284.0</ele></trkpt>
      <trkpt lat="44.398709" lon="8.541800"><ele>284.0</ele></trkpt>
      <trkpt lat="44.398721" lon="8.541783"><ele>284.2</ele></trkpt>
      <trkpt lat="44.398735" lon="8.541764"><ele>284.2</ele></trkpt>
      <trkpt lat="44.398749" lon="8.541744"><ele>284.4</ele></trkpt>
      <trkpt lat="44.398763" lon="8.541723"><ele>284.6</ele></trkpt>
      <trkpt lat="44.398777" lon="8.541703"><ele>284.8</ele></trkpt>
      <trkpt lat="44.398791" lon="8.541682"><ele>285.0</ele></trkpt>
      <trkpt lat="44.398803" lon="8.541660"><ele>285.0</ele></trkpt>
      <trkpt lat="44.398812" lon="8.541636"><ele>285.2</ele></trkpt>
      <trkpt lat="44.398820" lon="8.541610"><ele>285.4</ele></trkpt>
      <trkpt lat="44.398828" lon="8.541582"><ele>285.4</ele></trkpt>
      <trkpt lat="44.398838" lon="8.541554"><ele>285.6</ele></trkpt>
      <trkpt lat="44.398847" lon="8.541528"><ele>285.8</ele></trkpt>
      <trkpt lat="44.398854" lon="8.541505"><ele>286.0</ele></trkpt>
      <trkpt lat="44.398858" lon="8.541480"><ele>286.0</ele></trkpt>
      <trkpt lat="44.398867" lon="8.541454"><ele>286.2</ele></trkpt>
      <trkpt lat="44.398876" lon="8.541427"><ele>286.4</ele></trkpt>
      <trkpt lat="44.398884" lon="8.541396"><ele>286.4</ele></trkpt>
      <trkpt lat="44.398885" lon="8.541371"><ele>286.4</ele></trkpt>
      <trkpt lat="44.398888" lon="8.541351"><ele>286.6</ele></trkpt>
      <trkpt lat="44.398897" lon="8.541328"><ele>286.6</ele></trkpt>
      <trkpt lat="44.398906" lon="8.541310"><ele>286.6</ele></trkpt>
      <trkpt lat="44.398915" lon="8.541290"><ele>286.8</ele></trkpt>
      <trkpt lat="44.398923" lon="8.541268"><ele>286.8</ele></trkpt>
      <trkpt lat="44.398930" lon="8.541245"><ele>287.0</ele></trkpt>
      <trkpt lat="44.398937" lon="8.541223"><ele>287.2</ele></trkpt>
      <trkpt lat="44.398944" lon="8.541199"><ele>287.4</ele></trkpt>
      <trkpt lat="44.398948" lon="8.541175"><ele>287.6</ele></trkpt>
      <trkpt lat="44.398956" lon="8.541152"><ele>287.8</ele></trkpt>
      <trkpt lat="44.398963" lon="8.541127"><ele>288.2</ele></trkpt>
      <trkpt lat="44.398969" lon="8.541103"><ele>288.4</ele></trkpt>
      <trkpt lat="44.398976" lon="8.541080"><ele>288.6</ele></trkpt>
      <trkpt lat="44.398983" lon="8.541057"><ele>288.8</ele></trkpt>
      <trkpt lat="44.398989" lon="8.541033"><ele>289.0</ele></trkpt>
      <trkpt lat="44.398995" lon="8.541009"><ele>289.2</ele></trkpt>
      <trkpt lat="44.399002" lon="8.540986"><ele>289.4</ele></trkpt>
      <trkpt lat="44.399003" lon="8.540964"><ele>289.6</ele></trkpt>
      <trkpt lat="44.399005" lon="8.540940"><ele>289.8</ele></trkpt>
      <trkpt lat="44.399008" lon="8.540918"><ele>290.0</ele></trkpt>
      <trkpt lat="44.399012" lon="8.540895"><ele>290.0</ele></trkpt>
      <trkpt lat="44.399016" lon="8.540868"><ele>290.2</ele></trkpt>
      <trkpt lat="44.399019" lon="8.540842"><ele>290.4</ele></trkpt>
      <trkpt lat="44.399021" lon="8.540817"><ele>290.4</ele></trkpt>
      <trkpt lat="44.399020" lon="8.540791"><ele>290.6</ele></trkpt>
      <trkpt lat="44.399018" lon="8.540765"><ele>290.8</ele></trkpt>
      <trkpt lat="44.399013" lon="8.540737"><ele>291.0</ele></trkpt>
      <trkpt lat="44.399008" lon="8.540712"><ele>291.2</ele></trkpt>
      <trkpt lat="44.399001" lon="8.540685"><ele>291.4</ele></trkpt>
      <trkpt lat="44.398993" lon="8.540660"><ele>291.4</ele></trkpt>
      <trkpt lat="44.398988" lon="8.540637"><ele>291.6</ele></trkpt>
      <trkpt lat="44.398980" lon="8.540616"><ele>291.6</ele></trkpt>
      <trkpt lat="44.398972" lon="8.540592"><ele>291.8</ele></trkpt>
      <trkpt lat="44.398966" lon="8.540565"><ele>292.0</ele></trkpt>
      <trkpt lat="44.398959" lon="8.540550"><ele>292.4</ele></trkpt>
      <trkpt lat="44.398952" lon="8.540537"><ele>292.6</ele></trkpt>
      <trkpt lat="44.398946" lon="8.540522"><ele>292.8</ele></trkpt>
      <trkpt lat="44.398944" lon="8.540504"><ele>293.0</ele></trkpt>
      <trkpt lat="44.398941" lon="8.540481"><ele>293.0</ele></trkpt>
      <trkpt lat="44.398937" lon="8.540456"><ele>293.0</ele></trkpt>
      <trkpt lat="44.398931" lon="8.540433"><ele>293.0</ele></trkpt>
      <trkpt lat="44.398924" lon="8.540410"><ele>293.0</ele></trkpt>
      <trkpt lat="44.398920" lon="8.540390"><ele>293.0</ele></trkpt>
      <trkpt lat="44.398917" lon="8.540366"><ele>293.2</ele></trkpt>
      <trkpt lat="44.398914" lon="8.540342"><ele>293.2</ele></trkpt>
      <trkpt lat="44.398913" lon="8.540317"><ele>293.4</ele></trkpt>
      <trkpt lat="44.398913" lon="8.540290"><ele>293.6</ele></trkpt>
      <trkpt lat="44.398918" lon="8.540264"><ele>293.8</ele></trkpt>
      <trkpt lat="44.398924" lon="8.540238"><ele>294.0</ele></trkpt>
      <trkpt lat="44.398929" lon="8.540215"><ele>294.0</ele></trkpt>
      <trkpt lat="44.398935" lon="8.540193"><ele>294.2</ele></trkpt>
      <trkpt lat="44.398941" lon="8.540170"><ele>294.2</ele></trkpt>
      <trkpt lat="44.398948" lon="8.540147"><ele>294.4</ele></trkpt>
      <trkpt lat="44.398961" lon="8.540129"><ele>294.6</ele></trkpt>
      <trkpt lat="44.398975" lon="8.540111"><ele>294.8</ele></trkpt>
      <trkpt lat="44.398989" lon="8.540092"><ele>294.8</ele></trkpt>
      <trkpt lat="44.399003" lon="8.540074"><ele>295.0</ele></trkpt>
      <trkpt lat="44.399016" lon="8.540055"><ele>295.0</ele></trkpt>
      <trkpt lat="44.399028" lon="8.540035"><ele>295.2</ele></trkpt>
      <trkpt lat="44.399042" lon="8.540018"><ele>295.4</ele></trkpt>
      <trkpt lat="44.399056" lon="8.540000"><ele>295.4</ele></trkpt>
      <trkpt lat="44.399070" lon="8.539982"><ele>295.6</ele></trkpt>
      <trkpt lat="44.399085" lon="8.539965"><ele>295.8</ele></trkpt>
      <trkpt lat="44.399098" lon="8.539948"><ele>296.0</ele></trkpt>
      <trkpt lat="44.399111" lon="8.539929"><ele>296.2</ele></trkpt>
      <trkpt lat="44.399125" lon="8.539910"><ele>296.2</ele></trkpt>
      <trkpt lat="44.399138" lon="8.539891"><ele>296.4</ele></trkpt>
      <trkpt lat="44.399152" lon="8.539872"><ele>296.6</ele></trkpt>
      <trkpt lat="44.399167" lon="8.539853"><ele>296.8</ele></trkpt>
      <trkpt lat="44.399182" lon="8.539832"><ele>297.0</ele></trkpt>
      <trkpt lat="44.399196" lon="8.539812"><ele>297.0</ele></trkpt>
      <trkpt lat="44.399213" lon="8.539792"><ele>297.2</ele></trkpt>
      <trkpt lat="44.399228" lon="8.539773"><ele>297.4</ele></trkpt>
      <trkpt lat="44.399242" lon="8.539754"><ele>297.6</ele></trkpt>
      <trkpt lat="44.399255" lon="8.539732"><ele>297.8</ele></trkpt>
      <trkpt lat="44.399269" lon="8.539713"><ele>298.0</ele></trkpt>
      <trkpt lat="44.399284" lon="8.539691"><ele>298.2</ele></trkpt>
      <trkpt lat="44.399298" lon="8.539671"><ele>298.4</ele></trkpt>
      <trkpt lat="44.399314" lon="8.539649"><ele>298.6</ele></trkpt>
      <trkpt lat="44.399328" lon="8.539629"><ele>298.8</ele></trkpt>
      <trkpt lat="44.399343" lon="8.539610"><ele>299.0</ele></trkpt>
      <trkpt lat="44.399358" lon="8.539592"><ele>299.2</ele></trkpt>
      <trkpt lat="44.399374" lon="8.539575"><ele>299.4</ele></trkpt>
      <trkpt lat="44.399390" lon="8.539555"><ele>299.4</ele></trkpt>
      <trkpt lat="44.399408" lon="8.539536"><ele>299.6</ele></trkpt>
      <trkpt lat="44.399423" lon="8.539517"><ele>299.6</ele></trkpt>
      <trkpt lat="44.399434" lon="8.539496"><ele>299.8</ele></trkpt>
      <trkpt lat="44.399446" lon="8.539477"><ele>300.0</ele></trkpt>
      <trkpt lat="44.399459" lon="8.539459"><ele>300.2</ele></trkpt>
      <trkpt lat="44.399472" lon="8.539439"><ele>300.4</ele></trkpt>
      <trkpt lat="44.399485" lon="8.539420"><ele>300.4</ele></trkpt>
      <trkpt lat="44.399501" lon="8.539403"><ele>300.6</ele></trkpt>
      <trkpt lat="44.399512" lon="8.539384"><ele>300.8</ele></trkpt>
      <trkpt lat="44.399521" lon="8.539362"><ele>301.0</ele></trkpt>
      <trkpt lat="44.399535" lon="8.539339"><ele>301.2</ele></trkpt>
      <trkpt lat="44.399546" lon="8.539317"><ele>301.4</ele></trkpt>
      <trkpt lat="44.399556" lon="8.539295"><ele>301.4</ele></trkpt>
      <trkpt lat="44.399563" lon="8.539269"><ele>301.6</ele></trkpt>
      <trkpt lat="44.399573" lon="8.539243"><ele>301.6</ele></trkpt>
      <trkpt lat="44.399584" lon="8.539219"><ele>301.8</ele></trkpt>
      <trkpt lat="44.399594" lon="8.539193"><ele>302.0</ele></trkpt>
      <trkpt lat="44.399605" lon="8.539167"><ele>302.2</ele></trkpt>
      <trkpt lat="44.399617" lon="8.539143"><ele>302.4</ele></trkpt>
      <trkpt lat="44.399627" lon="8.539120"><ele>302.6</ele></trkpt>
      <trkpt lat="44.399634" lon="8.539097"><ele>302.8</ele></trkpt>
      <trkpt lat="44.399643" lon="8.539073"><ele>303.0</ele></trkpt>
      <trkpt lat="44.399653" lon="8.539052"><ele>303.0</ele></trkpt>
      <trkpt lat="44.399663" lon="8.539029"><ele>303.2</ele></trkpt>
      <trkpt lat="44.399672" lon="8.539007"><ele>303.2</ele></trkpt>
      <trkpt lat="44.399680" lon="8.538981"><ele>303.4</ele></trkpt>
      <trkpt lat="44.399689" lon="8.538956"><ele>303.6</ele></trkpt>
      <trkpt lat="44.399698" lon="8.538930"><ele>303.8</ele></trkpt>
      <trkpt lat="44.399707" lon="8.538905"><ele>304.0</ele></trkpt>
      <trkpt lat="44.399718" lon="8.538882"><ele>304.4</ele></trkpt>
      <trkpt lat="44.399730" lon="8.538856"><ele>304.6</ele></trkpt>
      <trkpt lat="44.399743" lon="8.538830"><ele>304.8</ele></trkpt>
      <trkpt lat="44.399756" lon="8.538806"><ele>305.0</ele></trkpt>
      <trkpt lat="44.399768" lon="8.538783"><ele>305.0</ele></trkpt>
      <trkpt lat="44.399781" lon="8.538761"><ele>305.2</ele></trkpt>
      <trkpt lat="44.399795" lon="8.538741"><ele>305.4</ele></trkpt>
      <trkpt lat="44.399809" lon="8.538722"><ele>305.6</ele></trkpt>
      <trkpt lat="44.399826" lon="8.538706"><ele>305.8</ele></trkpt>
      <trkpt lat="44.399843" lon="8.538690"><ele>305.8</ele></trkpt>
      <trkpt lat="44.399858" lon="8.538676"><ele>306.0</ele></trkpt>
      <trkpt lat="44.399875" lon="8.538667"><ele>306.0</ele></trkpt>
      <trkpt lat="44.399891" lon="8.538657"><ele>306.2</ele></trkpt>
      <trkpt lat="44.399908" lon="8.538645"><ele>306.2</ele></trkpt>
      <trkpt lat="44.399926" lon="8.538635"><ele>306.4</ele></trkpt>
      <trkpt lat="44.399943" lon="8.538626"><ele>306.6</ele></trkpt>
      <trkpt lat="44.399963" lon="8.538615"><ele>307.0</ele></trkpt>
      <trkpt lat="44.399982" lon="8.538610"><ele>307.2</ele></trkpt>
      <trkpt lat="44.400002" lon="8.538600"><ele>307.4</ele></trkpt>
      <trkpt lat="44.400019" lon="8.538595"><ele>307.6</ele></trkpt>
      <trkpt lat="44.400037" lon="8.538590"><ele>307.6</ele></trkpt>
      <trkpt lat="44.400056" lon="8.538585"><ele>308.0</ele></trkpt>
      <trkpt lat="44.400076" lon="8.538580"><ele>308.2</ele></trkpt>
      <trkpt lat="44.400096" lon="8.538574"><ele>308.2</ele></trkpt>
      <trkpt lat="44.400116" lon="8.538566"><ele>308.4</ele></trkpt>
      <trkpt lat="44.400135" lon="8.538560"><ele>308.4</ele></trkpt>
      <trkpt lat="44.400152" lon="8.538555"><ele>308.4</ele></trkpt>
      <trkpt lat="44.400168" lon="8.538552"><ele>308.4</ele></trkpt>
      <trkpt lat="44.400186" lon="8.538547"><ele>308.4</ele></trkpt>
      <trkpt lat="44.400203" lon="8.538539"><ele>308.6</ele></trkpt>
      <trkpt lat="44.400220" lon="8.538535"><ele>308.8</ele></trkpt>
      <trkpt lat="44.400240" lon="8.538530"><ele>309.0</ele></trkpt>
      <trkpt lat="44.400259" lon="8.538522"><ele>309.4</ele></trkpt>
      <trkpt lat="44.400278" lon="8.538516"><ele>309.6</ele></trkpt>
      <trkpt lat="44.400297" lon="8.538508"><ele>309.8</ele></trkpt>
      <trkpt lat="44.400316" lon="8.538503"><ele>310.0</ele></trkpt>
      <trkpt lat="44.400335" lon="8.538495"><ele>310.2</ele></trkpt>
      <trkpt lat="44.400354" lon="8.538488"><ele>310.2</ele></trkpt>
      <trkpt lat="44.400372" lon="8.538483"><ele>310.4</ele></trkpt>
      <trkpt lat="44.400390" lon="8.538481"><ele>310.6</ele></trkpt>
      <trkpt lat="44.400409" lon="8.538474"><ele>310.8</ele></trkpt>
      <trkpt lat="44.400426" lon="8.538469"><ele>311.0</ele></trkpt>
      <trkpt lat="44.400443" lon="8.538460"><ele>311.2</ele></trkpt>
      <trkpt lat="44.400462" lon="8.538450"><ele>311.4</ele></trkpt>
      <trkpt lat="44.400480" lon="8.538439"><ele>311.6</ele></trkpt>
      <trkpt lat="44.400499" lon="8.538435"><ele>312.0</ele></trkpt>
      <trkpt lat="44.400519" lon="8.538431"><ele>312.2</ele></trkpt>
      <trkpt lat="44.400539" lon="8.538426"><ele>312.4</ele></trkpt>
      <trkpt lat="44.400558" lon="8.538419"><ele>312.6</ele></trkpt>
      <trkpt lat="44.400574" lon="8.538416"><ele>312.8</ele></trkpt>
      <trkpt lat="44.400594" lon="8.538410"><ele>313.0</ele></trkpt>
      <trkpt lat="44.400614" lon="8.538406"><ele>313.2</ele></trkpt>
      <trkpt lat="44.400635" lon="8.538403"><ele>313.2</ele></trkpt>
      <trkpt lat="44.400660" lon="8.538395"><ele>313.4</ele></trkpt>
      <trkpt lat="44.400686" lon="8.538382"><ele>313.6</ele></trkpt>
      <trkpt lat="44.400709" lon="8.538371"><ele>313.8</ele></trkpt>
      <trkpt lat="44.400726" lon="8.538358"><ele>314.0</ele></trkpt>
      <trkpt lat="44.400739" lon="8.538346"><ele>314.2</ele></trkpt>
      <trkpt lat="44.400754" lon="8.538338"><ele>314.2</ele></trkpt>
      <trkpt lat="44.400769" lon="8.538327"><ele>314.4</ele></trkpt>
      <trkpt lat="44.400788" lon="8.538314"><ele>314.6</ele></trkpt>
      <trkpt lat="44.400808" lon="8.538303"><ele>314.8</ele></trkpt>
      <trkpt lat="44.400828" lon="8.538290"><ele>315.0</ele></trkpt>
      <trkpt lat="44.400847" lon="8.538277"><ele>315.2</ele></trkpt>
      <trkpt lat="44.400864" lon="8.538266"><ele>315.4</ele></trkpt>
      <trkpt lat="44.400882" lon="8.538253"><ele>315.6</ele></trkpt>
      <trkpt lat="44.400899" lon="8.538238"><ele>315.6</ele></trkpt>
      <trkpt lat="44.400915" lon="8.538226"><ele>315.8</ele></trkpt>
      <trkpt lat="44.400932" lon="8.538213"><ele>316.0</ele></trkpt>
      <trkpt lat="44.400946" lon="8.538199"><ele>316.0</ele></trkpt>
      <trkpt lat="44.400962" lon="8.538182"><ele>316.2</ele></trkpt>
      <trkpt lat="44.400979" lon="8.538167"><ele>316.4</ele></trkpt>
      <trkpt lat="44.400994" lon="8.538150"><ele>316.6</ele></trkpt>
      <trkpt lat="44.401010" lon="8.538132"><ele>316.8</ele></trkpt>
      <trkpt lat="44.401024" lon="8.538118"><ele>317.0</ele></trkpt>
      <trkpt lat="44.401040" lon="8.538101"><ele>317.2</ele></trkpt>
      <trkpt lat="44.401056" lon="8.538081"><ele>317.2</ele></trkpt>
      <trkpt lat="44.401071" lon="8.538061"><ele>317.4</ele></trkpt>
      <trkpt lat="44.401086" lon="8.538040"><ele>317.6</ele></trkpt>
      <trkpt lat="44.401102" lon="8.538019"><ele>317.6</ele></trkpt>
      <trkpt lat="44.401117" lon="8.538001"><ele>317.8</ele></trkpt>
      <trkpt lat="44.401134" lon="8.537984"><ele>317.8</ele></trkpt>
      <trkpt lat="44.401152" lon="8.537971"><ele>318.0</ele></trkpt>
      <trkpt lat="44.401171" lon="8.537959"><ele>318.0</ele></trkpt>
      <trkpt lat="44.401189" lon="8.537944"><ele>318.2</ele></trkpt>
      <trkpt lat="44.401206" lon="8.537927"><ele>318.2</ele></trkpt>
      <trkpt lat="44.401222" lon="8.537908"><ele>318.4</ele></trkpt>
      <trkpt lat="44.401237" lon="8.537889"><ele>318.4</ele></trkpt>
      <trkpt lat="44.401250" lon="8.537867"><ele>318.6</ele></trkpt>
      <trkpt lat="44.401263" lon="8.537849"><ele>318.8</ele></trkpt>
      <trkpt lat="44.401277" lon="8.537835"><ele>319.0</ele></trkpt>
      <trkpt lat="44.401291" lon="8.537818"><ele>319.2</ele></trkpt>
      <trkpt lat="44.401307" lon="8.537802"><ele>319.4</ele></trkpt>
      <trkpt lat="44.401321" lon="8.537787"><ele>319.6</ele></trkpt>
      <trkpt lat="44.401337" lon="8.537777"><ele>319.8</ele></trkpt>
      <trkpt lat="44.401353" lon="8.537766"><ele>319.8</ele></trkpt>
      <trkpt lat="44.401370" lon="8.537755"><ele>320.0</ele></trkpt>
      <trkpt lat="44.401386" lon="8.537752"><ele>320.2</ele></trkpt>
      <trkpt lat="44.401406" lon="8.537747"><ele>320.4</ele></trkpt>
      <trkpt lat="44.401427" lon="8.537748"><ele>320.6</ele></trkpt>
      <trkpt lat="44.401450" lon="8.537751"><ele>320.8</ele></trkpt>
      <trkpt lat="44.401470" lon="8.537757"><ele>320.8</ele></trkpt>
      <trkpt lat="44.401489" lon="8.537762"><ele>321.0</ele></trkpt>
      <trkpt lat="44.401507" lon="8.537764"><ele>321.0</ele></trkpt>
      <trkpt lat="44.401525" lon="8.537767"><ele>321.0</ele></trkpt>
      <trkpt lat="44.401542" lon="8.537767"><ele>321.2</ele></trkpt>
      <trkpt lat="44.401560" lon="8.537769"><ele>321.2</ele></trkpt>
      <trkpt lat="44.401577" lon="8.537768"><ele>321.6</ele></trkpt>
      <trkpt lat="44.401594" lon="8.537767"><ele>321.8</ele></trkpt>
      <trkpt lat="44.401607" lon="8.537772"><ele>322.0</ele></trkpt>
      <trkpt lat="44.401624" lon="8.537772"><ele>322.2</ele></trkpt>
      <trkpt lat="44.401641" lon="8.537770"><ele>322.4</ele></trkpt>
      <trkpt lat="44.401660" lon="8.537765"><ele>322.6</ele></trkpt>
      <trkpt lat="44.401679" lon="8.537768"><ele>322.6</ele></trkpt>
      <trkpt lat="44.401697" lon="8.537765"><ele>322.8</ele></trkpt>
      <trkpt lat="44.401718" lon="8.537762"><ele>323.0</ele></trkpt>
      <trkpt lat="44.401738" lon="8.537761"><ele>323.2</ele></trkpt>
      <trkpt lat="44.401761" lon="8.537761"><ele>323.6</ele></trkpt>
      <trkpt lat="44.401782" lon="8.537761"><ele>323.8</ele></trkpt>
      <trkpt lat="44.401803" lon="8.537760"><ele>324.0</ele></trkpt>
      <trkpt lat="44.401826" lon="8.537763"><ele>324.4</ele></trkpt>
      <trkpt lat="44.401847" lon="8.537764"><ele>324.6</ele></trkpt>
      <trkpt lat="44.401869" lon="8.537767"><ele>324.8</ele></trkpt>
      <trkpt lat="44.401888" lon="8.537767"><ele>325.0</ele></trkpt>
      <trkpt lat="44.401907" lon="8.537764"><ele>325.2</ele></trkpt>
      <trkpt lat="44.401926" lon="8.537764"><ele>325.4</ele></trkpt>
      <trkpt lat="44.401945" lon="8.537760"><ele>325.6</ele></trkpt>
      <trkpt lat="44.401961" lon="8.537758"><ele>325.6</ele></trkpt>
      <trkpt lat="44.401978" lon="8.537755"><ele>325.8</ele></trkpt>
      <trkpt lat="44.401994" lon="8.537756"><ele>326.0</ele></trkpt>
      <trkpt lat="44.402011" lon="8.537758"><ele>326.2</ele></trkpt>
      <trkpt lat="44.402030" lon="8.537759"><ele>326.4</ele></trkpt>
      <trkpt lat="44.402048" lon="8.537754"><ele>326.6</ele></trkpt>
      <trkpt lat="44.402066" lon="8.537753"><ele>327.0</ele></trkpt>
      <trkpt lat="44.402083" lon="8.537749"><ele>327.2</ele></trkpt>
      <trkpt lat="44.402100" lon="8.537744"><ele>327.6</ele></trkpt>
      <trkpt lat="44.402117" lon="8.537738"><ele>327.8</ele></trkpt>
      <trkpt lat="44.402134" lon="8.537731"><ele>328.2</ele></trkpt>
      <trkpt lat="44.402151" lon="8.537726"><ele>328.4</ele></trkpt>
      <trkpt lat="44.402169" lon="8.537720"><ele>328.6</ele></trkpt>
      <trkpt lat="44.402187" lon="8.537710"><ele>328.8</ele></trkpt>
      <trkpt lat="44.402207" lon="8.537703"><ele>329.0</ele></trkpt>
      <trkpt lat="44.402224" lon="8.537699"><ele>329.0</ele></trkpt>
      <trkpt lat="44.402239" lon="8.537687"><ele>329.2</ele></trkpt>
      <trkpt lat="44.402255" lon="8.537676"><ele>329.2</ele></trkpt>
      <trkpt lat="44.402271" lon="8.537664"><ele>329.4</ele></trkpt>
      <trkpt lat="44.402284" lon="8.537648"><ele>329.6</ele></trkpt>
      <trkpt lat="44.402294" lon="8.537625"><ele>329.8</ele></trkpt>
      <trkpt lat="44.402309" lon="8.537604"><ele>329.8</ele></trkpt>
      <trkpt lat="44.402322" lon="8.537586"><ele>330.2</ele></trkpt>
      <trkpt lat="44.402333" lon="8.537565"><ele>330.4</ele></trkpt>
      <trkpt lat="44.402342" lon="8.537543"><ele>330.6</ele></trkpt>
      <trkpt lat="44.402352" lon="8.537520"><ele>330.8</ele></trkpt>
      <trkpt lat="44.402360" lon="8.537495"><ele>331.0</ele></trkpt>
      <trkpt lat="44.402368" lon="8.537471"><ele>331.2</ele></trkpt>
      <trkpt lat="44.402377" lon="8.537448"><ele>331.4</ele></trkpt>
      <trkpt lat="44.402386" lon="8.537423"><ele>331.6</ele></trkpt>
      <trkpt lat="44.402392" lon="8.537398"><ele>331.8</ele></trkpt>
      <trkpt lat="44.402398" lon="8.537374"><ele>332.2</ele></trkpt>
      <trkpt lat="44.402406" lon="8.537349"><ele>332.4</ele></trkpt>
      <trkpt lat="44.402413" lon="8.537325"><ele>332.6</ele></trkpt>
      <trkpt lat="44.402418" lon="8.537298"><ele>332.8</ele></trkpt>
      <trkpt lat="44.402424" lon="8.537272"><ele>333.0</ele></trkpt>
      <trkpt lat="44.402428" lon="8.537245"><ele>333.0</ele></trkpt>
      <trkpt lat="44.402431" lon="8.537219"><ele>333.2</ele></trkpt>
      <trkpt lat="44.402437" lon="8.537197"><ele>333.4</ele></trkpt>
      <trkpt lat="44.402442" lon="8.537173"><ele>333.6</ele></trkpt>
      <trkpt lat="44.402443" lon="8.537147"><ele>333.8</ele></trkpt>
      <trkpt lat="44.402448" lon="8.537122"><ele>334.0</ele></trkpt>
      <trkpt lat="44.402453" lon="8.537095"><ele>334.2</ele></trkpt>
      <trkpt lat="44.402458" lon="8.537070"><ele>334.4</ele></trkpt>
      <trkpt lat="44.402463" lon="8.537044"><ele>334.6</ele></trkpt>
      <trkpt lat="44.402463" lon="8.537018"><ele>334.8</ele></trkpt>
      <trkpt lat="44.402463" lon="8.536991"><ele>335.0</ele></trkpt>
      <trkpt lat="44.402462" lon="8.536963"><ele>335.2</ele></trkpt>
      <trkpt lat="44.402459" lon="8.536937"><ele>335.4</ele></trkpt>
      <trkpt lat="44.402458" lon="8.536909"><ele>335.6</ele></trkpt>
      <trkpt lat="44.402455" lon="8.536882"><ele>336.0</ele></trkpt>
      <trkpt lat="44.402451" lon="8.536852"><ele>336.2</ele></trkpt>
      <trkpt lat="44.402446" lon="8.536821"><ele>336.2</ele></trkpt>
      <trkpt lat="44.402441" lon="8.536785"><ele>336.4</ele></trkpt>
      <trkpt lat="44.402438" lon="8.536757"><ele>336.4</ele></trkpt>
      <trkpt lat="44.402437" lon="8.536732"><ele>336.4</ele></trkpt>
      <trkpt lat="44.402433" lon="8.536710"><ele>336.4</ele></trkpt>
      <trkpt lat="44.402430" lon="8.536693"><ele>336.4</ele></trkpt>
      <trkpt lat="44.402425" lon="8.536669"><ele>336.6</ele></trkpt>
      <trkpt lat="44.402419" lon="8.536646"><ele>336.6</ele></trkpt>
      <trkpt lat="44.402412" lon="8.536622"><ele>336.8</ele></trkpt>
      <trkpt lat="44.402405" lon="8.536594"><ele>337.0</ele></trkpt>
      <trkpt lat="44.402398" lon="8.536566"><ele>337.0</ele></trkpt>
      <trkpt lat="44.402392" lon="8.536540"><ele>337.2</ele></trkpt>
      <trkpt lat="44.402384" lon="8.536515"><ele>337.4</ele></trkpt>
      <trkpt lat="44.402378" lon="8.536491"><ele>337.6</ele></trkpt>
      <trkpt lat="44.402372" lon="8.536467"><ele>337.8</ele></trkpt>
      <trkpt lat="44.402366" lon="8.536443"><ele>338.2</ele></trkpt>
      <trkpt lat="44.402361" lon="8.536418"><ele>338.4</ele></trkpt>
      <trkpt lat="44.402354" lon="8.536394"><ele>338.6</ele></trkpt>
      <trkpt lat="44.402345" lon="8.536365"><ele>338.8</ele></trkpt>
      <trkpt lat="44.402337" lon="8.536336"><ele>339.2</ele></trkpt>
      <trkpt lat="44.402328" lon="8.536311"><ele>339.4</ele></trkpt>
      <trkpt lat="44.402321" lon="8.536287"><ele>339.6</ele></trkpt>
      <trkpt lat="44.402317" lon="8.536263"><ele>339.8</ele></trkpt>
      <trkpt lat="44.402309" lon="8.536238"><ele>340.0</ele></trkpt>
      <trkpt lat="44.402301" lon="8.536210"><ele>340.2</ele></trkpt>
      <trkpt lat="44.402295" lon="8.536189"><ele>340.4</ele></trkpt>
      <trkpt lat="44.402286" lon="8.536170"><ele>340.6</ele></trkpt>
      <trkpt lat="44.402283" lon="8.536147"><ele>340.8</ele></trkpt>
      <trkpt lat="44.402276" lon="8.536120"><ele>341.0</ele></trkpt>
      <trkpt lat="44.402272" lon="8.536096"><ele>341.2</ele></trkpt>
      <trkpt lat="44.402268" lon="8.536071"><ele>341.4</ele></trkpt>
      <trkpt lat="44.402261" lon="8.536047"><ele>341.6</ele></trkpt>
      <trkpt lat="44.402254" lon="8.536022"><ele>341.6</ele></trkpt>
      <trkpt lat="44.402248" lon="8.535999"><ele>341.8</ele></trkpt>
      <trkpt lat="44.402242" lon="8.535976"><ele>342.0</ele></trkpt>
      <trkpt lat="44.402234" lon="8.535954"><ele>342.2</ele></trkpt>
      <trkpt lat="44.402226" lon="8.535931"><ele>342.2</ele></trkpt>
      <trkpt lat="44.402220" lon="8.535908"><ele>342.4</ele></trkpt>
      <trkpt lat="44.402215" lon="8.535885"><ele>342.6</ele></trkpt>
      <trkpt lat="44.402211" lon="8.535860"><ele>342.6</ele></trkpt>
      <trkpt lat="44.402206" lon="8.535832"><ele>342.8</ele></trkpt>
      <trkpt lat="44.402201" lon="8.535804"><ele>343.0</ele></trkpt>
      <trkpt lat="44.402195" lon="8.535775"><ele>343.2</ele></trkpt>
      <trkpt lat="44.402190" lon="8.535748"><ele>343.4</ele></trkpt>
      <trkpt lat="44.402186" lon="8.535721"><ele>343.6</ele></trkpt>
      <trkpt lat="44.402180" lon="8.535696"><ele>343.8</ele></trkpt>
      <trkpt lat="44.402175" lon="8.535670"><ele>344.0</ele></trkpt>
      <trkpt lat="44.402168" lon="8.535646"><ele>344.2</ele></trkpt>
      <trkpt lat="44.402161" lon="8.535621"><ele>344.4</ele></trkpt>
      <trkpt lat="44.402156" lon="8.535596"><ele>344.6</ele></trkpt>
      <trkpt lat="44.402146" lon="8.535571"><ele>344.8</ele></trkpt>
      <trkpt lat="44.402135" lon="8.535548"><ele>345.0</ele></trkpt>
      <trkpt lat="44.402128" lon="8.535526"><ele>345.2</ele></trkpt>
      <trkpt lat="44.402123" lon="8.535500"><ele>345.2</ele></trkpt>
      <trkpt lat="44.402118" lon="8.535475"><ele>345.4</ele></trkpt>
      <trkpt lat="44.402112" lon="8.535449"><ele>345.6</ele></trkpt>
      <trkpt lat="44.402106" lon="8.535423"><ele>345.6</ele></trkpt>
      <trkpt lat="44.402100" lon="8.535398"><ele>345.8</ele></trkpt>
      <trkpt lat="44.402093" lon="8.535373"><ele>346.0</ele></trkpt>
      <trkpt lat="44.402087" lon="8.535346"><ele>346.4</ele></trkpt>
      <trkpt lat="44.402081" lon="8.535320"><ele>346.6</ele></trkpt>
      <trkpt lat="44.402075" lon="8.535293"><ele>346.8</ele></trkpt>
      <trkpt lat="44.402069" lon="8.535267"><ele>347.0</ele></trkpt>
      <trkpt lat="44.402061" lon="8.535241"><ele>347.2</ele></trkpt>
      <trkpt lat="44.402053" lon="8.535218"><ele>347.4</ele></trkpt>
      <trkpt lat="44.402046" lon="8.535196"><ele>347.4</ele></trkpt>
      <trkpt lat="44.402041" lon="8.535172"><ele>347.6</ele></trkpt>
      <trkpt lat="44.402035" lon="8.535146"><ele>347.6</ele></trkpt>
      <trkpt lat="44.402028" lon="8.535120"><ele>347.8</ele></trkpt>
      <trkpt lat="44.402020" lon="8.535095"><ele>348.0</ele></trkpt>
      <trkpt lat="44.402012" lon="8.535070"><ele>348.2</ele></trkpt>
      <trkpt lat="44.402005" lon="8.535046"><ele>348.4</ele></trkpt>
      <trkpt lat="44.401999" lon="8.535019"><ele>348.6</ele></trkpt>
      <trkpt lat="44.401994" lon="8.534992"><ele>348.6</ele></trkpt>
      <trkpt lat="44.401988" lon="8.534966"><ele>348.8</ele></trkpt>
      <trkpt lat="44.401984" lon="8.534940"><ele>349.0</ele></trkpt>
      <trkpt lat="44.401979" lon="8.534915"><ele>349.2</ele></trkpt>
      <trkpt lat="44.401973" lon="8.534888"><ele>349.2</ele></trkpt>
      <trkpt lat="44.401965" lon="8.534864"><ele>349.4</ele></trkpt>
      <trkpt lat="44.401958" lon="8.534840"><ele>349.6</ele></trkpt>
      <trkpt lat="44.401953" lon="8.534815"><ele>349.8</ele></trkpt>
      <trkpt lat="44.401949" lon="8.534792"><ele>350.0</ele></trkpt>
      <trkpt lat="44.401942" lon="8.534767"><ele>350.2</ele></trkpt>
      <trkpt lat="44.401937" lon="8.534741"><ele>350.4</ele></trkpt>
      <trkpt lat="44.401932" lon="8.534717"><ele>350.6</ele></trkpt>
      <trkpt lat="44.401926" lon="8.534694"><ele>350.8</ele></trkpt>
      <trkpt lat="44.401921" lon="8.534669"><ele>351.0</ele></trkpt>
      <trkpt lat="44.401914" lon="8.534647"><ele>351.2</ele></trkpt>
      <trkpt lat="44.401908" lon="8.534622"><ele>351.4</ele></trkpt>
      <trkpt lat="44.401903" lon="8.534599"><ele>351.6</ele></trkpt>
      <trkpt lat="44.401900" lon="8.534574"><ele>351.8</ele></trkpt>
      <trkpt lat="44.401896" lon="8.534548"><ele>352.0</ele></trkpt>
      <trkpt lat="44.401896" lon="8.534523"><ele>352.2</ele></trkpt>
      <trkpt lat="44.401898" lon="8.534499"><ele>352.4</ele></trkpt>
      <trkpt lat="44.401904" lon="8.534471"><ele>352.6</ele></trkpt>
      <trkpt lat="44.401910" lon="8.534444"><ele>353.0</ele></trkpt>
      <trkpt lat="44.401918" lon="8.534421"><ele>353.2</ele></trkpt>
      <trkpt lat="44.401927" lon="8.534396"><ele>353.4</ele></trkpt>
      <trkpt lat="44.401936" lon="8.534371"><ele>353.6</ele></trkpt>
      <trkpt lat="44.401946" lon="8.534346"><ele>353.8</ele></trkpt>
      <trkpt lat="44.401957" lon="8.534325"><ele>354.0</ele></trkpt>
      <trkpt lat="44.401968" lon="8.534305"><ele>354.2</ele></trkpt>
      <trkpt lat="44.401980" lon="8.534285"><ele>354.2</ele></trkpt>
      <trkpt lat="44.401994" lon="8.534266"><ele>354.4</ele></trkpt>
      <trkpt lat="44.402008" lon="8.534246"><ele>354.6</ele></trkpt>
      <trkpt lat="44.402023" lon="8.534227"><ele>354.8</ele></trkpt>
      <trkpt lat="44.402040" lon="8.534215"><ele>355.0</ele></trkpt>
      <trkpt lat="44.402060" lon="8.534204"><ele>355.0</ele></trkpt>
      <trkpt lat="44.402078" lon="8.534193"><ele>355.2</ele></trkpt>
      <trkpt lat="44.402090" lon="8.534181"><ele>355.4</ele></trkpt>
      <trkpt lat="44.402103" lon="8.534169"><ele>355.4</ele></trkpt>
      <trkpt lat="44.402118" lon="8.534154"><ele>355.6</ele></trkpt>
      <trkpt lat="44.402136" lon="8.534138"><ele>355.8</ele></trkpt>
      <trkpt lat="44.402155" lon="8.534116"><ele>356.0</ele></trkpt>
      <trkpt lat="44.402174" lon="8.534096"><ele>356.0</ele></trkpt>
      <trkpt lat="44.402194" lon="8.534070"><ele>356.2</ele></trkpt>
      <trkpt lat="44.402205" lon="8.534052"><ele>356.2</ele></trkpt>
      <trkpt lat="44.402217" lon="8.534038"><ele>356.4</ele></trkpt>
      <trkpt lat="44.402229" lon="8.534021"><ele>356.6</ele></trkpt>
      <trkpt lat="44.402241" lon="8.534006"><ele>356.8</ele></trkpt>
      <trkpt lat="44.402251" lon="8.533991"><ele>357.0</ele></trkpt>
      <trkpt lat="44.402265" lon="8.533975"><ele>357.2</ele></trkpt>
      <trkpt lat="44.402276" lon="8.533955"><ele>357.4</ele></trkpt>
      <trkpt lat="44.402284" lon="8.533932"><ele>357.6</ele></trkpt>
      <trkpt lat="44.402293" lon="8.533908"><ele>357.8</ele></trkpt>
      <trkpt lat="44.402300" lon="8.533883"><ele>358.0</ele></trkpt>
      <trkpt lat="44.402308" lon="8.533860"><ele>358.2</ele></trkpt>
      <trkpt lat="44.402317" lon="8.533837"><ele>358.4</ele></trkpt>
      <trkpt lat="44.402324" lon="8.533812"><ele>358.6</ele></trkpt>
      <trkpt lat="44.402331" lon="8.533786"><ele>358.8</ele></trkpt>
      <trkpt lat="44.402337" lon="8.533760"><ele>359.0</ele></trkpt>
      <trkpt lat="44.402344" lon="8.533737"><ele>359.2</ele></trkpt>
      <trkpt lat="44.402353" lon="8.533712"><ele>359.6</ele></trkpt>
      <trkpt lat="44.402360" lon="8.533685"><ele>359.8</ele></trkpt>
      <trkpt lat="44.402368" lon="8.533662"><ele>360.0</ele></trkpt>
      <trkpt lat="44.402379" lon="8.533639"><ele>360.2</ele></trkpt>
      <trkpt lat="44.402387" lon="8.533615"><ele>360.4</ele></trkpt>
      <trkpt lat="44.402393" lon="8.533593"><ele>360.4</ele></trkpt>
      <trkpt lat="44.402400" lon="8.533569"><ele>360.6</ele></trkpt>
      <trkpt lat="44.402407" lon="8.533546"><ele>360.8</ele></trkpt>
      <trkpt lat="44.402415" lon="8.533523"><ele>361.0</ele></trkpt>
      <trkpt lat="44.402422" lon="8.533500"><ele>361.0</ele></trkpt>
      <trkpt lat="44.402428" lon="8.533473"><ele>361.2</ele></trkpt>
      <trkpt lat="44.402435" lon="8.533451"><ele>361.4</ele></trkpt>
      <trkpt lat="44.402442" lon="8.533428"><ele>361.4</ele></trkpt>
      <trkpt lat="44.402449" lon="8.533403"><ele>361.6</ele></trkpt>
      <trkpt lat="44.402457" lon="8.533377"><ele>361.8</ele></trkpt>
      <trkpt lat="44.402464" lon="8.533351"><ele>362.0</ele></trkpt>
      <trkpt lat="44.402473" lon="8.533326"><ele>362.2</ele></trkpt>
      <trkpt lat="44.402483" lon="8.533304"><ele>362.4</ele></trkpt>
      <trkpt lat="44.402490" lon="8.533279"><ele>362.6</ele></trkpt>
      <trkpt lat="44.402496" lon="8.533252"><ele>362.8</ele></trkpt>
      <trkpt lat="44.402503" lon="8.533225"><ele>363.0</ele></trkpt>
      <trkpt lat="44.402508" lon="8.533204"><ele>363.2</ele></trkpt>
      <trkpt lat="44.402516" lon="8.533184"><ele>363.4</ele></trkpt>
      <trkpt lat="44.402524" lon="8.533161"><ele>363.6</ele></trkpt>
      <trkpt lat="44.402533" lon="8.533137"><ele>363.8</ele></trkpt>
      <trkpt lat="44.402541" lon="8.533113"><ele>364.0</ele></trkpt>
      <trkpt lat="44.402549" lon="8.533090"><ele>364.0</ele></trkpt>
      <trkpt lat="44.402554" lon="8.533066"><ele>364.2</ele></trkpt>
      <trkpt lat="44.402560" lon="8.533040"><ele>364.2</ele></trkpt>
      <trkpt lat="44.402568" lon="8.533019"><ele>364.4</ele></trkpt>
      <trkpt lat="44.402575" lon="8.532994"><ele>364.4</ele></trkpt>
      <trkpt lat="44.402581" lon="8.532972"><ele>364.8</ele></trkpt>
      <trkpt lat="44.402590" lon="8.532954"><ele>365.0</ele></trkpt>
      <trkpt lat="44.402598" lon="8.532936"><ele>365.4</ele></trkpt>
      <trkpt lat="44.402607" lon="8.532918"><ele>365.6</ele></trkpt>
      <trkpt lat="44.402616" lon="8.532897"><ele>365.8</ele></trkpt>
      <trkpt lat="44.402628" lon="8.532876"><ele>366.0</ele></trkpt>
      <trkpt lat="44.402639" lon="8.532855"><ele>366.2</ele></trkpt>
      <trkpt lat="44.402650" lon="8.532836"><ele>366.4</ele></trkpt>
      <trkpt lat="44.402660" lon="8.532816"><ele>366.6</ele></trkpt>
      <trkpt lat="44.402671" lon="8.532796"><ele>367.0</ele></trkpt>
      <trkpt lat="44.402683" lon="8.532781"><ele>367.2</ele></trkpt>
      <trkpt lat="44.402697" lon="8.532767"><ele>367.2</ele></trkpt>
      <trkpt lat="44.402706" lon="8.532751"><ele>367.4</ele></trkpt>
      <trkpt lat="44.402720" lon="8.532736"><ele>367.6</ele></trkpt>
      <trkpt lat="44.402735" lon="8.532722"><ele>367.8</ele></trkpt>
      <trkpt lat="44.402747" lon="8.532708"><ele>367.8</ele></trkpt>
      <trkpt lat="44.402763" lon="8.532697"><ele>368.0</ele></trkpt>
      <trkpt lat="44.402778" lon="8.532689"><ele>368.0</ele></trkpt>
      <trkpt lat="44.402795" lon="8.532678"><ele>368.2</ele></trkpt>
      <trkpt lat="44.402812" lon="8.532670"><ele>368.2</ele></trkpt>
      <trkpt lat="44.402830" lon="8.532664"><ele>368.4</ele></trkpt>
      <trkpt lat="44.402848" lon="8.532658"><ele>368.4</ele></trkpt>
      <trkpt lat="44.402865" lon="8.532651"><ele>368.6</ele></trkpt>
      <trkpt lat="44.402880" lon="8.532650"><ele>368.8</ele></trkpt>
      <trkpt lat="44.402897" lon="8.532650"><ele>369.0</ele></trkpt>
      <trkpt lat="44.402914" lon="8.532648"><ele>369.4</ele></trkpt>
      <trkpt lat="44.402929" lon="8.532649"><ele>369.6</ele></trkpt>
      <trkpt lat="44.402945" lon="8.532647"><ele>369.8</ele></trkpt>
      <trkpt lat="44.402961" lon="8.532644"><ele>370.0</ele></trkpt>
      <trkpt lat="44.402978" lon="8.532646"><ele>370.2</ele></trkpt>
      <trkpt lat="44.402996" lon="8.532650"><ele>370.4</ele></trkpt>
      <trkpt lat="44.403014" lon="8.532657"><ele>370.6</ele></trkpt>
      <trkpt lat="44.403033" lon="8.532670"><ele>370.8</ele></trkpt>
      <trkpt lat="44.403053" lon="8.532682"><ele>370.8</ele></trkpt>
      <trkpt lat="44.403070" lon="8.532694"><ele>371.0</ele></trkpt>
      <trkpt lat="44.403087" lon="8.532706"><ele>371.2</ele></trkpt>
      <trkpt lat="44.403104" lon="8.532718"><ele>371.2</ele></trkpt>
      <trkpt lat="44.403118" lon="8.532734"><ele>371.4</ele></trkpt>
      <trkpt lat="44.403134" lon="8.532751"><ele>371.6</ele></trkpt>
      <trkpt lat="44.403149" lon="8.532764"><ele>371.8</ele></trkpt>
      <trkpt lat="44.403164" lon="8.532776"><ele>372.0</ele></trkpt>
      <trkpt lat="44.403178" lon="8.532786"><ele>372.4</ele></trkpt>
      <trkpt lat="44.403191" lon="8.532799"><ele>372.6</ele></trkpt>
      <trkpt lat="44.403201" lon="8.532818"><ele>372.8</ele></trkpt>
      <trkpt lat="44.403214" lon="8.532839"><ele>373.2</ele></trkpt>
      <trkpt lat="44.403226" lon="8.532857"><ele>373.4</ele></trkpt>
      <trkpt lat="44.403240" lon="8.532874"><ele>373.6</ele></trkpt>
      <trkpt lat="44.403253" lon="8.532891"><ele>374.0</ele></trkpt>
      <trkpt lat="44.403263" lon="8.532902"><ele>374.2</ele></trkpt>
      <trkpt lat="44.403274" lon="8.532916"><ele>374.4</ele></trkpt>
      <trkpt lat="44.403286" lon="8.532929"><ele>374.6</ele></trkpt>
      <trkpt lat="44.403297" lon="8.532937"><ele>374.8</ele></trkpt>
      <trkpt lat="44.403309" lon="8.532948"><ele>375.0</ele></trkpt>
      <trkpt lat="44.403322" lon="8.532958"><ele>375.2</ele></trkpt>
      <trkpt lat="44.403336" lon="8.532962"><ele>375.4</ele></trkpt>
      <trkpt lat="44.403352" lon="8.532967"><ele>375.6</ele></trkpt>
      <trkpt lat="44.403369" lon="8.532974"><ele>375.8</ele></trkpt>
      <trkpt lat="44.403388" lon="8.532980"><ele>376.0</ele></trkpt>
      <trkpt lat="44.403407" lon="8.532981"><ele>376.2</ele></trkpt>
      <trkpt lat="44.403421" lon="8.532982"><ele>376.2</ele></trkpt>
      <trkpt lat="44.403435" lon="8.532976"><ele>376.4</ele></trkpt>
      <trkpt lat="44.403453" lon="8.532970"><ele>376.6</ele></trkpt>
      <trkpt lat="44.403473" lon="8.532963"><ele>376.6</ele></trkpt>
      <trkpt lat="44.403495" lon="8.532958"><ele>376.8</ele></trkpt>
      <trkpt lat="44.403509" lon="8.532953"><ele>377.0</ele></trkpt>
      <trkpt lat="44.403523" lon="8.532948"><ele>377.2</ele></trkpt>
      <trkpt lat="44.403536" lon="8.532945"><ele>377.2</ele></trkpt>
      <trkpt lat="44.403552" lon="8.532943"><ele>377.4</ele></trkpt>
      <trkpt lat="44.403568" lon="8.532935"><ele>377.6</ele></trkpt>
      <trkpt lat="44.403584" lon="8.532926"><ele>377.8</ele></trkpt>
      <trkpt lat="44.403600" lon="8.532917"><ele>378.0</ele></trkpt>
      <trkpt lat="44.403615" lon="8.532911"><ele>378.2</ele></trkpt>
      <trkpt lat="44.403632" lon="8.532904"><ele>378.4</ele></trkpt>
      <trkpt lat="44.403649" lon="8.532902"><ele>378.6</ele></trkpt>
      <trkpt lat="44.403666" lon="8.532904"><ele>378.8</ele></trkpt>
      <trkpt lat="44.403682" lon="8.532912"><ele>379.0</ele></trkpt>
      <trkpt lat="44.403700" lon="8.532922"><ele>379.2</ele></trkpt>
      <trkpt lat="44.403711" lon="8.532941"><ele>379.4</ele></trkpt>
      <trkpt lat="44.403718" lon="8.532961"><ele>379.6</ele></trkpt>
      <trkpt lat="44.403724" lon="8.532981"><ele>380.0</ele></trkpt>
      <trkpt lat="44.403726" lon="8.532999"><ele>380.2</ele></trkpt>
      <trkpt lat="44.403721" lon="8.533019"><ele>380.4</ele></trkpt>
      <trkpt lat="44.403718" lon="8.533040"><ele>380.6</ele></trkpt>
      <trkpt lat="44.403711" lon="8.533059"><ele>380.8</ele></trkpt>
      <trkpt lat="44.403704" lon="8.533081"><ele>381.0</ele></trkpt>
      <trkpt lat="44.403698" lon="8.533104"><ele>381.2</ele></trkpt>
      <trkpt lat="44.403697" lon="8.533121"><ele>381.2</ele></trkpt>
      <trkpt lat="44.403695" lon="8.533139"><ele>381.4</ele></trkpt>
      <trkpt lat="44.403685" lon="8.533156"><ele>381.6</ele></trkpt>
      <trkpt lat="44.403672" lon="8.533167"><ele>381.8</ele></trkpt>
      <trkpt lat="44.403660" lon="8.533182"><ele>382.0</ele></trkpt>
      <trkpt lat="44.403648" lon="8.533194"><ele>382.2</ele></trkpt>
      <trkpt lat="44.403637" lon="8.533207"><ele>382.2</ele></trkpt>
      <trkpt lat="44.403622" lon="8.533215"><ele>382.4</ele></trkpt>
      <trkpt lat="44.403606" lon="8.533224"><ele>382.6</ele></trkpt>
      <trkpt lat="44.403592" lon="8.533231"><ele>382.8</ele></trkpt>
      <trkpt lat="44.403578" lon="8.533236"><ele>383.0</ele></trkpt>
      <trkpt lat="44.403562" lon="8.533237"><ele>383.2</ele></trkpt>
      <trkpt lat="44.403545" lon="8.533237"><ele>383.4</ele></trkpt>
      <trkpt lat="44.403528" lon="8.533236"><ele>383.6</ele></trkpt>
      <trkpt lat="44.403510" lon="8.533232"><ele>383.8</ele></trkpt>
      <trkpt lat="44.403495" lon="8.533228"><ele>383.8</ele></trkpt>
      <trkpt lat="44.403479" lon="8.533222"><ele>384.0</ele></trkpt>
      <trkpt lat="44.403463" lon="8.533211"><ele>384.2</ele></trkpt>
      <trkpt lat="44.403449" lon="8.533200"><ele>384.4</ele></trkpt>
      <trkpt lat="44.403435" lon="8.533188"><ele>384.6</ele></trkpt>
      <trkpt lat="44.403420" lon="8.533181"><ele>384.8</ele></trkpt>
      <trkpt lat="44.403404" lon="8.533179"><ele>385.0</ele></trkpt>
      <trkpt lat="44.403388" lon="8.533175"><ele>385.2</ele></trkpt>
      <trkpt lat="44.403373" lon="8.533168"><ele>385.4</ele></trkpt>
      <trkpt lat="44.403359" lon="8.533161"><ele>385.6</ele></trkpt>
      <trkpt lat="44.403346" lon="8.533156"><ele>385.8</ele></trkpt>
      <trkpt lat="44.403333" lon="8.533152"><ele>386.0</ele></trkpt>
      <trkpt lat="44.403319" lon="8.533146"><ele>386.2</ele></trkpt>
      <trkpt lat="44.403306" lon="8.533138"><ele>386.4</ele></trkpt>
      <trkpt lat="44.403290" lon="8.533134"><ele>386.6</ele></trkpt>
      <trkpt lat="44.403275" lon="8.533128"><ele>386.8</ele></trkpt>
      <trkpt lat="44.403260" lon="8.533124"><ele>387.0</ele></trkpt>
      <trkpt lat="44.403244" lon="8.533124"><ele>387.2</ele></trkpt>
      <trkpt lat="44.403228" lon="8.533121"><ele>387.4</ele></trkpt>
      <trkpt lat="44.403216" lon="8.533118"><ele>387.6</ele></trkpt>
      <trkpt lat="44.403201" lon="8.533117"><ele>388.0</ele></trkpt>
      <trkpt lat="44.403187" lon="8.533114"><ele>388.2</ele></trkpt>
      <trkpt lat="44.403172" lon="8.533114"><ele>388.4</ele></trkpt>
      <trkpt lat="44.403159" lon="8.533111"><ele>388.6</ele></trkpt>
      <trkpt lat="44.403145" lon="8.533111"><ele>388.8</ele></trkpt>
      <trkpt lat="44.403132" lon="8.533116"><ele>389.0</ele></trkpt>
      <trkpt lat="44.403116" lon="8.533119"><ele>389.2</ele></trkpt>
      <trkpt lat="44.403102" lon="8.533120"><ele>389.4</ele></trkpt>
      <trkpt lat="44.403089" lon="8.533122"><ele>389.6</ele></trkpt>
      <trkpt lat="44.403075" lon="8.533127"><ele>389.8</ele></trkpt>
      <trkpt lat="44.403064" lon="8.533129"><ele>390.0</ele></trkpt>
      <trkpt lat="44.403050" lon="8.533131"><ele>390.2</ele></trkpt>
      <trkpt lat="44.403036" lon="8.533132"><ele>390.4</ele></trkpt>
      <trkpt lat="44.403022" lon="8.533140"><ele>390.8</ele></trkpt>
      <trkpt lat="44.403009" lon="8.533151"><ele>391.0</ele></trkpt>
      <trkpt lat="44.402997" lon="8.533160"><ele>391.2</ele></trkpt>
      <trkpt lat="44.402983" lon="8.533171"><ele>391.4</ele></trkpt>
      <trkpt lat="44.402966" lon="8.533179"><ele>391.6</ele></trkpt>
      <trkpt lat="44.402950" lon="8.533187"><ele>391.8</ele></trkpt>
      <trkpt lat="44.402938" lon="8.533201"><ele>392.0</ele></trkpt>
      <trkpt lat="44.402923" lon="8.533212"><ele>392.2</ele></trkpt>
      <trkpt lat="44.402907" lon="8.533221"><ele>392.4</ele></trkpt>
      <trkpt lat="44.402894" lon="8.533233"><ele>392.6</ele></trkpt>
      <trkpt lat="44.402885" lon="8.533249"><ele>392.8</ele></trkpt>
      <trkpt lat="44.402878" lon="8.533266"><ele>393.2</ele></trkpt>
      <trkpt lat="44.402870" lon="8.533283"><ele>393.4</ele></trkpt>
      <trkpt lat="44.402861" lon="8.533300"><ele>393.6</ele></trkpt>
      <trkpt lat="44.402852" lon="8.533319"><ele>393.8</ele></trkpt>
      <trkpt lat="44.402843" lon="8.533338"><ele>394.2</ele></trkpt>
      <trkpt lat="44.402834" lon="8.533354"><ele>394.4</ele></trkpt>
      <trkpt lat="44.402825" lon="8.533372"><ele>394.6</ele></trkpt>
      <trkpt lat="44.402816" lon="8.533391"><ele>394.8</ele></trkpt>
      <trkpt lat="44.402806" lon="8.533412"><ele>394.8</ele></trkpt>
      <trkpt lat="44.402799" lon="8.533431"><ele>395.0</ele></trkpt>
      <trkpt lat="44.402792" lon="8.533452"><ele>395.2</ele></trkpt>
      <trkpt lat="44.402786" lon="8.533475"><ele>395.4</ele></trkpt>
      <trkpt lat="44.402781" lon="8.533497"><ele>395.4</ele></trkpt>
      <trkpt lat="44.402774" lon="8.533518"><ele>395.6</ele></trkpt>
      <trkpt lat="44.402767" lon="8.533542"><ele>395.6</ele></trkpt>
      <trkpt lat="44.402760" lon="8.533566"><ele>395.8</ele></trkpt>
      <trkpt lat="44.402756" lon="8.533589"><ele>395.8</ele></trkpt>
      <trkpt lat="44.402753" lon="8.533615"><ele>396.0</ele></trkpt>
      <trkpt lat="44.402752" lon="8.533638"><ele>396.0</ele></trkpt>
      <trkpt lat="44.402751" lon="8.533660"><ele>396.2</ele></trkpt>
      <trkpt lat="44.402749" lon="8.533683"><ele>396.4</ele></trkpt>
      <trkpt lat="44.402752" lon="8.533707"><ele>396.6</ele></trkpt>
      <trkpt lat="44.402755" lon="8.533730"><ele>396.6</ele></trkpt>
      <trkpt lat="44.402759" lon="8.533753"><ele>396.8</ele></trkpt>
      <trkpt lat="44.402766" lon="8.533779"><ele>396.8</ele></trkpt>
      <trkpt lat="44.402774" lon="8.533806"><ele>397.0</ele></trkpt>
      <trkpt lat="44.402786" lon="8.533838"><ele>397.0</ele></trkpt>
      <trkpt lat="44.402806" lon="8.533863"><ele>397.2</ele></trkpt>
      <trkpt lat="44.402824" lon="8.533878"><ele>397.4</ele></trkpt>
      <trkpt lat="44.402838" lon="8.533890"><ele>397.4</ele></trkpt>
      <trkpt lat="44.402852" lon="8.533901"><ele>397.8</ele></trkpt>
      <trkpt lat="44.402865" lon="8.533912"><ele>398.0</ele></trkpt>
      <trkpt lat="44.402878" lon="8.533926"><ele>398.2</ele></trkpt>
      <trkpt lat="44.402891" lon="8.533941"><ele>398.4</ele></trkpt>
      <trkpt lat="44.402905" lon="8.533954"><ele>398.4</ele></trkpt>
      <trkpt lat="44.402923" lon="8.533966"><ele>398.6</ele></trkpt>
      <trkpt lat="44.402937" lon="8.533980"><ele>398.6</ele></trkpt>
      <trkpt lat="44.402952" lon="8.533993"><ele>398.6</ele></trkpt>
      <trkpt lat="44.402969" lon="8.534008"><ele>398.8</ele></trkpt>
      <trkpt lat="44.402981" lon="8.534025"><ele>398.8</ele></trkpt>
      <trkpt lat="44.402992" lon="8.534040"><ele>398.8</ele></trkpt>
      <trkpt lat="44.403004" lon="8.534055"><ele>398.8</ele></trkpt>
      <trkpt lat="44.403015" lon="8.534075"><ele>398.8</ele></trkpt>
      <trkpt lat="44.403025" lon="8.534094"><ele>399.0</ele></trkpt>
      <trkpt lat="44.403036" lon="8.534115"><ele>399.2</ele></trkpt>
      <trkpt lat="44.403048" lon="8.534133"><ele>399.2</ele></trkpt>
      <trkpt lat="44.403061" lon="8.534152"><ele>399.4</ele></trkpt>
      <trkpt lat="44.403077" lon="8.534175"><ele>399.4</ele></trkpt>
      <trkpt lat="44.403086" lon="8.534209"><ele>399.4</ele></trkpt>
      <trkpt lat="44.403089" lon="8.534241"><ele>399.4</ele></trkpt>
      <trkpt lat="44.403096" lon="8.534262"><ele>399.2</ele></trkpt>
      <trkpt lat="44.403101" lon="8.534291"><ele>399.2</ele></trkpt>
      <trkpt lat="44.403103" lon="8.534320"><ele>399.0</ele></trkpt>
      <trkpt lat="44.403105" lon="8.534346"><ele>398.8</ele></trkpt>
      <trkpt lat="44.403109" lon="8.534368"><ele>398.8</ele></trkpt>
      <trkpt lat="44.403111" lon="8.534392"><ele>398.8</ele></trkpt>
      <trkpt lat="44.403115" lon="8.534418"><ele>398.8</ele></trkpt>
      <trkpt lat="44.403124" lon="8.534444"><ele>398.8</ele></trkpt>
      <trkpt lat="44.403130" lon="8.534473"><ele>398.8</ele></trkpt>
      <trkpt lat="44.403136" lon="8.534500"><ele>398.8</ele></trkpt>
      <trkpt lat="44.403145" lon="8.534525"><ele>398.6</ele></trkpt>
      <trkpt lat="44.403151" lon="8.534554"><ele>398.6</ele></trkpt>
      <trkpt lat="44.403147" lon="8.534580"><ele>398.6</ele></trkpt>
      <trkpt lat="44.403150" lon="8.534602"><ele>398.6</ele></trkpt>
      <trkpt lat="44.403160" lon="8.534621"><ele>398.6</ele></trkpt>
      <trkpt lat="44.403174" lon="8.534623"><ele>398.6</ele></trkpt>
      <trkpt lat="44.403186" lon="8.534610"><ele>398.6</ele></trkpt>
      <trkpt lat="44.403182" lon="8.534596"><ele>398.6</ele></trkpt>
      <trkpt lat="44.403169" lon="8.534582"><ele>398.8</ele></trkpt>
      <trkpt lat="44.403156" lon="8.534559"><ele>398.6</ele></trkpt>
      <trkpt lat="44.403143" lon="8.534534"><ele>398.6</ele></trkpt>
      <trkpt lat="44.403132" lon="8.534511"><ele>398.4</ele></trkpt>
      <trkpt lat="44.403128" lon="8.534483"><ele>398.2</ele></trkpt>
      <trkpt lat="44.403125" lon="8.534453"><ele>398.2</ele></trkpt>
      <trkpt lat="44.403123" lon="8.534427"><ele>398.2</ele></trkpt>
      <trkpt lat="44.403119" lon="8.534400"><ele>398.2</ele></trkpt>
      <trkpt lat="44.403116" lon="8.534368"><ele>398.2</ele></trkpt>
      <trkpt lat="44.403113" lon="8.534338"><ele>398.2</ele></trkpt>
      <trkpt lat="44.403110" lon="8.534305"><ele>398.4</ele></trkpt>
      <trkpt lat="44.403104" lon="8.534273"><ele>398.4</ele></trkpt>
      <trkpt lat="44.403092" lon="8.534250"><ele>398.4</ele></trkpt>
      <trkpt lat="44.403079" lon="8.534229"><ele>398.6</ele></trkpt>
      <trkpt lat="44.403068" lon="8.534212"><ele>398.6</ele></trkpt>
      <trkpt lat="44.403066" lon="8.534189"><ele>398.8</ele></trkpt>
      <trkpt lat="44.403069" lon="8.534162"><ele>399.0</ele></trkpt>
      <trkpt lat="44.403078" lon="8.534143"><ele>399.2</ele></trkpt>
      <trkpt lat="44.403091" lon="8.534136"><ele>399.2</ele></trkpt>
      <trkpt lat="44.403105" lon="8.534144"><ele>399.4</ele></trkpt>
      <trkpt lat="44.403108" lon="8.534167"><ele>399.4</ele></trkpt>
      <trkpt lat="44.403112" lon="8.534197"><ele>399.6</ele></trkpt>
      <trkpt lat="44.403122" lon="8.534222"><ele>399.8</ele></trkpt>
      <trkpt lat="44.403132" lon="8.534250"><ele>400.0</ele></trkpt>
      <trkpt lat="44.403143" lon="8.534275"><ele>400.2</ele></trkpt>
      <trkpt lat="44.403157" lon="8.534298"><ele>400.6</ele></trkpt>
      <trkpt lat="44.403171" lon="8.534320"><ele>400.8</ele></trkpt>
      <trkpt lat="44.403190" lon="8.534338"><ele>401.0</ele></trkpt>
      <trkpt lat="44.403205" lon="8.534356"><ele>401.2</ele></trkpt>
      <trkpt lat="44.403222" lon="8.534368"><ele>401.4</ele></trkpt>
      <trkpt lat="44.403240" lon="8.534368"><ele>401.4</ele></trkpt>
      <trkpt lat="44.403256" lon="8.534362"><ele>401.4</ele></trkpt>
      <trkpt lat="44.403268" lon="8.534349"><ele>401.6</ele></trkpt>
      <trkpt lat="44.403287" lon="8.534337"><ele>401.8</ele></trkpt>
      <trkpt lat="44.403301" lon="8.534329"><ele>402.0</ele></trkpt>
      <trkpt lat="44.403314" lon="8.534321"><ele>402.4</ele></trkpt>
      <trkpt lat="44.403328" lon="8.534315"><ele>402.6</ele></trkpt>
      <trkpt lat="44.403347" lon="8.534319"><ele>402.8</ele></trkpt>
      <trkpt lat="44.403367" lon="8.534335"><ele>403.0</ele></trkpt>
      <trkpt lat="44.403383" lon="8.534355"><ele>403.0</ele></trkpt>
      <trkpt lat="44.403397" lon="8.534381"><ele>403.0</ele></trkpt>
      <trkpt lat="44.403407" lon="8.534411"><ele>402.8</ele></trkpt>
      <trkpt lat="44.403418" lon="8.534439"><ele>402.6</ele></trkpt>
      <trkpt lat="44.403426" lon="8.534461"><ele>402.6</ele></trkpt>
      <trkpt lat="44.403431" lon="8.534476"><ele>402.6</ele></trkpt>
      <trkpt lat="44.403439" lon="8.534494"><ele>402.6</ele></trkpt>
      <trkpt lat="44.403449" lon="8.534504"><ele>402.6</ele></trkpt>
      <trkpt lat="44.403458" lon="8.534516"><ele>402.8</ele></trkpt>
      <trkpt lat="44.403467" lon="8.534521"><ele>402.8</ele></trkpt>
      <trkpt lat="44.403482" lon="8.534526"><ele>403.0</ele></trkpt>
      <trkpt lat="44.403496" lon="8.534534"><ele>403.0</ele></trkpt>
      <trkpt lat="44.403507" lon="8.534534"><ele>403.2</ele></trkpt>
      <trkpt lat="44.403518" lon="8.534530"><ele>403.4</ele></trkpt>
      <trkpt lat="44.403530" lon="8.534523"><ele>403.6</ele></trkpt>
      <trkpt lat="44.403540" lon="8.534516"><ele>403.8</ele></trkpt>
      <trkpt lat="44.403549" lon="8.534505"><ele>404.0</ele></trkpt>
      <trkpt lat="44.403560" lon="8.534495"><ele>404.0</ele></trkpt>
      <trkpt lat="44.403575" lon="8.534485"><ele>404.0</ele></trkpt>
      <trkpt lat="44.403591" lon="8.534473"><ele>404.2</ele></trkpt>
      <trkpt lat="44.403604" lon="8.534461"><ele>404.2</ele></trkpt>
      <trkpt lat="44.403617" lon="8.534445"><ele>404.2</ele></trkpt>
      <trkpt lat="44.403628" lon="8.534426"><ele>404.2</ele></trkpt>
      <trkpt lat="44.403640" lon="8.534408"><ele>404.2</ele></trkpt>
      <trkpt lat="44.403650" lon="8.534387"><ele>404.4</ele></trkpt>
      <trkpt lat="44.403657" lon="8.534363"><ele>404.6</ele></trkpt>
      <trkpt lat="44.403666" lon="8.534340"><ele>404.8</ele></trkpt>
      <trkpt lat="44.403675" lon="8.534319"><ele>405.2</ele></trkpt>
      <trkpt lat="44.403682" lon="8.534296"><ele>405.4</ele></trkpt>
      <trkpt lat="44.403687" lon="8.534271"><ele>405.8</ele></trkpt>
      <trkpt lat="44.403691" lon="8.534249"><ele>405.8</ele></trkpt>
      <trkpt lat="44.403695" lon="8.534222"><ele>406.0</ele></trkpt>
      <trkpt lat="44.403695" lon="8.534195"><ele>406.4</ele></trkpt>
      <trkpt lat="44.403692" lon="8.534169"><ele>406.6</ele></trkpt>
      <trkpt lat="44.403691" lon="8.534143"><ele>406.8</ele></trkpt>
      <trkpt lat="44.403687" lon="8.534118"><ele>407.0</ele></trkpt>
      <trkpt lat="44.403687" lon="8.534093"><ele>407.4</ele></trkpt>
      <trkpt lat="44.403686" lon="8.534070"><ele>407.6</ele></trkpt>
      <trkpt lat="44.403684" lon="8.534045"><ele>407.8</ele></trkpt>
      <trkpt lat="44.403683" lon="8.534020"><ele>408.0</ele></trkpt>
      <trkpt lat="44.403682" lon="8.533998"><ele>408.2</ele></trkpt>
      <trkpt lat="44.403679" lon="8.533974"><ele>408.4</ele></trkpt>
      <trkpt lat="44.403676" lon="8.533948"><ele>408.6</ele></trkpt>
      <trkpt lat="44.403673" lon="8.533920"><ele>408.6</ele></trkpt>
      <trkpt lat="44.403671" lon="8.533895"><ele>409.0</ele></trkpt>
      <trkpt lat="44.403669" lon="8.533871"><ele>409.0</ele></trkpt>
      <trkpt lat="44.403670" lon="8.533843"><ele>409.2</ele></trkpt>
      <trkpt lat="44.403676" lon="8.533819"><ele>409.4</ele></trkpt>
      <trkpt lat="44.403683" lon="8.533796"><ele>409.6</ele></trkpt>
      <trkpt lat="44.403693" lon="8.533775"><ele>409.8</ele></trkpt>
      <trkpt lat="44.403704" lon="8.533759"><ele>410.0</ele></trkpt>
      <trkpt lat="44.403715" lon="8.533741"><ele>410.2</ele></trkpt>
      <trkpt lat="44.403726" lon="8.533724"><ele>410.6</ele></trkpt>
      <trkpt lat="44.403742" lon="8.533716"><ele>410.8</ele></trkpt>
      <trkpt lat="44.403758" lon="8.533709"><ele>410.8</ele></trkpt>
      <trkpt lat="44.403775" lon="8.533701"><ele>411.0</ele></trkpt>
      <trkpt lat="44.403794" lon="8.533694"><ele>411.2</ele></trkpt>
      <trkpt lat="44.403811" lon="8.533689"><ele>411.4</ele></trkpt>
      <trkpt lat="44.403829" lon="8.533685"><ele>411.4</ele></trkpt>
      <trkpt lat="44.403846" lon="8.533686"><ele>411.8</ele></trkpt>
      <trkpt lat="44.403866" lon="8.533686"><ele>412.0</ele></trkpt>
      <trkpt lat="44.403886" lon="8.533684"><ele>412.4</ele></trkpt>
      <trkpt lat="44.403903" lon="8.533685"><ele>412.6</ele></trkpt>
      <trkpt lat="44.403919" lon="8.533689"><ele>413.0</ele></trkpt>
      <trkpt lat="44.403935" lon="8.533695"><ele>413.2</ele></trkpt>
      <trkpt lat="44.403953" lon="8.533702"><ele>413.4</ele></trkpt>
      <trkpt lat="44.403974" lon="8.533707"><ele>413.6</ele></trkpt>
      <trkpt lat="44.403998" lon="8.533711"><ele>413.8</ele></trkpt>
      <trkpt lat="44.404021" lon="8.533707"><ele>414.0</ele></trkpt>
      <trkpt lat="44.404047" lon="8.533705"><ele>414.4</ele></trkpt>
      <trkpt lat="44.404067" lon="8.533699"><ele>414.6</ele></trkpt>
      <trkpt lat="44.404083" lon="8.533696"><ele>414.8</ele></trkpt>
      <trkpt lat="44.404099" lon="8.533692"><ele>415.0</ele></trkpt>
      <trkpt lat="44.404114" lon="8.533688"><ele>415.2</ele></trkpt>
      <trkpt lat="44.404131" lon="8.533686"><ele>415.4</ele></trkpt>
      <trkpt lat="44.404147" lon="8.533680"><ele>415.4</ele></trkpt>
      <trkpt lat="44.404165" lon="8.533672"><ele>415.4</ele></trkpt>
      <trkpt lat="44.404182" lon="8.533664"><ele>415.6</ele></trkpt>
      <trkpt lat="44.404199" lon="8.533653"><ele>415.6</ele></trkpt>
      <trkpt lat="44.404214" lon="8.533638"><ele>415.6</ele></trkpt>
      <trkpt lat="44.404229" lon="8.533624"><ele>415.8</ele></trkpt>
      <trkpt lat="44.404244" lon="8.533610"><ele>416.0</ele></trkpt>
      <trkpt lat="44.404259" lon="8.533595"><ele>416.2</ele></trkpt>
      <trkpt lat="44.404275" lon="8.533579"><ele>416.4</ele></trkpt>
      <trkpt lat="44.404289" lon="8.533561"><ele>416.6</ele></trkpt>
      <trkpt lat="44.404300" lon="8.533542"><ele>416.6</ele></trkpt>
      <trkpt lat="44.404313" lon="8.533519"><ele>416.8</ele></trkpt>
      <trkpt lat="44.404326" lon="8.533498"><ele>416.8</ele></trkpt>
      <trkpt lat="44.404340" lon="8.533476"><ele>417.0</ele></trkpt>
      <trkpt lat="44.404351" lon="8.533455"><ele>417.2</ele></trkpt>
      <trkpt lat="44.404360" lon="8.533434"><ele>417.4</ele></trkpt>
      <trkpt lat="44.404366" lon="8.533410"><ele>417.6</ele></trkpt>
      <trkpt lat="44.404374" lon="8.533387"><ele>417.8</ele></trkpt>
      <trkpt lat="44.404382" lon="8.533361"><ele>418.0</ele></trkpt>
      <trkpt lat="44.404390" lon="8.533337"><ele>418.2</ele></trkpt>
      <trkpt lat="44.404396" lon="8.533308"><ele>418.4</ele></trkpt>
      <trkpt lat="44.404402" lon="8.533279"><ele>418.6</ele></trkpt>
      <trkpt lat="44.404407" lon="8.533250"><ele>418.6</ele></trkpt>
      <trkpt lat="44.404411" lon="8.533220"><ele>418.8</ele></trkpt>
      <trkpt lat="44.404416" lon="8.533190"><ele>419.0</ele></trkpt>
      <trkpt lat="44.404424" lon="8.533158"><ele>419.0</ele></trkpt>
      <trkpt lat="44.404436" lon="8.533127"><ele>419.2</ele></trkpt>
      <trkpt lat="44.404450" lon="8.533099"><ele>419.4</ele></trkpt>
      <trkpt lat="44.404467" lon="8.533076"><ele>419.4</ele></trkpt>
      <trkpt lat="44.404486" lon="8.533054"><ele>419.6</ele></trkpt>
      <trkpt lat="44.404507" lon="8.533038"><ele>419.8</ele></trkpt>
      <trkpt lat="44.404528" lon="8.533031"><ele>420.0</ele></trkpt>
      <trkpt lat="44.404551" lon="8.533035"><ele>420.0</ele></trkpt>
      <trkpt lat="44.404575" lon="8.533043"><ele>420.2</ele></trkpt>
      <trkpt lat="44.404598" lon="8.533049"><ele>420.2</ele></trkpt>
      <trkpt lat="44.404619" lon="8.533054"><ele>420.4</ele></trkpt>
      <trkpt lat="44.404642" lon="8.533060"><ele>420.4</ele></trkpt>
      <trkpt lat="44.404663" lon="8.533072"><ele>420.4</ele></trkpt>
      <trkpt lat="44.404683" lon="8.533080"><ele>420.4</ele></trkpt>
      <trkpt lat="44.404708" lon="8.533086"><ele>420.6</ele></trkpt>
      <trkpt lat="44.404729" lon="8.533096"><ele>420.6</ele></trkpt>
      <trkpt lat="44.404753" lon="8.533106"><ele>420.6</ele></trkpt>
      <trkpt lat="44.404775" lon="8.533118"><ele>420.8</ele></trkpt>
      <trkpt lat="44.404799" lon="8.533130"><ele>421.0</ele></trkpt>
      <trkpt lat="44.404824" lon="8.533140"><ele>421.0</ele></trkpt>
      <trkpt lat="44.404850" lon="8.533150"><ele>421.2</ele></trkpt>
      <trkpt lat="44.404873" lon="8.533156"><ele>421.2</ele></trkpt>
      <trkpt lat="44.404893" lon="8.533161"><ele>421.2</ele></trkpt>
      <trkpt lat="44.404910" lon="8.533166"><ele>421.4</ele></trkpt>
      <trkpt lat="44.404927" lon="8.533178"><ele>421.6</ele></trkpt>
      <trkpt lat="44.404944" lon="8.533186"><ele>421.8</ele></trkpt>
      <trkpt lat="44.404964" lon="8.533196"><ele>422.0</ele></trkpt>
      <trkpt lat="44.404986" lon="8.533198"><ele>422.2</ele></trkpt>
      <trkpt lat="44.405007" lon="8.533200"><ele>422.4</ele></trkpt>
      <trkpt lat="44.405029" lon="8.533203"><ele>422.6</ele></trkpt>
      <trkpt lat="44.405050" lon="8.533203"><ele>422.8</ele></trkpt>
      <trkpt lat="44.405074" lon="8.533202"><ele>422.8</ele></trkpt>
      <trkpt lat="44.405098" lon="8.533201"><ele>423.0</ele></trkpt>
      <trkpt lat="44.405122" lon="8.533202"><ele>423.2</ele></trkpt>
      <trkpt lat="44.405145" lon="8.533201"><ele>423.2</ele></trkpt>
      <trkpt lat="44.405168" lon="8.533199"><ele>423.4</ele></trkpt>
      <trkpt lat="44.405190" lon="8.533197"><ele>423.4</ele></trkpt>
      <trkpt lat="44.405211" lon="8.533199"><ele>423.6</ele></trkpt>
      <trkpt lat="44.405228" lon="8.533199"><ele>423.6</ele></trkpt>
      <trkpt lat="44.405246" lon="8.533199"><ele>423.8</ele></trkpt>
      <trkpt lat="44.405263" lon="8.533199"><ele>423.8</ele></trkpt>
      <trkpt lat="44.405279" lon="8.533199"><ele>424.0</ele></trkpt>
      <trkpt lat="44.405297" lon="8.533201"><ele>424.0</ele></trkpt>
      <trkpt lat="44.405318" lon="8.533201"><ele>424.2</ele></trkpt>
      <trkpt lat="44.405340" lon="8.533200"><ele>424.4</ele></trkpt>
      <trkpt lat="44.405359" lon="8.533204"><ele>424.4</ele></trkpt>
      <trkpt lat="44.405379" lon="8.533202"><ele>424.6</ele></trkpt>
      <trkpt lat="44.405402" lon="8.533207"><ele>424.8</ele></trkpt>
      <trkpt lat="44.405426" lon="8.533209"><ele>424.8</ele></trkpt>
      <trkpt lat="44.405450" lon="8.533212"><ele>425.0</ele></trkpt>
      <trkpt lat="44.405472" lon="8.533212"><ele>425.2</ele></trkpt>
      <trkpt lat="44.405498" lon="8.533217"><ele>425.4</ele></trkpt>
      <trkpt lat="44.405524" lon="8.533218"><ele>425.6</ele></trkpt>
      <trkpt lat="44.405549" lon="8.533220"><ele>425.6</ele></trkpt>
      <trkpt lat="44.405574" lon="8.533221"><ele>425.8</ele></trkpt>
      <trkpt lat="44.405598" lon="8.533228"><ele>426.0</ele></trkpt>
      <trkpt lat="44.405618" lon="8.533231"><ele>426.2</ele></trkpt>
      <trkpt lat="44.405635" lon="8.533235"><ele>426.2</ele></trkpt>
      <trkpt lat="44.405654" lon="8.533239"><ele>426.4</ele></trkpt>
      <trkpt lat="44.405671" lon="8.533247"><ele>426.4</ele></trkpt>
      <trkpt lat="44.405688" lon="8.533252"><ele>426.6</ele></trkpt>
      <trkpt lat="44.405707" lon="8.533260"><ele>426.8</ele></trkpt>
      <trkpt lat="44.405727" lon="8.533267"><ele>426.8</ele></trkpt>
      <trkpt lat="44.405748" lon="8.533274"><ele>427.0</ele></trkpt>
      <trkpt lat="44.405764" lon="8.533283"><ele>427.2</ele></trkpt>
      <trkpt lat="44.405777" lon="8.533287"><ele>427.2</ele></trkpt>
      <trkpt lat="44.405790" lon="8.533291"><ele>427.4</ele></trkpt>
      <trkpt lat="44.405808" lon="8.533297"><ele>427.6</ele></trkpt>
      <trkpt lat="44.405826" lon="8.533307"><ele>427.8</ele></trkpt>
      <trkpt lat="44.405844" lon="8.533316"><ele>428.0</ele></trkpt>
      <trkpt lat="44.405860" lon="8.533331"><ele>428.0</ele></trkpt>
      <trkpt lat="44.405876" lon="8.533347"><ele>428.2</ele></trkpt>
      <trkpt lat="44.405891" lon="8.533364"><ele>428.4</ele></trkpt>
      <trkpt lat="44.405909" lon="8.533377"><ele>428.4</ele></trkpt>
      <trkpt lat="44.405928" lon="8.533392"><ele>428.6</ele></trkpt>
      <trkpt lat="44.405948" lon="8.533406"><ele>428.8</ele></trkpt>
      <trkpt lat="44.405965" lon="8.533419"><ele>429.0</ele></trkpt>
      <trkpt lat="44.405984" lon="8.533430"><ele>429.2</ele></trkpt>
      <trkpt lat="44.406003" lon="8.533446"><ele>429.4</ele></trkpt>
      <trkpt lat="44.406024" lon="8.533455"><ele>429.4</ele></trkpt>
      <trkpt lat="44.406044" lon="8.533460"><ele>429.6</ele></trkpt>
      <trkpt lat="44.406063" lon="8.533467"><ele>429.8</ele></trkpt>
      <trkpt lat="44.406082" lon="8.533469"><ele>430.0</ele></trkpt>
      <trkpt lat="44.406101" lon="8.533470"><ele>430.0</ele></trkpt>
      <trkpt lat="44.406119" lon="8.533472"><ele>430.2</ele></trkpt>
      <trkpt lat="44.406138" lon="8.533475"><ele>430.4</ele></trkpt>
      <trkpt lat="44.406152" lon="8.533471"><ele>430.6</ele></trkpt>
      <trkpt lat="44.406168" lon="8.533460"><ele>430.8</ele></trkpt>
      <trkpt lat="44.406186" lon="8.533448"><ele>431.0</ele></trkpt>
      <trkpt lat="44.406201" lon="8.533433"><ele>431.2</ele></trkpt>
      <trkpt lat="44.406218" lon="8.533423"><ele>431.4</ele></trkpt>
      <trkpt lat="44.406235" lon="8.533410"><ele>431.6</ele></trkpt>
      <trkpt lat="44.406251" lon="8.533396"><ele>431.8</ele></trkpt>
      <trkpt lat="44.406264" lon="8.533373"><ele>432.0</ele></trkpt>
      <trkpt lat="44.406281" lon="8.533344"><ele>432.2</ele></trkpt>
      <trkpt lat="44.406289" lon="8.533310"><ele>432.4</ele></trkpt>
      <trkpt lat="44.406292" lon="8.533274"><ele>432.4</ele></trkpt>
      <trkpt lat="44.406293" lon="8.533242"><ele>432.6</ele></trkpt>
      <trkpt lat="44.406298" lon="8.533209"><ele>432.6</ele></trkpt>
      <trkpt lat="44.406297" lon="8.533178"><ele>432.8</ele></trkpt>
      <trkpt lat="44.406290" lon="8.533147"><ele>432.8</ele></trkpt>
      <trkpt lat="44.406281" lon="8.533113"><ele>432.8</ele></trkpt>
      <trkpt lat="44.406268" lon="8.533073"><ele>433.0</ele></trkpt>
      <trkpt lat="44.406255" lon="8.533032"><ele>433.0</ele></trkpt>
      <trkpt lat="44.406239" lon="8.532990"><ele>433.0</ele></trkpt>
      <trkpt lat="44.406221" lon="8.532947"><ele>433.0</ele></trkpt>
      <trkpt lat="44.406203" lon="8.532903"><ele>432.8</ele></trkpt>
      <trkpt lat="44.406187" lon="8.532858"><ele>432.8</ele></trkpt>
      <trkpt lat="44.406174" lon="8.532813"><ele>433.0</ele></trkpt>
      <trkpt lat="44.406164" lon="8.532767"><ele>433.0</ele></trkpt>
      <trkpt lat="44.406154" lon="8.532720"><ele>433.2</ele></trkpt>
      <trkpt lat="44.406147" lon="8.532676"><ele>433.4</ele></trkpt>
      <trkpt lat="44.406141" lon="8.532636"><ele>433.4</ele></trkpt>
      <trkpt lat="44.406138" lon="8.532600"><ele>433.6</ele></trkpt>
      <trkpt lat="44.406135" lon="8.532563"><ele>433.8</ele></trkpt>
      <trkpt lat="44.406132" lon="8.532526"><ele>434.0</ele></trkpt>
      <trkpt lat="44.406130" lon="8.532491"><ele>434.0</ele></trkpt>
      <trkpt lat="44.406123" lon="8.532452"><ele>434.2</ele></trkpt>
      <trkpt lat="44.406115" lon="8.532411"><ele>434.4</ele></trkpt>
      <trkpt lat="44.406105" lon="8.532371"><ele>434.6</ele></trkpt>
      <trkpt lat="44.406095" lon="8.532333"><ele>434.8</ele></trkpt>
      <trkpt lat="44.406084" lon="8.532300"><ele>434.8</ele></trkpt>
      <trkpt lat="44.406072" lon="8.532268"><ele>435.0</ele></trkpt>
      <trkpt lat="44.406059" lon="8.532237"><ele>435.2</ele></trkpt>
      <trkpt lat="44.406044" lon="8.532206"><ele>435.4</ele></trkpt>
      <trkpt lat="44.406033" lon="8.532180"><ele>435.6</ele></trkpt>
      <trkpt lat="44.406017" lon="8.532156"><ele>435.8</ele></trkpt>
      <trkpt lat="44.406002" lon="8.532133"><ele>436.0</ele></trkpt>
      <trkpt lat="44.405991" lon="8.532108"><ele>436.0</ele></trkpt>
      <trkpt lat="44.405980" lon="8.532083"><ele>436.2</ele></trkpt>
      <trkpt lat="44.405970" lon="8.532060"><ele>436.4</ele></trkpt>
      <trkpt lat="44.405958" lon="8.532037"><ele>436.6</ele></trkpt>
      <trkpt lat="44.405951" lon="8.532012"><ele>436.8</ele></trkpt>
      <trkpt lat="44.405941" lon="8.531989"><ele>437.0</ele></trkpt>
      <trkpt lat="44.405937" lon="8.531968"><ele>437.4</ele></trkpt>
      <trkpt lat="44.405934" lon="8.531942"><ele>437.6</ele></trkpt>
      <trkpt lat="44.405926" lon="8.531913"><ele>438.0</ele></trkpt>
      <trkpt lat="44.405921" lon="8.531884"><ele>438.2</ele></trkpt>
      <trkpt lat="44.405913" lon="8.531852"><ele>438.4</ele></trkpt>
      <trkpt lat="44.405906" lon="8.531821"><ele>438.8</ele></trkpt>
      <trkpt lat="44.405897" lon="8.531789"><ele>439.0</ele></trkpt>
      <trkpt lat="44.405887" lon="8.531762"><ele>439.2</ele></trkpt>
      <trkpt lat="44.405880" lon="8.531740"><ele>439.6</ele></trkpt>
      <trkpt lat="44.405867" lon="8.531712"><ele>439.8</ele></trkpt>
      <trkpt lat="44.405860" lon="8.531683"><ele>440.0</ele></trkpt>
      <trkpt lat="44.405854" lon="8.531655"><ele>440.2</ele></trkpt>
      <trkpt lat="44.405844" lon="8.531629"><ele>440.4</ele></trkpt>
      <trkpt lat="44.405835" lon="8.531600"><ele>440.6</ele></trkpt>
      <trkpt lat="44.405827" lon="8.531574"><ele>441.0</ele></trkpt>
      <trkpt lat="44.405819" lon="8.531548"><ele>441.2</ele></trkpt>
      <trkpt lat="44.405812" lon="8.531519"><ele>441.6</ele></trkpt>
      <trkpt lat="44.405803" lon="8.531488"><ele>442.0</ele></trkpt>
      <trkpt lat="44.405793" lon="8.531453"><ele>442.2</ele></trkpt>
      <trkpt lat="44.405782" lon="8.531433"><ele>442.6</ele></trkpt>
      <trkpt lat="44.405771" lon="8.531413"><ele>442.8</ele></trkpt>
      <trkpt lat="44.405761" lon="8.531395"><ele>443.0</ele></trkpt>
      <trkpt lat="44.405751" lon="8.531374"><ele>443.2</ele></trkpt>
      <trkpt lat="44.405740" lon="8.531353"><ele>443.4</ele></trkpt>
      <trkpt lat="44.405732" lon="8.531331"><ele>443.6</ele></trkpt>
      <trkpt lat="44.405721" lon="8.531306"><ele>443.8</ele></trkpt>
      <trkpt lat="44.405708" lon="8.531286"><ele>443.8</ele></trkpt>
      <trkpt lat="44.405697" lon="8.531265"><ele>444.0</ele></trkpt>
      <trkpt lat="44.405687" lon="8.531243"><ele>444.2</ele></trkpt>
      <trkpt lat="44.405678" lon="8.531223"><ele>444.2</ele></trkpt>
      <trkpt lat="44.405668" lon="8.531203"><ele>444.4</ele></trkpt>
      <trkpt lat="44.405657" lon="8.531185"><ele>444.6</ele></trkpt>
      <trkpt lat="44.405645" lon="8.531164"><ele>444.8</ele></trkpt>
      <trkpt lat="44.405634" lon="8.531139"><ele>444.8</ele></trkpt>
      <trkpt lat="44.405625" lon="8.531114"><ele>445.0</ele></trkpt>
      <trkpt lat="44.405612" lon="8.531092"><ele>445.2</ele></trkpt>
      <trkpt lat="44.405599" lon="8.531073"><ele>445.4</ele></trkpt>
      <trkpt lat="44.405585" lon="8.531053"><ele>445.6</ele></trkpt>
      <trkpt lat="44.405572" lon="8.531030"><ele>445.6</ele></trkpt>
      <trkpt lat="44.405561" lon="8.531012"><ele>445.8</ele></trkpt>
      <trkpt lat="44.405553" lon="8.530987"><ele>446.0</ele></trkpt>
      <trkpt lat="44.405542" lon="8.530965"><ele>446.2</ele></trkpt>
      <trkpt lat="44.405533" lon="8.530941"><ele>446.4</ele></trkpt>
      <trkpt lat="44.405524" lon="8.530918"><ele>446.6</ele></trkpt>
      <trkpt lat="44.405515" lon="8.530890"><ele>446.8</ele></trkpt>
      <trkpt lat="44.405506" lon="8.530863"><ele>447.0</ele></trkpt>
      <trkpt lat="44.405497" lon="8.530838"><ele>447.2</ele></trkpt>
      <trkpt lat="44.405487" lon="8.530815"><ele>447.4</ele></trkpt>
      <trkpt lat="44.405483" lon="8.530790"><ele>447.4</ele></trkpt>
      <trkpt lat="44.405475" lon="8.530771"><ele>447.6</ele></trkpt>
      <trkpt lat="44.405468" lon="8.530753"><ele>447.8</ele></trkpt>
      <trkpt lat="44.405460" lon="8.530730"><ele>448.0</ele></trkpt>
      <trkpt lat="44.405450" lon="8.530709"><ele>448.2</ele></trkpt>
      <trkpt lat="44.405440" lon="8.530687"><ele>448.4</ele></trkpt>
      <trkpt lat="44.405427" lon="8.530666"><ele>448.6</ele></trkpt>
      <trkpt lat="44.405419" lon="8.530646"><ele>448.8</ele></trkpt>
      <trkpt lat="44.405408" lon="8.530623"><ele>449.0</ele></trkpt>
      <trkpt lat="44.405403" lon="8.530596"><ele>449.2</ele></trkpt>
      <trkpt lat="44.405400" lon="8.530568"><ele>449.4</ele></trkpt>
      <trkpt lat="44.405391" lon="8.530542"><ele>449.6</ele></trkpt>
      <trkpt lat="44.405382" lon="8.530518"><ele>449.8</ele></trkpt>
      <trkpt lat="44.405370" lon="8.530492"><ele>450.0</ele></trkpt>
      <trkpt lat="44.405361" lon="8.530465"><ele>450.0</ele></trkpt>
      <trkpt lat="44.405352" lon="8.530437"><ele>450.2</ele></trkpt>
      <trkpt lat="44.405345" lon="8.530412"><ele>450.4</ele></trkpt>
      <trkpt lat="44.405338" lon="8.530388"><ele>450.6</ele></trkpt>
      <trkpt lat="44.405332" lon="8.530363"><ele>451.0</ele></trkpt>
      <trkpt lat="44.405324" lon="8.530340"><ele>451.2</ele></trkpt>
      <trkpt lat="44.405315" lon="8.530314"><ele>451.4</ele></trkpt>
      <trkpt lat="44.405311" lon="8.530282"><ele>451.6</ele></trkpt>
      <trkpt lat="44.405305" lon="8.530252"><ele>451.8</ele></trkpt>
      <trkpt lat="44.405297" lon="8.530225"><ele>452.0</ele></trkpt>
      <trkpt lat="44.405286" lon="8.530204"><ele>452.2</ele></trkpt>
      <trkpt lat="44.405276" lon="8.530183"><ele>452.4</ele></trkpt>
      <trkpt lat="44.405266" lon="8.530161"><ele>452.6</ele></trkpt>
      <trkpt lat="44.405260" lon="8.530136"><ele>452.8</ele></trkpt>
      <trkpt lat="44.405251" lon="8.530110"><ele>453.0</ele></trkpt>
      <trkpt lat="44.405240" lon="8.530088"><ele>453.0</ele></trkpt>
      <trkpt lat="44.405230" lon="8.530064"><ele>453.2</ele></trkpt>
      <trkpt lat="44.405221" lon="8.530041"><ele>453.2</ele></trkpt>
      <trkpt lat="44.405211" lon="8.530020"><ele>453.4</ele></trkpt>
      <trkpt lat="44.405201" lon="8.529997"><ele>453.4</ele></trkpt>
      <trkpt lat="44.405191" lon="8.529971"><ele>453.6</ele></trkpt>
      <trkpt lat="44.405181" lon="8.529941"><ele>453.8</ele></trkpt>
      <trkpt lat="44.405170" lon="8.529917"><ele>454.0</ele></trkpt>
      <trkpt lat="44.405159" lon="8.529892"><ele>454.2</ele></trkpt>
      <trkpt lat="44.405149" lon="8.529866"><ele>454.4</ele></trkpt>
      <trkpt lat="44.405135" lon="8.529842"><ele>454.4</ele></trkpt>
      <trkpt lat="44.405120" lon="8.529822"><ele>454.6</ele></trkpt>
      <trkpt lat="44.405104" lon="8.529803"><ele>454.8</ele></trkpt>
      <trkpt lat="44.405086" lon="8.529786"><ele>455.0</ele></trkpt>
      <trkpt lat="44.405072" lon="8.529768"><ele>455.2</ele></trkpt>
      <trkpt lat="44.405055" lon="8.529752"><ele>455.4</ele></trkpt>
      <trkpt lat="44.405038" lon="8.529740"><ele>455.6</ele></trkpt>
      <trkpt lat="44.405022" lon="8.529729"><ele>455.8</ele></trkpt>
      <trkpt lat="44.405003" lon="8.529717"><ele>456.0</ele></trkpt>
      <trkpt lat="44.404986" lon="8.529702"><ele>456.4</ele></trkpt>
      <trkpt lat="44.404970" lon="8.529688"><ele>456.6</ele></trkpt>
      <trkpt lat="44.404953" lon="8.529676"><ele>457.0</ele></trkpt>
      <trkpt lat="44.404936" lon="8.529664"><ele>457.2</ele></trkpt>
      <trkpt lat="44.404915" lon="8.529655"><ele>457.4</ele></trkpt>
      <trkpt lat="44.404895" lon="8.529646"><ele>457.6</ele></trkpt>
      <trkpt lat="44.404875" lon="8.529634"><ele>457.8</ele></trkpt>
      <trkpt lat="44.404854" lon="8.529620"><ele>458.0</ele></trkpt>
      <trkpt lat="44.404837" lon="8.529604"><ele>458.2</ele></trkpt>
      <trkpt lat="44.404818" lon="8.529583"><ele>458.2</ele></trkpt>
      <trkpt lat="44.404805" lon="8.529559"><ele>458.4</ele></trkpt>
      <trkpt lat="44.404794" lon="8.529538"><ele>458.4</ele></trkpt>
      <trkpt lat="44.404788" lon="8.529513"><ele>458.6</ele></trkpt>
      <trkpt lat="44.404790" lon="8.529484"><ele>458.6</ele></trkpt>
      <trkpt lat="44.404794" lon="8.529453"><ele>458.8</ele></trkpt>
      <trkpt lat="44.404794" lon="8.529423"><ele>459.0</ele></trkpt>
      <trkpt lat="44.404800" lon="8.529392"><ele>459.0</ele></trkpt>
      <trkpt lat="44.404807" lon="8.529359"><ele>459.2</ele></trkpt>
      <trkpt lat="44.404820" lon="8.529328"><ele>459.4</ele></trkpt>
      <trkpt lat="44.404837" lon="8.529301"><ele>459.6</ele></trkpt>
      <trkpt lat="44.404852" lon="8.529273"><ele>459.6</ele></trkpt>
      <trkpt lat="44.404870" lon="8.529245"><ele>459.6</ele></trkpt>
      <trkpt lat="44.404886" lon="8.529216"><ele>459.8</ele></trkpt>
      <trkpt lat="44.404901" lon="8.529185"><ele>459.8</ele></trkpt>
      <trkpt lat="44.404914" lon="8.529153"><ele>459.8</ele></trkpt>
      <trkpt lat="44.404926" lon="8.529121"><ele>460.0</ele></trkpt>
      <trkpt lat="44.404939" lon="8.529092"><ele>460.0</ele></trkpt>
      <trkpt lat="44.404949" lon="8.529061"><ele>460.2</ele></trkpt>
      <trkpt lat="44.404958" lon="8.529029"><ele>460.2</ele></trkpt>
      <trkpt lat="44.404969" lon="8.528998"><ele>460.4</ele></trkpt>
      <trkpt lat="44.404979" lon="8.528969"><ele>460.6</ele></trkpt>
      <trkpt lat="44.404987" lon="8.528940"><ele>460.8</ele></trkpt>
      <trkpt lat="44.404992" lon="8.528907"><ele>461.0</ele></trkpt>
      <trkpt lat="44.404998" lon="8.528879"><ele>461.2</ele></trkpt>
      <trkpt lat="44.405003" lon="8.528852"><ele>461.4</ele></trkpt>
      <trkpt lat="44.405011" lon="8.528824"><ele>461.6</ele></trkpt>
      <trkpt lat="44.405020" lon="8.528794"><ele>461.8</ele></trkpt>
      <trkpt lat="44.405026" lon="8.528763"><ele>462.0</ele></trkpt>
      <trkpt lat="44.405032" lon="8.528736"><ele>462.2</ele></trkpt>
      <trkpt lat="44.405035" lon="8.528704"><ele>462.4</ele></trkpt>
      <trkpt lat="44.405038" lon="8.528674"><ele>462.6</ele></trkpt>
      <trkpt lat="44.405041" lon="8.528643"><ele>463.0</ele></trkpt>
      <trkpt lat="44.405044" lon="8.528614"><ele>463.2</ele></trkpt>
      <trkpt lat="44.405046" lon="8.528584"><ele>463.4</ele></trkpt>
      <trkpt lat="44.405046" lon="8.528554"><ele>463.6</ele></trkpt>
      <trkpt lat="44.405050" lon="8.528524"><ele>464.0</ele></trkpt>
      <trkpt lat="44.405050" lon="8.528495"><ele>464.2</ele></trkpt>
      <trkpt lat="44.405048" lon="8.528467"><ele>464.4</ele></trkpt>
      <trkpt lat="44.405048" lon="8.528438"><ele>464.6</ele></trkpt>
      <trkpt lat="44.405048" lon="8.528412"><ele>464.8</ele></trkpt>
      <trkpt lat="44.405048" lon="8.528386"><ele>465.0</ele></trkpt>
      <trkpt lat="44.405049" lon="8.528358"><ele>465.2</ele></trkpt>
      <trkpt lat="44.405049" lon="8.528330"><ele>465.4</ele></trkpt>
      <trkpt lat="44.405049" lon="8.528302"><ele>465.6</ele></trkpt>
      <trkpt lat="44.405047" lon="8.528272"><ele>465.8</ele></trkpt>
      <trkpt lat="44.405051" lon="8.528240"><ele>466.0</ele></trkpt>
      <trkpt lat="44.405051" lon="8.528211"><ele>466.0</ele></trkpt>
      <trkpt lat="44.405051" lon="8.528189"><ele>466.2</ele></trkpt>
      <trkpt lat="44.405049" lon="8.528162"><ele>466.4</ele></trkpt>
      <trkpt lat="44.405048" lon="8.528132"><ele>466.4</ele></trkpt>
      <trkpt lat="44.405046" lon="8.528102"><ele>466.6</ele></trkpt>
      <trkpt lat="44.405045" lon="8.528070"><ele>466.8</ele></trkpt>
      <trkpt lat="44.405037" lon="8.528040"><ele>467.0</ele></trkpt>
      <trkpt lat="44.405034" lon="8.528017"><ele>467.2</ele></trkpt>
      <trkpt lat="44.405035" lon="8.527996"><ele>467.2</ele></trkpt>
      <trkpt lat="44.405033" lon="8.527976"><ele>467.4</ele></trkpt>
      <trkpt lat="44.405029" lon="8.527955"><ele>467.8</ele></trkpt>
      <trkpt lat="44.405031" lon="8.527934"><ele>468.0</ele></trkpt>
      <trkpt lat="44.405032" lon="8.527910"><ele>468.2</ele></trkpt>
      <trkpt lat="44.405029" lon="8.527886"><ele>468.4</ele></trkpt>
      <trkpt lat="44.405030" lon="8.527863"><ele>468.6</ele></trkpt>
      <trkpt lat="44.405032" lon="8.527841"><ele>468.8</ele></trkpt>
      <trkpt lat="44.405034" lon="8.527816"><ele>469.0</ele></trkpt>
      <trkpt lat="44.405032" lon="8.527791"><ele>469.2</ele></trkpt>
      <trkpt lat="44.405030" lon="8.527768"><ele>469.4</ele></trkpt>
      <trkpt lat="44.405028" lon="8.527743"><ele>469.6</ele></trkpt>
      <trkpt lat="44.405027" lon="8.527721"><ele>469.8</ele></trkpt>
      <trkpt lat="44.405026" lon="8.527697"><ele>470.0</ele></trkpt>
      <trkpt lat="44.405027" lon="8.527673"><ele>470.2</ele></trkpt>
      <trkpt lat="44.405030" lon="8.527649"><ele>470.4</ele></trkpt>
      <trkpt lat="44.405032" lon="8.527628"><ele>470.6</ele></trkpt>
      <trkpt lat="44.405030" lon="8.527609"><ele>470.8</ele></trkpt>
      <trkpt lat="44.405030" lon="8.527587"><ele>471.0</ele></trkpt>
      <trkpt lat="44.405033" lon="8.527564"><ele>471.2</ele></trkpt>
      <trkpt lat="44.405033" lon="8.527540"><ele>471.4</ele></trkpt>
      <trkpt lat="44.405031" lon="8.527520"><ele>471.6</ele></trkpt>
      <trkpt lat="44.405029" lon="8.527502"><ele>471.8</ele></trkpt>
      <trkpt lat="44.405028" lon="8.527480"><ele>472.2</ele></trkpt>
      <trkpt lat="44.405025" lon="8.527457"><ele>472.4</ele></trkpt>
      <trkpt lat="44.405024" lon="8.527434"><ele>472.6</ele></trkpt>
      <trkpt lat="44.405024" lon="8.527412"><ele>473.0</ele></trkpt>
      <trkpt lat="44.405024" lon="8.527386"><ele>473.2</ele></trkpt>
      <trkpt lat="44.405025" lon="8.527365"><ele>473.4</ele></trkpt>
      <trkpt lat="44.405028" lon="8.527340"><ele>473.6</ele></trkpt>
      <trkpt lat="44.405030" lon="8.527311"><ele>473.8</ele></trkpt>
      <trkpt lat="44.405026" lon="8.527284"><ele>474.0</ele></trkpt>
      <trkpt lat="44.405025" lon="8.527259"><ele>474.4</ele></trkpt>
      <trkpt lat="44.405025" lon="8.527234"><ele>474.6</ele></trkpt>
      <trkpt lat="44.405026" lon="8.527207"><ele>474.8</ele></trkpt>
      <trkpt lat="44.405033" lon="8.527184"><ele>475.2</ele></trkpt>
      <trkpt lat="44.405037" lon="8.527161"><ele>475.4</ele></trkpt>
      <trkpt lat="44.405042" lon="8.527135"><ele>475.8</ele></trkpt>
      <trkpt lat="44.405048" lon="8.527113"><ele>476.0</ele></trkpt>
      <trkpt lat="44.405053" lon="8.527087"><ele>476.2</ele></trkpt>
      <trkpt lat="44.405058" lon="8.527067"><ele>476.6</ele></trkpt>
      <trkpt lat="44.405066" lon="8.527045"><ele>476.8</ele></trkpt>
      <trkpt lat="44.405075" lon="8.527024"><ele>477.2</ele></trkpt>
      <trkpt lat="44.405088" lon="8.527001"><ele>477.4</ele></trkpt>
      <trkpt lat="44.405102" lon="8.526985"><ele>477.8</ele></trkpt>
      <trkpt lat="44.405117" lon="8.526975"><ele>478.2</ele></trkpt>
      <trkpt lat="44.405135" lon="8.526970"><ele>478.4</ele></trkpt>
      <trkpt lat="44.405155" lon="8.526965"><ele>478.8</ele></trkpt>
      <trkpt lat="44.405172" lon="8.526961"><ele>479.0</ele></trkpt>
      <trkpt lat="44.405189" lon="8.526955"><ele>479.4</ele></trkpt>
      <trkpt lat="44.405200" lon="8.526945"><ele>479.8</ele></trkpt>
      <trkpt lat="44.405212" lon="8.526941"><ele>480.0</ele></trkpt>
      <trkpt lat="44.405226" lon="8.526934"><ele>480.4</ele></trkpt>
      <trkpt lat="44.405239" lon="8.526935"><ele>480.6</ele></trkpt>
      <trkpt lat="44.405250" lon="8.526933"><ele>480.8</ele></trkpt>
      <trkpt lat="44.405263" lon="8.526937"><ele>481.0</ele></trkpt>
      <trkpt lat="44.405276" lon="8.526937"><ele>481.2</ele></trkpt>
      <trkpt lat="44.405287" lon="8.526933"><ele>481.4</ele></trkpt>
      <trkpt lat="44.405297" lon="8.526930"><ele>481.6</ele></trkpt>
      <trkpt lat="44.405308" lon="8.526923"><ele>481.8</ele></trkpt>
      <trkpt lat="44.405321" lon="8.526918"><ele>482.0</ele></trkpt>
      <trkpt lat="44.405336" lon="8.526915"><ele>482.2</ele></trkpt>
      <trkpt lat="44.405354" lon="8.526914"><ele>482.4</ele></trkpt>
      <trkpt lat="44.405368" lon="8.526908"><ele>482.6</ele></trkpt>
      <trkpt lat="44.405377" lon="8.526902"><ele>482.8</ele></trkpt>
      <trkpt lat="44.405389" lon="8.526898"><ele>483.0</ele></trkpt>
      <trkpt lat="44.405402" lon="8.526887"><ele>483.2</ele></trkpt>
      <trkpt lat="44.405414" lon="8.526882"><ele>483.4</ele></trkpt>
      <trkpt lat="44.405427" lon="8.526877"><ele>483.6</ele></trkpt>
      <trkpt lat="44.405442" lon="8.526868"><ele>483.8</ele></trkpt>
      <trkpt lat="44.405455" lon="8.526857"><ele>484.0</ele></trkpt>
      <trkpt lat="44.405470" lon="8.526852"><ele>484.2</ele></trkpt>
      <trkpt lat="44.405483" lon="8.526843"><ele>484.4</ele></trkpt>
      <trkpt lat="44.405496" lon="8.526833"><ele>484.6</ele></trkpt>
      <trkpt lat="44.405508" lon="8.526825"><ele>484.6</ele></trkpt>
      <trkpt lat="44.405523" lon="8.526821"><ele>484.8</ele></trkpt>
      <trkpt lat="44.405540" lon="8.526818"><ele>485.0</ele></trkpt>
      <trkpt lat="44.405550" lon="8.526814"><ele>485.2</ele></trkpt>
      <trkpt lat="44.405566" lon="8.526813"><ele>485.4</ele></trkpt>
      <trkpt lat="44.405582" lon="8.526810"><ele>485.6</ele></trkpt>
      <trkpt lat="44.405593" lon="8.526796"><ele>485.8</ele></trkpt>
      <trkpt lat="44.405607" lon="8.526787"><ele>486.0</ele></trkpt>
      <trkpt lat="44.405627" lon="8.526777"><ele>486.2</ele></trkpt>
      <trkpt lat="44.405642" lon="8.526765"><ele>486.4</ele></trkpt>
      <trkpt lat="44.405657" lon="8.526751"><ele>486.4</ele></trkpt>
      <trkpt lat="44.405670" lon="8.526741"><ele>486.6</ele></trkpt>
      <trkpt lat="44.405681" lon="8.526730"><ele>486.8</ele></trkpt>
      <trkpt lat="44.405691" lon="8.526716"><ele>487.0</ele></trkpt>
      <trkpt lat="44.405700" lon="8.526703"><ele>487.2</ele></trkpt>
      <trkpt lat="44.405708" lon="8.526690"><ele>487.4</ele></trkpt>
      <trkpt lat="44.405718" lon="8.526677"><ele>487.4</ele></trkpt>
      <trkpt lat="44.405728" lon="8.526663"><ele>487.6</ele></trkpt>
      <trkpt lat="44.405738" lon="8.526652"><ele>487.8</ele></trkpt>
      <trkpt lat="44.405748" lon="8.526635"><ele>488.0</ele></trkpt>
      <trkpt lat="44.405757" lon="8.526617"><ele>488.2</ele></trkpt>
      <trkpt lat="44.405767" lon="8.526601"><ele>488.4</ele></trkpt>
      <trkpt lat="44.405774" lon="8.526585"><ele>488.6</ele></trkpt>
      <trkpt lat="44.405779" lon="8.526565"><ele>488.8</ele></trkpt>
      <trkpt lat="44.405780" lon="8.526540"><ele>489.0</ele></trkpt>
      <trkpt lat="44.405785" lon="8.526518"><ele>489.2</ele></trkpt>
      <trkpt lat="44.405788" lon="8.526496"><ele>489.4</ele></trkpt>
      <trkpt lat="44.405795" lon="8.526474"><ele>489.6</ele></trkpt>
      <trkpt lat="44.405799" lon="8.526451"><ele>489.8</ele></trkpt>
      <trkpt lat="44.405804" lon="8.526432"><ele>490.0</ele></trkpt>
      <trkpt lat="44.405808" lon="8.526412"><ele>490.2</ele></trkpt>
      <trkpt lat="44.405809" lon="8.526391"><ele>490.4</ele></trkpt>
      <trkpt lat="44.405811" lon="8.526371"><ele>490.6</ele></trkpt>
      <trkpt lat="44.405814" lon="8.526351"><ele>490.8</ele></trkpt>
      <trkpt lat="44.405819" lon="8.526329"><ele>491.0</ele></trkpt>
      <trkpt lat="44.405828" lon="8.526309"><ele>491.2</ele></trkpt>
      <trkpt lat="44.405833" lon="8.526286"><ele>491.4</ele></trkpt>
      <trkpt lat="44.405836" lon="8.526267"><ele>491.6</ele></trkpt>
      <trkpt lat="44.405839" lon="8.526242"><ele>492.0</ele></trkpt>
      <trkpt lat="44.405844" lon="8.526216"><ele>492.2</ele></trkpt>
      <trkpt lat="44.405846" lon="8.526192"><ele>492.4</ele></trkpt>
      <trkpt lat="44.405849" lon="8.526169"><ele>492.6</ele></trkpt>
      <trkpt lat="44.405854" lon="8.526147"><ele>492.8</ele></trkpt>
      <trkpt lat="44.405858" lon="8.526129"><ele>493.0</ele></trkpt>
      <trkpt lat="44.405863" lon="8.526110"><ele>493.2</ele></trkpt>
      <trkpt lat="44.405868" lon="8.526088"><ele>493.4</ele></trkpt>
      <trkpt lat="44.405872" lon="8.526066"><ele>493.6</ele></trkpt>
      <trkpt lat="44.405876" lon="8.526042"><ele>493.8</ele></trkpt>
      <trkpt lat="44.405882" lon="8.526019"><ele>494.0</ele></trkpt>
      <trkpt lat="44.405889" lon="8.525996"><ele>494.0</ele></trkpt>
      <trkpt lat="44.405895" lon="8.525971"><ele>494.2</ele></trkpt>
      <trkpt lat="44.405904" lon="8.525951"><ele>494.4</ele></trkpt>
      <trkpt lat="44.405910" lon="8.525933"><ele>494.6</ele></trkpt>
      <trkpt lat="44.405917" lon="8.525915"><ele>494.8</ele></trkpt>
      <trkpt lat="44.405926" lon="8.525897"><ele>495.0</ele></trkpt>
      <trkpt lat="44.405933" lon="8.525879"><ele>495.2</ele></trkpt>
      <trkpt lat="44.405942" lon="8.525862"><ele>495.4</ele></trkpt>
      <trkpt lat="44.405953" lon="8.525848"><ele>495.6</ele></trkpt>
      <trkpt lat="44.405964" lon="8.525833"><ele>495.8</ele></trkpt>
      <trkpt lat="44.405976" lon="8.525817"><ele>496.0</ele></trkpt>
      <trkpt lat="44.405988" lon="8.525799"><ele>496.2</ele></trkpt>
      <trkpt lat="44.405997" lon="8.525781"><ele>496.4</ele></trkpt>
      <trkpt lat="44.406008" lon="8.525767"><ele>496.6</ele></trkpt>
      <trkpt lat="44.406018" lon="8.525752"><ele>496.8</ele></trkpt>
      <trkpt lat="44.406030" lon="8.525736"><ele>497.2</ele></trkpt>
      <trkpt lat="44.406041" lon="8.525718"><ele>497.4</ele></trkpt>
      <trkpt lat="44.406046" lon="8.525697"><ele>497.6</ele></trkpt>
      <trkpt lat="44.406053" lon="8.525677"><ele>497.8</ele></trkpt>
      <trkpt lat="44.406058" lon="8.525653"><ele>498.0</ele></trkpt>
      <trkpt lat="44.406066" lon="8.525633"><ele>498.2</ele></trkpt>
      <trkpt lat="44.406068" lon="8.525612"><ele>498.4</ele></trkpt>
      <trkpt lat="44.406071" lon="8.525594"><ele>498.6</ele></trkpt>
      <trkpt lat="44.406072" lon="8.525574"><ele>498.8</ele></trkpt>
      <trkpt lat="44.406071" lon="8.525553"><ele>498.8</ele></trkpt>
      <trkpt lat="44.406067" lon="8.525530"><ele>499.0</ele></trkpt>
      <trkpt lat="44.406066" lon="8.525510"><ele>499.2</ele></trkpt>
      <trkpt lat="44.406062" lon="8.525487"><ele>499.4</ele></trkpt>
      <trkpt lat="44.406057" lon="8.525466"><ele>499.6</ele></trkpt>
      <trkpt lat="44.406058" lon="8.525447"><ele>499.8</ele></trkpt>
      <trkpt lat="44.406057" lon="8.525426"><ele>500.0</ele></trkpt>
      <trkpt lat="44.406056" lon="8.525404"><ele>500.0</ele></trkpt>
      <trkpt lat="44.406056" lon="8.525384"><ele>500.2</ele></trkpt>
      <trkpt lat="44.406052" lon="8.525362"><ele>500.2</ele></trkpt>
      <trkpt lat="44.406051" lon="8.525341"><ele>500.4</ele></trkpt>
      <trkpt lat="44.406049" lon="8.525322"><ele>500.4</ele></trkpt>
      <trkpt lat="44.406050" lon="8.525304"><ele>500.6</ele></trkpt>
      <trkpt lat="44.406049" lon="8.525288"><ele>500.8</ele></trkpt>
      <trkpt lat="44.406050" lon="8.525268"><ele>500.8</ele></trkpt>
      <trkpt lat="44.406046" lon="8.525251"><ele>501.0</ele></trkpt>
      <trkpt lat="44.406045" lon="8.525235"><ele>501.0</ele></trkpt>
      <trkpt lat="44.406044" lon="8.525217"><ele>501.0</ele></trkpt>
      <trkpt lat="44.406040" lon="8.525198"><ele>501.2</ele></trkpt>
      <trkpt lat="44.406041" lon="8.525176"><ele>501.2</ele></trkpt>
      <trkpt lat="44.406046" lon="8.525155"><ele>501.4</ele></trkpt>
      <trkpt lat="44.406052" lon="8.525137"><ele>501.6</ele></trkpt>
      <trkpt lat="44.406057" lon="8.525118"><ele>501.6</ele></trkpt>
      <trkpt lat="44.406062" lon="8.525100"><ele>501.8</ele></trkpt>
      <trkpt lat="44.406069" lon="8.525080"><ele>502.0</ele></trkpt>
      <trkpt lat="44.406076" lon="8.525063"><ele>502.2</ele></trkpt>
      <trkpt lat="44.406083" lon="8.525045"><ele>502.2</ele></trkpt>
      <trkpt lat="44.406096" lon="8.525034"><ele>502.4</ele></trkpt>
      <trkpt lat="44.406111" lon="8.525027"><ele>502.6</ele></trkpt>
      <trkpt lat="44.406127" lon="8.525025"><ele>502.6</ele></trkpt>
      <trkpt lat="44.406142" lon="8.525018"><ele>502.8</ele></trkpt>
      <trkpt lat="44.406159" lon="8.525017"><ele>502.8</ele></trkpt>
      <trkpt lat="44.406174" lon="8.525021"><ele>503.0</ele></trkpt>
      <trkpt lat="44.406185" lon="8.525031"><ele>503.2</ele></trkpt>
      <trkpt lat="44.406198" lon="8.525038"><ele>503.4</ele></trkpt>
      <trkpt lat="44.406210" lon="8.525050"><ele>503.6</ele></trkpt>
      <trkpt lat="44.406222" lon="8.525061"><ele>503.8</ele></trkpt>
      <trkpt lat="44.406236" lon="8.525075"><ele>504.0</ele></trkpt>
      <trkpt lat="44.406248" lon="8.525085"><ele>504.2</ele></trkpt>
      <trkpt lat="44.406260" lon="8.525100"><ele>504.4</ele></trkpt>
      <trkpt lat="44.406264" lon="8.525118"><ele>504.6</ele></trkpt>
      <trkpt lat="44.406272" lon="8.525138"><ele>504.8</ele></trkpt>
      <trkpt lat="44.406277" lon="8.525159"><ele>505.0</ele></trkpt>
      <trkpt lat="44.406277" lon="8.525177"><ele>505.4</ele></trkpt>
      <trkpt lat="44.406273" lon="8.525199"><ele>505.6</ele></trkpt>
      <trkpt lat="44.406270" lon="8.525220"><ele>505.8</ele></trkpt>
      <trkpt lat="44.406262" lon="8.525237"><ele>506.0</ele></trkpt>
      <trkpt lat="44.406254" lon="8.525252"><ele>506.4</ele></trkpt>
      <trkpt lat="44.406246" lon="8.525269"><ele>506.6</ele></trkpt>
      <trkpt lat="44.406242" lon="8.525285"><ele>506.8</ele></trkpt>
      <trkpt lat="44.406235" lon="8.525301"><ele>507.0</ele></trkpt>
      <trkpt lat="44.406229" lon="8.525315"><ele>507.2</ele></trkpt>
      <trkpt lat="44.406224" lon="8.525336"><ele>507.4</ele></trkpt>
      <trkpt lat="44.406224" lon="8.525357"><ele>507.6</ele></trkpt>
      <trkpt lat="44.406224" lon="8.525378"><ele>507.8</ele></trkpt>
      <trkpt lat="44.406227" lon="8.525398"><ele>508.0</ele></trkpt>
      <trkpt lat="44.406233" lon="8.525414"><ele>508.2</ele></trkpt>
      <trkpt lat="44.406241" lon="8.525424"><ele>508.4</ele></trkpt>
      <trkpt lat="44.406245" lon="8.525440"><ele>508.8</ele></trkpt>
      <trkpt lat="44.406255" lon="8.525451"><ele>509.0</ele></trkpt>
      <trkpt lat="44.406267" lon="8.525461"><ele>509.2</ele></trkpt>
      <trkpt lat="44.406279" lon="8.525465"><ele>509.4</ele></trkpt>
      <trkpt lat="44.406295" lon="8.525471"><ele>509.6</ele></trkpt>
      <trkpt lat="44.406308" lon="8.525473"><ele>509.8</ele></trkpt>
      <trkpt lat="44.406319" lon="8.525477"><ele>510.0</ele></trkpt>
      <trkpt lat="44.406331" lon="8.525473"><ele>510.2</ele></trkpt>
      <trkpt lat="44.406342" lon="8.525471"><ele>510.4</ele></trkpt>
      <trkpt lat="44.406356" lon="8.525473"><ele>510.6</ele></trkpt>
      <trkpt lat="44.406372" lon="8.525472"><ele>510.8</ele></trkpt>
      <trkpt lat="44.406390" lon="8.525473"><ele>511.0</ele></trkpt>
      <trkpt lat="44.406405" lon="8.525477"><ele>511.2</ele></trkpt>
      <trkpt lat="44.406419" lon="8.525483"><ele>511.4</ele></trkpt>
      <trkpt lat="44.406434" lon="8.525490"><ele>511.6</ele></trkpt>
      <trkpt lat="44.406450" lon="8.525497"><ele>511.8</ele></trkpt>
      <trkpt lat="44.406462" lon="8.525507"><ele>512.0</ele></trkpt>
      <trkpt lat="44.406479" lon="8.525509"><ele>512.2</ele></trkpt>
      <trkpt lat="44.406493" lon="8.525509"><ele>512.4</ele></trkpt>
      <trkpt lat="44.406511" lon="8.525511"><ele>512.6</ele></trkpt>
      <trkpt lat="44.406532" lon="8.525513"><ele>512.8</ele></trkpt>
      <trkpt lat="44.406552" lon="8.525513"><ele>513.0</ele></trkpt>
      <trkpt lat="44.406569" lon="8.525510"><ele>513.2</ele></trkpt>
      <trkpt lat="44.406586" lon="8.525501"><ele>513.4</ele></trkpt>
      <trkpt lat="44.406601" lon="8.525490"><ele>513.6</ele></trkpt>
      <trkpt lat="44.406614" lon="8.525480"><ele>513.8</ele></trkpt>
      <trkpt lat="44.406629" lon="8.525471"><ele>514.0</ele></trkpt>
      <trkpt lat="44.406645" lon="8.525459"><ele>514.2</ele></trkpt>
      <trkpt lat="44.406659" lon="8.525452"><ele>514.4</ele></trkpt>
      <trkpt lat="44.406673" lon="8.525442"><ele>514.6</ele></trkpt>
      <trkpt lat="44.406688" lon="8.525426"><ele>514.8</ele></trkpt>
      <trkpt lat="44.406704" lon="8.525413"><ele>515.0</ele></trkpt>
      <trkpt lat="44.406721" lon="8.525400"><ele>515.2</ele></trkpt>
      <trkpt lat="44.406739" lon="8.525387"><ele>515.4</ele></trkpt>
      <trkpt lat="44.406755" lon="8.525375"><ele>515.6</ele></trkpt>
      <trkpt lat="44.406771" lon="8.525363"><ele>515.8</ele></trkpt>
      <trkpt lat="44.406785" lon="8.525352"><ele>516.0</ele></trkpt>
      <trkpt lat="44.406803" lon="8.525342"><ele>516.2</ele></trkpt>
      <trkpt lat="44.406823" lon="8.525329"><ele>516.4</ele></trkpt>
      <trkpt lat="44.406843" lon="8.525320"><ele>516.6</ele></trkpt>
      <trkpt lat="44.406860" lon="8.525308"><ele>516.8</ele></trkpt>
      <trkpt lat="44.406874" lon="8.525293"><ele>517.2</ele></trkpt>
      <trkpt lat="44.406885" lon="8.525278"><ele>517.4</ele></trkpt>
      <trkpt lat="44.406899" lon="8.525267"><ele>517.6</ele></trkpt>
      <trkpt lat="44.406913" lon="8.525264"><ele>517.8</ele></trkpt>
      <trkpt lat="44.406929" lon="8.525255"><ele>518.0</ele></trkpt>
      <trkpt lat="44.406947" lon="8.525250"><ele>518.2</ele></trkpt>
      <trkpt lat="44.406960" lon="8.525248"><ele>518.4</ele></trkpt>
      <trkpt lat="44.406974" lon="8.525243"><ele>518.6</ele></trkpt>
      <trkpt lat="44.406985" lon="8.525234"><ele>519.0</ele></trkpt>
      <trkpt lat="44.407003" lon="8.525230"><ele>519.0</ele></trkpt>
      <trkpt lat="44.407022" lon="8.525222"><ele>519.2</ele></trkpt>
      <trkpt lat="44.407038" lon="8.525215"><ele>519.4</ele></trkpt>
      <trkpt lat="44.407048" lon="8.525209"><ele>519.6</ele></trkpt>
      <trkpt lat="44.407061" lon="8.525204"><ele>519.8</ele></trkpt>
      <trkpt lat="44.407077" lon="8.525205"><ele>520.0</ele></trkpt>
      <trkpt lat="44.407093" lon="8.525205"><ele>520.2</ele></trkpt>
      <trkpt lat="44.407109" lon="8.525202"><ele>520.4</ele></trkpt>
      <trkpt lat="44.407127" lon="8.525200"><ele>520.6</ele></trkpt>
      <trkpt lat="44.407144" lon="8.525199"><ele>520.8</ele></trkpt>
      <trkpt lat="44.407159" lon="8.525199"><ele>521.0</ele></trkpt>
      <trkpt lat="44.407177" lon="8.525202"><ele>521.0</ele></trkpt>
      <trkpt lat="44.407192" lon="8.525197"><ele>521.2</ele></trkpt>
      <trkpt lat="44.407210" lon="8.525192"><ele>521.4</ele></trkpt>
      <trkpt lat="44.407224" lon="8.525184"><ele>521.4</ele></trkpt>
      <trkpt lat="44.407240" lon="8.525183"><ele>521.6</ele></trkpt>
      <trkpt lat="44.407255" lon="8.525180"><ele>521.8</ele></trkpt>
      <trkpt lat="44.407269" lon="8.525179"><ele>521.8</ele></trkpt>
      <trkpt lat="44.407284" lon="8.525175"><ele>522.0</ele></trkpt>
      <trkpt lat="44.407301" lon="8.525168"><ele>522.0</ele></trkpt>
      <trkpt lat="44.407319" lon="8.525163"><ele>522.2</ele></trkpt>
      <trkpt lat="44.407335" lon="8.525158"><ele>522.4</ele></trkpt>
      <trkpt lat="44.407352" lon="8.525152"><ele>522.4</ele></trkpt>
      <trkpt lat="44.407370" lon="8.525149"><ele>522.6</ele></trkpt>
      <trkpt lat="44.407388" lon="8.525148"><ele>522.8</ele></trkpt>
      <trkpt lat="44.407407" lon="8.525149"><ele>523.0</ele></trkpt>
      <trkpt lat="44.407423" lon="8.525148"><ele>523.2</ele></trkpt>
      <trkpt lat="44.407442" lon="8.525144"><ele>523.4</ele></trkpt>
      <trkpt lat="44.407458" lon="8.525142"><ele>523.6</ele></trkpt>
      <trkpt lat="44.407476" lon="8.525140"><ele>523.8</ele></trkpt>
      <trkpt lat="44.407493" lon="8.525141"><ele>524.2</ele></trkpt>
      <trkpt lat="44.407511" lon="8.525142"><ele>524.4</ele></trkpt>
      <trkpt lat="44.407530" lon="8.525140"><ele>524.6</ele></trkpt>
      <trkpt lat="44.407546" lon="8.525132"><ele>524.8</ele></trkpt>
      <trkpt lat="44.407559" lon="8.525129"><ele>525.2</ele></trkpt>
      <trkpt lat="44.407572" lon="8.525123"><ele>525.4</ele></trkpt>
      <trkpt lat="44.407586" lon="8.525111"><ele>525.6</ele></trkpt>
      <trkpt lat="44.407598" lon="8.525101"><ele>525.8</ele></trkpt>
      <trkpt lat="44.407607" lon="8.525089"><ele>526.0</ele></trkpt>
      <trkpt lat="44.407614" lon="8.525078"><ele>526.2</ele></trkpt>
      <trkpt lat="44.407621" lon="8.525063"><ele>526.2</ele></trkpt>
      <trkpt lat="44.407628" lon="8.525049"><ele>526.4</ele></trkpt>
      <trkpt lat="44.407635" lon="8.525035"><ele>526.6</ele></trkpt>
      <trkpt lat="44.407641" lon="8.525025"><ele>526.6</ele></trkpt>
      <trkpt lat="44.407651" lon="8.525013"><ele>526.6</ele></trkpt>
      <trkpt lat="44.407664" lon="8.525001"><ele>526.8</ele></trkpt>
      <trkpt lat="44.407674" lon="8.524984"><ele>526.8</ele></trkpt>
      <trkpt lat="44.407685" lon="8.524968"><ele>526.8</ele></trkpt>
      <trkpt lat="44.407692" lon="8.524949"><ele>527.0</ele></trkpt>
      <trkpt lat="44.407701" lon="8.524929"><ele>527.2</ele></trkpt>
      <trkpt lat="44.407713" lon="8.524915"><ele>527.2</ele></trkpt>
      <trkpt lat="44.407723" lon="8.524896"><ele>527.4</ele></trkpt>
      <trkpt lat="44.407733" lon="8.524879"><ele>527.6</ele></trkpt>
      <trkpt lat="44.407742" lon="8.524863"><ele>527.8</ele></trkpt>
      <trkpt lat="44.407751" lon="8.524844"><ele>528.0</ele></trkpt>
      <trkpt lat="44.407760" lon="8.524822"><ele>528.0</ele></trkpt>
      <trkpt lat="44.407771" lon="8.524802"><ele>528.2</ele></trkpt>
      <trkpt lat="44.407780" lon="8.524783"><ele>528.4</ele></trkpt>
      <trkpt lat="44.407788" lon="8.524766"><ele>528.6</ele></trkpt>
      <trkpt lat="44.407797" lon="8.524755"><ele>528.8</ele></trkpt>
      <trkpt lat="44.407806" lon="8.524741"><ele>529.0</ele></trkpt>
      <trkpt lat="44.407815" lon="8.524723"><ele>529.2</ele></trkpt>
      <trkpt lat="44.407825" lon="8.524710"><ele>529.4</ele></trkpt>
      <trkpt lat="44.407834" lon="8.524694"><ele>529.4</ele></trkpt>
      <trkpt lat="44.407844" lon="8.524679"><ele>529.8</ele></trkpt>
      <trkpt lat="44.407850" lon="8.524663"><ele>529.8</ele></trkpt>
      <trkpt lat="44.407855" lon="8.524644"><ele>530.0</ele></trkpt>
      <trkpt lat="44.407858" lon="8.524627"><ele>530.2</ele></trkpt>
      <trkpt lat="44.407861" lon="8.524605"><ele>530.6</ele></trkpt>
      <trkpt lat="44.407864" lon="8.524586"><ele>530.8</ele></trkpt>
      <trkpt lat="44.407871" lon="8.524566"><ele>531.0</ele></trkpt>
      <trkpt lat="44.407874" lon="8.524540"><ele>531.2</ele></trkpt>
      <trkpt lat="44.407874" lon="8.524512"><ele>531.4</ele></trkpt>
      <trkpt lat="44.407876" lon="8.524486"><ele>531.6</ele></trkpt>
      <trkpt lat="44.407879" lon="8.524462"><ele>531.8</ele></trkpt>
      <trkpt lat="44.407883" lon="8.524437"><ele>532.0</ele></trkpt>
      <trkpt lat="44.407890" lon="8.524418"><ele>532.4</ele></trkpt>
      <trkpt lat="44.407894" lon="8.524395"><ele>532.6</ele></trkpt>
      <trkpt lat="44.407894" lon="8.524374"><ele>532.8</ele></trkpt>
      <trkpt lat="44.407897" lon="8.524357"><ele>533.0</ele></trkpt>
      <trkpt lat="44.407898" lon="8.524336"><ele>533.4</ele></trkpt>
      <trkpt lat="44.407901" lon="8.524319"><ele>533.6</ele></trkpt>
      <trkpt lat="44.407902" lon="8.524296"><ele>534.0</ele></trkpt>
      <trkpt lat="44.407902" lon="8.524277"><ele>534.2</ele></trkpt>
      <trkpt lat="44.407901" lon="8.524250"><ele>534.4</ele></trkpt>
      <trkpt lat="44.407901" lon="8.524225"><ele>534.6</ele></trkpt>
      <trkpt lat="44.407906" lon="8.524200"><ele>534.8</ele></trkpt>
      <trkpt lat="44.407907" lon="8.524172"><ele>535.2</ele></trkpt>
      <trkpt lat="44.407907" lon="8.524146"><ele>535.2</ele></trkpt>
      <trkpt lat="44.407904" lon="8.524123"><ele>535.4</ele></trkpt>
      <trkpt lat="44.407901" lon="8.524102"><ele>535.6</ele></trkpt>
      <trkpt lat="44.407899" lon="8.524078"><ele>535.8</ele></trkpt>
      <trkpt lat="44.407896" lon="8.524057"><ele>536.0</ele></trkpt>
      <trkpt lat="44.407896" lon="8.524037"><ele>536.0</ele></trkpt>
      <trkpt lat="44.407896" lon="8.524014"><ele>536.2</ele></trkpt>
      <trkpt lat="44.407896" lon="8.523994"><ele>536.4</ele></trkpt>
      <trkpt lat="44.407894" lon="8.523975"><ele>536.6</ele></trkpt>
      <trkpt lat="44.407896" lon="8.523952"><ele>536.8</ele></trkpt>
      <trkpt lat="44.407895" lon="8.523924"><ele>537.0</ele></trkpt>
      <trkpt lat="44.407893" lon="8.523896"><ele>537.2</ele></trkpt>
      <trkpt lat="44.407890" lon="8.523865"><ele>537.4</ele></trkpt>
      <trkpt lat="44.407887" lon="8.523834"><ele>537.6</ele></trkpt>
      <trkpt lat="44.407883" lon="8.523801"><ele>537.8</ele></trkpt>
      <trkpt lat="44.407876" lon="8.523769"><ele>538.0</ele></trkpt>
      <trkpt lat="44.407871" lon="8.523742"><ele>538.4</ele></trkpt>
      <trkpt lat="44.407864" lon="8.523723"><ele>538.6</ele></trkpt>
      <trkpt lat="44.407860" lon="8.523707"><ele>538.8</ele></trkpt>
      <trkpt lat="44.407860" lon="8.523688"><ele>539.2</ele></trkpt>
      <trkpt lat="44.407860" lon="8.523670"><ele>539.4</ele></trkpt>
      <trkpt lat="44.407858" lon="8.523647"><ele>539.6</ele></trkpt>
      <trkpt lat="44.407854" lon="8.523625"><ele>540.0</ele></trkpt>
      <trkpt lat="44.407847" lon="8.523603"><ele>540.0</ele></trkpt>
      <trkpt lat="44.407844" lon="8.523583"><ele>540.2</ele></trkpt>
      <trkpt lat="44.407842" lon="8.523559"><ele>540.6</ele></trkpt>
      <trkpt lat="44.407840" lon="8.523538"><ele>540.8</ele></trkpt>
      <trkpt lat="44.407838" lon="8.523516"><ele>541.0</ele></trkpt>
      <trkpt lat="44.407838" lon="8.523497"><ele>541.2</ele></trkpt>
      <trkpt lat="44.407839" lon="8.523476"><ele>541.2</ele></trkpt>
      <trkpt lat="44.407838" lon="8.523453"><ele>541.4</ele></trkpt>
      <trkpt lat="44.407840" lon="8.523431"><ele>541.6</ele></trkpt>
      <trkpt lat="44.407840" lon="8.523408"><ele>541.8</ele></trkpt>
      <trkpt lat="44.407845" lon="8.523388"><ele>542.0</ele></trkpt>
      <trkpt lat="44.407848" lon="8.523367"><ele>542.2</ele></trkpt>
      <trkpt lat="44.407848" lon="8.523345"><ele>542.2</ele></trkpt>
      <trkpt lat="44.407846" lon="8.523322"><ele>542.4</ele></trkpt>
      <trkpt lat="44.407849" lon="8.523302"><ele>542.6</ele></trkpt>
      <trkpt lat="44.407851" lon="8.523281"><ele>542.8</ele></trkpt>
      <trkpt lat="44.407855" lon="8.523265"><ele>542.8</ele></trkpt>
      <trkpt lat="44.407858" lon="8.523247"><ele>543.0</ele></trkpt>
      <trkpt lat="44.407857" lon="8.523226"><ele>543.2</ele></trkpt>
      <trkpt lat="44.407855" lon="8.523206"><ele>543.4</ele></trkpt>
      <trkpt lat="44.407856" lon="8.523190"><ele>543.4</ele></trkpt>
      <trkpt lat="44.407862" lon="8.523175"><ele>543.6</ele></trkpt>
      <trkpt lat="44.407863" lon="8.523158"><ele>543.8</ele></trkpt>
      <trkpt lat="44.407862" lon="8.523139"><ele>544.0</ele></trkpt>
      <trkpt lat="44.407860" lon="8.523121"><ele>544.2</ele></trkpt>
      <trkpt lat="44.407859" lon="8.523101"><ele>544.4</ele></trkpt>
      <trkpt lat="44.407858" lon="8.523086"><ele>544.6</ele></trkpt>
      <trkpt lat="44.407857" lon="8.523067"><ele>544.8</ele></trkpt>
      <trkpt lat="44.407855" lon="8.523049"><ele>545.0</ele></trkpt>
      <trkpt lat="44.407858" lon="8.523031"><ele>545.2</ele></trkpt>
      <trkpt lat="44.407857" lon="8.523013"><ele>545.6</ele></trkpt>
      <trkpt lat="44.407860" lon="8.522993"><ele>545.8</ele></trkpt>
      <trkpt lat="44.407862" lon="8.522971"><ele>546.0</ele></trkpt>
      <trkpt lat="44.407863" lon="8.522950"><ele>546.2</ele></trkpt>
      <trkpt lat="44.407860" lon="8.522931"><ele>546.4</ele></trkpt>
      <trkpt lat="44.407857" lon="8.522910"><ele>546.6</ele></trkpt>
      <trkpt lat="44.407860" lon="8.522887"><ele>546.8</ele></trkpt>
      <trkpt lat="44.407862" lon="8.522869"><ele>547.0</ele></trkpt>
      <trkpt lat="44.407867" lon="8.522850"><ele>547.2</ele></trkpt>
      <trkpt lat="44.407868" lon="8.522829"><ele>547.4</ele></trkpt>
      <trkpt lat="44.407872" lon="8.522807"><ele>547.6</ele></trkpt>
      <trkpt lat="44.407876" lon="8.522786"><ele>547.8</ele></trkpt>
      <trkpt lat="44.407884" lon="8.522765"><ele>548.0</ele></trkpt>
      <trkpt lat="44.407889" lon="8.522742"><ele>548.2</ele></trkpt>
      <trkpt lat="44.407895" lon="8.522722"><ele>548.6</ele></trkpt>
      <trkpt lat="44.407901" lon="8.522702"><ele>548.8</ele></trkpt>
      <trkpt lat="44.407906" lon="8.522684"><ele>548.8</ele></trkpt>
      <trkpt lat="44.407914" lon="8.522664"><ele>549.0</ele></trkpt>
      <trkpt lat="44.407919" lon="8.522649"><ele>549.2</ele></trkpt>
      <trkpt lat="44.407928" lon="8.522635"><ele>549.4</ele></trkpt>
      <trkpt lat="44.407936" lon="8.522617"><ele>549.6</ele></trkpt>
      <trkpt lat="44.407947" lon="8.522601"><ele>550.0</ele></trkpt>
      <trkpt lat="44.407958" lon="8.522581"><ele>550.2</ele></trkpt>
      <trkpt lat="44.407967" lon="8.522562"><ele>550.4</ele></trkpt>
      <trkpt lat="44.407972" lon="8.522542"><ele>550.6</ele></trkpt>
      <trkpt lat="44.407983" lon="8.522526"><ele>550.8</ele></trkpt>
      <trkpt lat="44.407994" lon="8.522509"><ele>551.0</ele></trkpt>
      <trkpt lat="44.408001" lon="8.522492"><ele>551.0</ele></trkpt>
      <trkpt lat="44.408007" lon="8.522479"><ele>551.2</ele></trkpt>
      <trkpt lat="44.408014" lon="8.522464"><ele>551.4</ele></trkpt>
      <trkpt lat="44.408025" lon="8.522454"><ele>551.4</ele></trkpt>
      <trkpt lat="44.408040" lon="8.522444"><ele>551.6</ele></trkpt>
      <trkpt lat="44.408054" lon="8.522429"><ele>551.6</ele></trkpt>
      <trkpt lat="44.408068" lon="8.522415"><ele>551.8</ele></trkpt>
      <trkpt lat="44.408084" lon="8.522402"><ele>551.8</ele></trkpt>
      <trkpt lat="44.408098" lon="8.522394"><ele>552.0</ele></trkpt>
      <trkpt lat="44.408116" lon="8.522382"><ele>552.0</ele></trkpt>
      <trkpt lat="44.408132" lon="8.522369"><ele>552.2</ele></trkpt>
      <trkpt lat="44.408150" lon="8.522359"><ele>552.4</ele></trkpt>
      <trkpt lat="44.408168" lon="8.522345"><ele>552.4</ele></trkpt>
      <trkpt lat="44.408187" lon="8.522337"><ele>552.4</ele></trkpt>
      <trkpt lat="44.408205" lon="8.522328"><ele>552.6</ele></trkpt>
      <trkpt lat="44.408221" lon="8.522317"><ele>552.6</ele></trkpt>
      <trkpt lat="44.408231" lon="8.522309"><ele>552.6</ele></trkpt>
      <trkpt lat="44.408246" lon="8.522299"><ele>552.8</ele></trkpt>
      <trkpt lat="44.408257" lon="8.522292"><ele>552.8</ele></trkpt>
      <trkpt lat="44.408271" lon="8.522278"><ele>553.0</ele></trkpt>
      <trkpt lat="44.408284" lon="8.522269"><ele>553.0</ele></trkpt>
      <trkpt lat="44.408297" lon="8.522255"><ele>553.0</ele></trkpt>
      <trkpt lat="44.408313" lon="8.522242"><ele>553.2</ele></trkpt>
      <trkpt lat="44.408328" lon="8.522235"><ele>553.4</ele></trkpt>
      <trkpt lat="44.408347" lon="8.522232"><ele>553.4</ele></trkpt>
      <trkpt lat="44.408362" lon="8.522231"><ele>553.6</ele></trkpt>
      <trkpt lat="44.408377" lon="8.522233"><ele>553.8</ele></trkpt>
      <trkpt lat="44.408393" lon="8.522235"><ele>553.8</ele></trkpt>
      <trkpt lat="44.408409" lon="8.522234"><ele>554.0</ele></trkpt>
      <trkpt lat="44.408425" lon="8.522234"><ele>554.0</ele></trkpt>
      <trkpt lat="44.408442" lon="8.522237"><ele>554.2</ele></trkpt>
      <trkpt lat="44.408457" lon="8.522243"><ele>554.4</ele></trkpt>
      <trkpt lat="44.408471" lon="8.522252"><ele>554.6</ele></trkpt>
      <trkpt lat="44.408491" lon="8.522255"><ele>554.8</ele></trkpt>
      <trkpt lat="44.408511" lon="8.522251"><ele>555.0</ele></trkpt>
      <trkpt lat="44.408527" lon="8.522248"><ele>555.2</ele></trkpt>
      <trkpt lat="44.408544" lon="8.522251"><ele>555.4</ele></trkpt>
      <trkpt lat="44.408558" lon="8.522261"><ele>555.6</ele></trkpt>
      <trkpt lat="44.408574" lon="8.522271"><ele>555.8</ele></trkpt>
      <trkpt lat="44.408590" lon="8.522277"><ele>555.8</ele></trkpt>
      <trkpt lat="44.408605" lon="8.522279"><ele>556.0</ele></trkpt>
      <trkpt lat="44.408621" lon="8.522280"><ele>556.2</ele></trkpt>
      <trkpt lat="44.408635" lon="8.522283"><ele>556.2</ele></trkpt>
      <trkpt lat="44.408652" lon="8.522283"><ele>556.4</ele></trkpt>
      <trkpt lat="44.408668" lon="8.522285"><ele>556.6</ele></trkpt>
      <trkpt lat="44.408681" lon="8.522287"><ele>556.8</ele></trkpt>
      <trkpt lat="44.408699" lon="8.522287"><ele>557.0</ele></trkpt>
      <trkpt lat="44.408718" lon="8.522290"><ele>557.2</ele></trkpt>
      <trkpt lat="44.408737" lon="8.522294"><ele>557.4</ele></trkpt>
      <trkpt lat="44.408759" lon="8.522293"><ele>557.6</ele></trkpt>
      <trkpt lat="44.408778" lon="8.522278"><ele>557.8</ele></trkpt>
      <trkpt lat="44.408795" lon="8.522266"><ele>558.0</ele></trkpt>
      <trkpt lat="44.408809" lon="8.522251"><ele>558.4</ele></trkpt>
      <trkpt lat="44.408822" lon="8.522242"><ele>558.6</ele></trkpt>
      <trkpt lat="44.408837" lon="8.522232"><ele>558.8</ele></trkpt>
      <trkpt lat="44.408850" lon="8.522223"><ele>559.0</ele></trkpt>
      <trkpt lat="44.408865" lon="8.522212"><ele>559.2</ele></trkpt>
      <trkpt lat="44.408880" lon="8.522200"><ele>559.4</ele></trkpt>
      <trkpt lat="44.408893" lon="8.522184"><ele>559.6</ele></trkpt>
      <trkpt lat="44.408906" lon="8.522167"><ele>559.6</ele></trkpt>
      <trkpt lat="44.408916" lon="8.522148"><ele>560.0</ele></trkpt>
      <trkpt lat="44.408932" lon="8.522137"><ele>560.0</ele></trkpt>
      <trkpt lat="44.408948" lon="8.522122"><ele>560.2</ele></trkpt>
      <trkpt lat="44.408967" lon="8.522109"><ele>560.2</ele></trkpt>
      <trkpt lat="44.408986" lon="8.522095"><ele>560.4</ele></trkpt>
      <trkpt lat="44.409004" lon="8.522079"><ele>560.4</ele></trkpt>
      <trkpt lat="44.409022" lon="8.522063"><ele>560.6</ele></trkpt>
      <trkpt lat="44.409037" lon="8.522049"><ele>560.8</ele></trkpt>
      <trkpt lat="44.409048" lon="8.522034"><ele>561.2</ele></trkpt>
      <trkpt lat="44.409061" lon="8.522021"><ele>561.4</ele></trkpt>
      <trkpt lat="44.409072" lon="8.522005"><ele>561.6</ele></trkpt>
      <trkpt lat="44.409085" lon="8.521987"><ele>561.6</ele></trkpt>
      <trkpt lat="44.409100" lon="8.521972"><ele>561.8</ele></trkpt>
      <trkpt lat="44.409111" lon="8.521959"><ele>561.8</ele></trkpt>
      <trkpt lat="44.409120" lon="8.521945"><ele>562.0</ele></trkpt>
      <trkpt lat="44.409127" lon="8.521932"><ele>562.0</ele></trkpt>
      <trkpt lat="44.409137" lon="8.521916"><ele>562.2</ele></trkpt>
      <trkpt lat="44.409149" lon="8.521901"><ele>562.2</ele></trkpt>
      <trkpt lat="44.409159" lon="8.521885"><ele>562.2</ele></trkpt>
      <trkpt lat="44.409171" lon="8.521866"><ele>562.4</ele></trkpt>
      <trkpt lat="44.409184" lon="8.521852"><ele>562.4</ele></trkpt>
      <trkpt lat="44.409197" lon="8.521835"><ele>562.6</ele></trkpt>
      <trkpt lat="44.409210" lon="8.521818"><ele>562.6</ele></trkpt>
      <trkpt lat="44.409218" lon="8.521797"><ele>562.8</ele></trkpt>
      <trkpt lat="44.409223" lon="8.521774"><ele>563.0</ele></trkpt>
      <trkpt lat="44.409225" lon="8.521752"><ele>563.2</ele></trkpt>
      <trkpt lat="44.409230" lon="8.521731"><ele>563.4</ele></trkpt>
      <trkpt lat="44.409236" lon="8.521708"><ele>563.6</ele></trkpt>
      <trkpt lat="44.409244" lon="8.521686"><ele>564.0</ele></trkpt>
      <trkpt lat="44.409254" lon="8.521666"><ele>564.2</ele></trkpt>
      <trkpt lat="44.409259" lon="8.521645"><ele>564.4</ele></trkpt>
      <trkpt lat="44.409257" lon="8.521620"><ele>564.6</ele></trkpt>
      <trkpt lat="44.409259" lon="8.521598"><ele>564.8</ele></trkpt>
      <trkpt lat="44.409264" lon="8.521579"><ele>565.0</ele></trkpt>
      <trkpt lat="44.409268" lon="8.521561"><ele>565.2</ele></trkpt>
      <trkpt lat="44.409269" lon="8.521541"><ele>565.4</ele></trkpt>
      <trkpt lat="44.409268" lon="8.521521"><ele>565.6</ele></trkpt>
      <trkpt lat="44.409268" lon="8.521505"><ele>565.8</ele></trkpt>
      <trkpt lat="44.409267" lon="8.521485"><ele>566.0</ele></trkpt>
      <trkpt lat="44.409270" lon="8.521465"><ele>566.2</ele></trkpt>
      <trkpt lat="44.409273" lon="8.521443"><ele>566.2</ele></trkpt>
      <trkpt lat="44.409278" lon="8.521422"><ele>566.4</ele></trkpt>
      <trkpt lat="44.409283" lon="8.521402"><ele>566.6</ele></trkpt>
      <trkpt lat="44.409287" lon="8.521381"><ele>566.8</ele></trkpt>
      <trkpt lat="44.409289" lon="8.521364"><ele>567.0</ele></trkpt>
      <trkpt lat="44.409288" lon="8.521344"><ele>567.0</ele></trkpt>
      <trkpt lat="44.409288" lon="8.521318"><ele>567.2</ele></trkpt>
      <trkpt lat="44.409292" lon="8.521292"><ele>567.4</ele></trkpt>
      <trkpt lat="44.409295" lon="8.521263"><ele>567.4</ele></trkpt>
      <trkpt lat="44.409299" lon="8.521237"><ele>567.6</ele></trkpt>
      <trkpt lat="44.409303" lon="8.521212"><ele>567.8</ele></trkpt>
      <trkpt lat="44.409301" lon="8.521184"><ele>568.0</ele></trkpt>
      <trkpt lat="44.409303" lon="8.521165"><ele>568.0</ele></trkpt>
      <trkpt lat="44.409304" lon="8.521139"><ele>568.2</ele></trkpt>
      <trkpt lat="44.409302" lon="8.521117"><ele>568.6</ele></trkpt>
      <trkpt lat="44.409301" lon="8.521094"><ele>568.8</ele></trkpt>
      <trkpt lat="44.409305" lon="8.521072"><ele>568.8</ele></trkpt>
      <trkpt lat="44.409310" lon="8.521052"><ele>569.0</ele></trkpt>
      <trkpt lat="44.409321" lon="8.521036"><ele>569.4</ele></trkpt>
      <trkpt lat="44.409333" lon="8.521022"><ele>569.6</ele></trkpt>
      <trkpt lat="44.409349" lon="8.521013"><ele>569.8</ele></trkpt>
      <trkpt lat="44.409365" lon="8.521003"><ele>570.0</ele></trkpt>
      <trkpt lat="44.409380" lon="8.520996"><ele>570.2</ele></trkpt>
      <trkpt lat="44.409394" lon="8.520990"><ele>570.6</ele></trkpt>
      <trkpt lat="44.409410" lon="8.520985"><ele>570.8</ele></trkpt>
      <trkpt lat="44.409426" lon="8.520973"><ele>571.0</ele></trkpt>
      <trkpt lat="44.409441" lon="8.520959"><ele>571.2</ele></trkpt>
      <trkpt lat="44.409452" lon="8.520942"><ele>571.4</ele></trkpt>
      <trkpt lat="44.409461" lon="8.520924"><ele>571.6</ele></trkpt>
      <trkpt lat="44.409471" lon="8.520906"><ele>571.8</ele></trkpt>
      <trkpt lat="44.409480" lon="8.520886"><ele>572.0</ele></trkpt>
      <trkpt lat="44.409488" lon="8.520867"><ele>572.2</ele></trkpt>
      <trkpt lat="44.409492" lon="8.520846"><ele>572.4</ele></trkpt>
      <trkpt lat="44.409499" lon="8.520830"><ele>572.4</ele></trkpt>
      <trkpt lat="44.409506" lon="8.520812"><ele>572.6</ele></trkpt>
      <trkpt lat="44.409509" lon="8.520791"><ele>572.8</ele></trkpt>
      <trkpt lat="44.409511" lon="8.520770"><ele>573.0</ele></trkpt>
      <trkpt lat="44.409518" lon="8.520758"><ele>573.2</ele></trkpt>
      <trkpt lat="44.409526" lon="8.520743"><ele>573.4</ele></trkpt>
      <trkpt lat="44.409533" lon="8.520725"><ele>573.6</ele></trkpt>
      <trkpt lat="44.409542" lon="8.520709"><ele>573.8</ele></trkpt>
      <trkpt lat="44.409551" lon="8.520692"><ele>574.0</ele></trkpt>
      <trkpt lat="44.409557" lon="8.520676"><ele>574.4</ele></trkpt>
      <trkpt lat="44.409566" lon="8.520661"><ele>574.4</ele></trkpt>
      <trkpt lat="44.409574" lon="8.520649"><ele>574.6</ele></trkpt>
      <trkpt lat="44.409586" lon="8.520635"><ele>574.8</ele></trkpt>
      <trkpt lat="44.409595" lon="8.520620"><ele>575.0</ele></trkpt>
      <trkpt lat="44.409607" lon="8.520606"><ele>575.2</ele></trkpt>
      <trkpt lat="44.409618" lon="8.520588"><ele>575.2</ele></trkpt>
      <trkpt lat="44.409631" lon="8.520572"><ele>575.4</ele></trkpt>
      <trkpt lat="44.409645" lon="8.520558"><ele>575.6</ele></trkpt>
      <trkpt lat="44.409660" lon="8.520542"><ele>575.6</ele></trkpt>
      <trkpt lat="44.409674" lon="8.520525"><ele>575.8</ele></trkpt>
      <trkpt lat="44.409686" lon="8.520506"><ele>575.8</ele></trkpt>
      <trkpt lat="44.409698" lon="8.520488"><ele>576.0</ele></trkpt>
      <trkpt lat="44.409705" lon="8.520473"><ele>576.0</ele></trkpt>
      <trkpt lat="44.409715" lon="8.520461"><ele>576.2</ele></trkpt>
      <trkpt lat="44.409727" lon="8.520450"><ele>576.2</ele></trkpt>
      <trkpt lat="44.409740" lon="8.520437"><ele>576.4</ele></trkpt>
      <trkpt lat="44.409751" lon="8.520421"><ele>576.6</ele></trkpt>
      <trkpt lat="44.409762" lon="8.520403"><ele>576.8</ele></trkpt>
      <trkpt lat="44.409777" lon="8.520389"><ele>577.0</ele></trkpt>
      <trkpt lat="44.409790" lon="8.520376"><ele>577.2</ele></trkpt>
      <trkpt lat="44.409805" lon="8.520365"><ele>577.4</ele></trkpt>
      <trkpt lat="44.409820" lon="8.520353"><ele>577.6</ele></trkpt>
      <trkpt lat="44.409836" lon="8.520340"><ele>577.8</ele></trkpt>
      <trkpt lat="44.409854" lon="8.520332"><ele>578.0</ele></trkpt>
      <trkpt lat="44.409873" lon="8.520323"><ele>578.2</ele></trkpt>
      <trkpt lat="44.409889" lon="8.520310"><ele>578.4</ele></trkpt>
      <trkpt lat="44.409903" lon="8.520298"><ele>578.4</ele></trkpt>
      <trkpt lat="44.409917" lon="8.520287"><ele>578.6</ele></trkpt>
      <trkpt lat="44.409931" lon="8.520280"><ele>578.6</ele></trkpt>
      <trkpt lat="44.409943" lon="8.520271"><ele>578.6</ele></trkpt>
      <trkpt lat="44.409957" lon="8.520261"><ele>578.6</ele></trkpt>
      <trkpt lat="44.409974" lon="8.520253"><ele>578.6</ele></trkpt>
      <trkpt lat="44.409990" lon="8.520242"><ele>578.4</ele></trkpt>
      <trkpt lat="44.410006" lon="8.520231"><ele>578.4</ele></trkpt>
      <trkpt lat="44.410022" lon="8.520221"><ele>578.6</ele></trkpt>
      <trkpt lat="44.410039" lon="8.520206"><ele>578.6</ele></trkpt>
      <trkpt lat="44.410058" lon="8.520184"><ele>578.8</ele></trkpt>
      <trkpt lat="44.410073" lon="8.520162"><ele>579.0</ele></trkpt>
      <trkpt lat="44.410088" lon="8.520142"><ele>579.2</ele></trkpt>
      <trkpt lat="44.410102" lon="8.520126"><ele>579.4</ele></trkpt>
      <trkpt lat="44.410117" lon="8.520108"><ele>579.6</ele></trkpt>
      <trkpt lat="44.410133" lon="8.520086"><ele>579.6</ele></trkpt>
      <trkpt lat="44.410146" lon="8.520068"><ele>579.6</ele></trkpt>
      <trkpt lat="44.410159" lon="8.520049"><ele>579.6</ele></trkpt>
      <trkpt lat="44.410172" lon="8.520032"><ele>579.6</ele></trkpt>
      <trkpt lat="44.410183" lon="8.520010"><ele>579.6</ele></trkpt>
      <trkpt lat="44.410196" lon="8.519985"><ele>579.6</ele></trkpt>
      <trkpt lat="44.410206" lon="8.519958"><ele>579.6</ele></trkpt>
      <trkpt lat="44.410220" lon="8.519936"><ele>579.6</ele></trkpt>
      <trkpt lat="44.410231" lon="8.519914"><ele>579.8</ele></trkpt>
      <trkpt lat="44.410244" lon="8.519895"><ele>580.0</ele></trkpt>
      <trkpt lat="44.410259" lon="8.519876"><ele>580.2</ele></trkpt>
      <trkpt lat="44.410272" lon="8.519857"><ele>580.4</ele></trkpt>
      <trkpt lat="44.410285" lon="8.519840"><ele>580.8</ele></trkpt>
      <trkpt lat="44.410299" lon="8.519826"><ele>581.0</ele></trkpt>
      <trkpt lat="44.410313" lon="8.519814"><ele>581.2</ele></trkpt>
      <trkpt lat="44.410325" lon="8.519800"><ele>581.4</ele></trkpt>
      <trkpt lat="44.410338" lon="8.519787"><ele>581.6</ele></trkpt>
      <trkpt lat="44.410349" lon="8.519770"><ele>581.8</ele></trkpt>
      <trkpt lat="44.410361" lon="8.519756"><ele>582.0</ele></trkpt>
      <trkpt lat="44.410374" lon="8.519743"><ele>582.2</ele></trkpt>
      <trkpt lat="44.410388" lon="8.519729"><ele>582.2</ele></trkpt>
      <trkpt lat="44.410402" lon="8.519718"><ele>582.4</ele></trkpt>
      <trkpt lat="44.410414" lon="8.519705"><ele>582.6</ele></trkpt>
      <trkpt lat="44.410428" lon="8.519695"><ele>582.8</ele></trkpt>
      <trkpt lat="44.410442" lon="8.519684"><ele>582.8</ele></trkpt>
      <trkpt lat="44.410455" lon="8.519672"><ele>583.0</ele></trkpt>
      <trkpt lat="44.410469" lon="8.519659"><ele>583.2</ele></trkpt>
      <trkpt lat="44.410480" lon="8.519645"><ele>583.4</ele></trkpt>
      <trkpt lat="44.410490" lon="8.519623"><ele>583.6</ele></trkpt>
      <trkpt lat="44.410502" lon="8.519608"><ele>584.0</ele></trkpt>
      <trkpt lat="44.410514" lon="8.519596"><ele>584.2</ele></trkpt>
      <trkpt lat="44.410526" lon="8.519579"><ele>584.4</ele></trkpt>
      <trkpt lat="44.410535" lon="8.519563"><ele>584.6</ele></trkpt>
      <trkpt lat="44.410548" lon="8.519547"><ele>584.8</ele></trkpt>
      <trkpt lat="44.410561" lon="8.519535"><ele>584.8</ele></trkpt>
      <trkpt lat="44.410572" lon="8.519520"><ele>585.0</ele></trkpt>
      <trkpt lat="44.410583" lon="8.519507"><ele>585.0</ele></trkpt>
      <trkpt lat="44.410590" lon="8.519492"><ele>585.0</ele></trkpt>
      <trkpt lat="44.410596" lon="8.519474"><ele>585.2</ele></trkpt>
      <trkpt lat="44.410604" lon="8.519455"><ele>585.4</ele></trkpt>
      <trkpt lat="44.410614" lon="8.519433"><ele>585.4</ele></trkpt>
      <trkpt lat="44.410621" lon="8.519411"><ele>585.6</ele></trkpt>
      <trkpt lat="44.410629" lon="8.519389"><ele>585.8</ele></trkpt>
      <trkpt lat="44.410636" lon="8.519370"><ele>586.0</ele></trkpt>
      <trkpt lat="44.410641" lon="8.519348"><ele>586.4</ele></trkpt>
      <trkpt lat="44.410646" lon="8.519328"><ele>586.6</ele></trkpt>
      <trkpt lat="44.410653" lon="8.519309"><ele>586.8</ele></trkpt>
      <trkpt lat="44.410664" lon="8.519291"><ele>587.0</ele></trkpt>
      <trkpt lat="44.410667" lon="8.519269"><ele>587.2</ele></trkpt>
      <trkpt lat="44.410670" lon="8.519249"><ele>587.4</ele></trkpt>
      <trkpt lat="44.410679" lon="8.519234"><ele>587.4</ele></trkpt>
      <trkpt lat="44.410683" lon="8.519213"><ele>587.6</ele></trkpt>
      <trkpt lat="44.410691" lon="8.519195"><ele>587.8</ele></trkpt>
      <trkpt lat="44.410698" lon="8.519177"><ele>587.8</ele></trkpt>
      <trkpt lat="44.410708" lon="8.519160"><ele>588.0</ele></trkpt>
      <trkpt lat="44.410717" lon="8.519144"><ele>588.2</ele></trkpt>
      <trkpt lat="44.410728" lon="8.519129"><ele>588.4</ele></trkpt>
      <trkpt lat="44.410734" lon="8.519109"><ele>588.8</ele></trkpt>
      <trkpt lat="44.410742" lon="8.519092"><ele>589.0</ele></trkpt>
      <trkpt lat="44.410750" lon="8.519077"><ele>589.4</ele></trkpt>
      <trkpt lat="44.410762" lon="8.519063"><ele>589.6</ele></trkpt>
      <trkpt lat="44.410773" lon="8.519050"><ele>589.8</ele></trkpt>
      <trkpt lat="44.410782" lon="8.519037"><ele>590.0</ele></trkpt>
      <trkpt lat="44.410793" lon="8.519024"><ele>590.2</ele></trkpt>
      <trkpt lat="44.410804" lon="8.519012"><ele>590.4</ele></trkpt>
      <trkpt lat="44.410812" lon="8.518999"><ele>590.6</ele></trkpt>
      <trkpt lat="44.410822" lon="8.518987"><ele>591.0</ele></trkpt>
      <trkpt lat="44.410834" lon="8.518975"><ele>591.0</ele></trkpt>
      <trkpt lat="44.410845" lon="8.518965"><ele>591.2</ele></trkpt>
      <trkpt lat="44.410857" lon="8.518957"><ele>591.4</ele></trkpt>
      <trkpt lat="44.410868" lon="8.518944"><ele>591.6</ele></trkpt>
      <trkpt lat="44.410881" lon="8.518933"><ele>591.8</ele></trkpt>
      <trkpt lat="44.410892" lon="8.518922"><ele>592.0</ele></trkpt>
      <trkpt lat="44.410905" lon="8.518912"><ele>592.0</ele></trkpt>
      <trkpt lat="44.410915" lon="8.518901"><ele>592.2</ele></trkpt>
      <trkpt lat="44.410928" lon="8.518896"><ele>592.4</ele></trkpt>
      <trkpt lat="44.410940" lon="8.518888"><ele>592.6</ele></trkpt>
      <trkpt lat="44.410952" lon="8.518878"><ele>592.8</ele></trkpt>
      <trkpt lat="44.410963" lon="8.518865"><ele>593.0</ele></trkpt>
      <trkpt lat="44.410976" lon="8.518855"><ele>593.2</ele></trkpt>
      <trkpt lat="44.410985" lon="8.518849"><ele>593.4</ele></trkpt>
      <trkpt lat="44.410996" lon="8.518841"><ele>593.8</ele></trkpt>
      <trkpt lat="44.411008" lon="8.518835"><ele>594.0</ele></trkpt>
      <trkpt lat="44.411022" lon="8.518834"><ele>594.4</ele></trkpt>
      <trkpt lat="44.411032" lon="8.518827"><ele>594.6</ele></trkpt>
      <trkpt lat="44.411047" lon="8.518821"><ele>594.8</ele></trkpt>
      <trkpt lat="44.411061" lon="8.518819"><ele>595.2</ele></trkpt>
      <trkpt lat="44.411075" lon="8.518816"><ele>595.4</ele></trkpt>
      <trkpt lat="44.411088" lon="8.518816"><ele>595.6</ele></trkpt>
      <trkpt lat="44.411100" lon="8.518820"><ele>595.8</ele></trkpt>
      <trkpt lat="44.411115" lon="8.518824"><ele>596.2</ele></trkpt>
      <trkpt lat="44.411130" lon="8.518827"><ele>596.6</ele></trkpt>
      <trkpt lat="44.411143" lon="8.518828"><ele>596.8</ele></trkpt>
      <trkpt lat="44.411156" lon="8.518836"><ele>597.0</ele></trkpt>
      <trkpt lat="44.411166" lon="8.518840"><ele>597.2</ele></trkpt>
      <trkpt lat="44.411174" lon="8.518848"><ele>597.6</ele></trkpt>
      <trkpt lat="44.411185" lon="8.518853"><ele>597.8</ele></trkpt>
      <trkpt lat="44.411198" lon="8.518857"><ele>598.0</ele></trkpt>
      <trkpt lat="44.411210" lon="8.518865"><ele>598.2</ele></trkpt>
      <trkpt lat="44.411223" lon="8.518871"><ele>598.4</ele></trkpt>
      <trkpt lat="44.411237" lon="8.518879"><ele>598.6</ele></trkpt>
      <trkpt lat="44.411250" lon="8.518889"><ele>598.6</ele></trkpt>
      <trkpt lat="44.411259" lon="8.518898"><ele>598.6</ele></trkpt>
      <trkpt lat="44.411270" lon="8.518908"><ele>598.8</ele></trkpt>
      <trkpt lat="44.411282" lon="8.518917"><ele>598.8</ele></trkpt>
      <trkpt lat="44.411297" lon="8.518928"><ele>599.0</ele></trkpt>
      <trkpt lat="44.411314" lon="8.518940"><ele>599.2</ele></trkpt>
      <trkpt lat="44.411327" lon="8.518945"><ele>599.4</ele></trkpt>
      <trkpt lat="44.411337" lon="8.518954"><ele>599.6</ele></trkpt>
      <trkpt lat="44.411346" lon="8.518962"><ele>599.8</ele></trkpt>
      <trkpt lat="44.411356" lon="8.518969"><ele>600.0</ele></trkpt>
      <trkpt lat="44.411365" lon="8.518981"><ele>600.2</ele></trkpt>
      <trkpt lat="44.411378" lon="8.518990"><ele>600.4</ele></trkpt>
      <trkpt lat="44.411390" lon="8.519000"><ele>600.6</ele></trkpt>
      <trkpt lat="44.411404" lon="8.519008"><ele>600.6</ele></trkpt>
      <trkpt lat="44.411414" lon="8.519015"><ele>600.8</ele></trkpt>
      <trkpt lat="44.411426" lon="8.519024"><ele>600.8</ele></trkpt>
      <trkpt lat="44.411436" lon="8.519033"><ele>601.0</ele></trkpt>
      <trkpt lat="44.411443" lon="8.519046"><ele>601.0</ele></trkpt>
      <trkpt lat="44.411451" lon="8.519057"><ele>601.2</ele></trkpt>
      <trkpt lat="44.411460" lon="8.519066"><ele>601.4</ele></trkpt>
      <trkpt lat="44.411471" lon="8.519075"><ele>601.4</ele></trkpt>
      <trkpt lat="44.411482" lon="8.519089"><ele>601.6</ele></trkpt>
      <trkpt lat="44.411492" lon="8.519103"><ele>601.8</ele></trkpt>
      <trkpt lat="44.411501" lon="8.519114"><ele>602.0</ele></trkpt>
      <trkpt lat="44.411508" lon="8.519123"><ele>602.2</ele></trkpt>
      <trkpt lat="44.411517" lon="8.519135"><ele>602.4</ele></trkpt>
      <trkpt lat="44.411527" lon="8.519141"><ele>602.4</ele></trkpt>
      <trkpt lat="44.411539" lon="8.519151"><ele>602.6</ele></trkpt>
      <trkpt lat="44.411547" lon="8.519164"><ele>602.8</ele></trkpt>
      <trkpt lat="44.411557" lon="8.519176"><ele>603.0</ele></trkpt>
      <trkpt lat="44.411568" lon="8.519188"><ele>603.2</ele></trkpt>
      <trkpt lat="44.411577" lon="8.519202"><ele>603.4</ele></trkpt>
      <trkpt lat="44.411588" lon="8.519215"><ele>603.4</ele></trkpt>
      <trkpt lat="44.411594" lon="8.519226"><ele>603.6</ele></trkpt>
      <trkpt lat="44.411605" lon="8.519229"><ele>603.8</ele></trkpt>
      <trkpt lat="44.411614" lon="8.519244"><ele>604.0</ele></trkpt>
      <trkpt lat="44.411619" lon="8.519260"><ele>604.0</ele></trkpt>
      <trkpt lat="44.411630" lon="8.519274"><ele>604.2</ele></trkpt>
      <trkpt lat="44.411644" lon="8.519282"><ele>604.4</ele></trkpt>
      <trkpt lat="44.411656" lon="8.519289"><ele>604.4</ele></trkpt>
      <trkpt lat="44.411668" lon="8.519302"><ele>604.6</ele></trkpt>
      <trkpt lat="44.411681" lon="8.519311"><ele>604.8</ele></trkpt>
      <trkpt lat="44.411695" lon="8.519326"><ele>604.8</ele></trkpt>
      <trkpt lat="44.411706" lon="8.519341"><ele>605.0</ele></trkpt>
      <trkpt lat="44.411715" lon="8.519357"><ele>605.2</ele></trkpt>
      <trkpt lat="44.411726" lon="8.519376"><ele>605.4</ele></trkpt>
      <trkpt lat="44.411736" lon="8.519390"><ele>605.6</ele></trkpt>
      <trkpt lat="44.411747" lon="8.519400"><ele>606.0</ele></trkpt>
      <trkpt lat="44.411755" lon="8.519412"><ele>606.2</ele></trkpt>
      <trkpt lat="44.411765" lon="8.519423"><ele>606.4</ele></trkpt>
      <trkpt lat="44.411773" lon="8.519433"><ele>606.6</ele></trkpt>
      <trkpt lat="44.411785" lon="8.519443"><ele>606.8</ele></trkpt>
      <trkpt lat="44.411795" lon="8.519454"><ele>607.0</ele></trkpt>
      <trkpt lat="44.411806" lon="8.519468"><ele>607.2</ele></trkpt>
      <trkpt lat="44.411816" lon="8.519482"><ele>607.4</ele></trkpt>
      <trkpt lat="44.411827" lon="8.519495"><ele>607.6</ele></trkpt>
      <trkpt lat="44.411839" lon="8.519501"><ele>607.8</ele></trkpt>
      <trkpt lat="44.411848" lon="8.519519"><ele>608.0</ele></trkpt>
      <trkpt lat="44.411856" lon="8.519534"><ele>608.2</ele></trkpt>
      <trkpt lat="44.411869" lon="8.519546"><ele>608.4</ele></trkpt>
      <trkpt lat="44.411879" lon="8.519557"><ele>608.6</ele></trkpt>
      <trkpt lat="44.411889" lon="8.519569"><ele>608.8</ele></trkpt>
      <trkpt lat="44.411901" lon="8.519580"><ele>609.0</ele></trkpt>
      <trkpt lat="44.411911" lon="8.519594"><ele>609.2</ele></trkpt>
      <trkpt lat="44.411921" lon="8.519607"><ele>609.4</ele></trkpt>
      <trkpt lat="44.411932" lon="8.519622"><ele>609.6</ele></trkpt>
      <trkpt lat="44.411943" lon="8.519638"><ele>610.0</ele></trkpt>
      <trkpt lat="44.411956" lon="8.519655"><ele>610.2</ele></trkpt>
      <trkpt lat="44.411970" lon="8.519669"><ele>610.4</ele></trkpt>
      <trkpt lat="44.411983" lon="8.519681"><ele>610.6</ele></trkpt>
      <trkpt lat="44.411998" lon="8.519696"><ele>610.8</ele></trkpt>
      <trkpt lat="44.412016" lon="8.519711"><ele>611.2</ele></trkpt>
      <trkpt lat="44.412031" lon="8.519727"><ele>611.6</ele></trkpt>
      <trkpt lat="44.412044" lon="8.519744"><ele>611.8</ele></trkpt>
      <trkpt lat="44.412053" lon="8.519765"><ele>612.2</ele></trkpt>
      <trkpt lat="44.412066" lon="8.519782"><ele>612.4</ele></trkpt>
      <trkpt lat="44.412081" lon="8.519794"><ele>612.6</ele></trkpt>
      <trkpt lat="44.412095" lon="8.519808"><ele>612.8</ele></trkpt>
      <trkpt lat="44.412109" lon="8.519824"><ele>613.2</ele></trkpt>
      <trkpt lat="44.412119" lon="8.519838"><ele>613.4</ele></trkpt>
      <trkpt lat="44.412128" lon="8.519852"><ele>613.6</ele></trkpt>
      <trkpt lat="44.412137" lon="8.519868"><ele>613.8</ele></trkpt>
      <trkpt lat="44.412148" lon="8.519880"><ele>614.0</ele></trkpt>
      <trkpt lat="44.412158" lon="8.519894"><ele>614.2</ele></trkpt>
      <trkpt lat="44.412166" lon="8.519908"><ele>614.4</ele></trkpt>
      <trkpt lat="44.412176" lon="8.519923"><ele>614.6</ele></trkpt>
      <trkpt lat="44.412186" lon="8.519938"><ele>614.6</ele></trkpt>
      <trkpt lat="44.412197" lon="8.519957"><ele>614.8</ele></trkpt>
      <trkpt lat="44.412208" lon="8.519969"><ele>615.0</ele></trkpt>
      <trkpt lat="44.412216" lon="8.519982"><ele>615.2</ele></trkpt>
      <trkpt lat="44.412229" lon="8.519996"><ele>615.4</ele></trkpt>
      <trkpt lat="44.412241" lon="8.520008"><ele>615.6</ele></trkpt>
      <trkpt lat="44.412252" lon="8.520025"><ele>615.8</ele></trkpt>
      <trkpt lat="44.412262" lon="8.520042"><ele>616.0</ele></trkpt>
      <trkpt lat="44.412273" lon="8.520057"><ele>616.2</ele></trkpt>
      <trkpt lat="44.412284" lon="8.520074"><ele>616.6</ele></trkpt>
      <trkpt lat="44.412296" lon="8.520087"><ele>616.8</ele></trkpt>
      <trkpt lat="44.412309" lon="8.520103"><ele>617.0</ele></trkpt>
      <trkpt lat="44.412321" lon="8.520117"><ele>617.2</ele></trkpt>
      <trkpt lat="44.412330" lon="8.520134"><ele>617.4</ele></trkpt>
      <trkpt lat="44.412339" lon="8.520149"><ele>617.6</ele></trkpt>
      <trkpt lat="44.412349" lon="8.520162"><ele>617.8</ele></trkpt>
      <trkpt lat="44.412362" lon="8.520175"><ele>618.0</ele></trkpt>
      <trkpt lat="44.412373" lon="8.520187"><ele>618.2</ele></trkpt>
      <trkpt lat="44.412385" lon="8.520202"><ele>618.4</ele></trkpt>
      <trkpt lat="44.412396" lon="8.520215"><ele>618.6</ele></trkpt>
      <trkpt lat="44.412408" lon="8.520228"><ele>619.0</ele></trkpt>
      <trkpt lat="44.412421" lon="8.520238"><ele>619.2</ele></trkpt>
      <trkpt lat="44.412432" lon="8.520251"><ele>619.4</ele></trkpt>
      <trkpt lat="44.412442" lon="8.520263"><ele>619.6</ele></trkpt>
      <trkpt lat="44.412454" lon="8.520277"><ele>619.8</ele></trkpt>
      <trkpt lat="44.412462" lon="8.520295"><ele>620.0</ele></trkpt>
      <trkpt lat="44.412474" lon="8.520311"><ele>620.2</ele></trkpt>
      <trkpt lat="44.412485" lon="8.520325"><ele>620.2</ele></trkpt>
      <trkpt lat="44.412492" lon="8.520341"><ele>620.6</ele></trkpt>
      <trkpt lat="44.412501" lon="8.520353"><ele>620.8</ele></trkpt>
      <trkpt lat="44.412512" lon="8.520362"><ele>620.8</ele></trkpt>
      <trkpt lat="44.412525" lon="8.520371"><ele>621.0</ele></trkpt>
      <trkpt lat="44.412537" lon="8.520384"><ele>621.2</ele></trkpt>
      <trkpt lat="44.412549" lon="8.520395"><ele>621.4</ele></trkpt>
      <trkpt lat="44.412564" lon="8.520410"><ele>621.6</ele></trkpt>
      <trkpt lat="44.412576" lon="8.520422"><ele>621.8</ele></trkpt>
      <trkpt lat="44.412585" lon="8.520440"><ele>622.0</ele></trkpt>
      <trkpt lat="44.412594" lon="8.520455"><ele>622.2</ele></trkpt>
      <trkpt lat="44.412602" lon="8.520473"><ele>622.4</ele></trkpt>
      <trkpt lat="44.412610" lon="8.520488"><ele>622.6</ele></trkpt>
      <trkpt lat="44.412621" lon="8.520500"><ele>622.8</ele></trkpt>
      <trkpt lat="44.412633" lon="8.520513"><ele>623.0</ele></trkpt>
      <trkpt lat="44.412647" lon="8.520525"><ele>623.2</ele></trkpt>
      <trkpt lat="44.412661" lon="8.520535"><ele>623.4</ele></trkpt>
      <trkpt lat="44.412676" lon="8.520547"><ele>623.8</ele></trkpt>
      <trkpt lat="44.412690" lon="8.520562"><ele>624.0</ele></trkpt>
      <trkpt lat="44.412704" lon="8.520577"><ele>624.2</ele></trkpt>
      <trkpt lat="44.412718" lon="8.520591"><ele>624.4</ele></trkpt>
      <trkpt lat="44.412729" lon="8.520603"><ele>624.6</ele></trkpt>
      <trkpt lat="44.412741" lon="8.520610"><ele>624.8</ele></trkpt>
      <trkpt lat="44.412757" lon="8.520618"><ele>625.0</ele></trkpt>
      <trkpt lat="44.412767" lon="8.520630"><ele>625.2</ele></trkpt>
      <trkpt lat="44.412777" lon="8.520641"><ele>625.6</ele></trkpt>
      <trkpt lat="44.412787" lon="8.520652"><ele>625.8</ele></trkpt>
      <trkpt lat="44.412802" lon="8.520660"><ele>625.8</ele></trkpt>
      <trkpt lat="44.412817" lon="8.520671"><ele>626.0</ele></trkpt>
      <trkpt lat="44.412825" lon="8.520676"><ele>626.2</ele></trkpt>
      <trkpt lat="44.412838" lon="8.520683"><ele>626.2</ele></trkpt>
      <trkpt lat="44.412850" lon="8.520692"><ele>626.4</ele></trkpt>
      <trkpt lat="44.412861" lon="8.520697"><ele>626.6</ele></trkpt>
      <trkpt lat="44.412875" lon="8.520700"><ele>626.6</ele></trkpt>
      <trkpt lat="44.412888" lon="8.520703"><ele>626.8</ele></trkpt>
      <trkpt lat="44.412898" lon="8.520703"><ele>627.0</ele></trkpt>
      <trkpt lat="44.412910" lon="8.520704"><ele>627.2</ele></trkpt>
      <trkpt lat="44.412923" lon="8.520703"><ele>627.2</ele></trkpt>
      <trkpt lat="44.412934" lon="8.520700"><ele>627.4</ele></trkpt>
      <trkpt lat="44.412942" lon="8.520697"><ele>627.4</ele></trkpt>
      <trkpt lat="44.412950" lon="8.520692"><ele>627.6</ele></trkpt>
      <trkpt lat="44.412960" lon="8.520688"><ele>627.6</ele></trkpt>
      <trkpt lat="44.412971" lon="8.520681"><ele>627.8</ele></trkpt>
      <trkpt lat="44.412983" lon="8.520670"><ele>627.8</ele></trkpt>
      <trkpt lat="44.412992" lon="8.520660"><ele>627.8</ele></trkpt>
      <trkpt lat="44.413000" lon="8.520644"><ele>628.0</ele></trkpt>
      <trkpt lat="44.413008" lon="8.520628"><ele>628.0</ele></trkpt>
      <trkpt lat="44.413015" lon="8.520611"><ele>628.2</ele></trkpt>
      <trkpt lat="44.413023" lon="8.520590"><ele>628.4</ele></trkpt>
      <trkpt lat="44.413028" lon="8.520573"><ele>628.4</ele></trkpt>
      <trkpt lat="44.413031" lon="8.520555"><ele>628.6</ele></trkpt>
      <trkpt lat="44.413028" lon="8.520539"><ele>628.8</ele></trkpt>
      <trkpt lat="44.413025" lon="8.520519"><ele>628.8</ele></trkpt>
      <trkpt lat="44.413022" lon="8.520499"><ele>629.0</ele></trkpt>
      <trkpt lat="44.413019" lon="8.520481"><ele>629.0</ele></trkpt>
      <trkpt lat="44.413015" lon="8.520459"><ele>629.2</ele></trkpt>
      <trkpt lat="44.413010" lon="8.520435"><ele>629.4</ele></trkpt>
      <trkpt lat="44.413002" lon="8.520409"><ele>629.4</ele></trkpt>
      <trkpt lat="44.412995" lon="8.520381"><ele>629.6</ele></trkpt>
      <trkpt lat="44.412987" lon="8.520356"><ele>629.6</ele></trkpt>
      <trkpt lat="44.412980" lon="8.520327"><ele>629.8</ele></trkpt>
      <trkpt lat="44.412977" lon="8.520304"><ele>630.0</ele></trkpt>
      <trkpt lat="44.412975" lon="8.520284"><ele>630.2</ele></trkpt>
      <trkpt lat="44.412975" lon="8.520262"><ele>630.4</ele></trkpt>
      <trkpt lat="44.412968" lon="8.520242"><ele>630.4</ele></trkpt>
      <trkpt lat="44.412963" lon="8.520222"><ele>630.6</ele></trkpt>
      <trkpt lat="44.412960" lon="8.520204"><ele>630.8</ele></trkpt>
      <trkpt lat="44.412957" lon="8.520185"><ele>630.8</ele></trkpt>
      <trkpt lat="44.412952" lon="8.520166"><ele>631.0</ele></trkpt>
      <trkpt lat="44.412952" lon="8.520149"><ele>631.0</ele></trkpt>
      <trkpt lat="44.412947" lon="8.520130"><ele>631.2</ele></trkpt>
      <trkpt lat="44.412942" lon="8.520107"><ele>631.4</ele></trkpt>
      <trkpt lat="44.412937" lon="8.520080"><ele>631.4</ele></trkpt>
      <trkpt lat="44.412933" lon="8.520051"><ele>631.6</ele></trkpt>
      <trkpt lat="44.412926" lon="8.520027"><ele>631.6</ele></trkpt>
      <trkpt lat="44.412925" lon="8.520001"><ele>632.0</ele></trkpt>
      <trkpt lat="44.412922" lon="8.519976"><ele>632.2</ele></trkpt>
      <trkpt lat="44.412919" lon="8.519951"><ele>632.4</ele></trkpt>
      <trkpt lat="44.412920" lon="8.519930"><ele>632.6</ele></trkpt>
      <trkpt lat="44.412922" lon="8.519908"><ele>633.0</ele></trkpt>
      <trkpt lat="44.412919" lon="8.519890"><ele>633.2</ele></trkpt>
      <trkpt lat="44.412914" lon="8.519874"><ele>633.2</ele></trkpt>
      <trkpt lat="44.412908" lon="8.519853"><ele>633.4</ele></trkpt>
      <trkpt lat="44.412903" lon="8.519834"><ele>633.6</ele></trkpt>
      <trkpt lat="44.412899" lon="8.519813"><ele>633.6</ele></trkpt>
      <trkpt lat="44.412896" lon="8.519791"><ele>633.6</ele></trkpt>
      <trkpt lat="44.412892" lon="8.519769"><ele>633.8</ele></trkpt>
      <trkpt lat="44.412889" lon="8.519751"><ele>633.8</ele></trkpt>
      <trkpt lat="44.412889" lon="8.519731"><ele>633.8</ele></trkpt>
      <trkpt lat="44.412888" lon="8.519705"><ele>634.0</ele></trkpt>
      <trkpt lat="44.412883" lon="8.519681"><ele>634.2</ele></trkpt>
      <trkpt lat="44.412877" lon="8.519660"><ele>634.4</ele></trkpt>
      <trkpt lat="44.412877" lon="8.519639"><ele>634.6</ele></trkpt>
      <trkpt lat="44.412873" lon="8.519617"><ele>635.0</ele></trkpt>
      <trkpt lat="44.412868" lon="8.519601"><ele>635.2</ele></trkpt>
      <trkpt lat="44.412863" lon="8.519581"><ele>635.4</ele></trkpt>
      <trkpt lat="44.412861" lon="8.519563"><ele>635.6</ele></trkpt>
      <trkpt lat="44.412859" lon="8.519546"><ele>635.8</ele></trkpt>
      <trkpt lat="44.412858" lon="8.519526"><ele>635.8</ele></trkpt>
      <trkpt lat="44.412857" lon="8.519505"><ele>636.0</ele></trkpt>
      <trkpt lat="44.412860" lon="8.519489"><ele>636.0</ele></trkpt>
      <trkpt lat="44.412857" lon="8.519473"><ele>636.2</ele></trkpt>
      <trkpt lat="44.412854" lon="8.519453"><ele>636.2</ele></trkpt>
      <trkpt lat="44.412855" lon="8.519432"><ele>636.2</ele></trkpt>
      <trkpt lat="44.412860" lon="8.519407"><ele>636.4</ele></trkpt>
      <trkpt lat="44.412870" lon="8.519385"><ele>636.4</ele></trkpt>
      <trkpt lat="44.412881" lon="8.519367"><ele>636.6</ele></trkpt>
      <trkpt lat="44.412889" lon="8.519354"><ele>636.8</ele></trkpt>
      <trkpt lat="44.412899" lon="8.519344"><ele>636.8</ele></trkpt>
      <trkpt lat="44.412912" lon="8.519332"><ele>637.0</ele></trkpt>
      <trkpt lat="44.412927" lon="8.519322"><ele>637.2</ele></trkpt>
      <trkpt lat="44.412939" lon="8.519316"><ele>637.2</ele></trkpt>
      <trkpt lat="44.412950" lon="8.519316"><ele>637.4</ele></trkpt>
      <trkpt lat="44.412967" lon="8.519314"><ele>637.4</ele></trkpt>
      <trkpt lat="44.412985" lon="8.519310"><ele>637.6</ele></trkpt>
      <trkpt lat="44.413002" lon="8.519309"><ele>637.6</ele></trkpt>
      <trkpt lat="44.413018" lon="8.519316"><ele>637.8</ele></trkpt>
      <trkpt lat="44.413036" lon="8.519324"><ele>638.0</ele></trkpt>
      <trkpt lat="44.413052" lon="8.519335"><ele>638.0</ele></trkpt>
      <trkpt lat="44.413071" lon="8.519346"><ele>638.2</ele></trkpt>
      <trkpt lat="44.413086" lon="8.519360"><ele>638.4</ele></trkpt>
      <trkpt lat="44.413102" lon="8.519376"><ele>638.4</ele></trkpt>
      <trkpt lat="44.413118" lon="8.519394"><ele>638.6</ele></trkpt>
      <trkpt lat="44.413131" lon="8.519415"><ele>638.8</ele></trkpt>
      <trkpt lat="44.413136" lon="8.519437"><ele>639.0</ele></trkpt>
      <trkpt lat="44.413143" lon="8.519452"><ele>639.0</ele></trkpt>
      <trkpt lat="44.413150" lon="8.519470"><ele>639.2</ele></trkpt>
      <trkpt lat="44.413160" lon="8.519488"><ele>639.4</ele></trkpt>
      <trkpt lat="44.413169" lon="8.519508"><ele>639.6</ele></trkpt>
      <trkpt lat="44.413182" lon="8.519528"><ele>639.8</ele></trkpt>
      <trkpt lat="44.413194" lon="8.519544"><ele>640.0</ele></trkpt>
      <trkpt lat="44.413206" lon="8.519560"><ele>640.2</ele></trkpt>
      <trkpt lat="44.413215" lon="8.519578"><ele>640.2</ele></trkpt>
      <trkpt lat="44.413223" lon="8.519597"><ele>640.4</ele></trkpt>
      <trkpt lat="44.413232" lon="8.519615"><ele>640.4</ele></trkpt>
      <trkpt lat="44.413240" lon="8.519636"><ele>640.6</ele></trkpt>
      <trkpt lat="44.413244" lon="8.519658"><ele>640.8</ele></trkpt>
      <trkpt lat="44.413251" lon="8.519681"><ele>641.0</ele></trkpt>
      <trkpt lat="44.413262" lon="8.519700"><ele>641.2</ele></trkpt>
      <trkpt lat="44.413272" lon="8.519720"><ele>641.4</ele></trkpt>
      <trkpt lat="44.413284" lon="8.519744"><ele>641.6</ele></trkpt>
      <trkpt lat="44.413295" lon="8.519765"><ele>641.8</ele></trkpt>
      <trkpt lat="44.413305" lon="8.519785"><ele>642.0</ele></trkpt>
      <trkpt lat="44.413314" lon="8.519805"><ele>642.2</ele></trkpt>
      <trkpt lat="44.413322" lon="8.519824"><ele>642.2</ele></trkpt>
      <trkpt lat="44.413332" lon="8.519845"><ele>642.4</ele></trkpt>
      <trkpt lat="44.413341" lon="8.519864"><ele>642.6</ele></trkpt>
      <trkpt lat="44.413350" lon="8.519884"><ele>642.8</ele></trkpt>
      <trkpt lat="44.413359" lon="8.519906"><ele>643.0</ele></trkpt>
      <trkpt lat="44.413368" lon="8.519932"><ele>643.2</ele></trkpt>
      <trkpt lat="44.413375" lon="8.519957"><ele>643.4</ele></trkpt>
      <trkpt lat="44.413382" lon="8.519979"><ele>643.4</ele></trkpt>
      <trkpt lat="44.413390" lon="8.520000"><ele>643.8</ele></trkpt>
      <trkpt lat="44.413400" lon="8.520021"><ele>644.0</ele></trkpt>
      <trkpt lat="44.413409" lon="8.520044"><ele>644.2</ele></trkpt>
      <trkpt lat="44.413419" lon="8.520062"><ele>644.4</ele></trkpt>
      <trkpt lat="44.413430" lon="8.520082"><ele>644.6</ele></trkpt>
      <trkpt lat="44.413437" lon="8.520105"><ele>644.8</ele></trkpt>
      <trkpt lat="44.413448" lon="8.520127"><ele>645.0</ele></trkpt>
      <trkpt lat="44.413459" lon="8.520146"><ele>645.2</ele></trkpt>
      <trkpt lat="44.413471" lon="8.520163"><ele>645.4</ele></trkpt>
      <trkpt lat="44.413484" lon="8.520178"><ele>645.6</ele></trkpt>
      <trkpt lat="44.413494" lon="8.520195"><ele>645.6</ele></trkpt>
      <trkpt lat="44.413501" lon="8.520219"><ele>645.8</ele></trkpt>
      <trkpt lat="44.413510" lon="8.520243"><ele>646.0</ele></trkpt>
      <trkpt lat="44.413523" lon="8.520266"><ele>646.2</ele></trkpt>
      <trkpt lat="44.413535" lon="8.520283"><ele>646.4</ele></trkpt>
      <trkpt lat="44.413546" lon="8.520301"><ele>646.6</ele></trkpt>
      <trkpt lat="44.413557" lon="8.520319"><ele>646.8</ele></trkpt>
      <trkpt lat="44.413568" lon="8.520336"><ele>647.0</ele></trkpt>
      <trkpt lat="44.413576" lon="8.520354"><ele>647.0</ele></trkpt>
      <trkpt lat="44.413587" lon="8.520374"><ele>647.2</ele></trkpt>
      <trkpt lat="44.413598" lon="8.520386"><ele>647.6</ele></trkpt>
      <trkpt lat="44.413609" lon="8.520403"><ele>647.8</ele></trkpt>
      <trkpt lat="44.413618" lon="8.520420"><ele>648.0</ele></trkpt>
      <trkpt lat="44.413627" lon="8.520439"><ele>648.2</ele></trkpt>
      <trkpt lat="44.413636" lon="8.520459"><ele>648.2</ele></trkpt>
      <trkpt lat="44.413642" lon="8.520480"><ele>648.4</ele></trkpt>
      <trkpt lat="44.413653" lon="8.520497"><ele>648.6</ele></trkpt>
      <trkpt lat="44.413664" lon="8.520515"><ele>648.8</ele></trkpt>
      <trkpt lat="44.413672" lon="8.520536"><ele>648.8</ele></trkpt>
      <trkpt lat="44.413680" lon="8.520556"><ele>649.0</ele></trkpt>
      <trkpt lat="44.413688" lon="8.520575"><ele>649.0</ele></trkpt>
      <trkpt lat="44.413698" lon="8.520593"><ele>649.2</ele></trkpt>
      <trkpt lat="44.413710" lon="8.520611"><ele>649.2</ele></trkpt>
      <trkpt lat="44.413722" lon="8.520628"><ele>649.4</ele></trkpt>
      <trkpt lat="44.413731" lon="8.520651"><ele>649.4</ele></trkpt>
      <trkpt lat="44.413740" lon="8.520673"><ele>649.6</ele></trkpt>
      <trkpt lat="44.413749" lon="8.520693"><ele>649.6</ele></trkpt>
      <trkpt lat="44.413760" lon="8.520713"><ele>649.8</ele></trkpt>
      <trkpt lat="44.413771" lon="8.520730"><ele>650.0</ele></trkpt>
      <trkpt lat="44.413784" lon="8.520743"><ele>650.0</ele></trkpt>
      <trkpt lat="44.413792" lon="8.520760"><ele>650.2</ele></trkpt>
      <trkpt lat="44.413802" lon="8.520776"><ele>650.4</ele></trkpt>
      <trkpt lat="44.413811" lon="8.520794"><ele>650.6</ele></trkpt>
      <trkpt lat="44.413821" lon="8.520813"><ele>650.8</ele></trkpt>
      <trkpt lat="44.413832" lon="8.520830"><ele>650.8</ele></trkpt>
      <trkpt lat="44.413843" lon="8.520848"><ele>651.0</ele></trkpt>
      <trkpt lat="44.413852" lon="8.520868"><ele>651.2</ele></trkpt>
      <trkpt lat="44.413863" lon="8.520886"><ele>651.2</ele></trkpt>
      <trkpt lat="44.413875" lon="8.520901"><ele>651.4</ele></trkpt>
      <trkpt lat="44.413886" lon="8.520919"><ele>651.4</ele></trkpt>
      <trkpt lat="44.413897" lon="8.520939"><ele>651.6</ele></trkpt>
      <trkpt lat="44.413906" lon="8.520957"><ele>651.8</ele></trkpt>
      <trkpt lat="44.413916" lon="8.520975"><ele>652.0</ele></trkpt>
      <trkpt lat="44.413929" lon="8.520992"><ele>652.2</ele></trkpt>
      <trkpt lat="44.413940" lon="8.521009"><ele>652.4</ele></trkpt>
      <trkpt lat="44.413952" lon="8.521025"><ele>652.6</ele></trkpt>
      <trkpt lat="44.413963" lon="8.521042"><ele>652.8</ele></trkpt>
      <trkpt lat="44.413975" lon="8.521062"><ele>653.0</ele></trkpt>
      <trkpt lat="44.413988" lon="8.521081"><ele>653.2</ele></trkpt>
      <trkpt lat="44.414000" lon="8.521098"><ele>653.4</ele></trkpt>
      <trkpt lat="44.414012" lon="8.521116"><ele>653.6</ele></trkpt>
      <trkpt lat="44.414021" lon="8.521135"><ele>653.8</ele></trkpt>
      <trkpt lat="44.414030" lon="8.521156"><ele>654.0</ele></trkpt>
      <trkpt lat="44.414038" lon="8.521177"><ele>654.2</ele></trkpt>
      <trkpt lat="44.414051" lon="8.521201"><ele>654.4</ele></trkpt>
      <trkpt lat="44.414061" lon="8.521226"><ele>654.8</ele></trkpt>
      <trkpt lat="44.414078" lon="8.521252"><ele>655.0</ele></trkpt>
      <trkpt lat="44.414093" lon="8.521261"><ele>655.2</ele></trkpt>
      <trkpt lat="44.414106" lon="8.521270"><ele>655.6</ele></trkpt>
      <trkpt lat="44.414116" lon="8.521282"><ele>655.8</ele></trkpt>
      <trkpt lat="44.414122" lon="8.521298"><ele>656.2</ele></trkpt>
      <trkpt lat="44.414129" lon="8.521318"><ele>656.4</ele></trkpt>
      <trkpt lat="44.414136" lon="8.521337"><ele>656.6</ele></trkpt>
      <trkpt lat="44.414144" lon="8.521358"><ele>656.8</ele></trkpt>
      <trkpt lat="44.414155" lon="8.521376"><ele>656.8</ele></trkpt>
      <trkpt lat="44.414167" lon="8.521390"><ele>657.0</ele></trkpt>
      <trkpt lat="44.414178" lon="8.521404"><ele>657.0</ele></trkpt>
      <trkpt lat="44.414189" lon="8.521419"><ele>657.2</ele></trkpt>
      <trkpt lat="44.414195" lon="8.521435"><ele>657.4</ele></trkpt>
      <trkpt lat="44.414203" lon="8.521455"><ele>657.4</ele></trkpt>
      <trkpt lat="44.414211" lon="8.521472"><ele>657.6</ele></trkpt>
      <trkpt lat="44.414221" lon="8.521488"><ele>657.8</ele></trkpt>
      <trkpt lat="44.414228" lon="8.521507"><ele>658.0</ele></trkpt>
      <trkpt lat="44.414239" lon="8.521526"><ele>658.2</ele></trkpt>
      <trkpt lat="44.414249" lon="8.521536"><ele>658.4</ele></trkpt>
      <trkpt lat="44.414257" lon="8.521551"><ele>658.6</ele></trkpt>
      <trkpt lat="44.414267" lon="8.521568"><ele>659.0</ele></trkpt>
      <trkpt lat="44.414277" lon="8.521585"><ele>659.2</ele></trkpt>
      <trkpt lat="44.414286" lon="8.521603"><ele>659.4</ele></trkpt>
      <trkpt lat="44.414290" lon="8.521621"><ele>659.6</ele></trkpt>
      <trkpt lat="44.414296" lon="8.521641"><ele>659.8</ele></trkpt>
      <trkpt lat="44.414304" lon="8.521654"><ele>660.0</ele></trkpt>
      <trkpt lat="44.414312" lon="8.521669"><ele>660.2</ele></trkpt>
      <trkpt lat="44.414319" lon="8.521688"><ele>660.4</ele></trkpt>
      <trkpt lat="44.414324" lon="8.521711"><ele>660.6</ele></trkpt>
      <trkpt lat="44.414330" lon="8.521734"><ele>660.8</ele></trkpt>
      <trkpt lat="44.414336" lon="8.521756"><ele>661.0</ele></trkpt>
      <trkpt lat="44.414343" lon="8.521772"><ele>661.2</ele></trkpt>
      <trkpt lat="44.414352" lon="8.521787"><ele>661.2</ele></trkpt>
      <trkpt lat="44.414355" lon="8.521801"><ele>661.4</ele></trkpt>
      <trkpt lat="44.414358" lon="8.521822"><ele>661.6</ele></trkpt>
      <trkpt lat="44.414360" lon="8.521844"><ele>661.8</ele></trkpt>
      <trkpt lat="44.414365" lon="8.521864"><ele>662.0</ele></trkpt>
      <trkpt lat="44.414370" lon="8.521882"><ele>662.2</ele></trkpt>
      <trkpt lat="44.414375" lon="8.521902"><ele>662.4</ele></trkpt>
      <trkpt lat="44.414380" lon="8.521923"><ele>662.4</ele></trkpt>
      <trkpt lat="44.414384" lon="8.521944"><ele>662.6</ele></trkpt>
      <trkpt lat="44.414389" lon="8.521964"><ele>662.8</ele></trkpt>
      <trkpt lat="44.414393" lon="8.521981"><ele>663.0</ele></trkpt>
      <trkpt lat="44.414395" lon="8.521998"><ele>663.2</ele></trkpt>
      <trkpt lat="44.414396" lon="8.522016"><ele>663.4</ele></trkpt>
      <trkpt lat="44.414401" lon="8.522039"><ele>663.6</ele></trkpt>
      <trkpt lat="44.414407" lon="8.522062"><ele>663.8</ele></trkpt>
      <trkpt lat="44.414408" lon="8.522084"><ele>663.8</ele></trkpt>
      <trkpt lat="44.414411" lon="8.522106"><ele>664.0</ele></trkpt>
      <trkpt lat="44.414415" lon="8.522125"><ele>664.2</ele></trkpt>
      <trkpt lat="44.414419" lon="8.522145"><ele>664.4</ele></trkpt>
      <trkpt lat="44.414421" lon="8.522169"><ele>664.6</ele></trkpt>
      <trkpt lat="44.414420" lon="8.522192"><ele>664.8</ele></trkpt>
      <trkpt lat="44.414424" lon="8.522217"><ele>665.0</ele></trkpt>
      <trkpt lat="44.414425" lon="8.522243"><ele>665.2</ele></trkpt>
      <trkpt lat="44.414429" lon="8.522267"><ele>665.4</ele></trkpt>
      <trkpt lat="44.414433" lon="8.522291"><ele>665.6</ele></trkpt>
      <trkpt lat="44.414434" lon="8.522313"><ele>665.8</ele></trkpt>
      <trkpt lat="44.414437" lon="8.522338"><ele>666.0</ele></trkpt>
      <trkpt lat="44.414439" lon="8.522367"><ele>666.2</ele></trkpt>
      <trkpt lat="44.414441" lon="8.522393"><ele>666.4</ele></trkpt>
      <trkpt lat="44.414443" lon="8.522418"><ele>666.6</ele></trkpt>
      <trkpt lat="44.414446" lon="8.522443"><ele>666.8</ele></trkpt>
      <trkpt lat="44.414448" lon="8.522466"><ele>667.0</ele></trkpt>
      <trkpt lat="44.414452" lon="8.522489"><ele>667.2</ele></trkpt>
      <trkpt lat="44.414458" lon="8.522513"><ele>667.4</ele></trkpt>
      <trkpt lat="44.414460" lon="8.522535"><ele>667.4</ele></trkpt>
      <trkpt lat="44.414463" lon="8.522557"><ele>667.6</ele></trkpt>
      <trkpt lat="44.414460" lon="8.522572"><ele>667.8</ele></trkpt>
      <trkpt lat="44.414462" lon="8.522596"><ele>668.0</ele></trkpt>
      <trkpt lat="44.414462" lon="8.522624"><ele>668.2</ele></trkpt>
      <trkpt lat="44.414464" lon="8.522651"><ele>668.4</ele></trkpt>
      <trkpt lat="44.414470" lon="8.522679"><ele>668.6</ele></trkpt>
      <trkpt lat="44.414472" lon="8.522714"><ele>668.6</ele></trkpt>
      <trkpt lat="44.414473" lon="8.522742"><ele>668.8</ele></trkpt>
      <trkpt lat="44.414478" lon="8.522775"><ele>669.0</ele></trkpt>
      <trkpt lat="44.414481" lon="8.522812"><ele>669.2</ele></trkpt>
      <trkpt lat="44.414482" lon="8.522835"><ele>669.4</ele></trkpt>
      <trkpt lat="44.414485" lon="8.522855"><ele>669.6</ele></trkpt>
      <trkpt lat="44.414485" lon="8.522875"><ele>669.8</ele></trkpt>
      <trkpt lat="44.414489" lon="8.522895"><ele>670.0</ele></trkpt>
      <trkpt lat="44.414494" lon="8.522917"><ele>670.2</ele></trkpt>
      <trkpt lat="44.414497" lon="8.522938"><ele>670.4</ele></trkpt>
      <trkpt lat="44.414503" lon="8.522961"><ele>670.4</ele></trkpt>
      <trkpt lat="44.414506" lon="8.522983"><ele>670.6</ele></trkpt>
      <trkpt lat="44.414510" lon="8.523008"><ele>670.8</ele></trkpt>
      <trkpt lat="44.414513" lon="8.523030"><ele>670.8</ele></trkpt>
      <trkpt lat="44.414514" lon="8.523055"><ele>671.0</ele></trkpt>
      <trkpt lat="44.414514" lon="8.523078"><ele>671.0</ele></trkpt>
      <trkpt lat="44.414516" lon="8.523105"><ele>671.2</ele></trkpt>
      <trkpt lat="44.414520" lon="8.523131"><ele>671.4</ele></trkpt>
      <trkpt lat="44.414525" lon="8.523158"><ele>671.4</ele></trkpt>
      <trkpt lat="44.414525" lon="8.523186"><ele>671.6</ele></trkpt>
      <trkpt lat="44.414526" lon="8.523210"><ele>671.8</ele></trkpt>
      <trkpt lat="44.414530" lon="8.523233"><ele>672.0</ele></trkpt>
      <trkpt lat="44.414534" lon="8.523258"><ele>672.2</ele></trkpt>
      <trkpt lat="44.414535" lon="8.523279"><ele>672.4</ele></trkpt>
      <trkpt lat="44.414536" lon="8.523296"><ele>672.6</ele></trkpt>
      <trkpt lat="44.414537" lon="8.523318"><ele>672.8</ele></trkpt>
      <trkpt lat="44.414539" lon="8.523342"><ele>673.0</ele></trkpt>
      <trkpt lat="44.414541" lon="8.523363"><ele>673.2</ele></trkpt>
      <trkpt lat="44.414546" lon="8.523387"><ele>673.4</ele></trkpt>
      <trkpt lat="44.414550" lon="8.523409"><ele>673.4</ele></trkpt>
      <trkpt lat="44.414554" lon="8.523432"><ele>673.6</ele></trkpt>
      <trkpt lat="44.414560" lon="8.523456"><ele>673.8</ele></trkpt>
      <trkpt lat="44.414564" lon="8.523479"><ele>674.0</ele></trkpt>
      <trkpt lat="44.414566" lon="8.523502"><ele>674.2</ele></trkpt>
      <trkpt lat="44.414569" lon="8.523525"><ele>674.4</ele></trkpt>
      <trkpt lat="44.414568" lon="8.523542"><ele>674.4</ele></trkpt>
      <trkpt lat="44.414570" lon="8.523565"><ele>674.6</ele></trkpt>
      <trkpt lat="44.414573" lon="8.523590"><ele>674.8</ele></trkpt>
      <trkpt lat="44.414575" lon="8.523610"><ele>675.0</ele></trkpt>
      <trkpt lat="44.414578" lon="8.523634"><ele>675.2</ele></trkpt>
      <trkpt lat="44.414580" lon="8.523657"><ele>675.2</ele></trkpt>
      <trkpt lat="44.414580" lon="8.523683"><ele>675.4</ele></trkpt>
      <trkpt lat="44.414583" lon="8.523707"><ele>675.6</ele></trkpt>
      <trkpt lat="44.414586" lon="8.523727"><ele>675.6</ele></trkpt>
      <trkpt lat="44.414592" lon="8.523747"><ele>675.8</ele></trkpt>
      <trkpt lat="44.414596" lon="8.523764"><ele>676.0</ele></trkpt>
      <trkpt lat="44.414595" lon="8.523780"><ele>676.0</ele></trkpt>
      <trkpt lat="44.414596" lon="8.523801"><ele>676.2</ele></trkpt>
      <trkpt lat="44.414600" lon="8.523821"><ele>676.4</ele></trkpt>
      <trkpt lat="44.414602" lon="8.523843"><ele>676.6</ele></trkpt>
      <trkpt lat="44.414603" lon="8.523865"><ele>676.6</ele></trkpt>
      <trkpt lat="44.414608" lon="8.523882"><ele>676.8</ele></trkpt>
      <trkpt lat="44.414609" lon="8.523899"><ele>676.8</ele></trkpt>
      <trkpt lat="44.414608" lon="8.523920"><ele>677.0</ele></trkpt>
      <trkpt lat="44.414608" lon="8.523941"><ele>677.2</ele></trkpt>
      <trkpt lat="44.414609" lon="8.523963"><ele>677.4</ele></trkpt>
      <trkpt lat="44.414613" lon="8.523987"><ele>677.6</ele></trkpt>
      <trkpt lat="44.414613" lon="8.524008"><ele>677.8</ele></trkpt>
      <trkpt lat="44.414620" lon="8.524030"><ele>677.8</ele></trkpt>
      <trkpt lat="44.414625" lon="8.524050"><ele>678.0</ele></trkpt>
      <trkpt lat="44.414630" lon="8.524076"><ele>678.2</ele></trkpt>
      <trkpt lat="44.414633" lon="8.524099"><ele>678.4</ele></trkpt>
      <trkpt lat="44.414635" lon="8.524122"><ele>678.6</ele></trkpt>
      <trkpt lat="44.414638" lon="8.524145"><ele>678.6</ele></trkpt>
      <trkpt lat="44.414643" lon="8.524168"><ele>678.8</ele></trkpt>
      <trkpt lat="44.414647" lon="8.524192"><ele>679.0</ele></trkpt>
      <trkpt lat="44.414648" lon="8.524214"><ele>679.0</ele></trkpt>
      <trkpt lat="44.414651" lon="8.524237"><ele>679.2</ele></trkpt>
      <trkpt lat="44.414654" lon="8.524262"><ele>679.4</ele></trkpt>
      <trkpt lat="44.414656" lon="8.524286"><ele>679.4</ele></trkpt>
      <trkpt lat="44.414655" lon="8.524308"><ele>679.6</ele></trkpt>
      <trkpt lat="44.414659" lon="8.524336"><ele>679.8</ele></trkpt>
      <trkpt lat="44.414662" lon="8.524352"><ele>680.0</ele></trkpt>
      <trkpt lat="44.414667" lon="8.524368"><ele>680.2</ele></trkpt>
      <trkpt lat="44.414670" lon="8.524386"><ele>680.4</ele></trkpt>
      <trkpt lat="44.414675" lon="8.524405"><ele>680.4</ele></trkpt>
      <trkpt lat="44.414673" lon="8.524427"><ele>680.6</ele></trkpt>
      <trkpt lat="44.414675" lon="8.524448"><ele>680.8</ele></trkpt>
      <trkpt lat="44.414676" lon="8.524472"><ele>681.0</ele></trkpt>
      <trkpt lat="44.414677" lon="8.524496"><ele>681.2</ele></trkpt>
      <trkpt lat="44.414680" lon="8.524522"><ele>681.4</ele></trkpt>
      <trkpt lat="44.414683" lon="8.524542"><ele>681.4</ele></trkpt>
      <trkpt lat="44.414688" lon="8.524564"><ele>681.6</ele></trkpt>
      <trkpt lat="44.414688" lon="8.524585"><ele>681.8</ele></trkpt>
      <trkpt lat="44.414690" lon="8.524605"><ele>681.8</ele></trkpt>
      <trkpt lat="44.414691" lon="8.524627"><ele>682.0</ele></trkpt>
      <trkpt lat="44.414692" lon="8.524654"><ele>682.2</ele></trkpt>
      <trkpt lat="44.414695" lon="8.524684"><ele>682.4</ele></trkpt>
      <trkpt lat="44.414697" lon="8.524711"><ele>682.4</ele></trkpt>
      <trkpt lat="44.414701" lon="8.524738"><ele>682.6</ele></trkpt>
      <trkpt lat="44.414704" lon="8.524765"><ele>682.8</ele></trkpt>
      <trkpt lat="44.414706" lon="8.524791"><ele>683.0</ele></trkpt>
      <trkpt lat="44.414707" lon="8.524816"><ele>683.2</ele></trkpt>
      <trkpt lat="44.414708" lon="8.524842"><ele>683.4</ele></trkpt>
      <trkpt lat="44.414708" lon="8.524871"><ele>683.6</ele></trkpt>
      <trkpt lat="44.414709" lon="8.524896"><ele>683.8</ele></trkpt>
      <trkpt lat="44.414707" lon="8.524922"><ele>684.0</ele></trkpt>
      <trkpt lat="44.414706" lon="8.524946"><ele>684.0</ele></trkpt>
      <trkpt lat="44.414708" lon="8.524966"><ele>684.2</ele></trkpt>
      <trkpt lat="44.414711" lon="8.524980"><ele>684.4</ele></trkpt>
      <trkpt lat="44.414710" lon="8.524992"><ele>684.6</ele></trkpt>
      <trkpt lat="44.414707" lon="8.525009"><ele>684.6</ele></trkpt>
      <trkpt lat="44.414704" lon="8.525031"><ele>684.8</ele></trkpt>
      <trkpt lat="44.414707" lon="8.525050"><ele>684.8</ele></trkpt>
      <trkpt lat="44.414708" lon="8.525070"><ele>685.0</ele></trkpt>
      <trkpt lat="44.414708" lon="8.525096"><ele>685.2</ele></trkpt>
      <trkpt lat="44.414710" lon="8.525119"><ele>685.2</ele></trkpt>
      <trkpt lat="44.414713" lon="8.525146"><ele>685.4</ele></trkpt>
      <trkpt lat="44.414710" lon="8.525172"><ele>685.6</ele></trkpt>
      <trkpt lat="44.414703" lon="8.525199"><ele>685.6</ele></trkpt>
      <trkpt lat="44.414700" lon="8.525227"><ele>685.8</ele></trkpt>
      <trkpt lat="44.414697" lon="8.525255"><ele>686.0</ele></trkpt>
      <trkpt lat="44.414693" lon="8.525280"><ele>686.0</ele></trkpt>
      <trkpt lat="44.414692" lon="8.525305"><ele>686.2</ele></trkpt>
      <trkpt lat="44.414692" lon="8.525333"><ele>686.4</ele></trkpt>
      <trkpt lat="44.414691" lon="8.525363"><ele>686.6</ele></trkpt>
      <trkpt lat="44.414691" lon="8.525396"><ele>686.8</ele></trkpt>
      <trkpt lat="44.414692" lon="8.525427"><ele>687.0</ele></trkpt>
      <trkpt lat="44.414696" lon="8.525450"><ele>687.0</ele></trkpt>
      <trkpt lat="44.414698" lon="8.525471"><ele>687.2</ele></trkpt>
      <trkpt lat="44.414695" lon="8.525491"><ele>687.4</ele></trkpt>
      <trkpt lat="44.414689" lon="8.525512"><ele>687.6</ele></trkpt>
      <trkpt lat="44.414686" lon="8.525536"><ele>687.8</ele></trkpt>
      <trkpt lat="44.414685" lon="8.525557"><ele>687.8</ele></trkpt>
      <trkpt lat="44.414682" lon="8.525576"><ele>688.0</ele></trkpt>
      <trkpt lat="44.414677" lon="8.525597"><ele>688.2</ele></trkpt>
      <trkpt lat="44.414674" lon="8.525623"><ele>688.4</ele></trkpt>
      <trkpt lat="44.414672" lon="8.525648"><ele>688.4</ele></trkpt>
      <trkpt lat="44.414673" lon="8.525672"><ele>688.6</ele></trkpt>
      <trkpt lat="44.414671" lon="8.525692"><ele>688.8</ele></trkpt>
      <trkpt lat="44.414674" lon="8.525714"><ele>689.0</ele></trkpt>
      <trkpt lat="44.414672" lon="8.525733"><ele>689.2</ele></trkpt>
      <trkpt lat="44.414667" lon="8.525754"><ele>689.2</ele></trkpt>
      <trkpt lat="44.414659" lon="8.525775"><ele>689.4</ele></trkpt>
      <trkpt lat="44.414652" lon="8.525798"><ele>689.6</ele></trkpt>
      <trkpt lat="44.414650" lon="8.525821"><ele>689.8</ele></trkpt>
      <trkpt lat="44.414646" lon="8.525842"><ele>690.0</ele></trkpt>
      <trkpt lat="44.414645" lon="8.525866"><ele>690.2</ele></trkpt>
      <trkpt lat="44.414644" lon="8.525888"><ele>690.2</ele></trkpt>
      <trkpt lat="44.414644" lon="8.525910"><ele>690.4</ele></trkpt>
      <trkpt lat="44.414642" lon="8.525935"><ele>690.6</ele></trkpt>
      <trkpt lat="44.414640" lon="8.525955"><ele>690.8</ele></trkpt>
      <trkpt lat="44.414636" lon="8.525975"><ele>690.8</ele></trkpt>
      <trkpt lat="44.414634" lon="8.525993"><ele>691.0</ele></trkpt>
      <trkpt lat="44.414629" lon="8.526009"><ele>691.0</ele></trkpt>
      <trkpt lat="44.414622" lon="8.526025"><ele>691.2</ele></trkpt>
      <trkpt lat="44.414618" lon="8.526045"><ele>691.4</ele></trkpt>
      <trkpt lat="44.414617" lon="8.526064"><ele>691.6</ele></trkpt>
      <trkpt lat="44.414614" lon="8.526086"><ele>691.8</ele></trkpt>
      <trkpt lat="44.414613" lon="8.526110"><ele>691.8</ele></trkpt>
      <trkpt lat="44.414608" lon="8.526132"><ele>692.0</ele></trkpt>
      <trkpt lat="44.414606" lon="8.526156"><ele>692.2</ele></trkpt>
      <trkpt lat="44.414604" lon="8.526174"><ele>692.4</ele></trkpt>
      <trkpt lat="44.414605" lon="8.526192"><ele>692.4</ele></trkpt>
      <trkpt lat="44.414602" lon="8.526211"><ele>692.6</ele></trkpt>
      <trkpt lat="44.414601" lon="8.526231"><ele>692.8</ele></trkpt>
      <trkpt lat="44.414598" lon="8.526250"><ele>693.0</ele></trkpt>
      <trkpt lat="44.414595" lon="8.526267"><ele>693.0</ele></trkpt>
      <trkpt lat="44.414590" lon="8.526286"><ele>693.2</ele></trkpt>
      <trkpt lat="44.414584" lon="8.526309"><ele>693.4</ele></trkpt>
      <trkpt lat="44.414577" lon="8.526337"><ele>693.4</ele></trkpt>
      <trkpt lat="44.414571" lon="8.526366"><ele>693.6</ele></trkpt>
      <trkpt lat="44.414566" lon="8.526396"><ele>693.8</ele></trkpt>
      <trkpt lat="44.414563" lon="8.526427"><ele>694.0</ele></trkpt>
      <trkpt lat="44.414561" lon="8.526458"><ele>694.2</ele></trkpt>
      <trkpt lat="44.414559" lon="8.526482"><ele>694.4</ele></trkpt>
      <trkpt lat="44.414556" lon="8.526498"><ele>694.6</ele></trkpt>
      <trkpt lat="44.414555" lon="8.526516"><ele>694.8</ele></trkpt>
      <trkpt lat="44.414552" lon="8.526531"><ele>695.0</ele></trkpt>
      <trkpt lat="44.414546" lon="8.526546"><ele>695.2</ele></trkpt>
      <trkpt lat="44.414541" lon="8.526565"><ele>695.6</ele></trkpt>
      <trkpt lat="44.414541" lon="8.526587"><ele>695.8</ele></trkpt>
      <trkpt lat="44.414539" lon="8.526608"><ele>696.0</ele></trkpt>
      <trkpt lat="44.414540" lon="8.526628"><ele>696.2</ele></trkpt>
      <trkpt lat="44.414535" lon="8.526648"><ele>696.4</ele></trkpt>
      <trkpt lat="44.414529" lon="8.526668"><ele>696.4</ele></trkpt>
      <trkpt lat="44.414524" lon="8.526684"><ele>696.6</ele></trkpt>
      <trkpt lat="44.414519" lon="8.526702"><ele>696.8</ele></trkpt>
      <trkpt lat="44.414516" lon="8.526725"><ele>697.2</ele></trkpt>
      <trkpt lat="44.414511" lon="8.526745"><ele>697.4</ele></trkpt>
      <trkpt lat="44.414506" lon="8.526766"><ele>697.4</ele></trkpt>
      <trkpt lat="44.414500" lon="8.526784"><ele>697.6</ele></trkpt>
      <trkpt lat="44.414494" lon="8.526803"><ele>697.6</ele></trkpt>
      <trkpt lat="44.414491" lon="8.526823"><ele>697.8</ele></trkpt>
      <trkpt lat="44.414484" lon="8.526840"><ele>698.0</ele></trkpt>
      <trkpt lat="44.414477" lon="8.526860"><ele>698.2</ele></trkpt>
      <trkpt lat="44.414467" lon="8.526880"><ele>698.4</ele></trkpt>
      <trkpt lat="44.414457" lon="8.526896"><ele>698.4</ele></trkpt>
      <trkpt lat="44.414445" lon="8.526914"><ele>698.6</ele></trkpt>
      <trkpt lat="44.414432" lon="8.526929"><ele>698.8</ele></trkpt>
      <trkpt lat="44.414420" lon="8.526945"><ele>699.0</ele></trkpt>
      <trkpt lat="44.414408" lon="8.526958"><ele>699.2</ele></trkpt>
      <trkpt lat="44.414399" lon="8.526972"><ele>699.6</ele></trkpt>
      <trkpt lat="44.414387" lon="8.526984"><ele>699.6</ele></trkpt>
      <trkpt lat="44.414375" lon="8.526995"><ele>699.8</ele></trkpt>
      <trkpt lat="44.414364" lon="8.527010"><ele>700.0</ele></trkpt>
      <trkpt lat="44.414354" lon="8.527025"><ele>700.2</ele></trkpt>
      <trkpt lat="44.414348" lon="8.527034"><ele>700.2</ele></trkpt>
      <trkpt lat="44.414339" lon="8.527043"><ele>700.4</ele></trkpt>
      <trkpt lat="44.414329" lon="8.527049"><ele>700.6</ele></trkpt>
      <trkpt lat="44.414317" lon="8.527059"><ele>700.8</ele></trkpt>
      <trkpt lat="44.414303" lon="8.527067"><ele>701.0</ele></trkpt>
      <trkpt lat="44.414291" lon="8.527078"><ele>701.2</ele></trkpt>
      <trkpt lat="44.414278" lon="8.527084"><ele>701.2</ele></trkpt>
      <trkpt lat="44.414264" lon="8.527092"><ele>701.4</ele></trkpt>
      <trkpt lat="44.414251" lon="8.527104"><ele>701.6</ele></trkpt>
      <trkpt lat="44.414238" lon="8.527121"><ele>701.8</ele></trkpt>
      <trkpt lat="44.414223" lon="8.527129"><ele>702.0</ele></trkpt>
      <trkpt lat="44.414209" lon="8.527134"><ele>702.2</ele></trkpt>
      <trkpt lat="44.414197" lon="8.527141"><ele>702.4</ele></trkpt>
      <trkpt lat="44.414187" lon="8.527151"><ele>702.8</ele></trkpt>
      <trkpt lat="44.414174" lon="8.527157"><ele>702.8</ele></trkpt>
      <trkpt lat="44.414162" lon="8.527162"><ele>703.0</ele></trkpt>
      <trkpt lat="44.414148" lon="8.527169"><ele>703.2</ele></trkpt>
      <trkpt lat="44.414134" lon="8.527173"><ele>703.4</ele></trkpt>
      <trkpt lat="44.414119" lon="8.527176"><ele>703.6</ele></trkpt>
      <trkpt lat="44.414103" lon="8.527178"><ele>703.8</ele></trkpt>
      <trkpt lat="44.414088" lon="8.527185"><ele>704.0</ele></trkpt>
      <trkpt lat="44.414074" lon="8.527190"><ele>704.2</ele></trkpt>
      <trkpt lat="44.414057" lon="8.527191"><ele>704.4</ele></trkpt>
      <trkpt lat="44.414041" lon="8.527193"><ele>704.6</ele></trkpt>
      <trkpt lat="44.414028" lon="8.527197"><ele>704.8</ele></trkpt>
      <trkpt lat="44.414014" lon="8.527197"><ele>704.8</ele></trkpt>
      <trkpt lat="44.413999" lon="8.527194"><ele>705.0</ele></trkpt>
      <trkpt lat="44.413983" lon="8.527194"><ele>705.2</ele></trkpt>
      <trkpt lat="44.413967" lon="8.527194"><ele>705.4</ele></trkpt>
      <trkpt lat="44.413950" lon="8.527192"><ele>705.6</ele></trkpt>
      <trkpt lat="44.413933" lon="8.527186"><ele>705.6</ele></trkpt>
      <trkpt lat="44.413914" lon="8.527181"><ele>705.8</ele></trkpt>
      <trkpt lat="44.413901" lon="8.527178"><ele>706.0</ele></trkpt>
      <trkpt lat="44.413890" lon="8.527173"><ele>706.2</ele></trkpt>
      <trkpt lat="44.413877" lon="8.527164"><ele>706.4</ele></trkpt>
      <trkpt lat="44.413866" lon="8.527154"><ele>706.6</ele></trkpt>
      <trkpt lat="44.413853" lon="8.527146"><ele>706.6</ele></trkpt>
      <trkpt lat="44.413840" lon="8.527141"><ele>706.8</ele></trkpt>
      <trkpt lat="44.413827" lon="8.527138"><ele>707.0</ele></trkpt>
      <trkpt lat="44.413813" lon="8.527135"><ele>707.4</ele></trkpt>
      <trkpt lat="44.413798" lon="8.527128"><ele>707.6</ele></trkpt>
      <trkpt lat="44.413782" lon="8.527121"><ele>708.0</ele></trkpt>
      <trkpt lat="44.413765" lon="8.527114"><ele>708.2</ele></trkpt>
      <trkpt lat="44.413751" lon="8.527104"><ele>708.4</ele></trkpt>
      <trkpt lat="44.413736" lon="8.527095"><ele>708.6</ele></trkpt>
      <trkpt lat="44.413724" lon="8.527086"><ele>708.8</ele></trkpt>
      <trkpt lat="44.413708" lon="8.527075"><ele>708.8</ele></trkpt>
      <trkpt lat="44.413693" lon="8.527072"><ele>709.0</ele></trkpt>
      <trkpt lat="44.413676" lon="8.527065"><ele>709.0</ele></trkpt>
      <trkpt lat="44.413662" lon="8.527063"><ele>709.2</ele></trkpt>
      <trkpt lat="44.413646" lon="8.527058"><ele>709.2</ele></trkpt>
      <trkpt lat="44.413631" lon="8.527058"><ele>709.4</ele></trkpt>
      <trkpt lat="44.413615" lon="8.527063"><ele>709.6</ele></trkpt>
      <trkpt lat="44.413597" lon="8.527060"><ele>709.8</ele></trkpt>
      <trkpt lat="44.413580" lon="8.527050"><ele>709.8</ele></trkpt>
      <trkpt lat="44.413558" lon="8.527040"><ele>710.0</ele></trkpt>
      <trkpt lat="44.413539" lon="8.527036"><ele>710.2</ele></trkpt>
      <trkpt lat="44.413527" lon="8.527037"><ele>710.4</ele></trkpt>
      <trkpt lat="44.413519" lon="8.527032"><ele>710.6</ele></trkpt>
      <trkpt lat="44.413506" lon="8.527028"><ele>710.8</ele></trkpt>
      <trkpt lat="44.413495" lon="8.527027"><ele>711.0</ele></trkpt>
      <trkpt lat="44.413480" lon="8.527017"><ele>711.4</ele></trkpt>
      <trkpt lat="44.413467" lon="8.527011"><ele>711.6</ele></trkpt>
      <trkpt lat="44.413455" lon="8.527006"><ele>711.8</ele></trkpt>
      <trkpt lat="44.413441" lon="8.527004"><ele>712.0</ele></trkpt>
      <trkpt lat="44.413425" lon="8.527000"><ele>712.0</ele></trkpt>
      <trkpt lat="44.413411" lon="8.526998"><ele>712.2</ele></trkpt>
      <trkpt lat="44.413397" lon="8.526994"><ele>712.4</ele></trkpt>
      <trkpt lat="44.413379" lon="8.526988"><ele>712.6</ele></trkpt>
      <trkpt lat="44.413360" lon="8.526984"><ele>712.8</ele></trkpt>
      <trkpt lat="44.413346" lon="8.526981"><ele>713.0</ele></trkpt>
      <trkpt lat="44.413331" lon="8.526978"><ele>713.2</ele></trkpt>
      <trkpt lat="44.413315" lon="8.526975"><ele>713.4</ele></trkpt>
      <trkpt lat="44.413300" lon="8.526967"><ele>713.6</ele></trkpt>
      <trkpt lat="44.413289" lon="8.526957"><ele>713.8</ele></trkpt>
      <trkpt lat="44.413274" lon="8.526950"><ele>714.0</ele></trkpt>
      <trkpt lat="44.413260" lon="8.526947"><ele>714.2</ele></trkpt>
      <trkpt lat="44.413245" lon="8.526944"><ele>714.4</ele></trkpt>
      <trkpt lat="44.413228" lon="8.526938"><ele>714.6</ele></trkpt>
      <trkpt lat="44.413213" lon="8.526938"><ele>714.8</ele></trkpt>
      <trkpt lat="44.413199" lon="8.526936"><ele>715.0</ele></trkpt>
      <trkpt lat="44.413183" lon="8.526936"><ele>715.2</ele></trkpt>
      <trkpt lat="44.413167" lon="8.526936"><ele>715.6</ele></trkpt>
      <trkpt lat="44.413153" lon="8.526936"><ele>715.8</ele></trkpt>
      <trkpt lat="44.413140" lon="8.526931"><ele>716.0</ele></trkpt>
      <trkpt lat="44.413129" lon="8.526929"><ele>716.2</ele></trkpt>
      <trkpt lat="44.413119" lon="8.526934"><ele>716.4</ele></trkpt>
      <trkpt lat="44.413106" lon="8.526936"><ele>716.6</ele></trkpt>
      <trkpt lat="44.413092" lon="8.526934"><ele>716.8</ele></trkpt>
      <trkpt lat="44.413080" lon="8.526932"><ele>717.0</ele></trkpt>
      <trkpt lat="44.413065" lon="8.526929"><ele>717.2</ele></trkpt>
      <trkpt lat="44.413048" lon="8.526925"><ele>717.4</ele></trkpt>
      <trkpt lat="44.413033" lon="8.526922"><ele>717.4</ele></trkpt>
      <trkpt lat="44.413017" lon="8.526924"><ele>717.6</ele></trkpt>
      <trkpt lat="44.413002" lon="8.526929"><ele>717.8</ele></trkpt>
      <trkpt lat="44.412986" lon="8.526929"><ele>718.0</ele></trkpt>
      <trkpt lat="44.412971" lon="8.526930"><ele>718.2</ele></trkpt>
      <trkpt lat="44.412957" lon="8.526934"><ele>718.2</ele></trkpt>
      <trkpt lat="44.412944" lon="8.526938"><ele>718.4</ele></trkpt>
      <trkpt lat="44.412927" lon="8.526942"><ele>718.6</ele></trkpt>
      <trkpt lat="44.412914" lon="8.526941"><ele>718.6</ele></trkpt>
      <trkpt lat="44.412902" lon="8.526937"><ele>718.8</ele></trkpt>
      <trkpt lat="44.412889" lon="8.526932"><ele>719.0</ele></trkpt>
      <trkpt lat="44.412871" lon="8.526930"><ele>719.2</ele></trkpt>
      <trkpt lat="44.412853" lon="8.526931"><ele>719.4</ele></trkpt>
      <trkpt lat="44.412837" lon="8.526937"><ele>719.6</ele></trkpt>
      <trkpt lat="44.412821" lon="8.526942"><ele>719.8</ele></trkpt>
      <trkpt lat="44.412806" lon="8.526940"><ele>720.0</ele></trkpt>
      <trkpt lat="44.412787" lon="8.526944"><ele>720.2</ele></trkpt>
      <trkpt lat="44.412771" lon="8.526950"><ele>720.4</ele></trkpt>
      <trkpt lat="44.412756" lon="8.526959"><ele>720.4</ele></trkpt>
      <trkpt lat="44.412743" lon="8.526965"><ele>720.6</ele></trkpt>
      <trkpt lat="44.412733" lon="8.526961"><ele>720.8</ele></trkpt>
      <trkpt lat="44.412719" lon="8.526965"><ele>721.0</ele></trkpt>
      <trkpt lat="44.412706" lon="8.526967"><ele>721.2</ele></trkpt>
      <trkpt lat="44.412692" lon="8.526969"><ele>721.4</ele></trkpt>
      <trkpt lat="44.412675" lon="8.526974"><ele>721.6</ele></trkpt>
      <trkpt lat="44.412654" lon="8.526979"><ele>721.8</ele></trkpt>
      <trkpt lat="44.412634" lon="8.526975"><ele>722.2</ele></trkpt>
      <trkpt lat="44.412613" lon="8.526975"><ele>722.2</ele></trkpt>
      <trkpt lat="44.412592" lon="8.526980"><ele>722.4</ele></trkpt>
      <trkpt lat="44.412572" lon="8.526983"><ele>722.6</ele></trkpt>
      <trkpt lat="44.412559" lon="8.526991"><ele>722.8</ele></trkpt>
      <trkpt lat="44.412551" lon="8.526997"><ele>723.0</ele></trkpt>
      <trkpt lat="44.412540" lon="8.527002"><ele>723.2</ele></trkpt>
      <trkpt lat="44.412532" lon="8.527003"><ele>723.2</ele></trkpt>
      <trkpt lat="44.412520" lon="8.527001"><ele>723.4</ele></trkpt>
      <trkpt lat="44.412505" lon="8.527000"><ele>723.6</ele></trkpt>
      <trkpt lat="44.412487" lon="8.527000"><ele>723.8</ele></trkpt>
      <trkpt lat="44.412471" lon="8.527000"><ele>724.0</ele></trkpt>
      <trkpt lat="44.412452" lon="8.527003"><ele>724.0</ele></trkpt>
      <trkpt lat="44.412441" lon="8.527010"><ele>724.2</ele></trkpt>
      <trkpt lat="44.412426" lon="8.527015"><ele>724.4</ele></trkpt>
      <trkpt lat="44.412411" lon="8.527018"><ele>724.6</ele></trkpt>
      <trkpt lat="44.412396" lon="8.527022"><ele>724.6</ele></trkpt>
      <trkpt lat="44.412381" lon="8.527025"><ele>724.8</ele></trkpt>
      <trkpt lat="44.412367" lon="8.527025"><ele>725.0</ele></trkpt>
      <trkpt lat="44.412350" lon="8.527024"><ele>725.2</ele></trkpt>
      <trkpt lat="44.412334" lon="8.527027"><ele>725.4</ele></trkpt>
      <trkpt lat="44.412319" lon="8.527029"><ele>725.4</ele></trkpt>
      <trkpt lat="44.412305" lon="8.527031"><ele>725.6</ele></trkpt>
      <trkpt lat="44.412286" lon="8.527035"><ele>725.8</ele></trkpt>
      <trkpt lat="44.412272" lon="8.527040"><ele>726.0</ele></trkpt>
      <trkpt lat="44.412256" lon="8.527045"><ele>726.2</ele></trkpt>
      <trkpt lat="44.412241" lon="8.527051"><ele>726.4</ele></trkpt>
      <trkpt lat="44.412224" lon="8.527058"><ele>726.4</ele></trkpt>
      <trkpt lat="44.412206" lon="8.527070"><ele>726.6</ele></trkpt>
      <trkpt lat="44.412188" lon="8.527078"><ele>726.8</ele></trkpt>
      <trkpt lat="44.412170" lon="8.527083"><ele>726.8</ele></trkpt>
      <trkpt lat="44.412150" lon="8.527092"><ele>727.0</ele></trkpt>
      <trkpt lat="44.412134" lon="8.527102"><ele>727.2</ele></trkpt>
      <trkpt lat="44.412117" lon="8.527104"><ele>727.4</ele></trkpt>
      <trkpt lat="44.412103" lon="8.527111"><ele>727.6</ele></trkpt>
      <trkpt lat="44.412088" lon="8.527119"><ele>727.6</ele></trkpt>
      <trkpt lat="44.412075" lon="8.527128"><ele>727.8</ele></trkpt>
      <trkpt lat="44.412062" lon="8.527140"><ele>727.8</ele></trkpt>
      <trkpt lat="44.412048" lon="8.527151"><ele>728.0</ele></trkpt>
      <trkpt lat="44.412035" lon="8.527164"><ele>728.2</ele></trkpt>
      <trkpt lat="44.412019" lon="8.527170"><ele>728.2</ele></trkpt>
      <trkpt lat="44.412002" lon="8.527181"><ele>728.4</ele></trkpt>
      <trkpt lat="44.411987" lon="8.527192"><ele>728.6</ele></trkpt>
      <trkpt lat="44.411972" lon="8.527203"><ele>728.8</ele></trkpt>
      <trkpt lat="44.411957" lon="8.527212"><ele>729.0</ele></trkpt>
      <trkpt lat="44.411946" lon="8.527223"><ele>729.2</ele></trkpt>
      <trkpt lat="44.411932" lon="8.527234"><ele>729.2</ele></trkpt>
      <trkpt lat="44.411920" lon="8.527251"><ele>729.4</ele></trkpt>
      <trkpt lat="44.411910" lon="8.527264"><ele>729.4</ele></trkpt>
      <trkpt lat="44.411900" lon="8.527283"><ele>729.6</ele></trkpt>
      <trkpt lat="44.411887" lon="8.527296"><ele>729.6</ele></trkpt>
      <trkpt lat="44.411868" lon="8.527308"><ele>729.8</ele></trkpt>
      <trkpt lat="44.411848" lon="8.527322"><ele>730.0</ele></trkpt>
      <trkpt lat="44.411828" lon="8.527334"><ele>730.0</ele></trkpt>
      <trkpt lat="44.411811" lon="8.527351"><ele>730.2</ele></trkpt>
      <trkpt lat="44.411791" lon="8.527371"><ele>730.4</ele></trkpt>
      <trkpt lat="44.411777" lon="8.527393"><ele>730.6</ele></trkpt>
      <trkpt lat="44.411766" lon="8.527405"><ele>730.8</ele></trkpt>
      <trkpt lat="44.411757" lon="8.527414"><ele>731.0</ele></trkpt>
      <trkpt lat="44.411748" lon="8.527423"><ele>731.2</ele></trkpt>
      <trkpt lat="44.411739" lon="8.527435"><ele>731.4</ele></trkpt>
      <trkpt lat="44.411728" lon="8.527448"><ele>731.6</ele></trkpt>
      <trkpt lat="44.411715" lon="8.527460"><ele>731.6</ele></trkpt>
      <trkpt lat="44.411705" lon="8.527477"><ele>731.8</ele></trkpt>
      <trkpt lat="44.411696" lon="8.527494"><ele>732.0</ele></trkpt>
      <trkpt lat="44.411689" lon="8.527505"><ele>732.2</ele></trkpt>
      <trkpt lat="44.411684" lon="8.527520"><ele>732.4</ele></trkpt>
      <trkpt lat="44.411677" lon="8.527539"><ele>732.6</ele></trkpt>
      <trkpt lat="44.411670" lon="8.527558"><ele>732.6</ele></trkpt>
      <trkpt lat="44.411660" lon="8.527577"><ele>732.8</ele></trkpt>
      <trkpt lat="44.411652" lon="8.527597"><ele>733.0</ele></trkpt>
      <trkpt lat="44.411643" lon="8.527618"><ele>733.2</ele></trkpt>
      <trkpt lat="44.411634" lon="8.527637"><ele>733.2</ele></trkpt>
      <trkpt lat="44.411625" lon="8.527656"><ele>733.4</ele></trkpt>
      <trkpt lat="44.411620" lon="8.527678"><ele>733.6</ele></trkpt>
      <trkpt lat="44.411613" lon="8.527696"><ele>733.6</ele></trkpt>
      <trkpt lat="44.411607" lon="8.527716"><ele>733.8</ele></trkpt>
      <trkpt lat="44.411604" lon="8.527738"><ele>733.8</ele></trkpt>
      <trkpt lat="44.411597" lon="8.527761"><ele>734.0</ele></trkpt>
      <trkpt lat="44.411592" lon="8.527786"><ele>734.2</ele></trkpt>
      <trkpt lat="44.411586" lon="8.527811"><ele>734.2</ele></trkpt>
      <trkpt lat="44.411579" lon="8.527831"><ele>734.4</ele></trkpt>
      <trkpt lat="44.411573" lon="8.527855"><ele>734.6</ele></trkpt>
      <trkpt lat="44.411567" lon="8.527879"><ele>734.8</ele></trkpt>
      <trkpt lat="44.411565" lon="8.527903"><ele>734.8</ele></trkpt>
      <trkpt lat="44.411565" lon="8.527927"><ele>735.0</ele></trkpt>
      <trkpt lat="44.411562" lon="8.527951"><ele>735.2</ele></trkpt>
      <trkpt lat="44.411559" lon="8.527975"><ele>735.4</ele></trkpt>
      <trkpt lat="44.411559" lon="8.527992"><ele>735.4</ele></trkpt>
      <trkpt lat="44.411553" lon="8.528012"><ele>735.6</ele></trkpt>
      <trkpt lat="44.411543" lon="8.528034"><ele>735.8</ele></trkpt>
      <trkpt lat="44.411535" lon="8.528059"><ele>736.0</ele></trkpt>
      <trkpt lat="44.411532" lon="8.528086"><ele>736.2</ele></trkpt>
      <trkpt lat="44.411527" lon="8.528116"><ele>736.4</ele></trkpt>
      <trkpt lat="44.411528" lon="8.528140"><ele>736.4</ele></trkpt>
      <trkpt lat="44.411530" lon="8.528162"><ele>736.6</ele></trkpt>
      <trkpt lat="44.411530" lon="8.528185"><ele>736.8</ele></trkpt>
      <trkpt lat="44.411533" lon="8.528205"><ele>736.8</ele></trkpt>
      <trkpt lat="44.411535" lon="8.528225"><ele>737.0</ele></trkpt>
      <trkpt lat="44.411537" lon="8.528252"><ele>737.2</ele></trkpt>
      <trkpt lat="44.411535" lon="8.528276"><ele>737.4</ele></trkpt>
      <trkpt lat="44.411540" lon="8.528303"><ele>737.4</ele></trkpt>
      <trkpt lat="44.411544" lon="8.528327"><ele>737.6</ele></trkpt>
      <trkpt lat="44.411546" lon="8.528341"><ele>737.8</ele></trkpt>
      <trkpt lat="44.411549" lon="8.528356"><ele>738.0</ele></trkpt>
      <trkpt lat="44.411551" lon="8.528372"><ele>738.0</ele></trkpt>
      <trkpt lat="44.411555" lon="8.528390"><ele>738.2</ele></trkpt>
      <trkpt lat="44.411557" lon="8.528413"><ele>738.4</ele></trkpt>
      <trkpt lat="44.411561" lon="8.528435"><ele>738.4</ele></trkpt>
      <trkpt lat="44.411565" lon="8.528461"><ele>738.4</ele></trkpt>
      <trkpt lat="44.411573" lon="8.528487"><ele>738.6</ele></trkpt>
      <trkpt lat="44.411581" lon="8.528515"><ele>738.6</ele></trkpt>
      <trkpt lat="44.411591" lon="8.528543"><ele>738.8</ele></trkpt>
      <trkpt lat="44.411603" lon="8.528567"><ele>738.8</ele></trkpt>
      <trkpt lat="44.411613" lon="8.528591"><ele>739.0</ele></trkpt>
      <trkpt lat="44.411623" lon="8.528616"><ele>739.2</ele></trkpt>
      <trkpt lat="44.411630" lon="8.528640"><ele>739.2</ele></trkpt>
      <trkpt lat="44.411637" lon="8.528662"><ele>739.4</ele></trkpt>
      <trkpt lat="44.411645" lon="8.528683"><ele>739.4</ele></trkpt>
      <trkpt lat="44.411656" lon="8.528704"><ele>739.4</ele></trkpt>
      <trkpt lat="44.411667" lon="8.528725"><ele>739.6</ele></trkpt>
      <trkpt lat="44.411677" lon="8.528749"><ele>739.6</ele></trkpt>
      <trkpt lat="44.411689" lon="8.528775"><ele>739.8</ele></trkpt>
      <trkpt lat="44.411699" lon="8.528802"><ele>739.8</ele></trkpt>
      <trkpt lat="44.411707" lon="8.528823"><ele>739.8</ele></trkpt>
      <trkpt lat="44.411713" lon="8.528839"><ele>740.0</ele></trkpt>
      <trkpt lat="44.411718" lon="8.528854"><ele>740.0</ele></trkpt>
      <trkpt lat="44.411724" lon="8.528869"><ele>740.0</ele></trkpt>
      <trkpt lat="44.411731" lon="8.528883"><ele>740.0</ele></trkpt>
      <trkpt lat="44.411740" lon="8.528897"><ele>740.2</ele></trkpt>
      <trkpt lat="44.411751" lon="8.528912"><ele>740.2</ele></trkpt>
      <trkpt lat="44.411763" lon="8.528926"><ele>740.2</ele></trkpt>
      <trkpt lat="44.411775" lon="8.528942"><ele>740.4</ele></trkpt>
      <trkpt lat="44.411789" lon="8.528961"><ele>740.4</ele></trkpt>
      <trkpt lat="44.411803" lon="8.528979"><ele>740.6</ele></trkpt>
      <trkpt lat="44.411817" lon="8.528997"><ele>740.8</ele></trkpt>
      <trkpt lat="44.411831" lon="8.529014"><ele>741.0</ele></trkpt>
      <trkpt lat="44.411845" lon="8.529033"><ele>741.2</ele></trkpt>
      <trkpt lat="44.411861" lon="8.529047"><ele>741.4</ele></trkpt>
      <trkpt lat="44.411877" lon="8.529062"><ele>741.6</ele></trkpt>
      <trkpt lat="44.411892" lon="8.529080"><ele>741.8</ele></trkpt>
      <trkpt lat="44.411909" lon="8.529095"><ele>742.0</ele></trkpt>
      <trkpt lat="44.411926" lon="8.529115"><ele>742.0</ele></trkpt>
      <trkpt lat="44.411941" lon="8.529129"><ele>742.2</ele></trkpt>
      <trkpt lat="44.411957" lon="8.529143"><ele>742.6</ele></trkpt>
      <trkpt lat="44.411972" lon="8.529156"><ele>742.8</ele></trkpt>
      <trkpt lat="44.411983" lon="8.529170"><ele>743.0</ele></trkpt>
      <trkpt lat="44.411997" lon="8.529183"><ele>743.2</ele></trkpt>
      <trkpt lat="44.412012" lon="8.529193"><ele>743.4</ele></trkpt>
      <trkpt lat="44.412027" lon="8.529206"><ele>743.6</ele></trkpt>
      <trkpt lat="44.412048" lon="8.529220"><ele>743.8</ele></trkpt>
      <trkpt lat="44.412071" lon="8.529232"><ele>743.8</ele></trkpt>
      <trkpt lat="44.412096" lon="8.529243"><ele>744.0</ele></trkpt>
      <trkpt lat="44.412114" lon="8.529255"><ele>744.0</ele></trkpt>
      <trkpt lat="44.412129" lon="8.529256"><ele>744.2</ele></trkpt>
      <trkpt lat="44.412148" lon="8.529258"><ele>744.4</ele></trkpt>
      <trkpt lat="44.412168" lon="8.529263"><ele>744.4</ele></trkpt>
      <trkpt lat="44.412184" lon="8.529275"><ele>744.6</ele></trkpt>
      <trkpt lat="44.412201" lon="8.529285"><ele>744.8</ele></trkpt>
      <trkpt lat="44.412219" lon="8.529293"><ele>744.8</ele></trkpt>
      <trkpt lat="44.412236" lon="8.529301"><ele>745.0</ele></trkpt>
      <trkpt lat="44.412254" lon="8.529311"><ele>745.2</ele></trkpt>
      <trkpt lat="44.412272" lon="8.529313"><ele>745.4</ele></trkpt>
      <trkpt lat="44.412289" lon="8.529307"><ele>745.8</ele></trkpt>
      <trkpt lat="44.412306" lon="8.529298"><ele>746.0</ele></trkpt>
      <trkpt lat="44.412325" lon="8.529293"><ele>746.2</ele></trkpt>
      <trkpt lat="44.412341" lon="8.529289"><ele>746.4</ele></trkpt>
      <trkpt lat="44.412360" lon="8.529285"><ele>746.6</ele></trkpt>
      <trkpt lat="44.412375" lon="8.529287"><ele>746.8</ele></trkpt>
      <trkpt lat="44.412392" lon="8.529284"><ele>747.0</ele></trkpt>
      <trkpt lat="44.412410" lon="8.529285"><ele>747.0</ele></trkpt>
      <trkpt lat="44.412425" lon="8.529288"><ele>747.0</ele></trkpt>
      <trkpt lat="44.412443" lon="8.529292"><ele>747.2</ele></trkpt>
      <trkpt lat="44.412459" lon="8.529290"><ele>747.2</ele></trkpt>
      <trkpt lat="44.412479" lon="8.529289"><ele>747.4</ele></trkpt>
      <trkpt lat="44.412498" lon="8.529286"><ele>747.6</ele></trkpt>
      <trkpt lat="44.412514" lon="8.529282"><ele>747.8</ele></trkpt>
      <trkpt lat="44.412529" lon="8.529276"><ele>748.2</ele></trkpt>
      <trkpt lat="44.412543" lon="8.529267"><ele>748.4</ele></trkpt>
      <trkpt lat="44.412560" lon="8.529262"><ele>748.8</ele></trkpt>
      <trkpt lat="44.412578" lon="8.529261"><ele>749.2</ele></trkpt>
      <trkpt lat="44.412593" lon="8.529256"><ele>749.4</ele></trkpt>
      <trkpt lat="44.412610" lon="8.529250"><ele>749.6</ele></trkpt>
      <trkpt lat="44.412626" lon="8.529243"><ele>749.6</ele></trkpt>
      <trkpt lat="44.412641" lon="8.529235"><ele>749.8</ele></trkpt>
      <trkpt lat="44.412655" lon="8.529228"><ele>750.0</ele></trkpt>
      <trkpt lat="44.412670" lon="8.529225"><ele>750.0</ele></trkpt>
      <trkpt lat="44.412685" lon="8.529218"><ele>750.2</ele></trkpt>
      <trkpt lat="44.412702" lon="8.529211"><ele>750.4</ele></trkpt>
      <trkpt lat="44.412718" lon="8.529204"><ele>750.6</ele></trkpt>
      <trkpt lat="44.412734" lon="8.529200"><ele>750.6</ele></trkpt>
      <trkpt lat="44.412751" lon="8.529191"><ele>750.8</ele></trkpt>
      <trkpt lat="44.412766" lon="8.529185"><ele>751.0</ele></trkpt>
      <trkpt lat="44.412783" lon="8.529178"><ele>751.2</ele></trkpt>
      <trkpt lat="44.412802" lon="8.529175"><ele>751.2</ele></trkpt>
      <trkpt lat="44.412820" lon="8.529172"><ele>751.4</ele></trkpt>
      <trkpt lat="44.412838" lon="8.529176"><ele>751.6</ele></trkpt>
      <trkpt lat="44.412858" lon="8.529177"><ele>751.6</ele></trkpt>
      <trkpt lat="44.412880" lon="8.529177"><ele>751.8</ele></trkpt>
      <trkpt lat="44.412900" lon="8.529166"><ele>752.0</ele></trkpt>
      <trkpt lat="44.412917" lon="8.529151"><ele>752.2</ele></trkpt>
      <trkpt lat="44.412931" lon="8.529143"><ele>752.4</ele></trkpt>
      <trkpt lat="44.412945" lon="8.529136"><ele>752.6</ele></trkpt>
      <trkpt lat="44.412959" lon="8.529134"><ele>752.8</ele></trkpt>
      <trkpt lat="44.412974" lon="8.529127"><ele>752.8</ele></trkpt>
      <trkpt lat="44.412992" lon="8.529123"><ele>753.0</ele></trkpt>
      <trkpt lat="44.413008" lon="8.529120"><ele>753.2</ele></trkpt>
      <trkpt lat="44.413026" lon="8.529112"><ele>753.4</ele></trkpt>
      <trkpt lat="44.413042" lon="8.529103"><ele>753.6</ele></trkpt>
      <trkpt lat="44.413057" lon="8.529092"><ele>753.8</ele></trkpt>
      <trkpt lat="44.413072" lon="8.529085"><ele>754.0</ele></trkpt>
      <trkpt lat="44.413088" lon="8.529077"><ele>754.4</ele></trkpt>
      <trkpt lat="44.413104" lon="8.529076"><ele>754.4</ele></trkpt>
      <trkpt lat="44.413121" lon="8.529075"><ele>754.6</ele></trkpt>
      <trkpt lat="44.413140" lon="8.529067"><ele>754.6</ele></trkpt>
      <trkpt lat="44.413157" lon="8.529061"><ele>754.8</ele></trkpt>
      <trkpt lat="44.413173" lon="8.529054"><ele>754.8</ele></trkpt>
      <trkpt lat="44.413185" lon="8.529047"><ele>754.8</ele></trkpt>
      <trkpt lat="44.413199" lon="8.529043"><ele>755.0</ele></trkpt>
      <trkpt lat="44.413215" lon="8.529039"><ele>755.2</ele></trkpt>
      <trkpt lat="44.413231" lon="8.529032"><ele>755.2</ele></trkpt>
      <trkpt lat="44.413248" lon="8.529028"><ele>755.4</ele></trkpt>
      <trkpt lat="44.413262" lon="8.529023"><ele>755.6</ele></trkpt>
      <trkpt lat="44.413278" lon="8.529020"><ele>755.8</ele></trkpt>
      <trkpt lat="44.413291" lon="8.529014"><ele>756.0</ele></trkpt>
      <trkpt lat="44.413307" lon="8.529006"><ele>756.2</ele></trkpt>
      <trkpt lat="44.413323" lon="8.528995"><ele>756.2</ele></trkpt>
      <trkpt lat="44.413337" lon="8.528987"><ele>756.4</ele></trkpt>
      <trkpt lat="44.413351" lon="8.528982"><ele>756.6</ele></trkpt>
      <trkpt lat="44.413365" lon="8.528973"><ele>756.6</ele></trkpt>
      <trkpt lat="44.413379" lon="8.528966"><ele>756.8</ele></trkpt>
      <trkpt lat="44.413393" lon="8.528960"><ele>756.8</ele></trkpt>
      <trkpt lat="44.413409" lon="8.528953"><ele>757.0</ele></trkpt>
      <trkpt lat="44.413425" lon="8.528947"><ele>757.2</ele></trkpt>
      <trkpt lat="44.413443" lon="8.528941"><ele>757.2</ele></trkpt>
      <trkpt lat="44.413457" lon="8.528934"><ele>757.4</ele></trkpt>
      <trkpt lat="44.413473" lon="8.528928"><ele>757.6</ele></trkpt>
      <trkpt lat="44.413484" lon="8.528919"><ele>757.8</ele></trkpt>
      <trkpt lat="44.413494" lon="8.528910"><ele>757.8</ele></trkpt>
      <trkpt lat="44.413508" lon="8.528902"><ele>758.0</ele></trkpt>
      <trkpt lat="44.413523" lon="8.528897"><ele>758.0</ele></trkpt>
      <trkpt lat="44.413537" lon="8.528889"><ele>758.0</ele></trkpt>
      <trkpt lat="44.413552" lon="8.528884"><ele>758.0</ele></trkpt>
      <trkpt lat="44.413568" lon="8.528874"><ele>758.2</ele></trkpt>
      <trkpt lat="44.413586" lon="8.528863"><ele>758.2</ele></trkpt>
      <trkpt lat="44.413603" lon="8.528851"><ele>758.4</ele></trkpt>
      <trkpt lat="44.413620" lon="8.528844"><ele>758.6</ele></trkpt>
      <trkpt lat="44.413638" lon="8.528835"><ele>758.8</ele></trkpt>
      <trkpt lat="44.413654" lon="8.528828"><ele>759.0</ele></trkpt>
      <trkpt lat="44.413670" lon="8.528821"><ele>759.0</ele></trkpt>
      <trkpt lat="44.413688" lon="8.528814"><ele>759.2</ele></trkpt>
      <trkpt lat="44.413705" lon="8.528803"><ele>759.4</ele></trkpt>
      <trkpt lat="44.413723" lon="8.528791"><ele>759.6</ele></trkpt>
      <trkpt lat="44.413738" lon="8.528782"><ele>759.6</ele></trkpt>
      <trkpt lat="44.413755" lon="8.528776"><ele>759.8</ele></trkpt>
      <trkpt lat="44.413768" lon="8.528768"><ele>759.8</ele></trkpt>
      <trkpt lat="44.413785" lon="8.528757"><ele>760.0</ele></trkpt>
      <trkpt lat="44.413802" lon="8.528750"><ele>760.0</ele></trkpt>
      <trkpt lat="44.413819" lon="8.528740"><ele>760.2</ele></trkpt>
      <trkpt lat="44.413833" lon="8.528733"><ele>760.4</ele></trkpt>
      <trkpt lat="44.413849" lon="8.528725"><ele>760.6</ele></trkpt>
      <trkpt lat="44.413865" lon="8.528719"><ele>760.8</ele></trkpt>
      <trkpt lat="44.413883" lon="8.528711"><ele>760.8</ele></trkpt>
      <trkpt lat="44.413900" lon="8.528704"><ele>761.0</ele></trkpt>
      <trkpt lat="44.413918" lon="8.528700"><ele>761.2</ele></trkpt>
      <trkpt lat="44.413934" lon="8.528695"><ele>761.4</ele></trkpt>
      <trkpt lat="44.413947" lon="8.528687"><ele>761.6</ele></trkpt>
      <trkpt lat="44.413963" lon="8.528686"><ele>761.6</ele></trkpt>
      <trkpt lat="44.413981" lon="8.528680"><ele>761.8</ele></trkpt>
      <trkpt lat="44.413999" lon="8.528674"><ele>762.0</ele></trkpt>
      <trkpt lat="44.414017" lon="8.528669"><ele>762.2</ele></trkpt>
      <trkpt lat="44.414036" lon="8.528665"><ele>762.4</ele></trkpt>
      <trkpt lat="44.414054" lon="8.528666"><ele>762.6</ele></trkpt>
      <trkpt lat="44.414071" lon="8.528661"><ele>762.8</ele></trkpt>
      <trkpt lat="44.414090" lon="8.528658"><ele>762.8</ele></trkpt>
      <trkpt lat="44.414111" lon="8.528655"><ele>763.0</ele></trkpt>
      <trkpt lat="44.414128" lon="8.528644"><ele>763.2</ele></trkpt>
      <trkpt lat="44.414147" lon="8.528642"><ele>763.4</ele></trkpt>
      <trkpt lat="44.414164" lon="8.528642"><ele>763.6</ele></trkpt>
      <trkpt lat="44.414182" lon="8.528642"><ele>763.8</ele></trkpt>
      <trkpt lat="44.414193" lon="8.528643"><ele>764.0</ele></trkpt>
      <trkpt lat="44.414209" lon="8.528639"><ele>764.2</ele></trkpt>
      <trkpt lat="44.414222" lon="8.528627"><ele>764.4</ele></trkpt>
      <trkpt lat="44.414239" lon="8.528621"><ele>764.6</ele></trkpt>
      <trkpt lat="44.414256" lon="8.528616"><ele>764.8</ele></trkpt>
      <trkpt lat="44.414273" lon="8.528610"><ele>765.0</ele></trkpt>
      <trkpt lat="44.414296" lon="8.528606"><ele>765.2</ele></trkpt>
      <trkpt lat="44.414317" lon="8.528605"><ele>765.4</ele></trkpt>
      <trkpt lat="44.414335" lon="8.528606"><ele>765.6</ele></trkpt>
      <trkpt lat="44.414346" lon="8.528605"><ele>765.8</ele></trkpt>
      <trkpt lat="44.414358" lon="8.528601"><ele>766.0</ele></trkpt>
      <trkpt lat="44.414371" lon="8.528595"><ele>766.2</ele></trkpt>
      <trkpt lat="44.414385" lon="8.528591"><ele>766.2</ele></trkpt>
      <trkpt lat="44.414400" lon="8.528590"><ele>766.4</ele></trkpt>
      <trkpt lat="44.414418" lon="8.528588"><ele>766.6</ele></trkpt>
      <trkpt lat="44.414432" lon="8.528583"><ele>766.8</ele></trkpt>
      <trkpt lat="44.414446" lon="8.528580"><ele>766.8</ele></trkpt>
      <trkpt lat="44.414459" lon="8.528579"><ele>767.0</ele></trkpt>
      <trkpt lat="44.414473" lon="8.528574"><ele>767.2</ele></trkpt>
      <trkpt lat="44.414487" lon="8.528572"><ele>767.4</ele></trkpt>
      <trkpt lat="44.414500" lon="8.528570"><ele>767.4</ele></trkpt>
      <trkpt lat="44.414517" lon="8.528566"><ele>767.6</ele></trkpt>
      <trkpt lat="44.414533" lon="8.528568"><ele>767.8</ele></trkpt>
      <trkpt lat="44.414550" lon="8.528569"><ele>767.8</ele></trkpt>
      <trkpt lat="44.414566" lon="8.528571"><ele>768.0</ele></trkpt>
      <trkpt lat="44.414582" lon="8.528571"><ele>768.0</ele></trkpt>
      <trkpt lat="44.414598" lon="8.528566"><ele>768.2</ele></trkpt>
      <trkpt lat="44.414611" lon="8.528563"><ele>768.2</ele></trkpt>
      <trkpt lat="44.414626" lon="8.528561"><ele>768.4</ele></trkpt>
      <trkpt lat="44.414640" lon="8.528561"><ele>768.6</ele></trkpt>
      <trkpt lat="44.414655" lon="8.528563"><ele>768.6</ele></trkpt>
      <trkpt lat="44.414671" lon="8.528563"><ele>768.8</ele></trkpt>
      <trkpt lat="44.414687" lon="8.528561"><ele>769.0</ele></trkpt>
      <trkpt lat="44.414702" lon="8.528564"><ele>769.4</ele></trkpt>
      <trkpt lat="44.414716" lon="8.528563"><ele>769.6</ele></trkpt>
      <trkpt lat="44.414731" lon="8.528563"><ele>769.8</ele></trkpt>
      <trkpt lat="44.414746" lon="8.528562"><ele>770.0</ele></trkpt>
      <trkpt lat="44.414763" lon="8.528563"><ele>770.2</ele></trkpt>
      <trkpt lat="44.414777" lon="8.528571"><ele>770.4</ele></trkpt>
      <trkpt lat="44.414793" lon="8.528576"><ele>770.4</ele></trkpt>
      <trkpt lat="44.414809" lon="8.528579"><ele>770.6</ele></trkpt>
      <trkpt lat="44.414825" lon="8.528584"><ele>770.8</ele></trkpt>
      <trkpt lat="44.414840" lon="8.528591"><ele>771.0</ele></trkpt>
      <trkpt lat="44.414857" lon="8.528594"><ele>771.0</ele></trkpt>
      <trkpt lat="44.414873" lon="8.528594"><ele>771.2</ele></trkpt>
      <trkpt lat="44.414888" lon="8.528597"><ele>771.4</ele></trkpt>
      <trkpt lat="44.414904" lon="8.528601"><ele>771.6</ele></trkpt>
      <trkpt lat="44.414919" lon="8.528605"><ele>771.6</ele></trkpt>
      <trkpt lat="44.414936" lon="8.528609"><ele>771.8</ele></trkpt>
      <trkpt lat="44.414952" lon="8.528610"><ele>772.0</ele></trkpt>
      <trkpt lat="44.414970" lon="8.528610"><ele>772.2</ele></trkpt>
      <trkpt lat="44.414988" lon="8.528610"><ele>772.4</ele></trkpt>
      <trkpt lat="44.415006" lon="8.528607"><ele>772.6</ele></trkpt>
      <trkpt lat="44.415024" lon="8.528608"><ele>772.8</ele></trkpt>
      <trkpt lat="44.415041" lon="8.528608"><ele>773.0</ele></trkpt>
      <trkpt lat="44.415058" lon="8.528613"><ele>773.2</ele></trkpt>
      <trkpt lat="44.415074" lon="8.528611"><ele>773.4</ele></trkpt>
      <trkpt lat="44.415088" lon="8.528614"><ele>773.4</ele></trkpt>
      <trkpt lat="44.415101" lon="8.528614"><ele>773.6</ele></trkpt>
      <trkpt lat="44.415116" lon="8.528613"><ele>773.6</ele></trkpt>
      <trkpt lat="44.415131" lon="8.528610"><ele>773.8</ele></trkpt>
      <trkpt lat="44.415148" lon="8.528612"><ele>773.8</ele></trkpt>
      <trkpt lat="44.415163" lon="8.528611"><ele>774.0</ele></trkpt>
      <trkpt lat="44.415179" lon="8.528607"><ele>774.2</ele></trkpt>
      <trkpt lat="44.415195" lon="8.528604"><ele>774.4</ele></trkpt>
      <trkpt lat="44.415209" lon="8.528597"><ele>774.4</ele></trkpt>
      <trkpt lat="44.415225" lon="8.528589"><ele>774.6</ele></trkpt>
      <trkpt lat="44.415240" lon="8.528584"><ele>774.8</ele></trkpt>
      <trkpt lat="44.415255" lon="8.528581"><ele>774.8</ele></trkpt>
      <trkpt lat="44.415270" lon="8.528575"><ele>775.0</ele></trkpt>
      <trkpt lat="44.415285" lon="8.528569"><ele>775.0</ele></trkpt>
      <trkpt lat="44.415301" lon="8.528562"><ele>775.2</ele></trkpt>
      <trkpt lat="44.415313" lon="8.528557"><ele>775.2</ele></trkpt>
      <trkpt lat="44.415324" lon="8.528551"><ele>775.2</ele></trkpt>
      <trkpt lat="44.415338" lon="8.528548"><ele>775.4</ele></trkpt>
      <trkpt lat="44.415354" lon="8.528551"><ele>775.4</ele></trkpt>
      <trkpt lat="44.415369" lon="8.528551"><ele>775.2</ele></trkpt>
      <trkpt lat="44.415385" lon="8.528549"><ele>775.2</ele></trkpt>
      <trkpt lat="44.415400" lon="8.528550"><ele>775.4</ele></trkpt>
      <trkpt lat="44.415413" lon="8.528544"><ele>775.4</ele></trkpt>
      <trkpt lat="44.415428" lon="8.528538"><ele>775.8</ele></trkpt>
      <trkpt lat="44.415443" lon="8.528536"><ele>776.4</ele></trkpt>
      <trkpt lat="44.415460" lon="8.528531"><ele>776.4</ele></trkpt>
      <trkpt lat="44.415476" lon="8.528525"><ele>776.4</ele></trkpt>
      <trkpt lat="44.415491" lon="8.528520"><ele>776.2</ele></trkpt>
      <trkpt lat="44.415504" lon="8.528515"><ele>776.2</ele></trkpt>
      <trkpt lat="44.415521" lon="8.528509"><ele>776.4</ele></trkpt>
      <trkpt lat="44.415538" lon="8.528504"><ele>776.4</ele></trkpt>
      <trkpt lat="44.415554" lon="8.528500"><ele>776.6</ele></trkpt>
      <trkpt lat="44.415571" lon="8.528498"><ele>776.8</ele></trkpt>
      <trkpt lat="44.415589" lon="8.528495"><ele>777.0</ele></trkpt>
      <trkpt lat="44.415605" lon="8.528495"><ele>777.2</ele></trkpt>
      <trkpt lat="44.415622" lon="8.528493"><ele>777.4</ele></trkpt>
      <trkpt lat="44.415638" lon="8.528488"><ele>777.6</ele></trkpt>
      <trkpt lat="44.415657" lon="8.528489"><ele>777.8</ele></trkpt>
      <trkpt lat="44.415675" lon="8.528491"><ele>778.0</ele></trkpt>
      <trkpt lat="44.415695" lon="8.528497"><ele>778.0</ele></trkpt>
      <trkpt lat="44.415714" lon="8.528498"><ele>778.2</ele></trkpt>
      <trkpt lat="44.415731" lon="8.528498"><ele>778.2</ele></trkpt>
      <trkpt lat="44.415744" lon="8.528509"><ele>778.4</ele></trkpt>
      <trkpt lat="44.415761" lon="8.528519"><ele>778.4</ele></trkpt>
      <trkpt lat="44.415780" lon="8.528525"><ele>778.6</ele></trkpt>
      <trkpt lat="44.415798" lon="8.528532"><ele>778.8</ele></trkpt>
      <trkpt lat="44.415815" lon="8.528544"><ele>779.0</ele></trkpt>
      <trkpt lat="44.415832" lon="8.528557"><ele>779.0</ele></trkpt>
      <trkpt lat="44.415848" lon="8.528570"><ele>779.2</ele></trkpt>
      <trkpt lat="44.415864" lon="8.528582"><ele>779.4</ele></trkpt>
      <trkpt lat="44.415880" lon="8.528593"><ele>779.6</ele></trkpt>
      <trkpt lat="44.415895" lon="8.528606"><ele>779.6</ele></trkpt>
      <trkpt lat="44.415909" lon="8.528622"><ele>779.8</ele></trkpt>
      <trkpt lat="44.415925" lon="8.528639"><ele>780.0</ele></trkpt>
      <trkpt lat="44.415940" lon="8.528657"><ele>780.0</ele></trkpt>
      <trkpt lat="44.415953" lon="8.528677"><ele>780.2</ele></trkpt>
      <trkpt lat="44.415966" lon="8.528697"><ele>780.4</ele></trkpt>
      <trkpt lat="44.415979" lon="8.528717"><ele>780.4</ele></trkpt>
      <trkpt lat="44.415992" lon="8.528739"><ele>780.6</ele></trkpt>
      <trkpt lat="44.416006" lon="8.528761"><ele>780.8</ele></trkpt>
      <trkpt lat="44.416022" lon="8.528781"><ele>780.8</ele></trkpt>
      <trkpt lat="44.416038" lon="8.528802"><ele>781.2</ele></trkpt>
      <trkpt lat="44.416049" lon="8.528822"><ele>781.2</ele></trkpt>
      <trkpt lat="44.416057" lon="8.528839"><ele>781.4</ele></trkpt>
      <trkpt lat="44.416067" lon="8.528855"><ele>781.6</ele></trkpt>
      <trkpt lat="44.416075" lon="8.528875"><ele>781.8</ele></trkpt>
      <trkpt lat="44.416087" lon="8.528900"><ele>782.0</ele></trkpt>
      <trkpt lat="44.416102" lon="8.528923"><ele>782.2</ele></trkpt>
      <trkpt lat="44.416121" lon="8.528955"><ele>782.2</ele></trkpt>
      <trkpt lat="44.416142" lon="8.528981"><ele>782.4</ele></trkpt>
      <trkpt lat="44.416157" lon="8.528995"><ele>782.6</ele></trkpt>
      <trkpt lat="44.416166" lon="8.529009"><ele>782.8</ele></trkpt>
      <trkpt lat="44.416176" lon="8.529023"><ele>783.0</ele></trkpt>
      <trkpt lat="44.416185" lon="8.529037"><ele>783.2</ele></trkpt>
      <trkpt lat="44.416192" lon="8.529054"><ele>783.4</ele></trkpt>
      <trkpt lat="44.416200" lon="8.529074"><ele>783.6</ele></trkpt>
      <trkpt lat="44.416213" lon="8.529092"><ele>783.8</ele></trkpt>
      <trkpt lat="44.416226" lon="8.529108"><ele>784.2</ele></trkpt>
      <trkpt lat="44.416238" lon="8.529125"><ele>784.4</ele></trkpt>
      <trkpt lat="44.416251" lon="8.529143"><ele>784.6</ele></trkpt>
      <trkpt lat="44.416265" lon="8.529162"><ele>784.8</ele></trkpt>
      <trkpt lat="44.416279" lon="8.529178"><ele>785.0</ele></trkpt>
      <trkpt lat="44.416291" lon="8.529193"><ele>785.2</ele></trkpt>
      <trkpt lat="44.416301" lon="8.529212"><ele>785.4</ele></trkpt>
      <trkpt lat="44.416314" lon="8.529231"><ele>785.4</ele></trkpt>
      <trkpt lat="44.416327" lon="8.529249"><ele>785.6</ele></trkpt>
      <trkpt lat="44.416340" lon="8.529265"><ele>785.6</ele></trkpt>
      <trkpt lat="44.416348" lon="8.529280"><ele>785.8</ele></trkpt>
      <trkpt lat="44.416361" lon="8.529292"><ele>785.8</ele></trkpt>
      <trkpt lat="44.416372" lon="8.529306"><ele>786.0</ele></trkpt>
      <trkpt lat="44.416382" lon="8.529322"><ele>786.2</ele></trkpt>
      <trkpt lat="44.416394" lon="8.529337"><ele>786.2</ele></trkpt>
      <trkpt lat="44.416407" lon="8.529353"><ele>786.4</ele></trkpt>
      <trkpt lat="44.416420" lon="8.529372"><ele>786.6</ele></trkpt>
      <trkpt lat="44.416431" lon="8.529386"><ele>786.6</ele></trkpt>
      <trkpt lat="44.416442" lon="8.529395"><ele>786.8</ele></trkpt>
      <trkpt lat="44.416451" lon="8.529408"><ele>787.0</ele></trkpt>
      <trkpt lat="44.416462" lon="8.529421"><ele>787.0</ele></trkpt>
      <trkpt lat="44.416476" lon="8.529432"><ele>787.2</ele></trkpt>
      <trkpt lat="44.416489" lon="8.529443"><ele>787.2</ele></trkpt>
      <trkpt lat="44.416499" lon="8.529460"><ele>787.4</ele></trkpt>
      <trkpt lat="44.416511" lon="8.529474"><ele>787.4</ele></trkpt>
      <trkpt lat="44.416523" lon="8.529491"><ele>787.6</ele></trkpt>
      <trkpt lat="44.416541" lon="8.529507"><ele>787.8</ele></trkpt>
      <trkpt lat="44.416554" lon="8.529522"><ele>787.8</ele></trkpt>
      <trkpt lat="44.416565" lon="8.529535"><ele>788.0</ele></trkpt>
      <trkpt lat="44.416577" lon="8.529545"><ele>788.0</ele></trkpt>
      <trkpt lat="44.416589" lon="8.529558"><ele>788.2</ele></trkpt>
      <trkpt lat="44.416602" lon="8.529576"><ele>788.4</ele></trkpt>
      <trkpt lat="44.416618" lon="8.529591"><ele>788.4</ele></trkpt>
      <trkpt lat="44.416632" lon="8.529606"><ele>788.6</ele></trkpt>
      <trkpt lat="44.416645" lon="8.529622"><ele>788.8</ele></trkpt>
      <trkpt lat="44.416657" lon="8.529637"><ele>789.0</ele></trkpt>
      <trkpt lat="44.416672" lon="8.529651"><ele>789.2</ele></trkpt>
      <trkpt lat="44.416687" lon="8.529667"><ele>789.4</ele></trkpt>
      <trkpt lat="44.416701" lon="8.529685"><ele>789.6</ele></trkpt>
      <trkpt lat="44.416715" lon="8.529705"><ele>789.8</ele></trkpt>
      <trkpt lat="44.416731" lon="8.529719"><ele>790.0</ele></trkpt>
      <trkpt lat="44.416746" lon="8.529734"><ele>790.2</ele></trkpt>
      <trkpt lat="44.416761" lon="8.529747"><ele>790.4</ele></trkpt>
      <trkpt lat="44.416774" lon="8.529757"><ele>790.6</ele></trkpt>
      <trkpt lat="44.416786" lon="8.529766"><ele>790.8</ele></trkpt>
      <trkpt lat="44.416797" lon="8.529774"><ele>791.2</ele></trkpt>
      <trkpt lat="44.416807" lon="8.529784"><ele>791.4</ele></trkpt>
      <trkpt lat="44.416821" lon="8.529791"><ele>791.4</ele></trkpt>
      <trkpt lat="44.416837" lon="8.529796"><ele>791.6</ele></trkpt>
      <trkpt lat="44.416852" lon="8.529804"><ele>791.8</ele></trkpt>
      <trkpt lat="44.416869" lon="8.529813"><ele>792.0</ele></trkpt>
      <trkpt lat="44.416883" lon="8.529824"><ele>792.0</ele></trkpt>
      <trkpt lat="44.416898" lon="8.529831"><ele>792.2</ele></trkpt>
      <trkpt lat="44.416913" lon="8.529838"><ele>792.2</ele></trkpt>
      <trkpt lat="44.416928" lon="8.529845"><ele>792.4</ele></trkpt>
      <trkpt lat="44.416944" lon="8.529848"><ele>792.6</ele></trkpt>
      <trkpt lat="44.416963" lon="8.529854"><ele>792.8</ele></trkpt>
      <trkpt lat="44.416979" lon="8.529859"><ele>793.0</ele></trkpt>
      <trkpt lat="44.416996" lon="8.529862"><ele>793.2</ele></trkpt>
      <trkpt lat="44.417013" lon="8.529864"><ele>793.2</ele></trkpt>
      <trkpt lat="44.417032" lon="8.529867"><ele>793.4</ele></trkpt>
      <trkpt lat="44.417050" lon="8.529871"><ele>793.6</ele></trkpt>
      <trkpt lat="44.417065" lon="8.529876"><ele>793.8</ele></trkpt>
      <trkpt lat="44.417082" lon="8.529874"><ele>793.8</ele></trkpt>
      <trkpt lat="44.417098" lon="8.529871"><ele>794.0</ele></trkpt>
      <trkpt lat="44.417111" lon="8.529869"><ele>794.4</ele></trkpt>
      <trkpt lat="44.417123" lon="8.529866"><ele>794.6</ele></trkpt>
      <trkpt lat="44.417134" lon="8.529864"><ele>794.8</ele></trkpt>
      <trkpt lat="44.417149" lon="8.529863"><ele>795.0</ele></trkpt>
      <trkpt lat="44.417164" lon="8.529862"><ele>795.2</ele></trkpt>
      <trkpt lat="44.417180" lon="8.529860"><ele>795.4</ele></trkpt>
      <trkpt lat="44.417198" lon="8.529857"><ele>795.6</ele></trkpt>
      <trkpt lat="44.417219" lon="8.529858"><ele>795.8</ele></trkpt>
      <trkpt lat="44.417240" lon="8.529859"><ele>796.0</ele></trkpt>
      <trkpt lat="44.417258" lon="8.529855"><ele>796.2</ele></trkpt>
      <trkpt lat="44.417277" lon="8.529848"><ele>796.4</ele></trkpt>
      <trkpt lat="44.417298" lon="8.529842"><ele>796.6</ele></trkpt>
      <trkpt lat="44.417307" lon="8.529834"><ele>796.8</ele></trkpt>
      <trkpt lat="44.417317" lon="8.529831"><ele>797.0</ele></trkpt>
      <trkpt lat="44.417326" lon="8.529823"><ele>797.0</ele></trkpt>
      <trkpt lat="44.417337" lon="8.529816"><ele>797.2</ele></trkpt>
      <trkpt lat="44.417349" lon="8.529816"><ele>797.4</ele></trkpt>
      <trkpt lat="44.417362" lon="8.529815"><ele>797.4</ele></trkpt>
      <trkpt lat="44.417376" lon="8.529810"><ele>797.6</ele></trkpt>
      <trkpt lat="44.417387" lon="8.529805"><ele>797.8</ele></trkpt>
      <trkpt lat="44.417402" lon="8.529804"><ele>798.0</ele></trkpt>
      <trkpt lat="44.417414" lon="8.529798"><ele>798.2</ele></trkpt>
      <trkpt lat="44.417426" lon="8.529797"><ele>798.4</ele></trkpt>
      <trkpt lat="44.417440" lon="8.529793"><ele>798.6</ele></trkpt>
      <trkpt lat="44.417455" lon="8.529793"><ele>798.8</ele></trkpt>
      <trkpt lat="44.417469" lon="8.529791"><ele>799.0</ele></trkpt>
      <trkpt lat="44.417482" lon="8.529791"><ele>799.2</ele></trkpt>
      <trkpt lat="44.417496" lon="8.529788"><ele>799.4</ele></trkpt>
      <trkpt lat="44.417509" lon="8.529788"><ele>799.4</ele></trkpt>
      <trkpt lat="44.417526" lon="8.529789"><ele>799.6</ele></trkpt>
      <trkpt lat="44.417543" lon="8.529788"><ele>799.8</ele></trkpt>
      <trkpt lat="44.417558" lon="8.529790"><ele>800.0</ele></trkpt>
      <trkpt lat="44.417571" lon="8.529795"><ele>800.2</ele></trkpt>
      <trkpt lat="44.417582" lon="8.529804"><ele>800.4</ele></trkpt>
      <trkpt lat="44.417595" lon="8.529810"><ele>800.6</ele></trkpt>
      <trkpt lat="44.417609" lon="8.529817"><ele>800.8</ele></trkpt>
      <trkpt lat="44.417623" lon="8.529826"><ele>801.0</ele></trkpt>
      <trkpt lat="44.417638" lon="8.529835"><ele>801.2</ele></trkpt>
      <trkpt lat="44.417652" lon="8.529844"><ele>801.2</ele></trkpt>
      <trkpt lat="44.417668" lon="8.529854"><ele>801.4</ele></trkpt>
      <trkpt lat="44.417684" lon="8.529864"><ele>801.6</ele></trkpt>
      <trkpt lat="44.417700" lon="8.529875"><ele>801.8</ele></trkpt>
      <trkpt lat="44.417714" lon="8.529886"><ele>802.0</ele></trkpt>
      <trkpt lat="44.417729" lon="8.529896"><ele>802.2</ele></trkpt>
      <trkpt lat="44.417743" lon="8.529909"><ele>802.4</ele></trkpt>
      <trkpt lat="44.417755" lon="8.529926"><ele>802.6</ele></trkpt>
      <trkpt lat="44.417767" lon="8.529942"><ele>802.8</ele></trkpt>
      <trkpt lat="44.417777" lon="8.529959"><ele>803.0</ele></trkpt>
      <trkpt lat="44.417786" lon="8.529977"><ele>803.2</ele></trkpt>
      <trkpt lat="44.417796" lon="8.529994"><ele>803.6</ele></trkpt>
      <trkpt lat="44.417806" lon="8.530012"><ele>803.6</ele></trkpt>
      <trkpt lat="44.417814" lon="8.530030"><ele>803.8</ele></trkpt>
      <trkpt lat="44.417823" lon="8.530053"><ele>804.0</ele></trkpt>
      <trkpt lat="44.417831" lon="8.530074"><ele>804.2</ele></trkpt>
      <trkpt lat="44.417838" lon="8.530083"><ele>804.2</ele></trkpt>
      <trkpt lat="44.417846" lon="8.530097"><ele>804.4</ele></trkpt>
      <trkpt lat="44.417854" lon="8.530113"><ele>804.6</ele></trkpt>
      <trkpt lat="44.417863" lon="8.530126"><ele>804.8</ele></trkpt>
      <trkpt lat="44.417872" lon="8.530139"><ele>805.0</ele></trkpt>
      <trkpt lat="44.417880" lon="8.530155"><ele>805.2</ele></trkpt>
      <trkpt lat="44.417889" lon="8.530171"><ele>805.4</ele></trkpt>
      <trkpt lat="44.417896" lon="8.530191"><ele>805.4</ele></trkpt>
      <trkpt lat="44.417904" lon="8.530209"><ele>805.6</ele></trkpt>
      <trkpt lat="44.417912" lon="8.530225"><ele>805.8</ele></trkpt>
      <trkpt lat="44.417921" lon="8.530244"><ele>805.8</ele></trkpt>
      <trkpt lat="44.417930" lon="8.530263"><ele>806.0</ele></trkpt>
      <trkpt lat="44.417941" lon="8.530279"><ele>806.2</ele></trkpt>
      <trkpt lat="44.417950" lon="8.530294"><ele>806.4</ele></trkpt>
      <trkpt lat="44.417960" lon="8.530314"><ele>806.6</ele></trkpt>
      <trkpt lat="44.417968" lon="8.530334"><ele>806.8</ele></trkpt>
      <trkpt lat="44.417974" lon="8.530353"><ele>807.0</ele></trkpt>
      <trkpt lat="44.417982" lon="8.530367"><ele>807.2</ele></trkpt>
      <trkpt lat="44.417990" lon="8.530383"><ele>807.4</ele></trkpt>
      <trkpt lat="44.418002" lon="8.530403"><ele>807.6</ele></trkpt>
      <trkpt lat="44.418013" lon="8.530419"><ele>807.8</ele></trkpt>
      <trkpt lat="44.418024" lon="8.530433"><ele>808.0</ele></trkpt>
      <trkpt lat="44.418038" lon="8.530447"><ele>808.2</ele></trkpt>
      <trkpt lat="44.418049" lon="8.530457"><ele>808.4</ele></trkpt>
      <trkpt lat="44.418059" lon="8.530469"><ele>808.6</ele></trkpt>
      <trkpt lat="44.418068" lon="8.530483"><ele>808.8</ele></trkpt>
      <trkpt lat="44.418076" lon="8.530495"><ele>809.0</ele></trkpt>
      <trkpt lat="44.418089" lon="8.530507"><ele>809.2</ele></trkpt>
      <trkpt lat="44.418101" lon="8.530517"><ele>809.4</ele></trkpt>
      <trkpt lat="44.418113" lon="8.530524"><ele>809.6</ele></trkpt>
      <trkpt lat="44.418124" lon="8.530533"><ele>809.6</ele></trkpt>
      <trkpt lat="44.418137" lon="8.530549"><ele>809.8</ele></trkpt>
      <trkpt lat="44.418149" lon="8.530563"><ele>810.0</ele></trkpt>
      <trkpt lat="44.418160" lon="8.530579"><ele>810.4</ele></trkpt>
      <trkpt lat="44.418170" lon="8.530590"><ele>810.6</ele></trkpt>
      <trkpt lat="44.418185" lon="8.530604"><ele>810.8</ele></trkpt>
      <trkpt lat="44.418202" lon="8.530615"><ele>811.0</ele></trkpt>
      <trkpt lat="44.418215" lon="8.530614"><ele>811.2</ele></trkpt>
      <trkpt lat="44.418231" lon="8.530623"><ele>811.4</ele></trkpt>
      <trkpt lat="44.418243" lon="8.530630"><ele>811.8</ele></trkpt>
      <trkpt lat="44.418254" lon="8.530635"><ele>812.0</ele></trkpt>
      <trkpt lat="44.418267" lon="8.530647"><ele>812.0</ele></trkpt>
      <trkpt lat="44.418281" lon="8.530654"><ele>812.2</ele></trkpt>
      <trkpt lat="44.418294" lon="8.530663"><ele>812.4</ele></trkpt>
      <trkpt lat="44.418305" lon="8.530670"><ele>812.6</ele></trkpt>
      <trkpt lat="44.418319" lon="8.530674"><ele>812.8</ele></trkpt>
      <trkpt lat="44.418334" lon="8.530684"><ele>813.0</ele></trkpt>
      <trkpt lat="44.418351" lon="8.530689"><ele>813.2</ele></trkpt>
      <trkpt lat="44.418364" lon="8.530695"><ele>813.4</ele></trkpt>
      <trkpt lat="44.418376" lon="8.530701"><ele>813.6</ele></trkpt>
      <trkpt lat="44.418391" lon="8.530706"><ele>813.6</ele></trkpt>
      <trkpt lat="44.418407" lon="8.530712"><ele>813.8</ele></trkpt>
      <trkpt lat="44.418425" lon="8.530716"><ele>814.0</ele></trkpt>
      <trkpt lat="44.418440" lon="8.530720"><ele>814.2</ele></trkpt>
      <trkpt lat="44.418453" lon="8.530724"><ele>814.4</ele></trkpt>
      <trkpt lat="44.418468" lon="8.530730"><ele>814.6</ele></trkpt>
      <trkpt lat="44.418482" lon="8.530735"><ele>814.8</ele></trkpt>
      <trkpt lat="44.418495" lon="8.530734"><ele>815.2</ele></trkpt>
      <trkpt lat="44.418511" lon="8.530739"><ele>815.4</ele></trkpt>
      <trkpt lat="44.418527" lon="8.530739"><ele>815.6</ele></trkpt>
      <trkpt lat="44.418542" lon="8.530739"><ele>816.0</ele></trkpt>
      <trkpt lat="44.418557" lon="8.530736"><ele>816.0</ele></trkpt>
      <trkpt lat="44.418571" lon="8.530740"><ele>816.2</ele></trkpt>
      <trkpt lat="44.418586" lon="8.530742"><ele>816.4</ele></trkpt>
      <trkpt lat="44.418604" lon="8.530740"><ele>816.6</ele></trkpt>
      <trkpt lat="44.418615" lon="8.530731"><ele>816.8</ele></trkpt>
      <trkpt lat="44.418628" lon="8.530725"><ele>817.0</ele></trkpt>
      <trkpt lat="44.418642" lon="8.530722"><ele>817.2</ele></trkpt>
      <trkpt lat="44.418656" lon="8.530713"><ele>817.4</ele></trkpt>
      <trkpt lat="44.418670" lon="8.530705"><ele>817.4</ele></trkpt>
      <trkpt lat="44.418683" lon="8.530698"><ele>817.6</ele></trkpt>
      <trkpt lat="44.418697" lon="8.530692"><ele>817.8</ele></trkpt>
      <trkpt lat="44.418709" lon="8.530684"><ele>817.8</ele></trkpt>
      <trkpt lat="44.418720" lon="8.530678"><ele>818.0</ele></trkpt>
      <trkpt lat="44.418732" lon="8.530668"><ele>818.0</ele></trkpt>
      <trkpt lat="44.418745" lon="8.530661"><ele>818.2</ele></trkpt>
      <trkpt lat="44.418754" lon="8.530651"><ele>818.2</ele></trkpt>
      <trkpt lat="44.418762" lon="8.530637"><ele>818.4</ele></trkpt>
      <trkpt lat="44.418766" lon="8.530628"><ele>818.4</ele></trkpt>
      <trkpt lat="44.418771" lon="8.530618"><ele>818.6</ele></trkpt>
      <trkpt lat="44.418779" lon="8.530604"><ele>818.6</ele></trkpt>
      <trkpt lat="44.418787" lon="8.530588"><ele>818.8</ele></trkpt>
      <trkpt lat="44.418795" lon="8.530575"><ele>819.0</ele></trkpt>
      <trkpt lat="44.418804" lon="8.530559"><ele>819.2</ele></trkpt>
      <trkpt lat="44.418813" lon="8.530545"><ele>819.2</ele></trkpt>
      <trkpt lat="44.418823" lon="8.530534"><ele>819.4</ele></trkpt>
      <trkpt lat="44.418828" lon="8.530516"><ele>819.4</ele></trkpt>
      <trkpt lat="44.418836" lon="8.530500"><ele>819.6</ele></trkpt>
      <trkpt lat="44.418839" lon="8.530482"><ele>819.6</ele></trkpt>
      <trkpt lat="44.418848" lon="8.530465"><ele>819.8</ele></trkpt>
      <trkpt lat="44.418860" lon="8.530448"><ele>820.0</ele></trkpt>
      <trkpt lat="44.418870" lon="8.530428"><ele>820.0</ele></trkpt>
      <trkpt lat="44.418876" lon="8.530409"><ele>820.2</ele></trkpt>
      <trkpt lat="44.418881" lon="8.530391"><ele>820.4</ele></trkpt>
      <trkpt lat="44.418889" lon="8.530377"><ele>820.4</ele></trkpt>
      <trkpt lat="44.418895" lon="8.530362"><ele>820.6</ele></trkpt>
      <trkpt lat="44.418899" lon="8.530341"><ele>820.8</ele></trkpt>
      <trkpt lat="44.418905" lon="8.530322"><ele>821.0</ele></trkpt>
      <trkpt lat="44.418914" lon="8.530308"><ele>821.2</ele></trkpt>
      <trkpt lat="44.418919" lon="8.530288"><ele>821.4</ele></trkpt>
      <trkpt lat="44.418925" lon="8.530267"><ele>821.6</ele></trkpt>
      <trkpt lat="44.418932" lon="8.530250"><ele>821.8</ele></trkpt>
      <trkpt lat="44.418939" lon="8.530228"><ele>822.0</ele></trkpt>
      <trkpt lat="44.418942" lon="8.530206"><ele>822.0</ele></trkpt>
      <trkpt lat="44.418948" lon="8.530188"><ele>822.2</ele></trkpt>
      <trkpt lat="44.418955" lon="8.530164"><ele>822.4</ele></trkpt>
      <trkpt lat="44.418961" lon="8.530140"><ele>822.6</ele></trkpt>
      <trkpt lat="44.418968" lon="8.530110"><ele>822.8</ele></trkpt>
      <trkpt lat="44.418976" lon="8.530079"><ele>823.0</ele></trkpt>
      <trkpt lat="44.418986" lon="8.530057"><ele>823.2</ele></trkpt>
      <trkpt lat="44.418994" lon="8.530031"><ele>823.4</ele></trkpt>
      <trkpt lat="44.419001" lon="8.530011"><ele>823.6</ele></trkpt>
      <trkpt lat="44.419007" lon="8.529990"><ele>823.8</ele></trkpt>
      <trkpt lat="44.419010" lon="8.529964"><ele>824.2</ele></trkpt>
      <trkpt lat="44.419016" lon="8.529941"><ele>824.4</ele></trkpt>
      <trkpt lat="44.419026" lon="8.529922"><ele>824.6</ele></trkpt>
      <trkpt lat="44.419034" lon="8.529911"><ele>825.0</ele></trkpt>
      <trkpt lat="44.419036" lon="8.529896"><ele>825.2</ele></trkpt>
      <trkpt lat="44.419041" lon="8.529882"><ele>825.4</ele></trkpt>
      <trkpt lat="44.419049" lon="8.529867"><ele>825.8</ele></trkpt>
      <trkpt lat="44.419057" lon="8.529850"><ele>826.0</ele></trkpt>
      <trkpt lat="44.419064" lon="8.529833"><ele>826.2</ele></trkpt>
      <trkpt lat="44.419072" lon="8.529817"><ele>826.2</ele></trkpt>
      <trkpt lat="44.419078" lon="8.529798"><ele>826.4</ele></trkpt>
      <trkpt lat="44.419086" lon="8.529781"><ele>826.6</ele></trkpt>
      <trkpt lat="44.419094" lon="8.529768"><ele>826.8</ele></trkpt>
      <trkpt lat="44.419101" lon="8.529749"><ele>827.0</ele></trkpt>
      <trkpt lat="44.419109" lon="8.529732"><ele>827.0</ele></trkpt>
      <trkpt lat="44.419120" lon="8.529719"><ele>827.2</ele></trkpt>
      <trkpt lat="44.419130" lon="8.529703"><ele>827.4</ele></trkpt>
      <trkpt lat="44.419138" lon="8.529684"><ele>827.4</ele></trkpt>
      <trkpt lat="44.419145" lon="8.529664"><ele>827.6</ele></trkpt>
      <trkpt lat="44.419155" lon="8.529646"><ele>827.8</ele></trkpt>
      <trkpt lat="44.419168" lon="8.529632"><ele>827.8</ele></trkpt>
      <trkpt lat="44.419180" lon="8.529616"><ele>828.0</ele></trkpt>
      <trkpt lat="44.419192" lon="8.529604"><ele>828.2</ele></trkpt>
      <trkpt lat="44.419206" lon="8.529590"><ele>828.2</ele></trkpt>
      <trkpt lat="44.419217" lon="8.529577"><ele>828.4</ele></trkpt>
      <trkpt lat="44.419231" lon="8.529565"><ele>828.6</ele></trkpt>
      <trkpt lat="44.419243" lon="8.529556"><ele>828.8</ele></trkpt>
      <trkpt lat="44.419257" lon="8.529547"><ele>829.0</ele></trkpt>
      <trkpt lat="44.419272" lon="8.529542"><ele>829.2</ele></trkpt>
      <trkpt lat="44.419286" lon="8.529535"><ele>829.4</ele></trkpt>
      <trkpt lat="44.419300" lon="8.529526"><ele>829.6</ele></trkpt>
      <trkpt lat="44.419311" lon="8.529517"><ele>829.8</ele></trkpt>
      <trkpt lat="44.419323" lon="8.529507"><ele>829.8</ele></trkpt>
      <trkpt lat="44.419337" lon="8.529498"><ele>830.0</ele></trkpt>
      <trkpt lat="44.419350" lon="8.529489"><ele>830.0</ele></trkpt>
      <trkpt lat="44.419364" lon="8.529482"><ele>830.2</ele></trkpt>
      <trkpt lat="44.419377" lon="8.529475"><ele>830.4</ele></trkpt>
      <trkpt lat="44.419392" lon="8.529468"><ele>830.4</ele></trkpt>
      <trkpt lat="44.419409" lon="8.529464"><ele>830.6</ele></trkpt>
      <trkpt lat="44.419425" lon="8.529462"><ele>830.8</ele></trkpt>
      <trkpt lat="44.419440" lon="8.529457"><ele>831.0</ele></trkpt>
      <trkpt lat="44.419453" lon="8.529446"><ele>831.2</ele></trkpt>
      <trkpt lat="44.419466" lon="8.529436"><ele>831.4</ele></trkpt>
      <trkpt lat="44.419480" lon="8.529429"><ele>831.6</ele></trkpt>
      <trkpt lat="44.419495" lon="8.529425"><ele>831.8</ele></trkpt>
      <trkpt lat="44.419512" lon="8.529423"><ele>832.0</ele></trkpt>
      <trkpt lat="44.419530" lon="8.529417"><ele>832.2</ele></trkpt>
      <trkpt lat="44.419546" lon="8.529409"><ele>832.4</ele></trkpt>
      <trkpt lat="44.419563" lon="8.529402"><ele>832.6</ele></trkpt>
      <trkpt lat="44.419578" lon="8.529391"><ele>832.8</ele></trkpt>
      <trkpt lat="44.419591" lon="8.529381"><ele>833.0</ele></trkpt>
      <trkpt lat="44.419606" lon="8.529375"><ele>833.2</ele></trkpt>
      <trkpt lat="44.419621" lon="8.529371"><ele>833.4</ele></trkpt>
      <trkpt lat="44.419633" lon="8.529364"><ele>833.4</ele></trkpt>
      <trkpt lat="44.419647" lon="8.529357"><ele>833.6</ele></trkpt>
      <trkpt lat="44.419657" lon="8.529346"><ele>833.6</ele></trkpt>
      <trkpt lat="44.419672" lon="8.529338"><ele>833.6</ele></trkpt>
      <trkpt lat="44.419686" lon="8.529327"><ele>833.8</ele></trkpt>
      <trkpt lat="44.419701" lon="8.529315"><ele>834.0</ele></trkpt>
      <trkpt lat="44.419714" lon="8.529305"><ele>834.2</ele></trkpt>
      <trkpt lat="44.419728" lon="8.529294"><ele>834.4</ele></trkpt>
      <trkpt lat="44.419742" lon="8.529280"><ele>834.4</ele></trkpt>
      <trkpt lat="44.419754" lon="8.529266"><ele>834.6</ele></trkpt>
      <trkpt lat="44.419766" lon="8.529252"><ele>834.8</ele></trkpt>
      <trkpt lat="44.419774" lon="8.529234"><ele>835.0</ele></trkpt>
      <trkpt lat="44.419785" lon="8.529218"><ele>835.2</ele></trkpt>
      <trkpt lat="44.419797" lon="8.529205"><ele>835.4</ele></trkpt>
      <trkpt lat="44.419809" lon="8.529189"><ele>835.6</ele></trkpt>
      <trkpt lat="44.419819" lon="8.529170"><ele>836.0</ele></trkpt>
      <trkpt lat="44.419830" lon="8.529153"><ele>836.2</ele></trkpt>
      <trkpt lat="44.419842" lon="8.529139"><ele>836.6</ele></trkpt>
      <trkpt lat="44.419852" lon="8.529124"><ele>836.8</ele></trkpt>
      <trkpt lat="44.419861" lon="8.529106"><ele>837.0</ele></trkpt>
      <trkpt lat="44.419867" lon="8.529089"><ele>837.2</ele></trkpt>
      <trkpt lat="44.419877" lon="8.529075"><ele>837.4</ele></trkpt>
      <trkpt lat="44.419888" lon="8.529060"><ele>837.6</ele></trkpt>
      <trkpt lat="44.419899" lon="8.529047"><ele>837.8</ele></trkpt>
      <trkpt lat="44.419909" lon="8.529032"><ele>838.0</ele></trkpt>
      <trkpt lat="44.419920" lon="8.529015"><ele>838.2</ele></trkpt>
      <trkpt lat="44.419930" lon="8.528999"><ele>838.4</ele></trkpt>
      <trkpt lat="44.419939" lon="8.528982"><ele>838.8</ele></trkpt>
      <trkpt lat="44.419949" lon="8.528964"><ele>839.0</ele></trkpt>
      <trkpt lat="44.419957" lon="8.528944"><ele>839.2</ele></trkpt>
      <trkpt lat="44.419963" lon="8.528926"><ele>839.4</ele></trkpt>
      <trkpt lat="44.419971" lon="8.528910"><ele>839.8</ele></trkpt>
      <trkpt lat="44.419976" lon="8.528892"><ele>840.0</ele></trkpt>
      <trkpt lat="44.419985" lon="8.528873"><ele>840.2</ele></trkpt>
      <trkpt lat="44.419994" lon="8.528858"><ele>840.4</ele></trkpt>
      <trkpt lat="44.420003" lon="8.528840"><ele>840.4</ele></trkpt>
      <trkpt lat="44.420012" lon="8.528821"><ele>840.6</ele></trkpt>
      <trkpt lat="44.420017" lon="8.528801"><ele>840.8</ele></trkpt>
      <trkpt lat="44.420023" lon="8.528781"><ele>841.0</ele></trkpt>
      <trkpt lat="44.420030" lon="8.528761"><ele>841.2</ele></trkpt>
      <trkpt lat="44.420036" lon="8.528741"><ele>841.4</ele></trkpt>
      <trkpt lat="44.420043" lon="8.528721"><ele>841.6</ele></trkpt>
      <trkpt lat="44.420051" lon="8.528706"><ele>841.8</ele></trkpt>
      <trkpt lat="44.420058" lon="8.528690"><ele>842.0</ele></trkpt>
      <trkpt lat="44.420065" lon="8.528670"><ele>842.2</ele></trkpt>
      <trkpt lat="44.420075" lon="8.528648"><ele>842.4</ele></trkpt>
      <trkpt lat="44.420089" lon="8.528627"><ele>842.4</ele></trkpt>
      <trkpt lat="44.420100" lon="8.528602"><ele>842.6</ele></trkpt>
      <trkpt lat="44.420110" lon="8.528573"><ele>842.8</ele></trkpt>
      <trkpt lat="44.420118" lon="8.528549"><ele>843.0</ele></trkpt>
      <trkpt lat="44.420122" lon="8.528529"><ele>843.2</ele></trkpt>
      <trkpt lat="44.420126" lon="8.528513"><ele>843.4</ele></trkpt>
      <trkpt lat="44.420131" lon="8.528497"><ele>843.6</ele></trkpt>
      <trkpt lat="44.420141" lon="8.528486"><ele>843.8</ele></trkpt>
      <trkpt lat="44.420149" lon="8.528472"><ele>844.0</ele></trkpt>
      <trkpt lat="44.420154" lon="8.528455"><ele>844.2</ele></trkpt>
      <trkpt lat="44.420161" lon="8.528437"><ele>844.4</ele></trkpt>
      <trkpt lat="44.420172" lon="8.528421"><ele>844.6</ele></trkpt>
      <trkpt lat="44.420180" lon="8.528403"><ele>844.6</ele></trkpt>
      <trkpt lat="44.420186" lon="8.528388"><ele>844.8</ele></trkpt>
      <trkpt lat="44.420192" lon="8.528372"><ele>845.0</ele></trkpt>
      <trkpt lat="44.420196" lon="8.528353"><ele>845.2</ele></trkpt>
      <trkpt lat="44.420199" lon="8.528334"><ele>845.4</ele></trkpt>
      <trkpt lat="44.420207" lon="8.528316"><ele>845.8</ele></trkpt>
      <trkpt lat="44.420215" lon="8.528299"><ele>846.0</ele></trkpt>
      <trkpt lat="44.420217" lon="8.528278"><ele>846.2</ele></trkpt>
      <trkpt lat="44.420221" lon="8.528257"><ele>846.4</ele></trkpt>
      <trkpt lat="44.420226" lon="8.528241"><ele>846.6</ele></trkpt>
      <trkpt lat="44.420229" lon="8.528222"><ele>846.8</ele></trkpt>
      <trkpt lat="44.420236" lon="8.528205"><ele>846.8</ele></trkpt>
      <trkpt lat="44.420242" lon="8.528189"><ele>847.0</ele></trkpt>
      <trkpt lat="44.420250" lon="8.528173"><ele>847.0</ele></trkpt>
      <trkpt lat="44.420257" lon="8.528155"><ele>847.2</ele></trkpt>
      <trkpt lat="44.420264" lon="8.528134"><ele>847.4</ele></trkpt>
      <trkpt lat="44.420272" lon="8.528114"><ele>847.6</ele></trkpt>
      <trkpt lat="44.420278" lon="8.528095"><ele>847.8</ele></trkpt>
      <trkpt lat="44.420282" lon="8.528075"><ele>848.0</ele></trkpt>
      <trkpt lat="44.420289" lon="8.528059"><ele>848.2</ele></trkpt>
      <trkpt lat="44.420295" lon="8.528043"><ele>848.4</ele></trkpt>
      <trkpt lat="44.420298" lon="8.528022"><ele>848.6</ele></trkpt>
      <trkpt lat="44.420305" lon="8.528006"><ele>848.8</ele></trkpt>
      <trkpt lat="44.420314" lon="8.527991"><ele>849.0</ele></trkpt>
      <trkpt lat="44.420325" lon="8.527979"><ele>849.2</ele></trkpt>
      <trkpt lat="44.420335" lon="8.527965"><ele>849.4</ele></trkpt>
      <trkpt lat="44.420345" lon="8.527954"><ele>849.6</ele></trkpt>
      <trkpt lat="44.420354" lon="8.527944"><ele>849.8</ele></trkpt>
      <trkpt lat="44.420363" lon="8.527931"><ele>849.8</ele></trkpt>
      <trkpt lat="44.420373" lon="8.527917"><ele>850.0</ele></trkpt>
      <trkpt lat="44.420381" lon="8.527900"><ele>850.2</ele></trkpt>
      <trkpt lat="44.420393" lon="8.527888"><ele>850.2</ele></trkpt>
      <trkpt lat="44.420406" lon="8.527881"><ele>850.2</ele></trkpt>
      <trkpt lat="44.420418" lon="8.527868"><ele>850.2</ele></trkpt>
      <trkpt lat="44.420428" lon="8.527850"><ele>850.4</ele></trkpt>
      <trkpt lat="44.420441" lon="8.527836"><ele>850.4</ele></trkpt>
      <trkpt lat="44.420454" lon="8.527825"><ele>850.6</ele></trkpt>
      <trkpt lat="44.420466" lon="8.527817"><ele>850.8</ele></trkpt>
      <trkpt lat="44.420477" lon="8.527810"><ele>850.8</ele></trkpt>
      <trkpt lat="44.420491" lon="8.527803"><ele>851.0</ele></trkpt>
      <trkpt lat="44.420505" lon="8.527798"><ele>851.0</ele></trkpt>
      <trkpt lat="44.420520" lon="8.527792"><ele>851.2</ele></trkpt>
      <trkpt lat="44.420533" lon="8.527784"><ele>851.4</ele></trkpt>
      <trkpt lat="44.420546" lon="8.527771"><ele>851.6</ele></trkpt>
      <trkpt lat="44.420559" lon="8.527758"><ele>851.6</ele></trkpt>
      <trkpt lat="44.420570" lon="8.527744"><ele>851.8</ele></trkpt>
      <trkpt lat="44.420584" lon="8.527738"><ele>852.0</ele></trkpt>
      <trkpt lat="44.420597" lon="8.527735"><ele>852.0</ele></trkpt>
      <trkpt lat="44.420614" lon="8.527731"><ele>852.0</ele></trkpt>
      <trkpt lat="44.420627" lon="8.527720"><ele>852.2</ele></trkpt>
      <trkpt lat="44.420640" lon="8.527712"><ele>852.4</ele></trkpt>
      <trkpt lat="44.420653" lon="8.527704"><ele>852.6</ele></trkpt>
      <trkpt lat="44.420668" lon="8.527698"><ele>852.8</ele></trkpt>
      <trkpt lat="44.420683" lon="8.527688"><ele>852.8</ele></trkpt>
      <trkpt lat="44.420696" lon="8.527686"><ele>853.0</ele></trkpt>
      <trkpt lat="44.420711" lon="8.527683"><ele>853.2</ele></trkpt>
      <trkpt lat="44.420727" lon="8.527679"><ele>853.4</ele></trkpt>
      <trkpt lat="44.420741" lon="8.527668"><ele>853.4</ele></trkpt>
      <trkpt lat="44.420754" lon="8.527657"><ele>853.6</ele></trkpt>
      <trkpt lat="44.420767" lon="8.527644"><ele>853.8</ele></trkpt>
      <trkpt lat="44.420778" lon="8.527635"><ele>853.8</ele></trkpt>
      <trkpt lat="44.420788" lon="8.527626"><ele>854.0</ele></trkpt>
      <trkpt lat="44.420804" lon="8.527617"><ele>854.2</ele></trkpt>
      <trkpt lat="44.420823" lon="8.527609"><ele>854.6</ele></trkpt>
      <trkpt lat="44.420839" lon="8.527600"><ele>854.8</ele></trkpt>
      <trkpt lat="44.420857" lon="8.527596"><ele>855.2</ele></trkpt>
      <trkpt lat="44.420874" lon="8.527587"><ele>855.6</ele></trkpt>
      <trkpt lat="44.420891" lon="8.527577"><ele>855.8</ele></trkpt>
      <trkpt lat="44.420911" lon="8.527562"><ele>856.0</ele></trkpt>
      <trkpt lat="44.420929" lon="8.527552"><ele>856.2</ele></trkpt>
      <trkpt lat="44.420944" lon="8.527549"><ele>856.4</ele></trkpt>
      <trkpt lat="44.420956" lon="8.527539"><ele>856.6</ele></trkpt>
      <trkpt lat="44.420968" lon="8.527530"><ele>856.8</ele></trkpt>
      <trkpt lat="44.420981" lon="8.527522"><ele>856.8</ele></trkpt>
      <trkpt lat="44.420995" lon="8.527514"><ele>857.0</ele></trkpt>
      <trkpt lat="44.421008" lon="8.527506"><ele>857.2</ele></trkpt>
      <trkpt lat="44.421018" lon="8.527498"><ele>857.4</ele></trkpt>
      <trkpt lat="44.421031" lon="8.527487"><ele>857.6</ele></trkpt>
      <trkpt lat="44.421042" lon="8.527472"><ele>858.0</ele></trkpt>
      <trkpt lat="44.421050" lon="8.527459"><ele>858.4</ele></trkpt>
      <trkpt lat="44.421059" lon="8.527446"><ele>858.6</ele></trkpt>
      <trkpt lat="44.421070" lon="8.527436"><ele>858.8</ele></trkpt>
      <trkpt lat="44.421084" lon="8.527425"><ele>858.8</ele></trkpt>
      <trkpt lat="44.421096" lon="8.527415"><ele>859.0</ele></trkpt>
      <trkpt lat="44.421107" lon="8.527403"><ele>859.0</ele></trkpt>
      <trkpt lat="44.421116" lon="8.527389"><ele>859.2</ele></trkpt>
      <trkpt lat="44.421124" lon="8.527372"><ele>859.4</ele></trkpt>
      <trkpt lat="44.421137" lon="8.527359"><ele>859.6</ele></trkpt>
      <trkpt lat="44.421148" lon="8.527345"><ele>859.8</ele></trkpt>
      <trkpt lat="44.421158" lon="8.527328"><ele>860.0</ele></trkpt>
      <trkpt lat="44.421167" lon="8.527315"><ele>860.2</ele></trkpt>
      <trkpt lat="44.421178" lon="8.527304"><ele>860.4</ele></trkpt>
      <trkpt lat="44.421188" lon="8.527291"><ele>860.6</ele></trkpt>
      <trkpt lat="44.421196" lon="8.527279"><ele>860.8</ele></trkpt>
      <trkpt lat="44.421208" lon="8.527263"><ele>860.8</ele></trkpt>
      <trkpt lat="44.421220" lon="8.527243"><ele>861.2</ele></trkpt>
      <trkpt lat="44.421232" lon="8.527224"><ele>861.2</ele></trkpt>
      <trkpt lat="44.421245" lon="8.527201"><ele>861.6</ele></trkpt>
      <trkpt lat="44.421258" lon="8.527184"><ele>861.8</ele></trkpt>
      <trkpt lat="44.421270" lon="8.527168"><ele>862.0</ele></trkpt>
      <trkpt lat="44.421281" lon="8.527152"><ele>862.4</ele></trkpt>
      <trkpt lat="44.421293" lon="8.527133"><ele>862.6</ele></trkpt>
      <trkpt lat="44.421306" lon="8.527117"><ele>863.0</ele></trkpt>
      <trkpt lat="44.421320" lon="8.527102"><ele>863.4</ele></trkpt>
      <trkpt lat="44.421332" lon="8.527084"><ele>863.6</ele></trkpt>
      <trkpt lat="44.421341" lon="8.527063"><ele>864.0</ele></trkpt>
      <trkpt lat="44.421352" lon="8.527045"><ele>864.2</ele></trkpt>
      <trkpt lat="44.421362" lon="8.527026"><ele>864.4</ele></trkpt>
      <trkpt lat="44.421377" lon="8.527017"><ele>864.6</ele></trkpt>
      <trkpt lat="44.421393" lon="8.527004"><ele>864.8</ele></trkpt>
      <trkpt lat="44.421405" lon="8.526990"><ele>865.0</ele></trkpt>
      <trkpt lat="44.421415" lon="8.526981"><ele>865.2</ele></trkpt>
      <trkpt lat="44.421427" lon="8.526975"><ele>865.4</ele></trkpt>
      <trkpt lat="44.421437" lon="8.526965"><ele>865.6</ele></trkpt>
      <trkpt lat="44.421447" lon="8.526956"><ele>865.6</ele></trkpt>
      <trkpt lat="44.421457" lon="8.526945"><ele>865.8</ele></trkpt>
      <trkpt lat="44.421469" lon="8.526935"><ele>866.0</ele></trkpt>
      <trkpt lat="44.421481" lon="8.526930"><ele>866.2</ele></trkpt>
      <trkpt lat="44.421496" lon="8.526926"><ele>866.2</ele></trkpt>
      <trkpt lat="44.421507" lon="8.526920"><ele>866.4</ele></trkpt>
      <trkpt lat="44.421521" lon="8.526913"><ele>866.6</ele></trkpt>
      <trkpt lat="44.421535" lon="8.526913"><ele>866.6</ele></trkpt>
      <trkpt lat="44.421550" lon="8.526910"><ele>866.8</ele></trkpt>
      <trkpt lat="44.421560" lon="8.526907"><ele>866.8</ele></trkpt>
      <trkpt lat="44.421569" lon="8.526900"><ele>867.0</ele></trkpt>
      <trkpt lat="44.421584" lon="8.526896"><ele>867.0</ele></trkpt>
      <trkpt lat="44.421595" lon="8.526896"><ele>867.2</ele></trkpt>
      <trkpt lat="44.421611" lon="8.526895"><ele>867.4</ele></trkpt>
      <trkpt lat="44.421627" lon="8.526895"><ele>867.6</ele></trkpt>
      <trkpt lat="44.421643" lon="8.526902"><ele>867.8</ele></trkpt>
      <trkpt lat="44.421660" lon="8.526910"><ele>868.2</ele></trkpt>
      <trkpt lat="44.421682" lon="8.526924"><ele>868.4</ele></trkpt>
      <trkpt lat="44.421699" lon="8.526937"><ele>868.6</ele></trkpt>
      <trkpt lat="44.421712" lon="8.526949"><ele>868.6</ele></trkpt>
      <trkpt lat="44.421727" lon="8.526960"><ele>868.8</ele></trkpt>
      <trkpt lat="44.421739" lon="8.526970"><ele>869.0</ele></trkpt>
      <trkpt lat="44.421758" lon="8.526983"><ele>869.2</ele></trkpt>
      <trkpt lat="44.421776" lon="8.526998"><ele>869.4</ele></trkpt>
      <trkpt lat="44.421792" lon="8.527012"><ele>869.6</ele></trkpt>
      <trkpt lat="44.421807" lon="8.527028"><ele>869.8</ele></trkpt>
      <trkpt lat="44.421817" lon="8.527047"><ele>870.0</ele></trkpt>
      <trkpt lat="44.421828" lon="8.527069"><ele>870.2</ele></trkpt>
      <trkpt lat="44.421839" lon="8.527090"><ele>870.2</ele></trkpt>
      <trkpt lat="44.421847" lon="8.527116"><ele>870.4</ele></trkpt>
      <trkpt lat="44.421854" lon="8.527136"><ele>870.6</ele></trkpt>
      <trkpt lat="44.421859" lon="8.527152"><ele>870.6</ele></trkpt>
      <trkpt lat="44.421871" lon="8.527161"><ele>870.8</ele></trkpt>
      <trkpt lat="44.421873" lon="8.527177"><ele>870.8</ele></trkpt>
      <trkpt lat="44.421875" lon="8.527202"><ele>871.0</ele></trkpt>
      <trkpt lat="44.421878" lon="8.527229"><ele>871.0</ele></trkpt>
      <trkpt lat="44.421882" lon="8.527247"><ele>871.2</ele></trkpt>
      <trkpt lat="44.421886" lon="8.527264"><ele>871.4</ele></trkpt>
      <trkpt lat="44.421888" lon="8.527281"><ele>871.4</ele></trkpt>
      <trkpt lat="44.421888" lon="8.527298"><ele>871.6</ele></trkpt>
      <trkpt lat="44.421886" lon="8.527314"><ele>871.6</ele></trkpt>
      <trkpt lat="44.421882" lon="8.527334"><ele>871.8</ele></trkpt>
      <trkpt lat="44.421875" lon="8.527355"><ele>871.8</ele></trkpt>
      <trkpt lat="44.421870" lon="8.527377"><ele>871.8</ele></trkpt>
      <trkpt lat="44.421866" lon="8.527401"><ele>872.0</ele></trkpt>
      <trkpt lat="44.421856" lon="8.527418"><ele>872.2</ele></trkpt>
      <trkpt lat="44.421845" lon="8.527436"><ele>872.2</ele></trkpt>
      <trkpt lat="44.421834" lon="8.527454"><ele>872.4</ele></trkpt>
      <trkpt lat="44.421828" lon="8.527474"><ele>872.4</ele></trkpt>
      <trkpt lat="44.421822" lon="8.527494"><ele>872.6</ele></trkpt>
      <trkpt lat="44.421811" lon="8.527510"><ele>872.8</ele></trkpt>
      <trkpt lat="44.421796" lon="8.527521"><ele>873.0</ele></trkpt>
      <trkpt lat="44.421779" lon="8.527533"><ele>873.2</ele></trkpt>
      <trkpt lat="44.421765" lon="8.527549"><ele>873.4</ele></trkpt>
      <trkpt lat="44.421753" lon="8.527563"><ele>873.6</ele></trkpt>
      <trkpt lat="44.421741" lon="8.527578"><ele>873.6</ele></trkpt>
      <trkpt lat="44.421727" lon="8.527593"><ele>873.8</ele></trkpt>
      <trkpt lat="44.421714" lon="8.527608"><ele>874.0</ele></trkpt>
      <trkpt lat="44.421701" lon="8.527620"><ele>874.2</ele></trkpt>
      <trkpt lat="44.421687" lon="8.527632"><ele>874.4</ele></trkpt>
      <trkpt lat="44.421672" lon="8.527644"><ele>874.6</ele></trkpt>
      <trkpt lat="44.421659" lon="8.527653"><ele>874.6</ele></trkpt>
      <trkpt lat="44.421641" lon="8.527658"><ele>874.8</ele></trkpt>
      <trkpt lat="44.421627" lon="8.527665"><ele>875.0</ele></trkpt>
      <trkpt lat="44.421614" lon="8.527671"><ele>875.2</ele></trkpt>
      <trkpt lat="44.421600" lon="8.527676"><ele>875.2</ele></trkpt>
      <trkpt lat="44.421588" lon="8.527682"><ele>875.4</ele></trkpt>
      <trkpt lat="44.421575" lon="8.527692"><ele>875.6</ele></trkpt>
      <trkpt lat="44.421564" lon="8.527708"><ele>875.8</ele></trkpt>
      <trkpt lat="44.421552" lon="8.527725"><ele>875.8</ele></trkpt>
      <trkpt lat="44.421536" lon="8.527734"><ele>876.0</ele></trkpt>
      <trkpt lat="44.421520" lon="8.527746"><ele>876.4</ele></trkpt>
      <trkpt lat="44.421504" lon="8.527759"><ele>876.6</ele></trkpt>
      <trkpt lat="44.421489" lon="8.527769"><ele>876.8</ele></trkpt>
      <trkpt lat="44.421475" lon="8.527778"><ele>876.8</ele></trkpt>
      <trkpt lat="44.421464" lon="8.527794"><ele>877.0</ele></trkpt>
      <trkpt lat="44.421452" lon="8.527808"><ele>877.2</ele></trkpt>
      <trkpt lat="44.421438" lon="8.527820"><ele>877.4</ele></trkpt>
      <trkpt lat="44.421427" lon="8.527838"><ele>877.6</ele></trkpt>
      <trkpt lat="44.421416" lon="8.527856"><ele>877.8</ele></trkpt>
      <trkpt lat="44.421406" lon="8.527873"><ele>877.8</ele></trkpt>
      <trkpt lat="44.421398" lon="8.527892"><ele>878.0</ele></trkpt>
      <trkpt lat="44.421389" lon="8.527911"><ele>878.0</ele></trkpt>
      <trkpt lat="44.421386" lon="8.527932"><ele>878.2</ele></trkpt>
      <trkpt lat="44.421381" lon="8.527956"><ele>878.2</ele></trkpt>
      <trkpt lat="44.421379" lon="8.527982"><ele>878.4</ele></trkpt>
      <trkpt lat="44.421382" lon="8.528010"><ele>878.6</ele></trkpt>
      <trkpt lat="44.421392" lon="8.528035"><ele>878.6</ele></trkpt>
      <trkpt lat="44.421404" lon="8.528057"><ele>878.8</ele></trkpt>
      <trkpt lat="44.421415" lon="8.528083"><ele>878.8</ele></trkpt>
      <trkpt lat="44.421431" lon="8.528105"><ele>878.8</ele></trkpt>
      <trkpt lat="44.421447" lon="8.528124"><ele>879.0</ele></trkpt>
      <trkpt lat="44.421464" lon="8.528137"><ele>879.0</ele></trkpt>
      <trkpt lat="44.421484" lon="8.528145"><ele>879.2</ele></trkpt>
      <trkpt lat="44.421504" lon="8.528143"><ele>879.4</ele></trkpt>
      <trkpt lat="44.421521" lon="8.528149"><ele>879.4</ele></trkpt>
      <trkpt lat="44.421537" lon="8.528149"><ele>879.6</ele></trkpt>
      <trkpt lat="44.421553" lon="8.528143"><ele>879.8</ele></trkpt>
      <trkpt lat="44.421566" lon="8.528131"><ele>880.0</ele></trkpt>
      <trkpt lat="44.421579" lon="8.528126"><ele>880.2</ele></trkpt>
      <trkpt lat="44.421594" lon="8.528124"><ele>880.2</ele></trkpt>
      <trkpt lat="44.421607" lon="8.528119"><ele>880.4</ele></trkpt>
      <trkpt lat="44.421622" lon="8.528118"><ele>880.4</ele></trkpt>
      <trkpt lat="44.421637" lon="8.528125"><ele>880.4</ele></trkpt>
      <trkpt lat="44.421654" lon="8.528123"><ele>880.6</ele></trkpt>
      <trkpt lat="44.421669" lon="8.528120"><ele>880.6</ele></trkpt>
      <trkpt lat="44.421681" lon="8.528117"><ele>880.6</ele></trkpt>
      <trkpt lat="44.421695" lon="8.528114"><ele>880.6</ele></trkpt>
      <trkpt lat="44.421710" lon="8.528108"><ele>880.8</ele></trkpt>
      <trkpt lat="44.421723" lon="8.528100"><ele>881.0</ele></trkpt>
      <trkpt lat="44.421739" lon="8.528094"><ele>881.0</ele></trkpt>
      <trkpt lat="44.421753" lon="8.528088"><ele>881.2</ele></trkpt>
      <trkpt lat="44.421765" lon="8.528085"><ele>881.4</ele></trkpt>
      <trkpt lat="44.421778" lon="8.528080"><ele>881.6</ele></trkpt>
      <trkpt lat="44.421792" lon="8.528080"><ele>881.6</ele></trkpt>
      <trkpt lat="44.421804" lon="8.528077"><ele>881.8</ele></trkpt>
      <trkpt lat="44.421818" lon="8.528073"><ele>881.8</ele></trkpt>
      <trkpt lat="44.421831" lon="8.528072"><ele>882.0</ele></trkpt>
      <trkpt lat="44.421844" lon="8.528070"><ele>882.2</ele></trkpt>
      <trkpt lat="44.421856" lon="8.528065"><ele>882.2</ele></trkpt>
      <trkpt lat="44.421869" lon="8.528067"><ele>882.4</ele></trkpt>
      <trkpt lat="44.421882" lon="8.528066"><ele>882.6</ele></trkpt>
      <trkpt lat="44.421897" lon="8.528062"><ele>882.6</ele></trkpt>
      <trkpt lat="44.421911" lon="8.528061"><ele>882.8</ele></trkpt>
      <trkpt lat="44.421927" lon="8.528057"><ele>882.8</ele></trkpt>
      <trkpt lat="44.421941" lon="8.528055"><ele>883.0</ele></trkpt>
      <trkpt lat="44.421956" lon="8.528060"><ele>883.2</ele></trkpt>
      <trkpt lat="44.421970" lon="8.528064"><ele>883.4</ele></trkpt>
      <trkpt lat="44.421985" lon="8.528071"><ele>883.8</ele></trkpt>
      <trkpt lat="44.422001" lon="8.528075"><ele>884.0</ele></trkpt>
      <trkpt lat="44.422019" lon="8.528081"><ele>884.0</ele></trkpt>
      <trkpt lat="44.422035" lon="8.528091"><ele>884.2</ele></trkpt>
      <trkpt lat="44.422052" lon="8.528098"><ele>884.4</ele></trkpt>
      <trkpt lat="44.422068" lon="8.528105"><ele>884.4</ele></trkpt>
      <trkpt lat="44.422082" lon="8.528116"><ele>884.6</ele></trkpt>
      <trkpt lat="44.422098" lon="8.528128"><ele>884.8</ele></trkpt>
      <trkpt lat="44.422114" lon="8.528137"><ele>885.0</ele></trkpt>
      <trkpt lat="44.422128" lon="8.528147"><ele>885.0</ele></trkpt>
      <trkpt lat="44.422142" lon="8.528162"><ele>885.2</ele></trkpt>
      <trkpt lat="44.422155" lon="8.528177"><ele>885.2</ele></trkpt>
      <trkpt lat="44.422169" lon="8.528192"><ele>885.4</ele></trkpt>
      <trkpt lat="44.422183" lon="8.528208"><ele>885.4</ele></trkpt>
      <trkpt lat="44.422193" lon="8.528229"><ele>885.6</ele></trkpt>
      <trkpt lat="44.422201" lon="8.528251"><ele>885.6</ele></trkpt>
      <trkpt lat="44.422211" lon="8.528277"><ele>885.6</ele></trkpt>
      <trkpt lat="44.422214" lon="8.528305"><ele>885.8</ele></trkpt>
      <trkpt lat="44.422210" lon="8.528334"><ele>885.8</ele></trkpt>
      <trkpt lat="44.422201" lon="8.528362"><ele>885.8</ele></trkpt>
      <trkpt lat="44.422189" lon="8.528380"><ele>886.0</ele></trkpt>
      <trkpt lat="44.422178" lon="8.528395"><ele>886.0</ele></trkpt>
      <trkpt lat="44.422163" lon="8.528407"><ele>886.2</ele></trkpt>
      <trkpt lat="44.422152" lon="8.528415"><ele>886.4</ele></trkpt>
      <trkpt lat="44.422137" lon="8.528419"><ele>886.6</ele></trkpt>
      <trkpt lat="44.422119" lon="8.528417"><ele>886.8</ele></trkpt>
      <trkpt lat="44.422101" lon="8.528419"><ele>887.0</ele></trkpt>
      <trkpt lat="44.422083" lon="8.528425"><ele>887.2</ele></trkpt>
      <trkpt lat="44.422063" lon="8.528429"><ele>887.4</ele></trkpt>
      <trkpt lat="44.422043" lon="8.528436"><ele>887.6</ele></trkpt>
      <trkpt lat="44.422023" lon="8.528446"><ele>887.6</ele></trkpt>
      <trkpt lat="44.422007" lon="8.528455"><ele>887.8</ele></trkpt>
      <trkpt lat="44.421992" lon="8.528465"><ele>888.0</ele></trkpt>
      <trkpt lat="44.421979" lon="8.528484"><ele>888.2</ele></trkpt>
      <trkpt lat="44.421963" lon="8.528501"><ele>888.2</ele></trkpt>
      <trkpt lat="44.421946" lon="8.528521"><ele>888.4</ele></trkpt>
      <trkpt lat="44.421930" lon="8.528544"><ele>888.6</ele></trkpt>
      <trkpt lat="44.421917" lon="8.528567"><ele>888.8</ele></trkpt>
      <trkpt lat="44.421906" lon="8.528593"><ele>888.8</ele></trkpt>
      <trkpt lat="44.421898" lon="8.528619"><ele>889.0</ele></trkpt>
      <trkpt lat="44.421894" lon="8.528643"><ele>889.2</ele></trkpt>
      <trkpt lat="44.421888" lon="8.528672"><ele>889.4</ele></trkpt>
      <trkpt lat="44.421885" lon="8.528701"><ele>889.6</ele></trkpt>
      <trkpt lat="44.421886" lon="8.528728"><ele>889.8</ele></trkpt>
      <trkpt lat="44.421884" lon="8.528761"><ele>889.8</ele></trkpt>
      <trkpt lat="44.421886" lon="8.528796"><ele>890.0</ele></trkpt>
      <trkpt lat="44.421888" lon="8.528827"><ele>890.2</ele></trkpt>
      <trkpt lat="44.421888" lon="8.528848"><ele>890.4</ele></trkpt>
      <trkpt lat="44.421890" lon="8.528873"><ele>890.6</ele></trkpt>
      <trkpt lat="44.421891" lon="8.528898"><ele>890.8</ele></trkpt>
      <trkpt lat="44.421895" lon="8.528927"><ele>891.0</ele></trkpt>
      <trkpt lat="44.421897" lon="8.528956"><ele>891.2</ele></trkpt>
      <trkpt lat="44.421897" lon="8.528993"><ele>891.4</ele></trkpt>
      <trkpt lat="44.421895" lon="8.529032"><ele>891.6</ele></trkpt>
      <trkpt lat="44.421894" lon="8.529072"><ele>891.6</ele></trkpt>
      <trkpt lat="44.421891" lon="8.529102"><ele>891.8</ele></trkpt>
      <trkpt lat="44.421891" lon="8.529123"><ele>892.0</ele></trkpt>
      <trkpt lat="44.421897" lon="8.529141"><ele>892.0</ele></trkpt>
      <trkpt lat="44.421898" lon="8.529162"><ele>892.4</ele></trkpt>
      <trkpt lat="44.421897" lon="8.529180"><ele>892.4</ele></trkpt>
      <trkpt lat="44.421890" lon="8.529203"><ele>892.6</ele></trkpt>
      <trkpt lat="44.421884" lon="8.529226"><ele>892.8</ele></trkpt>
      <trkpt lat="44.421878" lon="8.529245"><ele>893.0</ele></trkpt>
      <trkpt lat="44.421874" lon="8.529268"><ele>893.2</ele></trkpt>
      <trkpt lat="44.421872" lon="8.529289"><ele>893.4</ele></trkpt>
      <trkpt lat="44.421864" lon="8.529304"><ele>893.4</ele></trkpt>
      <trkpt lat="44.421855" lon="8.529327"><ele>893.6</ele></trkpt>
      <trkpt lat="44.421847" lon="8.529351"><ele>893.8</ele></trkpt>
      <trkpt lat="44.421838" lon="8.529369"><ele>894.0</ele></trkpt>
      <trkpt lat="44.421828" lon="8.529390"><ele>894.0</ele></trkpt>
      <trkpt lat="44.421819" lon="8.529412"><ele>894.2</ele></trkpt>
      <trkpt lat="44.421809" lon="8.529435"><ele>894.4</ele></trkpt>
      <trkpt lat="44.421802" lon="8.529454"><ele>894.6</ele></trkpt>
      <trkpt lat="44.421792" lon="8.529471"><ele>894.6</ele></trkpt>
      <trkpt lat="44.421780" lon="8.529495"><ele>894.8</ele></trkpt>
      <trkpt lat="44.421767" lon="8.529514"><ele>895.0</ele></trkpt>
      <trkpt lat="44.421757" lon="8.529534"><ele>895.2</ele></trkpt>
      <trkpt lat="44.421749" lon="8.529557"><ele>895.4</ele></trkpt>
      <trkpt lat="44.421743" lon="8.529574"><ele>895.6</ele></trkpt>
      <trkpt lat="44.421735" lon="8.529592"><ele>895.8</ele></trkpt>
      <trkpt lat="44.421725" lon="8.529609"><ele>896.0</ele></trkpt>
      <trkpt lat="44.421713" lon="8.529625"><ele>896.0</ele></trkpt>
      <trkpt lat="44.421704" lon="8.529646"><ele>896.2</ele></trkpt>
      <trkpt lat="44.421699" lon="8.529666"><ele>896.4</ele></trkpt>
      <trkpt lat="44.421691" lon="8.529683"><ele>896.6</ele></trkpt>
      <trkpt lat="44.421685" lon="8.529708"><ele>896.6</ele></trkpt>
      <trkpt lat="44.421676" lon="8.529729"><ele>896.8</ele></trkpt>
      <trkpt lat="44.421666" lon="8.529753"><ele>897.0</ele></trkpt>
      <trkpt lat="44.421660" lon="8.529772"><ele>897.0</ele></trkpt>
      <trkpt lat="44.421654" lon="8.529792"><ele>897.2</ele></trkpt>
      <trkpt lat="44.421648" lon="8.529807"><ele>897.4</ele></trkpt>
      <trkpt lat="44.421641" lon="8.529825"><ele>897.6</ele></trkpt>
      <trkpt lat="44.421631" lon="8.529843"><ele>897.8</ele></trkpt>
      <trkpt lat="44.421621" lon="8.529865"><ele>897.8</ele></trkpt>
      <trkpt lat="44.421612" lon="8.529887"><ele>898.0</ele></trkpt>
      <trkpt lat="44.421603" lon="8.529906"><ele>898.0</ele></trkpt>
      <trkpt lat="44.421597" lon="8.529931"><ele>898.2</ele></trkpt>
      <trkpt lat="44.421588" lon="8.529956"><ele>898.4</ele></trkpt>
      <trkpt lat="44.421578" lon="8.529974"><ele>898.4</ele></trkpt>
      <trkpt lat="44.421567" lon="8.529992"><ele>898.6</ele></trkpt>
      <trkpt lat="44.421557" lon="8.530011"><ele>898.8</ele></trkpt>
      <trkpt lat="44.421549" lon="8.530031"><ele>899.0</ele></trkpt>
      <trkpt lat="44.421539" lon="8.530055"><ele>899.0</ele></trkpt>
      <trkpt lat="44.421530" lon="8.530080"><ele>899.2</ele></trkpt>
      <trkpt lat="44.421518" lon="8.530102"><ele>899.4</ele></trkpt>
      <trkpt lat="44.421506" lon="8.530125"><ele>899.6</ele></trkpt>
      <trkpt lat="44.421499" lon="8.530149"><ele>899.6</ele></trkpt>
      <trkpt lat="44.421490" lon="8.530173"><ele>899.8</ele></trkpt>
      <trkpt lat="44.421479" lon="8.530195"><ele>900.0</ele></trkpt>
      <trkpt lat="44.421467" lon="8.530222"><ele>900.2</ele></trkpt>
      <trkpt lat="44.421458" lon="8.530243"><ele>900.2</ele></trkpt>
      <trkpt lat="44.421448" lon="8.530266"><ele>900.4</ele></trkpt>
      <trkpt lat="44.421444" lon="8.530289"><ele>900.6</ele></trkpt>
      <trkpt lat="44.421435" lon="8.530307"><ele>900.8</ele></trkpt>
      <trkpt lat="44.421426" lon="8.530330"><ele>900.8</ele></trkpt>
      <trkpt lat="44.421419" lon="8.530352"><ele>901.0</ele></trkpt>
      <trkpt lat="44.421406" lon="8.530377"><ele>901.2</ele></trkpt>
      <trkpt lat="44.421397" lon="8.530408"><ele>901.4</ele></trkpt>
      <trkpt lat="44.421393" lon="8.530439"><ele>901.6</ele></trkpt>
      <trkpt lat="44.421394" lon="8.530467"><ele>901.6</ele></trkpt>
      <trkpt lat="44.421397" lon="8.530496"><ele>901.8</ele></trkpt>
      <trkpt lat="44.421401" lon="8.530525"><ele>902.0</ele></trkpt>
      <trkpt lat="44.421408" lon="8.530547"><ele>902.2</ele></trkpt>
      <trkpt lat="44.421415" lon="8.530564"><ele>902.2</ele></trkpt>
      <trkpt lat="44.421420" lon="8.530578"><ele>902.6</ele></trkpt>
      <trkpt lat="44.421427" lon="8.530589"><ele>902.6</ele></trkpt>
      <trkpt lat="44.421441" lon="8.530600"><ele>902.8</ele></trkpt>
      <trkpt lat="44.421453" lon="8.530600"><ele>903.0</ele></trkpt>
      <trkpt lat="44.421477" lon="8.530596"><ele>903.2</ele></trkpt>
      <trkpt lat="44.421506" lon="8.530591"><ele>903.4</ele></trkpt>
      <trkpt lat="44.421529" lon="8.530577"><ele>903.4</ele></trkpt>
      <trkpt lat="44.421542" lon="8.530564"><ele>903.6</ele></trkpt>
      <trkpt lat="44.421556" lon="8.530551"><ele>903.8</ele></trkpt>
      <trkpt lat="44.421570" lon="8.530542"><ele>904.0</ele></trkpt>
      <trkpt lat="44.421584" lon="8.530534"><ele>904.2</ele></trkpt>
      <trkpt lat="44.421599" lon="8.530530"><ele>904.4</ele></trkpt>
      <trkpt lat="44.421613" lon="8.530522"><ele>904.6</ele></trkpt>
      <trkpt lat="44.421632" lon="8.530519"><ele>904.8</ele></trkpt>
      <trkpt lat="44.421648" lon="8.530507"><ele>904.8</ele></trkpt>
      <trkpt lat="44.421669" lon="8.530493"><ele>905.0</ele></trkpt>
      <trkpt lat="44.421685" lon="8.530484"><ele>905.2</ele></trkpt>
      <trkpt lat="44.421699" lon="8.530477"><ele>905.2</ele></trkpt>
      <trkpt lat="44.421712" lon="8.530474"><ele>905.4</ele></trkpt>
      <trkpt lat="44.421726" lon="8.530470"><ele>905.4</ele></trkpt>
      <trkpt lat="44.421741" lon="8.530470"><ele>905.6</ele></trkpt>
      <trkpt lat="44.421756" lon="8.530466"><ele>905.6</ele></trkpt>
      <trkpt lat="44.421773" lon="8.530470"><ele>905.8</ele></trkpt>
      <trkpt lat="44.421789" lon="8.530478"><ele>905.8</ele></trkpt>
      <trkpt lat="44.421802" lon="8.530489"><ele>906.0</ele></trkpt>
      <trkpt lat="44.421813" lon="8.530501"><ele>906.2</ele></trkpt>
      <trkpt lat="44.421824" lon="8.530513"><ele>906.4</ele></trkpt>
      <trkpt lat="44.421837" lon="8.530534"><ele>906.6</ele></trkpt>
      <trkpt lat="44.421845" lon="8.530554"><ele>906.8</ele></trkpt>
      <trkpt lat="44.421856" lon="8.530578"><ele>907.0</ele></trkpt>
      <trkpt lat="44.421867" lon="8.530602"><ele>907.2</ele></trkpt>
      <trkpt lat="44.421885" lon="8.530636"><ele>907.4</ele></trkpt>
      <trkpt lat="44.421898" lon="8.530668"><ele>907.6</ele></trkpt>
      <trkpt lat="44.421908" lon="8.530696"><ele>907.8</ele></trkpt>
      <trkpt lat="44.421917" lon="8.530721"><ele>907.8</ele></trkpt>
      <trkpt lat="44.421921" lon="8.530744"><ele>908.0</ele></trkpt>
      <trkpt lat="44.421929" lon="8.530769"><ele>908.2</ele></trkpt>
      <trkpt lat="44.421937" lon="8.530788"><ele>908.4</ele></trkpt>
      <trkpt lat="44.421942" lon="8.530808"><ele>908.6</ele></trkpt>
      <trkpt lat="44.421944" lon="8.530827"><ele>908.8</ele></trkpt>
      <trkpt lat="44.421948" lon="8.530844"><ele>909.0</ele></trkpt>
      <trkpt lat="44.421955" lon="8.530852"><ele>909.0</ele></trkpt>
      <trkpt lat="44.421960" lon="8.530870"><ele>909.2</ele></trkpt>
      <trkpt lat="44.421964" lon="8.530891"><ele>909.2</ele></trkpt>
      <trkpt lat="44.421973" lon="8.530909"><ele>909.4</ele></trkpt>
      <trkpt lat="44.421982" lon="8.530927"><ele>909.4</ele></trkpt>
      <trkpt lat="44.421989" lon="8.530946"><ele>909.6</ele></trkpt>
      <trkpt lat="44.421996" lon="8.530961"><ele>909.8</ele></trkpt>
      <trkpt lat="44.422002" lon="8.530980"><ele>910.0</ele></trkpt>
      <trkpt lat="44.422007" lon="8.530993"><ele>910.2</ele></trkpt>
      <trkpt lat="44.422014" lon="8.531012"><ele>910.2</ele></trkpt>
      <trkpt lat="44.422023" lon="8.531024"><ele>910.4</ele></trkpt>
      <trkpt lat="44.422033" lon="8.531036"><ele>910.6</ele></trkpt>
      <trkpt lat="44.422044" lon="8.531047"><ele>910.8</ele></trkpt>
      <trkpt lat="44.422053" lon="8.531059"><ele>910.8</ele></trkpt>
      <trkpt lat="44.422062" lon="8.531074"><ele>911.0</ele></trkpt>
      <trkpt lat="44.422070" lon="8.531089"><ele>911.0</ele></trkpt>
      <trkpt lat="44.422077" lon="8.531105"><ele>911.2</ele></trkpt>
      <trkpt lat="44.422087" lon="8.531123"><ele>911.2</ele></trkpt>
      <trkpt lat="44.422099" lon="8.531140"><ele>911.4</ele></trkpt>
      <trkpt lat="44.422108" lon="8.531160"><ele>911.6</ele></trkpt>
      <trkpt lat="44.422117" lon="8.531179"><ele>911.8</ele></trkpt>
      <trkpt lat="44.422130" lon="8.531195"><ele>912.0</ele></trkpt>
      <trkpt lat="44.422146" lon="8.531211"><ele>912.2</ele></trkpt>
      <trkpt lat="44.422162" lon="8.531233"><ele>912.4</ele></trkpt>
      <trkpt lat="44.422173" lon="8.531255"><ele>912.4</ele></trkpt>
      <trkpt lat="44.422188" lon="8.531281"><ele>912.6</ele></trkpt>
      <trkpt lat="44.422200" lon="8.531297"><ele>912.8</ele></trkpt>
      <trkpt lat="44.422214" lon="8.531314"><ele>913.0</ele></trkpt>
      <trkpt lat="44.422221" lon="8.531329"><ele>913.2</ele></trkpt>
      <trkpt lat="44.422231" lon="8.531343"><ele>913.6</ele></trkpt>
      <trkpt lat="44.422238" lon="8.531356"><ele>913.8</ele></trkpt>
      <trkpt lat="44.422251" lon="8.531372"><ele>914.0</ele></trkpt>
      <trkpt lat="44.422261" lon="8.531386"><ele>914.2</ele></trkpt>
      <trkpt lat="44.422273" lon="8.531403"><ele>914.4</ele></trkpt>
      <trkpt lat="44.422285" lon="8.531419"><ele>914.4</ele></trkpt>
      <trkpt lat="44.422296" lon="8.531431"><ele>914.6</ele></trkpt>
      <trkpt lat="44.422309" lon="8.531441"><ele>914.8</ele></trkpt>
      <trkpt lat="44.422318" lon="8.531456"><ele>914.8</ele></trkpt>
      <trkpt lat="44.422326" lon="8.531472"><ele>915.0</ele></trkpt>
      <trkpt lat="44.422337" lon="8.531480"><ele>915.0</ele></trkpt>
      <trkpt lat="44.422349" lon="8.531497"><ele>915.2</ele></trkpt>
      <trkpt lat="44.422360" lon="8.531509"><ele>915.4</ele></trkpt>
      <trkpt lat="44.422368" lon="8.531520"><ele>915.4</ele></trkpt>
      <trkpt lat="44.422374" lon="8.531532"><ele>915.6</ele></trkpt>
      <trkpt lat="44.422385" lon="8.531549"><ele>915.8</ele></trkpt>
      <trkpt lat="44.422396" lon="8.531565"><ele>915.8</ele></trkpt>
      <trkpt lat="44.422407" lon="8.531588"><ele>916.0</ele></trkpt>
      <trkpt lat="44.422420" lon="8.531612"><ele>916.2</ele></trkpt>
      <trkpt lat="44.422431" lon="8.531633"><ele>916.4</ele></trkpt>
      <trkpt lat="44.422443" lon="8.531650"><ele>916.6</ele></trkpt>
      <trkpt lat="44.422452" lon="8.531670"><ele>916.8</ele></trkpt>
      <trkpt lat="44.422463" lon="8.531686"><ele>917.0</ele></trkpt>
      <trkpt lat="44.422475" lon="8.531703"><ele>917.2</ele></trkpt>
      <trkpt lat="44.422486" lon="8.531718"><ele>917.4</ele></trkpt>
      <trkpt lat="44.422496" lon="8.531735"><ele>917.6</ele></trkpt>
      <trkpt lat="44.422504" lon="8.531751"><ele>917.6</ele></trkpt>
      <trkpt lat="44.422513" lon="8.531767"><ele>917.8</ele></trkpt>
      <trkpt lat="44.422523" lon="8.531783"><ele>918.0</ele></trkpt>
      <trkpt lat="44.422530" lon="8.531798"><ele>918.0</ele></trkpt>
      <trkpt lat="44.422538" lon="8.531812"><ele>918.2</ele></trkpt>
      <trkpt lat="44.422546" lon="8.531825"><ele>918.4</ele></trkpt>
      <trkpt lat="44.422557" lon="8.531841"><ele>918.6</ele></trkpt>
      <trkpt lat="44.422566" lon="8.531860"><ele>918.6</ele></trkpt>
      <trkpt lat="44.422574" lon="8.531880"><ele>918.8</ele></trkpt>
      <trkpt lat="44.422581" lon="8.531899"><ele>919.0</ele></trkpt>
      <trkpt lat="44.422591" lon="8.531915"><ele>919.2</ele></trkpt>
      <trkpt lat="44.422599" lon="8.531927"><ele>919.4</ele></trkpt>
      <trkpt lat="44.422606" lon="8.531936"><ele>919.6</ele></trkpt>
      <trkpt lat="44.422615" lon="8.531947"><ele>919.6</ele></trkpt>
      <trkpt lat="44.422621" lon="8.531960"><ele>919.8</ele></trkpt>
      <trkpt lat="44.422630" lon="8.531973"><ele>920.0</ele></trkpt>
      <trkpt lat="44.422640" lon="8.531987"><ele>920.2</ele></trkpt>
      <trkpt lat="44.422650" lon="8.532004"><ele>920.2</ele></trkpt>
      <trkpt lat="44.422660" lon="8.532026"><ele>920.4</ele></trkpt>
      <trkpt lat="44.422671" lon="8.532046"><ele>920.6</ele></trkpt>
      <trkpt lat="44.422676" lon="8.532070"><ele>920.8</ele></trkpt>
      <trkpt lat="44.422677" lon="8.532094"><ele>921.0</ele></trkpt>
      <trkpt lat="44.422676" lon="8.532120"><ele>921.2</ele></trkpt>
      <trkpt lat="44.422674" lon="8.532152"><ele>921.2</ele></trkpt>
      <trkpt lat="44.422673" lon="8.532174"><ele>921.4</ele></trkpt>
      <trkpt lat="44.422667" lon="8.532193"><ele>921.6</ele></trkpt>
      <trkpt lat="44.422659" lon="8.532214"><ele>921.8</ele></trkpt>
      <trkpt lat="44.422647" lon="8.532232"><ele>922.0</ele></trkpt>
      <trkpt lat="44.422637" lon="8.532249"><ele>922.4</ele></trkpt>
      <trkpt lat="44.422625" lon="8.532259"><ele>922.6</ele></trkpt>
      <trkpt lat="44.422613" lon="8.532266"><ele>922.8</ele></trkpt>
      <trkpt lat="44.422598" lon="8.532272"><ele>923.0</ele></trkpt>
      <trkpt lat="44.422584" lon="8.532280"><ele>923.2</ele></trkpt>
      <trkpt lat="44.422571" lon="8.532289"><ele>923.4</ele></trkpt>
      <trkpt lat="44.422555" lon="8.532292"><ele>923.6</ele></trkpt>
      <trkpt lat="44.422538" lon="8.532295"><ele>923.8</ele></trkpt>
      <trkpt lat="44.422520" lon="8.532292"><ele>924.0</ele></trkpt>
      <trkpt lat="44.422500" lon="8.532290"><ele>924.2</ele></trkpt>
      <trkpt lat="44.422482" lon="8.532290"><ele>924.4</ele></trkpt>
      <trkpt lat="44.422464" lon="8.532289"><ele>924.6</ele></trkpt>
      <trkpt lat="44.422448" lon="8.532289"><ele>924.8</ele></trkpt>
      <trkpt lat="44.422429" lon="8.532288"><ele>924.8</ele></trkpt>
      <trkpt lat="44.422411" lon="8.532285"><ele>925.0</ele></trkpt>
      <trkpt lat="44.422394" lon="8.532287"><ele>925.2</ele></trkpt>
      <trkpt lat="44.422376" lon="8.532286"><ele>925.4</ele></trkpt>
      <trkpt lat="44.422360" lon="8.532279"><ele>925.4</ele></trkpt>
      <trkpt lat="44.422347" lon="8.532274"><ele>925.6</ele></trkpt>
      <trkpt lat="44.422336" lon="8.532272"><ele>925.8</ele></trkpt>
      <trkpt lat="44.422320" lon="8.532274"><ele>925.8</ele></trkpt>
      <trkpt lat="44.422307" lon="8.532275"><ele>926.0</ele></trkpt>
      <trkpt lat="44.422286" lon="8.532281"><ele>926.2</ele></trkpt>
      <trkpt lat="44.422272" lon="8.532278"><ele>926.4</ele></trkpt>
      <trkpt lat="44.422254" lon="8.532279"><ele>926.4</ele></trkpt>
      <trkpt lat="44.422236" lon="8.532280"><ele>926.6</ele></trkpt>
      <trkpt lat="44.422224" lon="8.532287"><ele>926.8</ele></trkpt>
      <trkpt lat="44.422206" lon="8.532290"><ele>927.0</ele></trkpt>
      <trkpt lat="44.422196" lon="8.532297"><ele>927.2</ele></trkpt>
      <trkpt lat="44.422183" lon="8.532303"><ele>927.2</ele></trkpt>
      <trkpt lat="44.422170" lon="8.532311"><ele>927.4</ele></trkpt>
      <trkpt lat="44.422156" lon="8.532314"><ele>927.6</ele></trkpt>
      <trkpt lat="44.422140" lon="8.532319"><ele>927.8</ele></trkpt>
      <trkpt lat="44.422120" lon="8.532323"><ele>927.8</ele></trkpt>
      <trkpt lat="44.422103" lon="8.532325"><ele>928.0</ele></trkpt>
      <trkpt lat="44.422086" lon="8.532336"><ele>928.2</ele></trkpt>
      <trkpt lat="44.422069" lon="8.532343"><ele>928.4</ele></trkpt>
      <trkpt lat="44.422053" lon="8.532356"><ele>928.6</ele></trkpt>
      <trkpt lat="44.422035" lon="8.532373"><ele>928.8</ele></trkpt>
      <trkpt lat="44.422025" lon="8.532389"><ele>929.2</ele></trkpt>
      <trkpt lat="44.422009" lon="8.532404"><ele>929.4</ele></trkpt>
      <trkpt lat="44.421993" lon="8.532421"><ele>929.6</ele></trkpt>
      <trkpt lat="44.421981" lon="8.532435"><ele>929.8</ele></trkpt>
      <trkpt lat="44.421974" lon="8.532451"><ele>930.0</ele></trkpt>
      <trkpt lat="44.421965" lon="8.532468"><ele>930.2</ele></trkpt>
      <trkpt lat="44.421956" lon="8.532486"><ele>930.4</ele></trkpt>
      <trkpt lat="44.421948" lon="8.532506"><ele>930.6</ele></trkpt>
      <trkpt lat="44.421941" lon="8.532526"><ele>930.6</ele></trkpt>
      <trkpt lat="44.421934" lon="8.532548"><ele>930.8</ele></trkpt>
      <trkpt lat="44.421927" lon="8.532567"><ele>930.8</ele></trkpt>
      <trkpt lat="44.421922" lon="8.532589"><ele>931.0</ele></trkpt>
      <trkpt lat="44.421922" lon="8.532607"><ele>931.2</ele></trkpt>
      <trkpt lat="44.421920" lon="8.532625"><ele>931.4</ele></trkpt>
      <trkpt lat="44.421921" lon="8.532640"><ele>931.4</ele></trkpt>
      <trkpt lat="44.421917" lon="8.532659"><ele>931.6</ele></trkpt>
      <trkpt lat="44.421919" lon="8.532679"><ele>931.8</ele></trkpt>
      <trkpt lat="44.421919" lon="8.532700"><ele>932.0</ele></trkpt>
      <trkpt lat="44.421918" lon="8.532719"><ele>932.0</ele></trkpt>
      <trkpt lat="44.421915" lon="8.532739"><ele>932.2</ele></trkpt>
      <trkpt lat="44.421916" lon="8.532760"><ele>932.4</ele></trkpt>
      <trkpt lat="44.421917" lon="8.532783"><ele>932.6</ele></trkpt>
      <trkpt lat="44.421916" lon="8.532807"><ele>932.6</ele></trkpt>
      <trkpt lat="44.421914" lon="8.532829"><ele>932.8</ele></trkpt>
      <trkpt lat="44.421914" lon="8.532855"><ele>933.0</ele></trkpt>
      <trkpt lat="44.421912" lon="8.532880"><ele>933.2</ele></trkpt>
      <trkpt lat="44.421912" lon="8.532907"><ele>933.2</ele></trkpt>
      <trkpt lat="44.421913" lon="8.532935"><ele>933.4</ele></trkpt>
      <trkpt lat="44.421910" lon="8.532953"><ele>933.6</ele></trkpt>
      <trkpt lat="44.421908" lon="8.532973"><ele>933.6</ele></trkpt>
      <trkpt lat="44.421906" lon="8.532992"><ele>933.8</ele></trkpt>
      <trkpt lat="44.421907" lon="8.533008"><ele>934.0</ele></trkpt>
      <trkpt lat="44.421907" lon="8.533024"><ele>934.2</ele></trkpt>
      <trkpt lat="44.421903" lon="8.533040"><ele>934.4</ele></trkpt>
      <trkpt lat="44.421904" lon="8.533058"><ele>934.4</ele></trkpt>
      <trkpt lat="44.421905" lon="8.533077"><ele>934.6</ele></trkpt>
      <trkpt lat="44.421906" lon="8.533099"><ele>934.6</ele></trkpt>
      <trkpt lat="44.421907" lon="8.533121"><ele>934.8</ele></trkpt>
      <trkpt lat="44.421909" lon="8.533147"><ele>935.0</ele></trkpt>
      <trkpt lat="44.421911" lon="8.533170"><ele>935.0</ele></trkpt>
      <trkpt lat="44.421913" lon="8.533190"><ele>935.2</ele></trkpt>
      <trkpt lat="44.421918" lon="8.533216"><ele>935.4</ele></trkpt>
      <trkpt lat="44.421925" lon="8.533237"><ele>935.4</ele></trkpt>
      <trkpt lat="44.421930" lon="8.533259"><ele>935.6</ele></trkpt>
      <trkpt lat="44.421936" lon="8.533278"><ele>935.8</ele></trkpt>
      <trkpt lat="44.421948" lon="8.533295"><ele>935.8</ele></trkpt>
      <trkpt lat="44.421958" lon="8.533315"><ele>936.0</ele></trkpt>
      <trkpt lat="44.421968" lon="8.533333"><ele>936.2</ele></trkpt>
      <trkpt lat="44.421978" lon="8.533348"><ele>936.4</ele></trkpt>
      <trkpt lat="44.421987" lon="8.533358"><ele>936.6</ele></trkpt>
      <trkpt lat="44.421996" lon="8.533374"><ele>936.8</ele></trkpt>
      <trkpt lat="44.422005" lon="8.533393"><ele>936.8</ele></trkpt>
      <trkpt lat="44.422013" lon="8.533412"><ele>937.0</ele></trkpt>
      <trkpt lat="44.422025" lon="8.533426"><ele>937.0</ele></trkpt>
      <trkpt lat="44.422034" lon="8.533440"><ele>937.0</ele></trkpt>
      <trkpt lat="44.422043" lon="8.533460"><ele>937.2</ele></trkpt>
      <trkpt lat="44.422052" lon="8.533480"><ele>937.2</ele></trkpt>
      <trkpt lat="44.422061" lon="8.533501"><ele>937.2</ele></trkpt>
      <trkpt lat="44.422069" lon="8.533522"><ele>937.4</ele></trkpt>
      <trkpt lat="44.422077" lon="8.533542"><ele>937.6</ele></trkpt>
      <trkpt lat="44.422085" lon="8.533562"><ele>937.6</ele></trkpt>
      <trkpt lat="44.422093" lon="8.533582"><ele>937.8</ele></trkpt>
      <trkpt lat="44.422102" lon="8.533601"><ele>938.0</ele></trkpt>
      <trkpt lat="44.422111" lon="8.533616"><ele>938.2</ele></trkpt>
      <trkpt lat="44.422120" lon="8.533637"><ele>938.4</ele></trkpt>
      <trkpt lat="44.422131" lon="8.533656"><ele>938.6</ele></trkpt>
      <trkpt lat="44.422145" lon="8.533673"><ele>938.6</ele></trkpt>
      <trkpt lat="44.422154" lon="8.533692"><ele>938.8</ele></trkpt>
      <trkpt lat="44.422164" lon="8.533709"><ele>939.0</ele></trkpt>
      <trkpt lat="44.422175" lon="8.533728"><ele>939.2</ele></trkpt>
      <trkpt lat="44.422182" lon="8.533744"><ele>939.4</ele></trkpt>
      <trkpt lat="44.422191" lon="8.533762"><ele>939.6</ele></trkpt>
      <trkpt lat="44.422206" lon="8.533785"><ele>939.8</ele></trkpt>
      <trkpt lat="44.422214" lon="8.533809"><ele>940.0</ele></trkpt>
      <trkpt lat="44.422220" lon="8.533833"><ele>940.2</ele></trkpt>
      <trkpt lat="44.422228" lon="8.533862"><ele>940.4</ele></trkpt>
      <trkpt lat="44.422234" lon="8.533887"><ele>940.4</ele></trkpt>
      <trkpt lat="44.422243" lon="8.533915"><ele>940.6</ele></trkpt>
      <trkpt lat="44.422251" lon="8.533931"><ele>941.0</ele></trkpt>
      <trkpt lat="44.422258" lon="8.533947"><ele>941.2</ele></trkpt>
      <trkpt lat="44.422261" lon="8.533962"><ele>941.4</ele></trkpt>
      <trkpt lat="44.422263" lon="8.533979"><ele>941.6</ele></trkpt>
      <trkpt lat="44.422264" lon="8.534001"><ele>941.8</ele></trkpt>
      <trkpt lat="44.422265" lon="8.534022"><ele>941.8</ele></trkpt>
      <trkpt lat="44.422267" lon="8.534045"><ele>942.0</ele></trkpt>
      <trkpt lat="44.422269" lon="8.534067"><ele>942.0</ele></trkpt>
      <trkpt lat="44.422269" lon="8.534092"><ele>942.2</ele></trkpt>
      <trkpt lat="44.422269" lon="8.534116"><ele>942.2</ele></trkpt>
      <trkpt lat="44.422268" lon="8.534138"><ele>942.4</ele></trkpt>
      <trkpt lat="44.422265" lon="8.534159"><ele>942.6</ele></trkpt>
      <trkpt lat="44.422266" lon="8.534178"><ele>942.8</ele></trkpt>
      <trkpt lat="44.422263" lon="8.534199"><ele>943.0</ele></trkpt>
      <trkpt lat="44.422260" lon="8.534219"><ele>943.2</ele></trkpt>
      <trkpt lat="44.422257" lon="8.534236"><ele>943.2</ele></trkpt>
      <trkpt lat="44.422254" lon="8.534258"><ele>943.4</ele></trkpt>
      <trkpt lat="44.422250" lon="8.534279"><ele>943.6</ele></trkpt>
      <trkpt lat="44.422246" lon="8.534299"><ele>943.8</ele></trkpt>
      <trkpt lat="44.422240" lon="8.534319"><ele>944.0</ele></trkpt>
      <trkpt lat="44.422235" lon="8.534338"><ele>944.2</ele></trkpt>
      <trkpt lat="44.422228" lon="8.534359"><ele>944.4</ele></trkpt>
      <trkpt lat="44.422226" lon="8.534378"><ele>944.6</ele></trkpt>
      <trkpt lat="44.422220" lon="8.534398"><ele>944.8</ele></trkpt>
      <trkpt lat="44.422217" lon="8.534417"><ele>945.0</ele></trkpt>
      <trkpt lat="44.422215" lon="8.534441"><ele>945.2</ele></trkpt>
      <trkpt lat="44.422213" lon="8.534466"><ele>945.4</ele></trkpt>
      <trkpt lat="44.422208" lon="8.534485"><ele>945.6</ele></trkpt>
      <trkpt lat="44.422204" lon="8.534507"><ele>945.8</ele></trkpt>
      <trkpt lat="44.422202" lon="8.534528"><ele>946.0</ele></trkpt>
      <trkpt lat="44.422200" lon="8.534550"><ele>946.4</ele></trkpt>
      <trkpt lat="44.422198" lon="8.534574"><ele>946.6</ele></trkpt>
      <trkpt lat="44.422199" lon="8.534597"><ele>946.8</ele></trkpt>
      <trkpt lat="44.422200" lon="8.534620"><ele>947.0</ele></trkpt>
      <trkpt lat="44.422204" lon="8.534643"><ele>947.2</ele></trkpt>
      <trkpt lat="44.422210" lon="8.534667"><ele>947.2</ele></trkpt>
      <trkpt lat="44.422220" lon="8.534694"><ele>947.4</ele></trkpt>
      <trkpt lat="44.422228" lon="8.534721"><ele>947.6</ele></trkpt>
      <trkpt lat="44.422238" lon="8.534744"><ele>947.8</ele></trkpt>
      <trkpt lat="44.422247" lon="8.534763"><ele>948.0</ele></trkpt>
      <trkpt lat="44.422256" lon="8.534783"><ele>948.0</ele></trkpt>
      <trkpt lat="44.422267" lon="8.534805"><ele>948.2</ele></trkpt>
      <trkpt lat="44.422278" lon="8.534828"><ele>948.4</ele></trkpt>
      <trkpt lat="44.422286" lon="8.534852"><ele>948.4</ele></trkpt>
      <trkpt lat="44.422295" lon="8.534879"><ele>948.6</ele></trkpt>
      <trkpt lat="44.422307" lon="8.534899"><ele>948.8</ele></trkpt>
      <trkpt lat="44.422317" lon="8.534919"><ele>949.0</ele></trkpt>
      <trkpt lat="44.422324" lon="8.534934"><ele>949.2</ele></trkpt>
      <trkpt lat="44.422337" lon="8.534946"><ele>949.4</ele></trkpt>
      <trkpt lat="44.422345" lon="8.534962"><ele>949.4</ele></trkpt>
      <trkpt lat="44.422352" lon="8.534980"><ele>949.6</ele></trkpt>
      <trkpt lat="44.422363" lon="8.535003"><ele>949.8</ele></trkpt>
      <trkpt lat="44.422374" lon="8.535027"><ele>950.0</ele></trkpt>
      <trkpt lat="44.422386" lon="8.535053"><ele>950.0</ele></trkpt>
      <trkpt lat="44.422396" lon="8.535081"><ele>950.2</ele></trkpt>
      <trkpt lat="44.422408" lon="8.535102"><ele>950.4</ele></trkpt>
      <trkpt lat="44.422421" lon="8.535119"><ele>950.4</ele></trkpt>
      <trkpt lat="44.422432" lon="8.535140"><ele>950.6</ele></trkpt>
      <trkpt lat="44.422439" lon="8.535162"><ele>950.8</ele></trkpt>
      <trkpt lat="44.422446" lon="8.535185"><ele>951.0</ele></trkpt>
      <trkpt lat="44.422454" lon="8.535208"><ele>951.2</ele></trkpt>
      <trkpt lat="44.422462" lon="8.535229"><ele>951.4</ele></trkpt>
      <trkpt lat="44.422470" lon="8.535252"><ele>951.4</ele></trkpt>
      <trkpt lat="44.422477" lon="8.535274"><ele>951.6</ele></trkpt>
      <trkpt lat="44.422486" lon="8.535291"><ele>951.8</ele></trkpt>
      <trkpt lat="44.422495" lon="8.535311"><ele>952.0</ele></trkpt>
      <trkpt lat="44.422501" lon="8.535329"><ele>952.2</ele></trkpt>
      <trkpt lat="44.422507" lon="8.535348"><ele>952.4</ele></trkpt>
      <trkpt lat="44.422515" lon="8.535367"><ele>952.6</ele></trkpt>
      <trkpt lat="44.422523" lon="8.535390"><ele>952.8</ele></trkpt>
      <trkpt lat="44.422533" lon="8.535408"><ele>953.0</ele></trkpt>
      <trkpt lat="44.422542" lon="8.535434"><ele>953.2</ele></trkpt>
      <trkpt lat="44.422555" lon="8.535461"><ele>953.4</ele></trkpt>
      <trkpt lat="44.422564" lon="8.535484"><ele>953.6</ele></trkpt>
      <trkpt lat="44.422570" lon="8.535508"><ele>953.6</ele></trkpt>
      <trkpt lat="44.422579" lon="8.535533"><ele>953.8</ele></trkpt>
      <trkpt lat="44.422589" lon="8.535565"><ele>954.0</ele></trkpt>
      <trkpt lat="44.422596" lon="8.535598"><ele>954.0</ele></trkpt>
      <trkpt lat="44.422605" lon="8.535630"><ele>954.2</ele></trkpt>
      <trkpt lat="44.422612" lon="8.535661"><ele>954.2</ele></trkpt>
      <trkpt lat="44.422618" lon="8.535688"><ele>954.4</ele></trkpt>
      <trkpt lat="44.422623" lon="8.535712"><ele>954.6</ele></trkpt>
      <trkpt lat="44.422624" lon="8.535737"><ele>954.8</ele></trkpt>
      <trkpt lat="44.422625" lon="8.535767"><ele>955.0</ele></trkpt>
      <trkpt lat="44.422628" lon="8.535791"><ele>955.2</ele></trkpt>
      <trkpt lat="44.422631" lon="8.535807"><ele>955.4</ele></trkpt>
      <trkpt lat="44.422634" lon="8.535833"><ele>955.4</ele></trkpt>
      <trkpt lat="44.422640" lon="8.535862"><ele>955.6</ele></trkpt>
      <trkpt lat="44.422647" lon="8.535890"><ele>955.8</ele></trkpt>
      <trkpt lat="44.422651" lon="8.535924"><ele>956.0</ele></trkpt>
      <trkpt lat="44.422657" lon="8.535956"><ele>956.0</ele></trkpt>
      <trkpt lat="44.422658" lon="8.535982"><ele>956.2</ele></trkpt>
      <trkpt lat="44.422658" lon="8.536005"><ele>956.4</ele></trkpt>
      <trkpt lat="44.422656" lon="8.536025"><ele>956.6</ele></trkpt>
      <trkpt lat="44.422655" lon="8.536044"><ele>956.6</ele></trkpt>
      <trkpt lat="44.422650" lon="8.536064"><ele>956.8</ele></trkpt>
      <trkpt lat="44.422649" lon="8.536082"><ele>957.0</ele></trkpt>
      <trkpt lat="44.422644" lon="8.536104"><ele>957.2</ele></trkpt>
      <trkpt lat="44.422641" lon="8.536123"><ele>957.4</ele></trkpt>
      <trkpt lat="44.422632" lon="8.536143"><ele>957.6</ele></trkpt>
      <trkpt lat="44.422623" lon="8.536160"><ele>957.8</ele></trkpt>
      <trkpt lat="44.422615" lon="8.536175"><ele>958.0</ele></trkpt>
      <trkpt lat="44.422606" lon="8.536191"><ele>958.2</ele></trkpt>
      <trkpt lat="44.422597" lon="8.536206"><ele>958.4</ele></trkpt>
      <trkpt lat="44.422590" lon="8.536227"><ele>958.6</ele></trkpt>
      <trkpt lat="44.422580" lon="8.536245"><ele>958.8</ele></trkpt>
      <trkpt lat="44.422567" lon="8.536264"><ele>959.0</ele></trkpt>
      <trkpt lat="44.422557" lon="8.536282"><ele>959.0</ele></trkpt>
      <trkpt lat="44.422549" lon="8.536298"><ele>959.2</ele></trkpt>
      <trkpt lat="44.422542" lon="8.536319"><ele>959.4</ele></trkpt>
      <trkpt lat="44.422531" lon="8.536338"><ele>959.6</ele></trkpt>
      <trkpt lat="44.422522" lon="8.536362"><ele>959.8</ele></trkpt>
      <trkpt lat="44.422515" lon="8.536380"><ele>960.0</ele></trkpt>
      <trkpt lat="44.422505" lon="8.536399"><ele>960.0</ele></trkpt>
      <trkpt lat="44.422499" lon="8.536419"><ele>960.2</ele></trkpt>
      <trkpt lat="44.422484" lon="8.536437"><ele>960.4</ele></trkpt>
      <trkpt lat="44.422472" lon="8.536461"><ele>960.6</ele></trkpt>
      <trkpt lat="44.422460" lon="8.536484"><ele>960.8</ele></trkpt>
      <trkpt lat="44.422451" lon="8.536511"><ele>960.8</ele></trkpt>
      <trkpt lat="44.422441" lon="8.536532"><ele>961.0</ele></trkpt>
      <trkpt lat="44.422426" lon="8.536548"><ele>961.2</ele></trkpt>
      <trkpt lat="44.422416" lon="8.536567"><ele>961.2</ele></trkpt>
      <trkpt lat="44.422409" lon="8.536588"><ele>961.4</ele></trkpt>
      <trkpt lat="44.422397" lon="8.536606"><ele>961.6</ele></trkpt>
      <trkpt lat="44.422387" lon="8.536628"><ele>961.8</ele></trkpt>
      <trkpt lat="44.422381" lon="8.536647"><ele>962.0</ele></trkpt>
      <trkpt lat="44.422376" lon="8.536665"><ele>962.2</ele></trkpt>
      <trkpt lat="44.422366" lon="8.536684"><ele>962.2</ele></trkpt>
      <trkpt lat="44.422356" lon="8.536700"><ele>962.4</ele></trkpt>
      <trkpt lat="44.422347" lon="8.536723"><ele>962.6</ele></trkpt>
      <trkpt lat="44.422336" lon="8.536744"><ele>962.8</ele></trkpt>
      <trkpt lat="44.422328" lon="8.536774"><ele>963.0</ele></trkpt>
      <trkpt lat="44.422320" lon="8.536797"><ele>963.2</ele></trkpt>
      <trkpt lat="44.422317" lon="8.536818"><ele>963.4</ele></trkpt>
      <trkpt lat="44.422315" lon="8.536845"><ele>963.6</ele></trkpt>
      <trkpt lat="44.422312" lon="8.536866"><ele>963.6</ele></trkpt>
      <trkpt lat="44.422315" lon="8.536890"><ele>963.8</ele></trkpt>
      <trkpt lat="44.422316" lon="8.536915"><ele>963.8</ele></trkpt>
      <trkpt lat="44.422315" lon="8.536945"><ele>964.0</ele></trkpt>
      <trkpt lat="44.422314" lon="8.536977"><ele>964.2</ele></trkpt>
      <trkpt lat="44.422318" lon="8.537008"><ele>964.2</ele></trkpt>
      <trkpt lat="44.422320" lon="8.537037"><ele>964.4</ele></trkpt>
      <trkpt lat="44.422319" lon="8.537066"><ele>964.4</ele></trkpt>
      <trkpt lat="44.422323" lon="8.537092"><ele>964.6</ele></trkpt>
      <trkpt lat="44.422326" lon="8.537111"><ele>964.8</ele></trkpt>
      <trkpt lat="44.422328" lon="8.537131"><ele>964.8</ele></trkpt>
      <trkpt lat="44.422331" lon="8.537159"><ele>965.0</ele></trkpt>
      <trkpt lat="44.422333" lon="8.537194"><ele>965.2</ele></trkpt>
      <trkpt lat="44.422337" lon="8.537228"><ele>965.4</ele></trkpt>
      <trkpt lat="44.422343" lon="8.537257"><ele>965.6</ele></trkpt>
      <trkpt lat="44.422356" lon="8.537280"><ele>965.6</ele></trkpt>
      <trkpt lat="44.422366" lon="8.537308"><ele>965.8</ele></trkpt>
      <trkpt lat="44.422373" lon="8.537335"><ele>966.0</ele></trkpt>
      <trkpt lat="44.422384" lon="8.537351"><ele>966.2</ele></trkpt>
      <trkpt lat="44.422395" lon="8.537364"><ele>966.4</ele></trkpt>
      <trkpt lat="44.422401" lon="8.537382"><ele>966.6</ele></trkpt>
      <trkpt lat="44.422407" lon="8.537402"><ele>966.8</ele></trkpt>
      <trkpt lat="44.422416" lon="8.537422"><ele>967.0</ele></trkpt>
      <trkpt lat="44.422428" lon="8.537445"><ele>967.2</ele></trkpt>
      <trkpt lat="44.422435" lon="8.537473"><ele>967.4</ele></trkpt>
      <trkpt lat="44.422446" lon="8.537493"><ele>967.4</ele></trkpt>
      <trkpt lat="44.422451" lon="8.537513"><ele>967.6</ele></trkpt>
      <trkpt lat="44.422462" lon="8.537535"><ele>967.8</ele></trkpt>
      <trkpt lat="44.422472" lon="8.537560"><ele>967.8</ele></trkpt>
      <trkpt lat="44.422485" lon="8.537583"><ele>968.0</ele></trkpt>
      <trkpt lat="44.422497" lon="8.537604"><ele>968.2</ele></trkpt>
      <trkpt lat="44.422510" lon="8.537627"><ele>968.4</ele></trkpt>
      <trkpt lat="44.422524" lon="8.537651"><ele>968.6</ele></trkpt>
      <trkpt lat="44.422538" lon="8.537677"><ele>968.8</ele></trkpt>
      <trkpt lat="44.422547" lon="8.537700"><ele>968.8</ele></trkpt>
      <trkpt lat="44.422558" lon="8.537718"><ele>969.0</ele></trkpt>
      <trkpt lat="44.422572" lon="8.537739"><ele>969.2</ele></trkpt>
      <trkpt lat="44.422585" lon="8.537760"><ele>969.2</ele></trkpt>
      <trkpt lat="44.422595" lon="8.537783"><ele>969.4</ele></trkpt>
      <trkpt lat="44.422603" lon="8.537802"><ele>969.6</ele></trkpt>
      <trkpt lat="44.422616" lon="8.537820"><ele>969.8</ele></trkpt>
      <trkpt lat="44.422627" lon="8.537840"><ele>970.2</ele></trkpt>
      <trkpt lat="44.422634" lon="8.537862"><ele>970.4</ele></trkpt>
      <trkpt lat="44.422644" lon="8.537885"><ele>970.6</ele></trkpt>
      <trkpt lat="44.422658" lon="8.537902"><ele>970.8</ele></trkpt>
      <trkpt lat="44.422667" lon="8.537921"><ele>971.0</ele></trkpt>
      <trkpt lat="44.422681" lon="8.537945"><ele>971.2</ele></trkpt>
      <trkpt lat="44.422690" lon="8.537967"><ele>971.4</ele></trkpt>
      <trkpt lat="44.422698" lon="8.537981"><ele>971.6</ele></trkpt>
      <trkpt lat="44.422707" lon="8.537996"><ele>971.8</ele></trkpt>
      <trkpt lat="44.422718" lon="8.538017"><ele>971.8</ele></trkpt>
      <trkpt lat="44.422726" lon="8.538039"><ele>972.0</ele></trkpt>
      <trkpt lat="44.422738" lon="8.538061"><ele>972.0</ele></trkpt>
      <trkpt lat="44.422750" lon="8.538084"><ele>972.2</ele></trkpt>
      <trkpt lat="44.422763" lon="8.538104"><ele>972.2</ele></trkpt>
      <trkpt lat="44.422772" lon="8.538125"><ele>972.4</ele></trkpt>
      <trkpt lat="44.422782" lon="8.538143"><ele>972.6</ele></trkpt>
      <trkpt lat="44.422794" lon="8.538164"><ele>972.6</ele></trkpt>
      <trkpt lat="44.422800" lon="8.538184"><ele>972.8</ele></trkpt>
      <trkpt lat="44.422807" lon="8.538210"><ele>973.0</ele></trkpt>
      <trkpt lat="44.422813" lon="8.538238"><ele>973.2</ele></trkpt>
      <trkpt lat="44.422820" lon="8.538267"><ele>973.4</ele></trkpt>
      <trkpt lat="44.422825" lon="8.538296"><ele>973.6</ele></trkpt>
      <trkpt lat="44.422829" lon="8.538326"><ele>973.6</ele></trkpt>
      <trkpt lat="44.422831" lon="8.538355"><ele>973.8</ele></trkpt>
      <trkpt lat="44.422834" lon="8.538382"><ele>974.0</ele></trkpt>
      <trkpt lat="44.422840" lon="8.538411"><ele>974.0</ele></trkpt>
      <trkpt lat="44.422845" lon="8.538434"><ele>974.2</ele></trkpt>
      <trkpt lat="44.422851" lon="8.538459"><ele>974.4</ele></trkpt>
      <trkpt lat="44.422862" lon="8.538477"><ele>974.6</ele></trkpt>
      <trkpt lat="44.422874" lon="8.538495"><ele>974.6</ele></trkpt>
      <trkpt lat="44.422889" lon="8.538509"><ele>974.8</ele></trkpt>
      <trkpt lat="44.422903" lon="8.538519"><ele>974.8</ele></trkpt>
      <trkpt lat="44.422921" lon="8.538529"><ele>975.0</ele></trkpt>
      <trkpt lat="44.422941" lon="8.538536"><ele>975.2</ele></trkpt>
      <trkpt lat="44.422960" lon="8.538539"><ele>975.6</ele></trkpt>
      <trkpt lat="44.422978" lon="8.538533"><ele>975.8</ele></trkpt>
      <trkpt lat="44.422995" lon="8.538520"><ele>976.2</ele></trkpt>
      <trkpt lat="44.423011" lon="8.538507"><ele>976.4</ele></trkpt>
      <trkpt lat="44.423026" lon="8.538493"><ele>976.6</ele></trkpt>
      <trkpt lat="44.423037" lon="8.538477"><ele>976.8</ele></trkpt>
      <trkpt lat="44.423046" lon="8.538449"><ele>977.0</ele></trkpt>
      <trkpt lat="44.423056" lon="8.538426"><ele>977.2</ele></trkpt>
      <trkpt lat="44.423064" lon="8.538407"><ele>977.4</ele></trkpt>
      <trkpt lat="44.423069" lon="8.538385"><ele>977.6</ele></trkpt>
      <trkpt lat="44.423071" lon="8.538363"><ele>977.6</ele></trkpt>
      <trkpt lat="44.423073" lon="8.538340"><ele>978.0</ele></trkpt>
      <trkpt lat="44.423078" lon="8.538318"><ele>978.0</ele></trkpt>
      <trkpt lat="44.423081" lon="8.538288"><ele>978.2</ele></trkpt>
      <trkpt lat="44.423081" lon="8.538261"><ele>978.4</ele></trkpt>
      <trkpt lat="44.423088" lon="8.538237"><ele>978.6</ele></trkpt>
      <trkpt lat="44.423093" lon="8.538209"><ele>978.8</ele></trkpt>
      <trkpt lat="44.423100" lon="8.538180"><ele>979.0</ele></trkpt>
      <trkpt lat="44.423103" lon="8.538153"><ele>979.2</ele></trkpt>
      <trkpt lat="44.423102" lon="8.538131"><ele>979.4</ele></trkpt>
      <trkpt lat="44.423102" lon="8.538112"><ele>979.6</ele></trkpt>
      <trkpt lat="44.423104" lon="8.538082"><ele>979.8</ele></trkpt>
      <trkpt lat="44.423106" lon="8.538055"><ele>979.8</ele></trkpt>
      <trkpt lat="44.423107" lon="8.538018"><ele>980.0</ele></trkpt>
      <trkpt lat="44.423116" lon="8.537988"><ele>980.2</ele></trkpt>
      <trkpt lat="44.423124" lon="8.537956"><ele>980.4</ele></trkpt>
      <trkpt lat="44.423127" lon="8.537917"><ele>980.4</ele></trkpt>
      <trkpt lat="44.423128" lon="8.537882"><ele>980.6</ele></trkpt>
      <trkpt lat="44.423131" lon="8.537853"><ele>980.8</ele></trkpt>
      <trkpt lat="44.423130" lon="8.537824"><ele>981.0</ele></trkpt>
      <trkpt lat="44.423133" lon="8.537794"><ele>981.2</ele></trkpt>
      <trkpt lat="44.423135" lon="8.537765"><ele>981.4</ele></trkpt>
      <trkpt lat="44.423135" lon="8.537738"><ele>981.6</ele></trkpt>
      <trkpt lat="44.423136" lon="8.537717"><ele>981.8</ele></trkpt>
      <trkpt lat="44.423142" lon="8.537691"><ele>982.0</ele></trkpt>
      <trkpt lat="44.423143" lon="8.537662"><ele>982.0</ele></trkpt>
      <trkpt lat="44.423148" lon="8.537638"><ele>982.2</ele></trkpt>
      <trkpt lat="44.423153" lon="8.537610"><ele>982.4</ele></trkpt>
      <trkpt lat="44.423160" lon="8.537578"><ele>982.4</ele></trkpt>
      <trkpt lat="44.423163" lon="8.537543"><ele>982.6</ele></trkpt>
      <trkpt lat="44.423165" lon="8.537516"><ele>982.8</ele></trkpt>
      <trkpt lat="44.423171" lon="8.537491"><ele>983.0</ele></trkpt>
      <trkpt lat="44.423173" lon="8.537464"><ele>983.2</ele></trkpt>
      <trkpt lat="44.423174" lon="8.537440"><ele>983.4</ele></trkpt>
      <trkpt lat="44.423171" lon="8.537415"><ele>983.6</ele></trkpt>
      <trkpt lat="44.423173" lon="8.537386"><ele>984.0</ele></trkpt>
      <trkpt lat="44.423177" lon="8.537363"><ele>984.0</ele></trkpt>
      <trkpt lat="44.423182" lon="8.537336"><ele>984.4</ele></trkpt>
      <trkpt lat="44.423190" lon="8.537304"><ele>984.6</ele></trkpt>
      <trkpt lat="44.423194" lon="8.537277"><ele>984.8</ele></trkpt>
      <trkpt lat="44.423198" lon="8.537250"><ele>985.0</ele></trkpt>
      <trkpt lat="44.423206" lon="8.537223"><ele>985.0</ele></trkpt>
      <trkpt lat="44.423213" lon="8.537199"><ele>985.2</ele></trkpt>
      <trkpt lat="44.423219" lon="8.537172"><ele>985.4</ele></trkpt>
      <trkpt lat="44.423227" lon="8.537144"><ele>985.6</ele></trkpt>
      <trkpt lat="44.423233" lon="8.537117"><ele>985.8</ele></trkpt>
      <trkpt lat="44.423238" lon="8.537092"><ele>986.0</ele></trkpt>
      <trkpt lat="44.423243" lon="8.537070"><ele>986.2</ele></trkpt>
      <trkpt lat="44.423252" lon="8.537042"><ele>986.4</ele></trkpt>
      <trkpt lat="44.423259" lon="8.537018"><ele>986.6</ele></trkpt>
      <trkpt lat="44.423268" lon="8.536994"><ele>986.8</ele></trkpt>
      <trkpt lat="44.423280" lon="8.536972"><ele>986.8</ele></trkpt>
      <trkpt lat="44.423294" lon="8.536946"><ele>987.0</ele></trkpt>
      <trkpt lat="44.423311" lon="8.536925"><ele>987.2</ele></trkpt>
      <trkpt lat="44.423319" lon="8.536898"><ele>987.4</ele></trkpt>
      <trkpt lat="44.423324" lon="8.536876"><ele>987.6</ele></trkpt>
      <trkpt lat="44.423335" lon="8.536853"><ele>987.8</ele></trkpt>
      <trkpt lat="44.423342" lon="8.536833"><ele>988.0</ele></trkpt>
      <trkpt lat="44.423353" lon="8.536813"><ele>988.4</ele></trkpt>
      <trkpt lat="44.423361" lon="8.536791"><ele>988.6</ele></trkpt>
      <trkpt lat="44.423369" lon="8.536771"><ele>988.8</ele></trkpt>
      <trkpt lat="44.423377" lon="8.536750"><ele>989.0</ele></trkpt>
      <trkpt lat="44.423388" lon="8.536734"><ele>989.2</ele></trkpt>
      <trkpt lat="44.423393" lon="8.536716"><ele>989.4</ele></trkpt>
      <trkpt lat="44.423398" lon="8.536692"><ele>989.6</ele></trkpt>
      <trkpt lat="44.423403" lon="8.536669"><ele>989.8</ele></trkpt>
      <trkpt lat="44.423409" lon="8.536649"><ele>990.0</ele></trkpt>
      <trkpt lat="44.423416" lon="8.536626"><ele>990.0</ele></trkpt>
      <trkpt lat="44.423428" lon="8.536599"><ele>990.2</ele></trkpt>
      <trkpt lat="44.423441" lon="8.536579"><ele>990.4</ele></trkpt>
      <trkpt lat="44.423454" lon="8.536553"><ele>990.6</ele></trkpt>
      <trkpt lat="44.423469" lon="8.536524"><ele>990.8</ele></trkpt>
      <trkpt lat="44.423483" lon="8.536497"><ele>990.8</ele></trkpt>
      <trkpt lat="44.423494" lon="8.536474"><ele>991.0</ele></trkpt>
      <trkpt lat="44.423503" lon="8.536454"><ele>991.2</ele></trkpt>
      <trkpt lat="44.423511" lon="8.536432"><ele>991.4</ele></trkpt>
      <trkpt lat="44.423520" lon="8.536416"><ele>991.6</ele></trkpt>
      <trkpt lat="44.423533" lon="8.536394"><ele>991.8</ele></trkpt>
      <trkpt lat="44.423543" lon="8.536369"><ele>991.8</ele></trkpt>
      <trkpt lat="44.423553" lon="8.536349"><ele>992.0</ele></trkpt>
      <trkpt lat="44.423566" lon="8.536335"><ele>992.2</ele></trkpt>
      <trkpt lat="44.423580" lon="8.536317"><ele>992.2</ele></trkpt>
      <trkpt lat="44.423596" lon="8.536304"><ele>992.4</ele></trkpt>
      <trkpt lat="44.423609" lon="8.536289"><ele>992.6</ele></trkpt>
      <trkpt lat="44.423619" lon="8.536267"><ele>992.6</ele></trkpt>
      <trkpt lat="44.423633" lon="8.536249"><ele>992.8</ele></trkpt>
      <trkpt lat="44.423646" lon="8.536233"><ele>992.8</ele></trkpt>
      <trkpt lat="44.423659" lon="8.536222"><ele>993.0</ele></trkpt>
      <trkpt lat="44.423673" lon="8.536209"><ele>993.2</ele></trkpt>
      <trkpt lat="44.423688" lon="8.536194"><ele>993.4</ele></trkpt>
      <trkpt lat="44.423708" lon="8.536185"><ele>993.6</ele></trkpt>
      <trkpt lat="44.423724" lon="8.536171"><ele>993.8</ele></trkpt>
      <trkpt lat="44.423743" lon="8.536161"><ele>994.0</ele></trkpt>
      <trkpt lat="44.423759" lon="8.536153"><ele>994.0</ele></trkpt>
      <trkpt lat="44.423775" lon="8.536147"><ele>994.2</ele></trkpt>
      <trkpt lat="44.423792" lon="8.536134"><ele>994.4</ele></trkpt>
      <trkpt lat="44.423805" lon="8.536129"><ele>994.6</ele></trkpt>
      <trkpt lat="44.423822" lon="8.536130"><ele>994.8</ele></trkpt>
      <trkpt lat="44.423837" lon="8.536134"><ele>995.0</ele></trkpt>
      <trkpt lat="44.423853" lon="8.536139"><ele>995.2</ele></trkpt>
      <trkpt lat="44.423870" lon="8.536143"><ele>995.4</ele></trkpt>
      <trkpt lat="44.423892" lon="8.536146"><ele>995.6</ele></trkpt>
      <trkpt lat="44.423913" lon="8.536147"><ele>995.8</ele></trkpt>
      <trkpt lat="44.423935" lon="8.536154"><ele>996.0</ele></trkpt>
      <trkpt lat="44.423953" lon="8.536164"><ele>996.0</ele></trkpt>
      <trkpt lat="44.423973" lon="8.536172"><ele>996.2</ele></trkpt>
      <trkpt lat="44.423988" lon="8.536186"><ele>996.2</ele></trkpt>
      <trkpt lat="44.424005" lon="8.536203"><ele>996.4</ele></trkpt>
      <trkpt lat="44.424023" lon="8.536220"><ele>996.6</ele></trkpt>
      <trkpt lat="44.424039" lon="8.536239"><ele>996.6</ele></trkpt>
      <trkpt lat="44.424051" lon="8.536264"><ele>996.8</ele></trkpt>
      <trkpt lat="44.424066" lon="8.536294"><ele>997.0</ele></trkpt>
      <trkpt lat="44.424079" lon="8.536318"><ele>997.2</ele></trkpt>
      <trkpt lat="44.424092" lon="8.536347"><ele>997.4</ele></trkpt>
      <trkpt lat="44.424100" lon="8.536374"><ele>997.6</ele></trkpt>
      <trkpt lat="44.424108" lon="8.536401"><ele>997.8</ele></trkpt>
      <trkpt lat="44.424115" lon="8.536425"><ele>997.8</ele></trkpt>
      <trkpt lat="44.424119" lon="8.536455"><ele>998.0</ele></trkpt>
      <trkpt lat="44.424121" lon="8.536479"><ele>998.2</ele></trkpt>
      <trkpt lat="44.424126" lon="8.536505"><ele>998.4</ele></trkpt>
      <trkpt lat="44.424130" lon="8.536533"><ele>998.6</ele></trkpt>
      <trkpt lat="44.424135" lon="8.536560"><ele>998.8</ele></trkpt>
      <trkpt lat="44.424141" lon="8.536591"><ele>999.0</ele></trkpt>
      <trkpt lat="44.424147" lon="8.536623"><ele>999.2</ele></trkpt>
      <trkpt lat="44.424150" lon="8.536652"><ele>999.4</ele></trkpt>
      <trkpt lat="44.424151" lon="8.536682"><ele>999.6</ele></trkpt>
      <trkpt lat="44.424154" lon="8.536711"><ele>999.8</ele></trkpt>
      <trkpt lat="44.424159" lon="8.536741"><ele>1000.0</ele></trkpt>
      <trkpt lat="44.424166" lon="8.536771"><ele>1000.2</ele></trkpt>
      <trkpt lat="44.424173" lon="8.536800"><ele>1000.4</ele></trkpt>
      <trkpt lat="44.424180" lon="8.536830"><ele>1000.6</ele></trkpt>
      <trkpt lat="44.424188" lon="8.536862"><ele>1000.8</ele></trkpt>
      <trkpt lat="44.424194" lon="8.536891"><ele>1000.8</ele></trkpt>
      <trkpt lat="44.424202" lon="8.536920"><ele>1001.0</ele></trkpt>
      <trkpt lat="44.424216" lon="8.536945"><ele>1001.2</ele></trkpt>
      <trkpt lat="44.424227" lon="8.536971"><ele>1001.2</ele></trkpt>
      <trkpt lat="44.424238" lon="8.536996"><ele>1001.4</ele></trkpt>
      <trkpt lat="44.424243" lon="8.537016"><ele>1001.6</ele></trkpt>
      <trkpt lat="44.424247" lon="8.537036"><ele>1001.8</ele></trkpt>
      <trkpt lat="44.424257" lon="8.537066"><ele>1002.0</ele></trkpt>
      <trkpt lat="44.424271" lon="8.537088"><ele>1002.2</ele></trkpt>
      <trkpt lat="44.424286" lon="8.537114"><ele>1002.4</ele></trkpt>
      <trkpt lat="44.424301" lon="8.537140"><ele>1002.6</ele></trkpt>
      <trkpt lat="44.424315" lon="8.537164"><ele>1002.8</ele></trkpt>
      <trkpt lat="44.424331" lon="8.537183"><ele>1003.0</ele></trkpt>
      <trkpt lat="44.424347" lon="8.537198"><ele>1003.2</ele></trkpt>
      <trkpt lat="44.424365" lon="8.537219"><ele>1003.4</ele></trkpt>
      <trkpt lat="44.424379" lon="8.537241"><ele>1003.6</ele></trkpt>
      <trkpt lat="44.424390" lon="8.537259"><ele>1003.8</ele></trkpt>
      <trkpt lat="44.424406" lon="8.537274"><ele>1004.0</ele></trkpt>
      <trkpt lat="44.424421" lon="8.537287"><ele>1004.2</ele></trkpt>
      <trkpt lat="44.424435" lon="8.537301"><ele>1004.2</ele></trkpt>
      <trkpt lat="44.424452" lon="8.537312"><ele>1004.4</ele></trkpt>
      <trkpt lat="44.424468" lon="8.537329"><ele>1004.8</ele></trkpt>
      <trkpt lat="44.424482" lon="8.537344"><ele>1005.0</ele></trkpt>
      <trkpt lat="44.424494" lon="8.537354"><ele>1005.0</ele></trkpt>
      <trkpt lat="44.424509" lon="8.537364"><ele>1005.2</ele></trkpt>
      <trkpt lat="44.424523" lon="8.537376"><ele>1005.4</ele></trkpt>
      <trkpt lat="44.424543" lon="8.537391"><ele>1005.6</ele></trkpt>
      <trkpt lat="44.424559" lon="8.537401"><ele>1005.8</ele></trkpt>
      <trkpt lat="44.424577" lon="8.537418"><ele>1006.0</ele></trkpt>
      <trkpt lat="44.424597" lon="8.537434"><ele>1006.2</ele></trkpt>
      <trkpt lat="44.424616" lon="8.537447"><ele>1006.2</ele></trkpt>
      <trkpt lat="44.424637" lon="8.537465"><ele>1006.4</ele></trkpt>
      <trkpt lat="44.424659" lon="8.537488"><ele>1006.6</ele></trkpt>
      <trkpt lat="44.424680" lon="8.537506"><ele>1006.6</ele></trkpt>
      <trkpt lat="44.424696" lon="8.537522"><ele>1006.8</ele></trkpt>
      <trkpt lat="44.424711" lon="8.537531"><ele>1007.0</ele></trkpt>
      <trkpt lat="44.424725" lon="8.537546"><ele>1007.2</ele></trkpt>
      <trkpt lat="44.424740" lon="8.537564"><ele>1007.2</ele></trkpt>
      <trkpt lat="44.424758" lon="8.537576"><ele>1007.4</ele></trkpt>
      <trkpt lat="44.424780" lon="8.537588"><ele>1007.4</ele></trkpt>
      <trkpt lat="44.424806" lon="8.537610"><ele>1007.6</ele></trkpt>
      <trkpt lat="44.424829" lon="8.537623"><ele>1007.8</ele></trkpt>
      <trkpt lat="44.424846" lon="8.537635"><ele>1008.0</ele></trkpt>
      <trkpt lat="44.424864" lon="8.537645"><ele>1008.0</ele></trkpt>
      <trkpt lat="44.424882" lon="8.537655"><ele>1008.4</ele></trkpt>
      <trkpt lat="44.424897" lon="8.537667"><ele>1008.6</ele></trkpt>
      <trkpt lat="44.424910" lon="8.537678"><ele>1008.8</ele></trkpt>
      <trkpt lat="44.424925" lon="8.537684"><ele>1009.0</ele></trkpt>
      <trkpt lat="44.424943" lon="8.537694"><ele>1009.0</ele></trkpt>
      <trkpt lat="44.424960" lon="8.537709"><ele>1009.2</ele></trkpt>
      <trkpt lat="44.424976" lon="8.537722"><ele>1009.4</ele></trkpt>
      <trkpt lat="44.424993" lon="8.537736"><ele>1009.6</ele></trkpt>
      <trkpt lat="44.425009" lon="8.537751"><ele>1009.8</ele></trkpt>
      <trkpt lat="44.425027" lon="8.537766"><ele>1010.0</ele></trkpt>
      <trkpt lat="44.425040" lon="8.537781"><ele>1010.0</ele></trkpt>
      <trkpt lat="44.425056" lon="8.537799"><ele>1010.2</ele></trkpt>
      <trkpt lat="44.425069" lon="8.537816"><ele>1010.4</ele></trkpt>
      <trkpt lat="44.425084" lon="8.537829"><ele>1010.6</ele></trkpt>
      <trkpt lat="44.425097" lon="8.537847"><ele>1010.6</ele></trkpt>
      <trkpt lat="44.425116" lon="8.537858"><ele>1010.8</ele></trkpt>
      <trkpt lat="44.425131" lon="8.537871"><ele>1011.0</ele></trkpt>
      <trkpt lat="44.425146" lon="8.537888"><ele>1011.0</ele></trkpt>
      <trkpt lat="44.425161" lon="8.537905"><ele>1011.2</ele></trkpt>
      <trkpt lat="44.425175" lon="8.537919"><ele>1011.4</ele></trkpt>
      <trkpt lat="44.425186" lon="8.537935"><ele>1011.6</ele></trkpt>
      <trkpt lat="44.425191" lon="8.537958"><ele>1011.8</ele></trkpt>
      <trkpt lat="44.425205" lon="8.537988"><ele>1011.8</ele></trkpt>
      <trkpt lat="44.425216" lon="8.538007"><ele>1012.0</ele></trkpt>
      <trkpt lat="44.425228" lon="8.538036"><ele>1012.2</ele></trkpt>
      <trkpt lat="44.425230" lon="8.538062"><ele>1012.4</ele></trkpt>
      <trkpt lat="44.425235" lon="8.538092"><ele>1012.6</ele></trkpt>
      <trkpt lat="44.425238" lon="8.538116"><ele>1012.6</ele></trkpt>
      <trkpt lat="44.425239" lon="8.538144"><ele>1012.8</ele></trkpt>
      <trkpt lat="44.425247" lon="8.538164"><ele>1013.0</ele></trkpt>
      <trkpt lat="44.425252" lon="8.538193"><ele>1013.0</ele></trkpt>
      <trkpt lat="44.425258" lon="8.538216"><ele>1013.2</ele></trkpt>
      <trkpt lat="44.425260" lon="8.538235"><ele>1013.4</ele></trkpt>
      <trkpt lat="44.425262" lon="8.538258"><ele>1013.4</ele></trkpt>
      <trkpt lat="44.425262" lon="8.538283"><ele>1013.6</ele></trkpt>
      <trkpt lat="44.425262" lon="8.538308"><ele>1013.8</ele></trkpt>
      <trkpt lat="44.425263" lon="8.538332"><ele>1014.0</ele></trkpt>
      <trkpt lat="44.425265" lon="8.538362"><ele>1014.0</ele></trkpt>
      <trkpt lat="44.425266" lon="8.538392"><ele>1014.2</ele></trkpt>
      <trkpt lat="44.425269" lon="8.538420"><ele>1014.4</ele></trkpt>
      <trkpt lat="44.425270" lon="8.538446"><ele>1014.6</ele></trkpt>
      <trkpt lat="44.425267" lon="8.538471"><ele>1014.8</ele></trkpt>
      <trkpt lat="44.425264" lon="8.538499"><ele>1015.0</ele></trkpt>
      <trkpt lat="44.425266" lon="8.538531"><ele>1015.2</ele></trkpt>
      <trkpt lat="44.425265" lon="8.538560"><ele>1015.4</ele></trkpt>
      <trkpt lat="44.425261" lon="8.538586"><ele>1015.6</ele></trkpt>
      <trkpt lat="44.425257" lon="8.538618"><ele>1015.8</ele></trkpt>
      <trkpt lat="44.425259" lon="8.538649"><ele>1016.0</ele></trkpt>
      <trkpt lat="44.425260" lon="8.538674"><ele>1016.2</ele></trkpt>
      <trkpt lat="44.425261" lon="8.538703"><ele>1016.4</ele></trkpt>
      <trkpt lat="44.425267" lon="8.538725"><ele>1016.6</ele></trkpt>
      <trkpt lat="44.425270" lon="8.538759"><ele>1016.8</ele></trkpt>
      <trkpt lat="44.425273" lon="8.538789"><ele>1017.0</ele></trkpt>
      <trkpt lat="44.425271" lon="8.538817"><ele>1017.2</ele></trkpt>
      <trkpt lat="44.425275" lon="8.538841"><ele>1017.4</ele></trkpt>
      <trkpt lat="44.425280" lon="8.538867"><ele>1017.6</ele></trkpt>
      <trkpt lat="44.425284" lon="8.538895"><ele>1017.8</ele></trkpt>
      <trkpt lat="44.425284" lon="8.538921"><ele>1018.0</ele></trkpt>
      <trkpt lat="44.425283" lon="8.538948"><ele>1018.0</ele></trkpt>
      <trkpt lat="44.425283" lon="8.538975"><ele>1018.4</ele></trkpt>
      <trkpt lat="44.425284" lon="8.539006"><ele>1018.4</ele></trkpt>
      <trkpt lat="44.425281" lon="8.539039"><ele>1018.6</ele></trkpt>
      <trkpt lat="44.425279" lon="8.539075"><ele>1018.8</ele></trkpt>
      <trkpt lat="44.425282" lon="8.539110"><ele>1019.0</ele></trkpt>
      <trkpt lat="44.425275" lon="8.539143"><ele>1019.2</ele></trkpt>
      <trkpt lat="44.425272" lon="8.539177"><ele>1019.4</ele></trkpt>
      <trkpt lat="44.425272" lon="8.539215"><ele>1019.6</ele></trkpt>
      <trkpt lat="44.425267" lon="8.539255"><ele>1019.8</ele></trkpt>
      <trkpt lat="44.425267" lon="8.539288"><ele>1020.2</ele></trkpt>
      <trkpt lat="44.425268" lon="8.539317"><ele>1020.4</ele></trkpt>
      <trkpt lat="44.425263" lon="8.539351"><ele>1020.6</ele></trkpt>
      <trkpt lat="44.425257" lon="8.539377"><ele>1020.8</ele></trkpt>
      <trkpt lat="44.425255" lon="8.539405"><ele>1020.8</ele></trkpt>
      <trkpt lat="44.425247" lon="8.539435"><ele>1021.0</ele></trkpt>
      <trkpt lat="44.425237" lon="8.539457"><ele>1021.2</ele></trkpt>
      <trkpt lat="44.425231" lon="8.539479"><ele>1021.4</ele></trkpt>
      <trkpt lat="44.425223" lon="8.539502"><ele>1021.6</ele></trkpt>
      <trkpt lat="44.425217" lon="8.539527"><ele>1021.8</ele></trkpt>
      <trkpt lat="44.425209" lon="8.539559"><ele>1022.0</ele></trkpt>
      <trkpt lat="44.425201" lon="8.539589"><ele>1022.0</ele></trkpt>
      <trkpt lat="44.425191" lon="8.539623"><ele>1022.2</ele></trkpt>
      <trkpt lat="44.425180" lon="8.539662"><ele>1022.4</ele></trkpt>
      <trkpt lat="44.425171" lon="8.539694"><ele>1022.6</ele></trkpt>
      <trkpt lat="44.425161" lon="8.539723"><ele>1022.8</ele></trkpt>
      <trkpt lat="44.425154" lon="8.539746"><ele>1023.0</ele></trkpt>
      <trkpt lat="44.425146" lon="8.539765"><ele>1023.2</ele></trkpt>
      <trkpt lat="44.425142" lon="8.539788"><ele>1023.4</ele></trkpt>
      <trkpt lat="44.425136" lon="8.539812"><ele>1023.6</ele></trkpt>
      <trkpt lat="44.425131" lon="8.539839"><ele>1023.6</ele></trkpt>
      <trkpt lat="44.425125" lon="8.539868"><ele>1023.8</ele></trkpt>
      <trkpt lat="44.425119" lon="8.539896"><ele>1024.0</ele></trkpt>
      <trkpt lat="44.425114" lon="8.539922"><ele>1024.2</ele></trkpt>
      <trkpt lat="44.425107" lon="8.539949"><ele>1024.4</ele></trkpt>
      <trkpt lat="44.425099" lon="8.539977"><ele>1024.6</ele></trkpt>
      <trkpt lat="44.425094" lon="8.540004"><ele>1024.8</ele></trkpt>
      <trkpt lat="44.425086" lon="8.540029"><ele>1025.0</ele></trkpt>
      <trkpt lat="44.425081" lon="8.540052"><ele>1025.2</ele></trkpt>
      <trkpt lat="44.425078" lon="8.540079"><ele>1025.4</ele></trkpt>
      <trkpt lat="44.425073" lon="8.540105"><ele>1025.4</ele></trkpt>
      <trkpt lat="44.425071" lon="8.540137"><ele>1025.6</ele></trkpt>
      <trkpt lat="44.425065" lon="8.540170"><ele>1025.8</ele></trkpt>
      <trkpt lat="44.425059" lon="8.540199"><ele>1026.0</ele></trkpt>
      <trkpt lat="44.425057" lon="8.540236"><ele>1026.2</ele></trkpt>
      <trkpt lat="44.425054" lon="8.540269"><ele>1026.4</ele></trkpt>
      <trkpt lat="44.425050" lon="8.540297"><ele>1026.6</ele></trkpt>
      <trkpt lat="44.425043" lon="8.540320"><ele>1026.6</ele></trkpt>
      <trkpt lat="44.425038" lon="8.540353"><ele>1026.8</ele></trkpt>
      <trkpt lat="44.425033" lon="8.540386"><ele>1027.0</ele></trkpt>
      <trkpt lat="44.425027" lon="8.540423"><ele>1027.2</ele></trkpt>
      <trkpt lat="44.425025" lon="8.540455"><ele>1027.4</ele></trkpt>
      <trkpt lat="44.425023" lon="8.540489"><ele>1027.6</ele></trkpt>
      <trkpt lat="44.425019" lon="8.540525"><ele>1027.8</ele></trkpt>
      <trkpt lat="44.425018" lon="8.540559"><ele>1028.0</ele></trkpt>
      <trkpt lat="44.425019" lon="8.540588"><ele>1028.2</ele></trkpt>
      <trkpt lat="44.425019" lon="8.540609"><ele>1028.4</ele></trkpt>
      <trkpt lat="44.425024" lon="8.540627"><ele>1028.6</ele></trkpt>
      <trkpt lat="44.425025" lon="8.540643"><ele>1028.6</ele></trkpt>
      <trkpt lat="44.425029" lon="8.540663"><ele>1028.8</ele></trkpt>
      <trkpt lat="44.425032" lon="8.540691"><ele>1029.0</ele></trkpt>
      <trkpt lat="44.425039" lon="8.540720"><ele>1029.2</ele></trkpt>
      <trkpt lat="44.425045" lon="8.540751"><ele>1029.2</ele></trkpt>
      <trkpt lat="44.425052" lon="8.540778"><ele>1029.4</ele></trkpt>
      <trkpt lat="44.425062" lon="8.540809"><ele>1029.6</ele></trkpt>
      <trkpt lat="44.425072" lon="8.540831"><ele>1029.6</ele></trkpt>
      <trkpt lat="44.425084" lon="8.540853"><ele>1029.8</ele></trkpt>
      <trkpt lat="44.425095" lon="8.540880"><ele>1030.0</ele></trkpt>
      <trkpt lat="44.425109" lon="8.540905"><ele>1030.2</ele></trkpt>
      <trkpt lat="44.425123" lon="8.540927"><ele>1030.4</ele></trkpt>
      <trkpt lat="44.425137" lon="8.540949"><ele>1030.6</ele></trkpt>
      <trkpt lat="44.425149" lon="8.540966"><ele>1030.8</ele></trkpt>
      <trkpt lat="44.425160" lon="8.540980"><ele>1031.0</ele></trkpt>
      <trkpt lat="44.425172" lon="8.540997"><ele>1031.0</ele></trkpt>
      <trkpt lat="44.425186" lon="8.541011"><ele>1031.2</ele></trkpt>
      <trkpt lat="44.425201" lon="8.541034"><ele>1031.4</ele></trkpt>
      <trkpt lat="44.425224" lon="8.541054"><ele>1031.6</ele></trkpt>
      <trkpt lat="44.425248" lon="8.541078"><ele>1031.6</ele></trkpt>
      <trkpt lat="44.425276" lon="8.541104"><ele>1031.8</ele></trkpt>
      <trkpt lat="44.425303" lon="8.541121"><ele>1032.0</ele></trkpt>
      <trkpt lat="44.425327" lon="8.541141"><ele>1032.0</ele></trkpt>
      <trkpt lat="44.425348" lon="8.541158"><ele>1032.2</ele></trkpt>
      <trkpt lat="44.425367" lon="8.541173"><ele>1032.4</ele></trkpt>
      <trkpt lat="44.425381" lon="8.541188"><ele>1032.8</ele></trkpt>
      <trkpt lat="44.425396" lon="8.541206"><ele>1033.0</ele></trkpt>
      <trkpt lat="44.425412" lon="8.541224"><ele>1033.2</ele></trkpt>
      <trkpt lat="44.425432" lon="8.541239"><ele>1033.4</ele></trkpt>
      <trkpt lat="44.425451" lon="8.541257"><ele>1033.6</ele></trkpt>
      <trkpt lat="44.425468" lon="8.541276"><ele>1033.6</ele></trkpt>
      <trkpt lat="44.425485" lon="8.541295"><ele>1033.8</ele></trkpt>
      <trkpt lat="44.425500" lon="8.541316"><ele>1034.0</ele></trkpt>
      <trkpt lat="44.425516" lon="8.541332"><ele>1034.2</ele></trkpt>
      <trkpt lat="44.425533" lon="8.541349"><ele>1034.2</ele></trkpt>
      <trkpt lat="44.425547" lon="8.541361"><ele>1034.6</ele></trkpt>
      <trkpt lat="44.425564" lon="8.541374"><ele>1034.6</ele></trkpt>
      <trkpt lat="44.425579" lon="8.541391"><ele>1034.8</ele></trkpt>
      <trkpt lat="44.425595" lon="8.541409"><ele>1035.0</ele></trkpt>
      <trkpt lat="44.425613" lon="8.541423"><ele>1035.2</ele></trkpt>
      <trkpt lat="44.425630" lon="8.541439"><ele>1035.4</ele></trkpt>
      <trkpt lat="44.425646" lon="8.541456"><ele>1035.6</ele></trkpt>
      <trkpt lat="44.425664" lon="8.541470"><ele>1035.8</ele></trkpt>
      <trkpt lat="44.425682" lon="8.541490"><ele>1036.0</ele></trkpt>
      <trkpt lat="44.425704" lon="8.541509"><ele>1036.2</ele></trkpt>
      <trkpt lat="44.425723" lon="8.541524"><ele>1036.4</ele></trkpt>
      <trkpt lat="44.425743" lon="8.541541"><ele>1036.6</ele></trkpt>
      <trkpt lat="44.425760" lon="8.541560"><ele>1036.6</ele></trkpt>
      <trkpt lat="44.425780" lon="8.541583"><ele>1036.8</ele></trkpt>
      <trkpt lat="44.425802" lon="8.541597"><ele>1037.0</ele></trkpt>
      <trkpt lat="44.425824" lon="8.541617"><ele>1037.2</ele></trkpt>
      <trkpt lat="44.425847" lon="8.541635"><ele>1037.4</ele></trkpt>
      <trkpt lat="44.425869" lon="8.541654"><ele>1037.6</ele></trkpt>
      <trkpt lat="44.425888" lon="8.541676"><ele>1037.8</ele></trkpt>
      <trkpt lat="44.425907" lon="8.541699"><ele>1037.8</ele></trkpt>
      <trkpt lat="44.425925" lon="8.541725"><ele>1038.0</ele></trkpt>
      <trkpt lat="44.425946" lon="8.541748"><ele>1038.2</ele></trkpt>
      <trkpt lat="44.425964" lon="8.541772"><ele>1038.4</ele></trkpt>
      <trkpt lat="44.425984" lon="8.541794"><ele>1038.4</ele></trkpt>
      <trkpt lat="44.426000" lon="8.541817"><ele>1038.6</ele></trkpt>
      <trkpt lat="44.426017" lon="8.541845"><ele>1038.8</ele></trkpt>
      <trkpt lat="44.426030" lon="8.541867"><ele>1039.0</ele></trkpt>
      <trkpt lat="44.426044" lon="8.541899"><ele>1039.2</ele></trkpt>
      <trkpt lat="44.426055" lon="8.541928"><ele>1039.4</ele></trkpt>
      <trkpt lat="44.426063" lon="8.541959"><ele>1039.6</ele></trkpt>
      <trkpt lat="44.426073" lon="8.541989"><ele>1039.6</ele></trkpt>
      <trkpt lat="44.426086" lon="8.542017"><ele>1039.8</ele></trkpt>
      <trkpt lat="44.426097" lon="8.542046"><ele>1040.0</ele></trkpt>
      <trkpt lat="44.426113" lon="8.542078"><ele>1040.4</ele></trkpt>
      <trkpt lat="44.426128" lon="8.542113"><ele>1040.4</ele></trkpt>
      <trkpt lat="44.426137" lon="8.542153"><ele>1040.6</ele></trkpt>
      <trkpt lat="44.426149" lon="8.542192"><ele>1040.8</ele></trkpt>
      <trkpt lat="44.426160" lon="8.542225"><ele>1041.2</ele></trkpt>
      <trkpt lat="44.426173" lon="8.542258"><ele>1041.4</ele></trkpt>
      <trkpt lat="44.426186" lon="8.542291"><ele>1041.6</ele></trkpt>
      <trkpt lat="44.426197" lon="8.542321"><ele>1041.8</ele></trkpt>
      <trkpt lat="44.426208" lon="8.542352"><ele>1042.2</ele></trkpt>
      <trkpt lat="44.426218" lon="8.542381"><ele>1042.6</ele></trkpt>
      <trkpt lat="44.426231" lon="8.542409"><ele>1043.0</ele></trkpt>
      <trkpt lat="44.426242" lon="8.542438"><ele>1043.2</ele></trkpt>
      <trkpt lat="44.426253" lon="8.542463"><ele>1043.4</ele></trkpt>
      <trkpt lat="44.426263" lon="8.542490"><ele>1043.8</ele></trkpt>
      <trkpt lat="44.426275" lon="8.542520"><ele>1044.0</ele></trkpt>
      <trkpt lat="44.426286" lon="8.542546"><ele>1044.2</ele></trkpt>
      <trkpt lat="44.426297" lon="8.542570"><ele>1044.4</ele></trkpt>
      <trkpt lat="44.426307" lon="8.542598"><ele>1044.8</ele></trkpt>
      <trkpt lat="44.426320" lon="8.542624"><ele>1045.0</ele></trkpt>
      <trkpt lat="44.426330" lon="8.542652"><ele>1045.2</ele></trkpt>
      <trkpt lat="44.426339" lon="8.542686"><ele>1045.4</ele></trkpt>
      <trkpt lat="44.426348" lon="8.542714"><ele>1045.6</ele></trkpt>
      <trkpt lat="44.426358" lon="8.542741"><ele>1045.6</ele></trkpt>
      <trkpt lat="44.426368" lon="8.542766"><ele>1045.8</ele></trkpt>
      <trkpt lat="44.426380" lon="8.542791"><ele>1045.8</ele></trkpt>
      <trkpt lat="44.426391" lon="8.542817"><ele>1046.0</ele></trkpt>
      <trkpt lat="44.426405" lon="8.542842"><ele>1046.0</ele></trkpt>
      <trkpt lat="44.426420" lon="8.542869"><ele>1046.2</ele></trkpt>
      <trkpt lat="44.426436" lon="8.542900"><ele>1046.2</ele></trkpt>
      <trkpt lat="44.426451" lon="8.542932"><ele>1046.2</ele></trkpt>
      <trkpt lat="44.426470" lon="8.542960"><ele>1046.2</ele></trkpt>
      <trkpt lat="44.426491" lon="8.542987"><ele>1046.4</ele></trkpt>
      <trkpt lat="44.426512" lon="8.543010"><ele>1046.4</ele></trkpt>
      <trkpt lat="44.426535" lon="8.543030"><ele>1046.4</ele></trkpt>
      <trkpt lat="44.426560" lon="8.543047"><ele>1046.6</ele></trkpt>
      <trkpt lat="44.426584" lon="8.543068"><ele>1046.6</ele></trkpt>
      <trkpt lat="44.426611" lon="8.543085"><ele>1046.8</ele></trkpt>
      <trkpt lat="44.426637" lon="8.543101"><ele>1047.0</ele></trkpt>
      <trkpt lat="44.426659" lon="8.543115"><ele>1047.2</ele></trkpt>
      <trkpt lat="44.426678" lon="8.543126"><ele>1047.4</ele></trkpt>
      <trkpt lat="44.426693" lon="8.543137"><ele>1047.6</ele></trkpt>
      <trkpt lat="44.426706" lon="8.543152"><ele>1047.8</ele></trkpt>
      <trkpt lat="44.426722" lon="8.543159"><ele>1048.2</ele></trkpt>
      <trkpt lat="44.426741" lon="8.543165"><ele>1048.4</ele></trkpt>
      <trkpt lat="44.426760" lon="8.543173"><ele>1048.6</ele></trkpt>
      <trkpt lat="44.426780" lon="8.543187"><ele>1048.8</ele></trkpt>
      <trkpt lat="44.426802" lon="8.543194"><ele>1049.0</ele></trkpt>
      <trkpt lat="44.426823" lon="8.543194"><ele>1049.0</ele></trkpt>
      <trkpt lat="44.426846" lon="8.543193"><ele>1049.2</ele></trkpt>
      <trkpt lat="44.426872" lon="8.543189"><ele>1049.2</ele></trkpt>
      <trkpt lat="44.426900" lon="8.543188"><ele>1049.4</ele></trkpt>
      <trkpt lat="44.426926" lon="8.543180"><ele>1049.6</ele></trkpt>
      <trkpt lat="44.426953" lon="8.543170"><ele>1049.8</ele></trkpt>
      <trkpt lat="44.426979" lon="8.543162"><ele>1049.8</ele></trkpt>
      <trkpt lat="44.427001" lon="8.543151"><ele>1050.0</ele></trkpt>
      <trkpt lat="44.427026" lon="8.543137"><ele>1050.2</ele></trkpt>
      <trkpt lat="44.427053" lon="8.543119"><ele>1050.4</ele></trkpt>
      <trkpt lat="44.427082" lon="8.543101"><ele>1050.6</ele></trkpt>
      <trkpt lat="44.427115" lon="8.543084"><ele>1050.8</ele></trkpt>
      <trkpt lat="44.427148" lon="8.543070"><ele>1050.8</ele></trkpt>
      <trkpt lat="44.427178" lon="8.543054"><ele>1051.0</ele></trkpt>
      <trkpt lat="44.427207" lon="8.543030"><ele>1051.2</ele></trkpt>
      <trkpt lat="44.427240" lon="8.543010"><ele>1051.4</ele></trkpt>
      <trkpt lat="44.427272" lon="8.542985"><ele>1051.4</ele></trkpt>
      <trkpt lat="44.427304" lon="8.542953"><ele>1051.6</ele></trkpt>
      <trkpt lat="44.427336" lon="8.542923"><ele>1051.8</ele></trkpt>
      <trkpt lat="44.427367" lon="8.542891"><ele>1052.0</ele></trkpt>
      <trkpt lat="44.427400" lon="8.542859"><ele>1052.0</ele></trkpt>
      <trkpt lat="44.427432" lon="8.542827"><ele>1052.2</ele></trkpt>
      <trkpt lat="44.427462" lon="8.542800"><ele>1052.2</ele></trkpt>
      <trkpt lat="44.427489" lon="8.542769"><ele>1052.4</ele></trkpt>
      <trkpt lat="44.427513" lon="8.542743"><ele>1052.4</ele></trkpt>
      <trkpt lat="44.427531" lon="8.542716"><ele>1052.6</ele></trkpt>
      <trkpt lat="44.427548" lon="8.542690"><ele>1052.8</ele></trkpt>
      <trkpt lat="44.427568" lon="8.542661"><ele>1053.0</ele></trkpt>
      <trkpt lat="44.427589" lon="8.542635"><ele>1053.0</ele></trkpt>
      <trkpt lat="44.427608" lon="8.542609"><ele>1053.2</ele></trkpt>
      <trkpt lat="44.427627" lon="8.542580"><ele>1053.4</ele></trkpt>
      <trkpt lat="44.427647" lon="8.542545"><ele>1053.4</ele></trkpt>
      <trkpt lat="44.427669" lon="8.542505"><ele>1053.6</ele></trkpt>
      <trkpt lat="44.427687" lon="8.542457"><ele>1053.8</ele></trkpt>
      <trkpt lat="44.427703" lon="8.542411"><ele>1054.0</ele></trkpt>
      <trkpt lat="44.427721" lon="8.542366"><ele>1054.0</ele></trkpt>
      <trkpt lat="44.427736" lon="8.542319"><ele>1054.2</ele></trkpt>
      <trkpt lat="44.427750" lon="8.542270"><ele>1054.4</ele></trkpt>
      <trkpt lat="44.427761" lon="8.542219"><ele>1054.4</ele></trkpt>
      <trkpt lat="44.427770" lon="8.542163"><ele>1054.6</ele></trkpt>
      <trkpt lat="44.427779" lon="8.542103"><ele>1054.6</ele></trkpt>
      <trkpt lat="44.427783" lon="8.542040"><ele>1054.8</ele></trkpt>
      <trkpt lat="44.427786" lon="8.541980"><ele>1054.8</ele></trkpt>
      <trkpt lat="44.427786" lon="8.541921"><ele>1055.0</ele></trkpt>
      <trkpt lat="44.427784" lon="8.541867"><ele>1055.0</ele></trkpt>
      <trkpt lat="44.427783" lon="8.541812"><ele>1055.2</ele></trkpt>
      <trkpt lat="44.427787" lon="8.541755"><ele>1055.4</ele></trkpt>
      <trkpt lat="44.427788" lon="8.541706"><ele>1055.6</ele></trkpt>
      <trkpt lat="44.427788" lon="8.541664"><ele>1055.8</ele></trkpt>
      <trkpt lat="44.427782" lon="8.541629"><ele>1056.2</ele></trkpt>
      <trkpt lat="44.427772" lon="8.541596"><ele>1056.4</ele></trkpt>
      <trkpt lat="44.427767" lon="8.541573"><ele>1056.6</ele></trkpt>
      <trkpt lat="44.427769" lon="8.541543"><ele>1056.6</ele></trkpt>
      <trkpt lat="44.427775" lon="8.541513"><ele>1056.8</ele></trkpt>
      <trkpt lat="44.427776" lon="8.541471"><ele>1057.0</ele></trkpt>
      <trkpt lat="44.427781" lon="8.541434"><ele>1057.2</ele></trkpt>
      <trkpt lat="44.427788" lon="8.541389"><ele>1057.4</ele></trkpt>
      <trkpt lat="44.427790" lon="8.541344"><ele>1057.6</ele></trkpt>
      <trkpt lat="44.427787" lon="8.541301"><ele>1057.6</ele></trkpt>
      <trkpt lat="44.427789" lon="8.541261"><ele>1057.6</ele></trkpt>
      <trkpt lat="44.427792" lon="8.541223"><ele>1057.8</ele></trkpt>
      <trkpt lat="44.427797" lon="8.541180"><ele>1058.0</ele></trkpt>
      <trkpt lat="44.427801" lon="8.541137"><ele>1058.2</ele></trkpt>
      <trkpt lat="44.427807" lon="8.541093"><ele>1058.2</ele></trkpt>
      <trkpt lat="44.427812" lon="8.541048"><ele>1058.4</ele></trkpt>
      <trkpt lat="44.427822" lon="8.541012"><ele>1058.6</ele></trkpt>
      <trkpt lat="44.427830" lon="8.540978"><ele>1058.8</ele></trkpt>
      <trkpt lat="44.427837" lon="8.540951"><ele>1058.8</ele></trkpt>
      <trkpt lat="44.427840" lon="8.540925"><ele>1059.2</ele></trkpt>
      <trkpt lat="44.427846" lon="8.540894"><ele>1059.4</ele></trkpt>
      <trkpt lat="44.427855" lon="8.540859"><ele>1059.4</ele></trkpt>
      <trkpt lat="44.427865" lon="8.540822"><ele>1059.6</ele></trkpt>
      <trkpt lat="44.427878" lon="8.540780"><ele>1059.8</ele></trkpt>
      <trkpt lat="44.427893" lon="8.540739"><ele>1059.8</ele></trkpt>
      <trkpt lat="44.427901" lon="8.540691"><ele>1060.0</ele></trkpt>
      <trkpt lat="44.427914" lon="8.540647"><ele>1060.2</ele></trkpt>
      <trkpt lat="44.427923" lon="8.540607"><ele>1060.4</ele></trkpt>
      <trkpt lat="44.427926" lon="8.540573"><ele>1060.4</ele></trkpt>
      <trkpt lat="44.427930" lon="8.540546"><ele>1060.6</ele></trkpt>
      <trkpt lat="44.427937" lon="8.540523"><ele>1060.8</ele></trkpt>
      <trkpt lat="44.427943" lon="8.540501"><ele>1061.0</ele></trkpt>
      <trkpt lat="44.427949" lon="8.540479"><ele>1061.2</ele></trkpt>
      <trkpt lat="44.427957" lon="8.540456"><ele>1061.4</ele></trkpt>
      <trkpt lat="44.427963" lon="8.540428"><ele>1061.4</ele></trkpt>
      <trkpt lat="44.427968" lon="8.540397"><ele>1061.6</ele></trkpt>
      <trkpt lat="44.427976" lon="8.540366"><ele>1061.8</ele></trkpt>
      <trkpt lat="44.427983" lon="8.540342"><ele>1061.8</ele></trkpt>
      <trkpt lat="44.427993" lon="8.540317"><ele>1062.0</ele></trkpt>
      <trkpt lat="44.428001" lon="8.540290"><ele>1062.2</ele></trkpt>
      <trkpt lat="44.428013" lon="8.540265"><ele>1062.4</ele></trkpt>
      <trkpt lat="44.428025" lon="8.540245"><ele>1062.4</ele></trkpt>
      <trkpt lat="44.428037" lon="8.540223"><ele>1062.6</ele></trkpt>
      <trkpt lat="44.428050" lon="8.540203"><ele>1062.8</ele></trkpt>
      <trkpt lat="44.428062" lon="8.540182"><ele>1063.0</ele></trkpt>
      <trkpt lat="44.428074" lon="8.540157"><ele>1063.4</ele></trkpt>
      <trkpt lat="44.428087" lon="8.540133"><ele>1063.6</ele></trkpt>
      <trkpt lat="44.428098" lon="8.540105"><ele>1063.8</ele></trkpt>
      <trkpt lat="44.428110" lon="8.540084"><ele>1064.0</ele></trkpt>
      <trkpt lat="44.428123" lon="8.540061"><ele>1064.2</ele></trkpt>
      <trkpt lat="44.428138" lon="8.540041"><ele>1064.4</ele></trkpt>
      <trkpt lat="44.428150" lon="8.540019"><ele>1064.6</ele></trkpt>
      <trkpt lat="44.428161" lon="8.539998"><ele>1065.0</ele></trkpt>
      <trkpt lat="44.428173" lon="8.539980"><ele>1065.2</ele></trkpt>
      <trkpt lat="44.428189" lon="8.539959"><ele>1065.4</ele></trkpt>
      <trkpt lat="44.428206" lon="8.539938"><ele>1065.6</ele></trkpt>
      <trkpt lat="44.428215" lon="8.539920"><ele>1065.8</ele></trkpt>
      <trkpt lat="44.428225" lon="8.539903"><ele>1066.0</ele></trkpt>
      <trkpt lat="44.428240" lon="8.539887"><ele>1066.0</ele></trkpt>
      <trkpt lat="44.428253" lon="8.539865"><ele>1066.2</ele></trkpt>
      <trkpt lat="44.428268" lon="8.539844"><ele>1066.4</ele></trkpt>
      <trkpt lat="44.428283" lon="8.539827"><ele>1066.4</ele></trkpt>
      <trkpt lat="44.428298" lon="8.539808"><ele>1066.6</ele></trkpt>
      <trkpt lat="44.428312" lon="8.539791"><ele>1066.6</ele></trkpt>
      <trkpt lat="44.428329" lon="8.539774"><ele>1066.8</ele></trkpt>
      <trkpt lat="44.428345" lon="8.539758"><ele>1067.0</ele></trkpt>
      <trkpt lat="44.428359" lon="8.539744"><ele>1067.0</ele></trkpt>
      <trkpt lat="44.428375" lon="8.539732"><ele>1067.2</ele></trkpt>
      <trkpt lat="44.428391" lon="8.539721"><ele>1067.4</ele></trkpt>
      <trkpt lat="44.428406" lon="8.539712"><ele>1067.6</ele></trkpt>
      <trkpt lat="44.428419" lon="8.539698"><ele>1067.8</ele></trkpt>
      <trkpt lat="44.428436" lon="8.539686"><ele>1067.8</ele></trkpt>
      <trkpt lat="44.428454" lon="8.539672"><ele>1068.0</ele></trkpt>
      <trkpt lat="44.428470" lon="8.539656"><ele>1068.2</ele></trkpt>
      <trkpt lat="44.428487" lon="8.539646"><ele>1068.4</ele></trkpt>
      <trkpt lat="44.428502" lon="8.539636"><ele>1068.4</ele></trkpt>
      <trkpt lat="44.428518" lon="8.539623"><ele>1068.6</ele></trkpt>
      <trkpt lat="44.428535" lon="8.539617"><ele>1068.8</ele></trkpt>
      <trkpt lat="44.428552" lon="8.539610"><ele>1068.8</ele></trkpt>
      <trkpt lat="44.428570" lon="8.539608"><ele>1069.0</ele></trkpt>
      <trkpt lat="44.428591" lon="8.539612"><ele>1069.2</ele></trkpt>
      <trkpt lat="44.428610" lon="8.539621"><ele>1069.4</ele></trkpt>
      <trkpt lat="44.428625" lon="8.539641"><ele>1069.6</ele></trkpt>
      <trkpt lat="44.428641" lon="8.539664"><ele>1069.8</ele></trkpt>
      <trkpt lat="44.428656" lon="8.539681"><ele>1070.0</ele></trkpt>
      <trkpt lat="44.428663" lon="8.539702"><ele>1070.2</ele></trkpt>
      <trkpt lat="44.428664" lon="8.539725"><ele>1070.2</ele></trkpt>
      <trkpt lat="44.428664" lon="8.539749"><ele>1070.4</ele></trkpt>
      <trkpt lat="44.428660" lon="8.539772"><ele>1070.6</ele></trkpt>
      <trkpt lat="44.428649" lon="8.539794"><ele>1070.8</ele></trkpt>
      <trkpt lat="44.428634" lon="8.539814"><ele>1071.0</ele></trkpt>
      <trkpt lat="44.428621" lon="8.539831"><ele>1071.2</ele></trkpt>
      <trkpt lat="44.428607" lon="8.539850"><ele>1071.4</ele></trkpt>
      <trkpt lat="44.428589" lon="8.539870"><ele>1071.6</ele></trkpt>
      <trkpt lat="44.428575" lon="8.539890"><ele>1071.8</ele></trkpt>
      <trkpt lat="44.428561" lon="8.539911"><ele>1071.8</ele></trkpt>
      <trkpt lat="44.428545" lon="8.539926"><ele>1072.0</ele></trkpt>
      <trkpt lat="44.428534" lon="8.539936"><ele>1072.2</ele></trkpt>
      <trkpt lat="44.428522" lon="8.539946"><ele>1072.4</ele></trkpt>
      <trkpt lat="44.428505" lon="8.539961"><ele>1072.6</ele></trkpt>
      <trkpt lat="44.428492" lon="8.539979"><ele>1072.8</ele></trkpt>
      <trkpt lat="44.428476" lon="8.539997"><ele>1072.8</ele></trkpt>
      <trkpt lat="44.428458" lon="8.540027"><ele>1073.0</ele></trkpt>
      <trkpt lat="44.428446" lon="8.540061"><ele>1073.2</ele></trkpt>
      <trkpt lat="44.428438" lon="8.540086"><ele>1073.4</ele></trkpt>
      <trkpt lat="44.428432" lon="8.540110"><ele>1073.4</ele></trkpt>
      <trkpt lat="44.428426" lon="8.540127"><ele>1073.6</ele></trkpt>
      <trkpt lat="44.428415" lon="8.540141"><ele>1073.8</ele></trkpt>
      <trkpt lat="44.428406" lon="8.540159"><ele>1074.0</ele></trkpt>
      <trkpt lat="44.428397" lon="8.540178"><ele>1074.2</ele></trkpt>
      <trkpt lat="44.428388" lon="8.540207"><ele>1074.4</ele></trkpt>
      <trkpt lat="44.428383" lon="8.540234"><ele>1074.4</ele></trkpt>
      <trkpt lat="44.428374" lon="8.540259"><ele>1074.6</ele></trkpt>
      <trkpt lat="44.428369" lon="8.540283"><ele>1074.8</ele></trkpt>
      <trkpt lat="44.428361" lon="8.540304"><ele>1074.8</ele></trkpt>
      <trkpt lat="44.428353" lon="8.540331"><ele>1075.0</ele></trkpt>
      <trkpt lat="44.428345" lon="8.540358"><ele>1075.2</ele></trkpt>
      <trkpt lat="44.428338" lon="8.540383"><ele>1075.4</ele></trkpt>
      <trkpt lat="44.428331" lon="8.540406"><ele>1075.4</ele></trkpt>
      <trkpt lat="44.428325" lon="8.540432"><ele>1075.6</ele></trkpt>
      <trkpt lat="44.428321" lon="8.540458"><ele>1075.8</ele></trkpt>
      <trkpt lat="44.428317" lon="8.540487"><ele>1076.0</ele></trkpt>
      <trkpt lat="44.428313" lon="8.540514"><ele>1076.2</ele></trkpt>
      <trkpt lat="44.428306" lon="8.540539"><ele>1076.4</ele></trkpt>
      <trkpt lat="44.428300" lon="8.540563"><ele>1076.6</ele></trkpt>
      <trkpt lat="44.428296" lon="8.540588"><ele>1076.8</ele></trkpt>
      <trkpt lat="44.428291" lon="8.540617"><ele>1077.0</ele></trkpt>
      <trkpt lat="44.428285" lon="8.540646"><ele>1077.2</ele></trkpt>
      <trkpt lat="44.428280" lon="8.540671"><ele>1077.4</ele></trkpt>
      <trkpt lat="44.428275" lon="8.540697"><ele>1077.4</ele></trkpt>
      <trkpt lat="44.428269" lon="8.540725"><ele>1077.6</ele></trkpt>
      <trkpt lat="44.428264" lon="8.540753"><ele>1077.8</ele></trkpt>
      <trkpt lat="44.428260" lon="8.540783"><ele>1077.8</ele></trkpt>
      <trkpt lat="44.428258" lon="8.540814"><ele>1078.0</ele></trkpt>
      <trkpt lat="44.428255" lon="8.540845"><ele>1078.0</ele></trkpt>
      <trkpt lat="44.428254" lon="8.540873"><ele>1078.2</ele></trkpt>
      <trkpt lat="44.428254" lon="8.540901"><ele>1078.4</ele></trkpt>
      <trkpt lat="44.428256" lon="8.540932"><ele>1078.6</ele></trkpt>
      <trkpt lat="44.428258" lon="8.540961"><ele>1078.6</ele></trkpt>
      <trkpt lat="44.428261" lon="8.540989"><ele>1078.8</ele></trkpt>
      <trkpt lat="44.428264" lon="8.541018"><ele>1079.0</ele></trkpt>
      <trkpt lat="44.428263" lon="8.541044"><ele>1079.0</ele></trkpt>
      <trkpt lat="44.428262" lon="8.541066"><ele>1079.2</ele></trkpt>
      <trkpt lat="44.428263" lon="8.541091"><ele>1079.2</ele></trkpt>
      <trkpt lat="44.428265" lon="8.541123"><ele>1079.4</ele></trkpt>
      <trkpt lat="44.428266" lon="8.541153"><ele>1079.6</ele></trkpt>
      <trkpt lat="44.428266" lon="8.541186"><ele>1079.8</ele></trkpt>
      <trkpt lat="44.428271" lon="8.541219"><ele>1080.0</ele></trkpt>
      <trkpt lat="44.428277" lon="8.541242"><ele>1080.2</ele></trkpt>
      <trkpt lat="44.428281" lon="8.541261"><ele>1080.4</ele></trkpt>
      <trkpt lat="44.428286" lon="8.541280"><ele>1080.6</ele></trkpt>
      <trkpt lat="44.428290" lon="8.541305"><ele>1080.8</ele></trkpt>
      <trkpt lat="44.428295" lon="8.541328"><ele>1081.0</ele></trkpt>
      <trkpt lat="44.428302" lon="8.541350"><ele>1081.2</ele></trkpt>
      <trkpt lat="44.428307" lon="8.541372"><ele>1081.4</ele></trkpt>
      <trkpt lat="44.428314" lon="8.541396"><ele>1081.4</ele></trkpt>
      <trkpt lat="44.428319" lon="8.541417"><ele>1081.6</ele></trkpt>
      <trkpt lat="44.428327" lon="8.541439"><ele>1081.8</ele></trkpt>
      <trkpt lat="44.428333" lon="8.541462"><ele>1081.8</ele></trkpt>
      <trkpt lat="44.428340" lon="8.541485"><ele>1082.0</ele></trkpt>
      <trkpt lat="44.428344" lon="8.541512"><ele>1082.2</ele></trkpt>
      <trkpt lat="44.428350" lon="8.541538"><ele>1082.4</ele></trkpt>
      <trkpt lat="44.428358" lon="8.541559"><ele>1082.6</ele></trkpt>
      <trkpt lat="44.428364" lon="8.541583"><ele>1082.6</ele></trkpt>
      <trkpt lat="44.428370" lon="8.541615"><ele>1082.8</ele></trkpt>
      <trkpt lat="44.428377" lon="8.541645"><ele>1083.0</ele></trkpt>
      <trkpt lat="44.428382" lon="8.541671"><ele>1083.2</ele></trkpt>
      <trkpt lat="44.428388" lon="8.541696"><ele>1083.2</ele></trkpt>
      <trkpt lat="44.428393" lon="8.541722"><ele>1083.4</ele></trkpt>
      <trkpt lat="44.428400" lon="8.541752"><ele>1083.6</ele></trkpt>
      <trkpt lat="44.428404" lon="8.541778"><ele>1083.6</ele></trkpt>
      <trkpt lat="44.428412" lon="8.541804"><ele>1083.8</ele></trkpt>
      <trkpt lat="44.428419" lon="8.541828"><ele>1083.8</ele></trkpt>
      <trkpt lat="44.428423" lon="8.541858"><ele>1084.0</ele></trkpt>
      <trkpt lat="44.428430" lon="8.541888"><ele>1084.2</ele></trkpt>
      <trkpt lat="44.428437" lon="8.541915"><ele>1084.4</ele></trkpt>
      <trkpt lat="44.428445" lon="8.541941"><ele>1084.8</ele></trkpt>
      <trkpt lat="44.428455" lon="8.541965"><ele>1085.0</ele></trkpt>
      <trkpt lat="44.428466" lon="8.541989"><ele>1085.2</ele></trkpt>
      <trkpt lat="44.428478" lon="8.542010"><ele>1085.4</ele></trkpt>
      <trkpt lat="44.428488" lon="8.542032"><ele>1085.6</ele></trkpt>
      <trkpt lat="44.428497" lon="8.542057"><ele>1085.8</ele></trkpt>
      <trkpt lat="44.428508" lon="8.542077"><ele>1086.0</ele></trkpt>
      <trkpt lat="44.428522" lon="8.542099"><ele>1086.0</ele></trkpt>
      <trkpt lat="44.428538" lon="8.542124"><ele>1086.2</ele></trkpt>
      <trkpt lat="44.428554" lon="8.542148"><ele>1086.4</ele></trkpt>
      <trkpt lat="44.428569" lon="8.542173"><ele>1086.4</ele></trkpt>
      <trkpt lat="44.428585" lon="8.542199"><ele>1086.6</ele></trkpt>
      <trkpt lat="44.428602" lon="8.542224"><ele>1086.8</ele></trkpt>
      <trkpt lat="44.428617" lon="8.542245"><ele>1086.8</ele></trkpt>
      <trkpt lat="44.428631" lon="8.542262"><ele>1087.0</ele></trkpt>
      <trkpt lat="44.428644" lon="8.542272"><ele>1087.0</ele></trkpt>
      <trkpt lat="44.428654" lon="8.542286"><ele>1087.2</ele></trkpt>
      <trkpt lat="44.428664" lon="8.542303"><ele>1087.4</ele></trkpt>
      <trkpt lat="44.428677" lon="8.542321"><ele>1087.4</ele></trkpt>
      <trkpt lat="44.428690" lon="8.542339"><ele>1087.6</ele></trkpt>
      <trkpt lat="44.428702" lon="8.542360"><ele>1087.8</ele></trkpt>
      <trkpt lat="44.428717" lon="8.542374"><ele>1088.0</ele></trkpt>
      <trkpt lat="44.428732" lon="8.542383"><ele>1088.2</ele></trkpt>
      <trkpt lat="44.428748" lon="8.542400"><ele>1088.4</ele></trkpt>
      <trkpt lat="44.428764" lon="8.542417"><ele>1088.6</ele></trkpt>
      <trkpt lat="44.428777" lon="8.542439"><ele>1089.0</ele></trkpt>
      <trkpt lat="44.428792" lon="8.542462"><ele>1089.2</ele></trkpt>
      <trkpt lat="44.428808" lon="8.542481"><ele>1089.4</ele></trkpt>
      <trkpt lat="44.428823" lon="8.542498"><ele>1089.6</ele></trkpt>
      <trkpt lat="44.428840" lon="8.542518"><ele>1089.8</ele></trkpt>
      <trkpt lat="44.428857" lon="8.542535"><ele>1090.0</ele></trkpt>
      <trkpt lat="44.428873" lon="8.542552"><ele>1090.2</ele></trkpt>
      <trkpt lat="44.428890" lon="8.542570"><ele>1090.2</ele></trkpt>
      <trkpt lat="44.428903" lon="8.542586"><ele>1090.4</ele></trkpt>
      <trkpt lat="44.428921" lon="8.542602"><ele>1090.6</ele></trkpt>
      <trkpt lat="44.428940" lon="8.542620"><ele>1090.8</ele></trkpt>
      <trkpt lat="44.428956" lon="8.542639"><ele>1091.0</ele></trkpt>
      <trkpt lat="44.428976" lon="8.542658"><ele>1091.2</ele></trkpt>
      <trkpt lat="44.428996" lon="8.542677"><ele>1091.4</ele></trkpt>
      <trkpt lat="44.429019" lon="8.542694"><ele>1091.6</ele></trkpt>
      <trkpt lat="44.429044" lon="8.542708"><ele>1092.0</ele></trkpt>
      <trkpt lat="44.429065" lon="8.542724"><ele>1092.2</ele></trkpt>
      <trkpt lat="44.429086" lon="8.542740"><ele>1092.4</ele></trkpt>
      <trkpt lat="44.429104" lon="8.542757"><ele>1092.4</ele></trkpt>
      <trkpt lat="44.429126" lon="8.542771"><ele>1092.6</ele></trkpt>
      <trkpt lat="44.429149" lon="8.542789"><ele>1092.8</ele></trkpt>
      <trkpt lat="44.429170" lon="8.542811"><ele>1093.0</ele></trkpt>
      <trkpt lat="44.429191" lon="8.542827"><ele>1093.2</ele></trkpt>
      <trkpt lat="44.429209" lon="8.542844"><ele>1093.4</ele></trkpt>
      <trkpt lat="44.429231" lon="8.542860"><ele>1093.6</ele></trkpt>
      <trkpt lat="44.429255" lon="8.542873"><ele>1093.8</ele></trkpt>
      <trkpt lat="44.429279" lon="8.542892"><ele>1094.0</ele></trkpt>
      <trkpt lat="44.429297" lon="8.542902"><ele>1094.2</ele></trkpt>
      <trkpt lat="44.429316" lon="8.542913"><ele>1094.4</ele></trkpt>
      <trkpt lat="44.429331" lon="8.542923"><ele>1094.6</ele></trkpt>
      <trkpt lat="44.429350" lon="8.542926"><ele>1094.8</ele></trkpt>
      <trkpt lat="44.429366" lon="8.542931"><ele>1095.0</ele></trkpt>
      <trkpt lat="44.429381" lon="8.542931"><ele>1095.2</ele></trkpt>
      <trkpt lat="44.429399" lon="8.542932"><ele>1095.2</ele></trkpt>
      <trkpt lat="44.429417" lon="8.542938"><ele>1095.4</ele></trkpt>
      <trkpt lat="44.429439" lon="8.542938"><ele>1095.6</ele></trkpt>
      <trkpt lat="44.429456" lon="8.542943"><ele>1095.6</ele></trkpt>
      <trkpt lat="44.429471" lon="8.542948"><ele>1095.8</ele></trkpt>
      <trkpt lat="44.429486" lon="8.542946"><ele>1095.8</ele></trkpt>
      <trkpt lat="44.429504" lon="8.542945"><ele>1096.0</ele></trkpt>
      <trkpt lat="44.429518" lon="8.542946"><ele>1096.0</ele></trkpt>
      <trkpt lat="44.429532" lon="8.542947"><ele>1096.2</ele></trkpt>
      <trkpt lat="44.429549" lon="8.542952"><ele>1096.2</ele></trkpt>
      <trkpt lat="44.429566" lon="8.542949"><ele>1096.4</ele></trkpt>
      <trkpt lat="44.429587" lon="8.542946"><ele>1096.6</ele></trkpt>
      <trkpt lat="44.429610" lon="8.542944"><ele>1096.6</ele></trkpt>
      <trkpt lat="44.429636" lon="8.542942"><ele>1096.8</ele></trkpt>
      <trkpt lat="44.429661" lon="8.542935"><ele>1096.8</ele></trkpt>
      <trkpt lat="44.429688" lon="8.542935"><ele>1096.8</ele></trkpt>
      <trkpt lat="44.429711" lon="8.542931"><ele>1097.0</ele></trkpt>
      <trkpt lat="44.429733" lon="8.542936"><ele>1097.2</ele></trkpt>
      <trkpt lat="44.429757" lon="8.542940"><ele>1097.2</ele></trkpt>
      <trkpt lat="44.429782" lon="8.542947"><ele>1097.4</ele></trkpt>
      <trkpt lat="44.429807" lon="8.542955"><ele>1097.4</ele></trkpt>
      <trkpt lat="44.429835" lon="8.542968"><ele>1097.6</ele></trkpt>
      <trkpt lat="44.429862" lon="8.542980"><ele>1097.6</ele></trkpt>
      <trkpt lat="44.429892" lon="8.543001"><ele>1097.6</ele></trkpt>
      <trkpt lat="44.429917" lon="8.543023"><ele>1097.8</ele></trkpt>
      <trkpt lat="44.429943" lon="8.543049"><ele>1098.0</ele></trkpt>
      <trkpt lat="44.429971" lon="8.543076"><ele>1098.2</ele></trkpt>
      <trkpt lat="44.430001" lon="8.543107"><ele>1098.2</ele></trkpt>
      <trkpt lat="44.430033" lon="8.543141"><ele>1098.4</ele></trkpt>
      <trkpt lat="44.430065" lon="8.543179"><ele>1098.4</ele></trkpt>
      <trkpt lat="44.430095" lon="8.543221"><ele>1098.6</ele></trkpt>
      <trkpt lat="44.430122" lon="8.543265"><ele>1098.6</ele></trkpt>
      <trkpt lat="44.430145" lon="8.543306"><ele>1098.6</ele></trkpt>
      <trkpt lat="44.430165" lon="8.543347"><ele>1098.6</ele></trkpt>
      <trkpt lat="44.430184" lon="8.543385"><ele>1098.6</ele></trkpt>
      <trkpt lat="44.430201" lon="8.543426"><ele>1098.8</ele></trkpt>
      <trkpt lat="44.430215" lon="8.543467"><ele>1098.8</ele></trkpt>
      <trkpt lat="44.430226" lon="8.543510"><ele>1099.0</ele></trkpt>
      <trkpt lat="44.430234" lon="8.543552"><ele>1099.0</ele></trkpt>
      <trkpt lat="44.430240" lon="8.543593"><ele>1099.0</ele></trkpt>
      <trkpt lat="44.430243" lon="8.543635"><ele>1099.2</ele></trkpt>
      <trkpt lat="44.430250" lon="8.543669"><ele>1099.2</ele></trkpt>
      <trkpt lat="44.430258" lon="8.543710"><ele>1099.2</ele></trkpt>
      <trkpt lat="44.430268" lon="8.543741"><ele>1099.4</ele></trkpt>
      <trkpt lat="44.430278" lon="8.543766"><ele>1099.4</ele></trkpt>
      <trkpt lat="44.430289" lon="8.543795"><ele>1099.4</ele></trkpt>
      <trkpt lat="44.430302" lon="8.543821"><ele>1099.6</ele></trkpt>
      <trkpt lat="44.430317" lon="8.543844"><ele>1099.6</ele></trkpt>
      <trkpt lat="44.430331" lon="8.543867"><ele>1099.8</ele></trkpt>
      <trkpt lat="44.430351" lon="8.543887"><ele>1099.8</ele></trkpt>
      <trkpt lat="44.430371" lon="8.543910"><ele>1100.0</ele></trkpt>
      <trkpt lat="44.430390" lon="8.543923"><ele>1100.2</ele></trkpt>
      <trkpt lat="44.430407" lon="8.543939"><ele>1100.4</ele></trkpt>
      <trkpt lat="44.430425" lon="8.543951"><ele>1100.4</ele></trkpt>
      <trkpt lat="44.430445" lon="8.543962"><ele>1100.6</ele></trkpt>
      <trkpt lat="44.430466" lon="8.543968"><ele>1100.8</ele></trkpt>
      <trkpt lat="44.430488" lon="8.543974"><ele>1101.0</ele></trkpt>
      <trkpt lat="44.430507" lon="8.543978"><ele>1101.2</ele></trkpt>
      <trkpt lat="44.430525" lon="8.543984"><ele>1101.4</ele></trkpt>
      <trkpt lat="44.430545" lon="8.543986"><ele>1101.6</ele></trkpt>
      <trkpt lat="44.430565" lon="8.543988"><ele>1101.8</ele></trkpt>
      <trkpt lat="44.430588" lon="8.543988"><ele>1102.0</ele></trkpt>
      <trkpt lat="44.430608" lon="8.543994"><ele>1102.2</ele></trkpt>
      <trkpt lat="44.430627" lon="8.544000"><ele>1102.4</ele></trkpt>
      <trkpt lat="44.430647" lon="8.544006"><ele>1102.6</ele></trkpt>
      <trkpt lat="44.430666" lon="8.544014"><ele>1102.8</ele></trkpt>
      <trkpt lat="44.430684" lon="8.544016"><ele>1103.0</ele></trkpt>
      <trkpt lat="44.430701" lon="8.544022"><ele>1103.2</ele></trkpt>
      <trkpt lat="44.430719" lon="8.544028"><ele>1103.4</ele></trkpt>
      <trkpt lat="44.430740" lon="8.544036"><ele>1103.6</ele></trkpt>
      <trkpt lat="44.430762" lon="8.544040"><ele>1103.8</ele></trkpt>
      <trkpt lat="44.430784" lon="8.544046"><ele>1104.0</ele></trkpt>
      <trkpt lat="44.430805" lon="8.544054"><ele>1104.2</ele></trkpt>
      <trkpt lat="44.430828" lon="8.544064"><ele>1104.2</ele></trkpt>
      <trkpt lat="44.430851" lon="8.544081"><ele>1104.4</ele></trkpt>
      <trkpt lat="44.430871" lon="8.544096"><ele>1104.6</ele></trkpt>
      <trkpt lat="44.430887" lon="8.544110"><ele>1104.8</ele></trkpt>
      <trkpt lat="44.430905" lon="8.544128"><ele>1105.0</ele></trkpt>
      <trkpt lat="44.430922" lon="8.544147"><ele>1105.2</ele></trkpt>
      <trkpt lat="44.430936" lon="8.544171"><ele>1105.4</ele></trkpt>
      <trkpt lat="44.430951" lon="8.544193"><ele>1105.6</ele></trkpt>
      <trkpt lat="44.430960" lon="8.544218"><ele>1105.8</ele></trkpt>
      <trkpt lat="44.430970" lon="8.544251"><ele>1106.0</ele></trkpt>
      <trkpt lat="44.430976" lon="8.544285"><ele>1106.2</ele></trkpt>
      <trkpt lat="44.430981" lon="8.544319"><ele>1106.4</ele></trkpt>
      <trkpt lat="44.430981" lon="8.544348"><ele>1106.6</ele></trkpt>
      <trkpt lat="44.430981" lon="8.544374"><ele>1106.8</ele></trkpt>
      <trkpt lat="44.430977" lon="8.544404"><ele>1107.0</ele></trkpt>
      <trkpt lat="44.430973" lon="8.544436"><ele>1107.0</ele></trkpt>
      <trkpt lat="44.430967" lon="8.544466"><ele>1107.2</ele></trkpt>
      <trkpt lat="44.430959" lon="8.544497"><ele>1107.4</ele></trkpt>
      <trkpt lat="44.430951" lon="8.544528"><ele>1107.6</ele></trkpt>
      <trkpt lat="44.430939" lon="8.544556"><ele>1107.8</ele></trkpt>
      <trkpt lat="44.430923" lon="8.544587"><ele>1107.8</ele></trkpt>
      <trkpt lat="44.430907" lon="8.544611"><ele>1108.0</ele></trkpt>
      <trkpt lat="44.430888" lon="8.544633"><ele>1108.2</ele></trkpt>
      <trkpt lat="44.430870" lon="8.544657"><ele>1108.2</ele></trkpt>
      <trkpt lat="44.430849" lon="8.544677"><ele>1108.4</ele></trkpt>
      <trkpt lat="44.430828" lon="8.544696"><ele>1108.6</ele></trkpt>
      <trkpt lat="44.430808" lon="8.544714"><ele>1108.8</ele></trkpt>
      <trkpt lat="44.430789" lon="8.544732"><ele>1109.0</ele></trkpt>
      <trkpt lat="44.430769" lon="8.544753"><ele>1109.2</ele></trkpt>
      <trkpt lat="44.430746" lon="8.544773"><ele>1109.4</ele></trkpt>
      <trkpt lat="44.430722" lon="8.544791"><ele>1109.6</ele></trkpt>
      <trkpt lat="44.430699" lon="8.544809"><ele>1109.6</ele></trkpt>
      <trkpt lat="44.430677" lon="8.544827"><ele>1109.8</ele></trkpt>
      <trkpt lat="44.430657" lon="8.544848"><ele>1110.0</ele></trkpt>
      <trkpt lat="44.430639" lon="8.544869"><ele>1110.2</ele></trkpt>
      <trkpt lat="44.430621" lon="8.544888"><ele>1110.6</ele></trkpt>
      <trkpt lat="44.430604" lon="8.544909"><ele>1110.8</ele></trkpt>
      <trkpt lat="44.430587" lon="8.544934"><ele>1111.0</ele></trkpt>
      <trkpt lat="44.430568" lon="8.544957"><ele>1111.2</ele></trkpt>
      <trkpt lat="44.430551" lon="8.544982"><ele>1111.4</ele></trkpt>
      <trkpt lat="44.430533" lon="8.545010"><ele>1111.4</ele></trkpt>
      <trkpt lat="44.430517" lon="8.545035"><ele>1111.6</ele></trkpt>
      <trkpt lat="44.430501" lon="8.545060"><ele>1111.8</ele></trkpt>
      <trkpt lat="44.430488" lon="8.545091"><ele>1112.0</ele></trkpt>
      <trkpt lat="44.430473" lon="8.545121"><ele>1112.0</ele></trkpt>
      <trkpt lat="44.430463" lon="8.545144"><ele>1112.2</ele></trkpt>
      <trkpt lat="44.430453" lon="8.545162"><ele>1112.4</ele></trkpt>
      <trkpt lat="44.430446" lon="8.545182"><ele>1112.6</ele></trkpt>
      <trkpt lat="44.430435" lon="8.545203"><ele>1112.8</ele></trkpt>
      <trkpt lat="44.430425" lon="8.545233"><ele>1113.0</ele></trkpt>
      <trkpt lat="44.430412" lon="8.545268"><ele>1113.2</ele></trkpt>
      <trkpt lat="44.430399" lon="8.545302"><ele>1113.6</ele></trkpt>
      <trkpt lat="44.430390" lon="8.545336"><ele>1113.8</ele></trkpt>
      <trkpt lat="44.430382" lon="8.545361"><ele>1114.0</ele></trkpt>
      <trkpt lat="44.430374" lon="8.545385"><ele>1114.4</ele></trkpt>
      <trkpt lat="44.430366" lon="8.545406"><ele>1114.6</ele></trkpt>
      <trkpt lat="44.430356" lon="8.545424"><ele>1114.8</ele></trkpt>
      <trkpt lat="44.430345" lon="8.545444"><ele>1115.2</ele></trkpt>
      <trkpt lat="44.430338" lon="8.545468"><ele>1115.4</ele></trkpt>
      <trkpt lat="44.430327" lon="8.545488"><ele>1115.6</ele></trkpt>
      <trkpt lat="44.430313" lon="8.545509"><ele>1115.8</ele></trkpt>
      <trkpt lat="44.430300" lon="8.545533"><ele>1116.0</ele></trkpt>
      <trkpt lat="44.430287" lon="8.545552"><ele>1116.2</ele></trkpt>
      <trkpt lat="44.430274" lon="8.545574"><ele>1116.2</ele></trkpt>
      <trkpt lat="44.430259" lon="8.545594"><ele>1116.4</ele></trkpt>
      <trkpt lat="44.430242" lon="8.545609"><ele>1116.6</ele></trkpt>
      <trkpt lat="44.430226" lon="8.545629"><ele>1116.6</ele></trkpt>
      <trkpt lat="44.430210" lon="8.545644"><ele>1116.8</ele></trkpt>
      <trkpt lat="44.430195" lon="8.545663"><ele>1117.0</ele></trkpt>
      <trkpt lat="44.430181" lon="8.545684"><ele>1117.2</ele></trkpt>
      <trkpt lat="44.430166" lon="8.545707"><ele>1117.4</ele></trkpt>
      <trkpt lat="44.430150" lon="8.545725"><ele>1117.4</ele></trkpt>
      <trkpt lat="44.430137" lon="8.545743"><ele>1117.6</ele></trkpt>
      <trkpt lat="44.430120" lon="8.545763"><ele>1117.8</ele></trkpt>
      <trkpt lat="44.430105" lon="8.545788"><ele>1118.0</ele></trkpt>
      <trkpt lat="44.430087" lon="8.545808"><ele>1118.2</ele></trkpt>
      <trkpt lat="44.430069" lon="8.545829"><ele>1118.4</ele></trkpt>
      <trkpt lat="44.430056" lon="8.545845"><ele>1118.6</ele></trkpt>
      <trkpt lat="44.430044" lon="8.545861"><ele>1118.8</ele></trkpt>
      <trkpt lat="44.430032" lon="8.545876"><ele>1119.0</ele></trkpt>
      <trkpt lat="44.430019" lon="8.545894"><ele>1119.2</ele></trkpt>
      <trkpt lat="44.430000" lon="8.545914"><ele>1119.4</ele></trkpt>
      <trkpt lat="44.429983" lon="8.545935"><ele>1119.4</ele></trkpt>
      <trkpt lat="44.429961" lon="8.545963"><ele>1119.6</ele></trkpt>
      <trkpt lat="44.429943" lon="8.545987"><ele>1119.8</ele></trkpt>
      <trkpt lat="44.429930" lon="8.546000"><ele>1120.0</ele></trkpt>
      <trkpt lat="44.429920" lon="8.546019"><ele>1120.0</ele></trkpt>
      <trkpt lat="44.429904" lon="8.546031"><ele>1120.2</ele></trkpt>
      <trkpt lat="44.429891" lon="8.546039"><ele>1120.4</ele></trkpt>
      <trkpt lat="44.429877" lon="8.546047"><ele>1120.6</ele></trkpt>
      <trkpt lat="44.429861" lon="8.546058"><ele>1120.8</ele></trkpt>
      <trkpt lat="44.429845" lon="8.546070"><ele>1121.0</ele></trkpt>
      <trkpt lat="44.429830" lon="8.546076"><ele>1121.2</ele></trkpt>
      <trkpt lat="44.429813" lon="8.546085"><ele>1121.4</ele></trkpt>
      <trkpt lat="44.429797" lon="8.546092"><ele>1121.6</ele></trkpt>
      <trkpt lat="44.429780" lon="8.546104"><ele>1121.6</ele></trkpt>
      <trkpt lat="44.429757" lon="8.546109"><ele>1121.8</ele></trkpt>
      <trkpt lat="44.429740" lon="8.546118"><ele>1122.0</ele></trkpt>
      <trkpt lat="44.429724" lon="8.546126"><ele>1122.2</ele></trkpt>
      <trkpt lat="44.429709" lon="8.546133"><ele>1122.4</ele></trkpt>
      <trkpt lat="44.429692" lon="8.546138"><ele>1122.6</ele></trkpt>
      <trkpt lat="44.429673" lon="8.546141"><ele>1122.8</ele></trkpt>
      <trkpt lat="44.429656" lon="8.546148"><ele>1123.0</ele></trkpt>
      <trkpt lat="44.429642" lon="8.546160"><ele>1123.0</ele></trkpt>
      <trkpt lat="44.429624" lon="8.546166"><ele>1123.2</ele></trkpt>
      <trkpt lat="44.429604" lon="8.546176"><ele>1123.4</ele></trkpt>
      <trkpt lat="44.429585" lon="8.546179"><ele>1123.4</ele></trkpt>
      <trkpt lat="44.429566" lon="8.546183"><ele>1123.6</ele></trkpt>
      <trkpt lat="44.429551" lon="8.546190"><ele>1123.8</ele></trkpt>
      <trkpt lat="44.429534" lon="8.546200"><ele>1124.0</ele></trkpt>
      <trkpt lat="44.429515" lon="8.546212"><ele>1124.2</ele></trkpt>
      <trkpt lat="44.429494" lon="8.546219"><ele>1124.4</ele></trkpt>
      <trkpt lat="44.429477" lon="8.546225"><ele>1124.6</ele></trkpt>
      <trkpt lat="44.429461" lon="8.546228"><ele>1124.8</ele></trkpt>
      <trkpt lat="44.429441" lon="8.546230"><ele>1125.0</ele></trkpt>
      <trkpt lat="44.429424" lon="8.546236"><ele>1125.0</ele></trkpt>
      <trkpt lat="44.429407" lon="8.546248"><ele>1125.4</ele></trkpt>
      <trkpt lat="44.429388" lon="8.546257"><ele>1125.6</ele></trkpt>
      <trkpt lat="44.429366" lon="8.546264"><ele>1125.8</ele></trkpt>
      <trkpt lat="44.429346" lon="8.546272"><ele>1126.0</ele></trkpt>
      <trkpt lat="44.429328" lon="8.546283"><ele>1126.2</ele></trkpt>
      <trkpt lat="44.429316" lon="8.546291"><ele>1126.4</ele></trkpt>
      <trkpt lat="44.429299" lon="8.546299"><ele>1126.6</ele></trkpt>
      <trkpt lat="44.429279" lon="8.546303"><ele>1126.8</ele></trkpt>
      <trkpt lat="44.429263" lon="8.546307"><ele>1127.0</ele></trkpt>
      <trkpt lat="44.429244" lon="8.546313"><ele>1127.2</ele></trkpt>
      <trkpt lat="44.429227" lon="8.546320"><ele>1127.2</ele></trkpt>
      <trkpt lat="44.429208" lon="8.546329"><ele>1127.4</ele></trkpt>
      <trkpt lat="44.429190" lon="8.546337"><ele>1127.6</ele></trkpt>
      <trkpt lat="44.429175" lon="8.546345"><ele>1127.8</ele></trkpt>
      <trkpt lat="44.429158" lon="8.546353"><ele>1127.8</ele></trkpt>
      <trkpt lat="44.429144" lon="8.546363"><ele>1128.0</ele></trkpt>
      <trkpt lat="44.429128" lon="8.546374"><ele>1128.2</ele></trkpt>
      <trkpt lat="44.429110" lon="8.546389"><ele>1128.4</ele></trkpt>
      <trkpt lat="44.429094" lon="8.546409"><ele>1128.6</ele></trkpt>
      <trkpt lat="44.429078" lon="8.546425"><ele>1128.6</ele></trkpt>
      <trkpt lat="44.429063" lon="8.546443"><ele>1128.8</ele></trkpt>
      <trkpt lat="44.429046" lon="8.546461"><ele>1129.0</ele></trkpt>
      <trkpt lat="44.429033" lon="8.546482"><ele>1129.2</ele></trkpt>
      <trkpt lat="44.429022" lon="8.546502"><ele>1129.4</ele></trkpt>
      <trkpt lat="44.429006" lon="8.546521"><ele>1129.4</ele></trkpt>
      <trkpt lat="44.428992" lon="8.546538"><ele>1129.8</ele></trkpt>
      <trkpt lat="44.428980" lon="8.546557"><ele>1129.8</ele></trkpt>
      <trkpt lat="44.428969" lon="8.546576"><ele>1130.2</ele></trkpt>
      <trkpt lat="44.428954" lon="8.546591"><ele>1130.4</ele></trkpt>
      <trkpt lat="44.428940" lon="8.546609"><ele>1130.6</ele></trkpt>
      <trkpt lat="44.428930" lon="8.546632"><ele>1130.8</ele></trkpt>
      <trkpt lat="44.428919" lon="8.546656"><ele>1131.0</ele></trkpt>
      <trkpt lat="44.428906" lon="8.546675"><ele>1131.0</ele></trkpt>
      <trkpt lat="44.428892" lon="8.546698"><ele>1131.2</ele></trkpt>
      <trkpt lat="44.428878" lon="8.546719"><ele>1131.4</ele></trkpt>
      <trkpt lat="44.428869" lon="8.546743"><ele>1131.6</ele></trkpt>
      <trkpt lat="44.428860" lon="8.546767"><ele>1131.8</ele></trkpt>
      <trkpt lat="44.428855" lon="8.546787"><ele>1132.0</ele></trkpt>
      <trkpt lat="44.428846" lon="8.546807"><ele>1132.2</ele></trkpt>
      <trkpt lat="44.428835" lon="8.546832"><ele>1132.2</ele></trkpt>
      <trkpt lat="44.428826" lon="8.546844"><ele>1132.4</ele></trkpt>
      <trkpt lat="44.428815" lon="8.546860"><ele>1132.6</ele></trkpt>
      <trkpt lat="44.428805" lon="8.546875"><ele>1132.8</ele></trkpt>
      <trkpt lat="44.428797" lon="8.546888"><ele>1133.0</ele></trkpt>
      <trkpt lat="44.428789" lon="8.546906"><ele>1133.2</ele></trkpt>
      <trkpt lat="44.428780" lon="8.546930"><ele>1133.2</ele></trkpt>
      <trkpt lat="44.428774" lon="8.546950"><ele>1133.4</ele></trkpt>
      <trkpt lat="44.428764" lon="8.546970"><ele>1133.4</ele></trkpt>
      <trkpt lat="44.428756" lon="8.546989"><ele>1133.6</ele></trkpt>
      <trkpt lat="44.428748" lon="8.547007"><ele>1133.8</ele></trkpt>
      <trkpt lat="44.428743" lon="8.547024"><ele>1134.0</ele></trkpt>
      <trkpt lat="44.428739" lon="8.547046"><ele>1134.2</ele></trkpt>
      <trkpt lat="44.428735" lon="8.547073"><ele>1134.2</ele></trkpt>
      <trkpt lat="44.428726" lon="8.547095"><ele>1134.4</ele></trkpt>
      <trkpt lat="44.428714" lon="8.547112"><ele>1134.6</ele></trkpt>
      <trkpt lat="44.428705" lon="8.547127"><ele>1134.6</ele></trkpt>
      <trkpt lat="44.428699" lon="8.547146"><ele>1134.8</ele></trkpt>
      <trkpt lat="44.428693" lon="8.547163"><ele>1135.0</ele></trkpt>
      <trkpt lat="44.428682" lon="8.547185"><ele>1135.0</ele></trkpt>
      <trkpt lat="44.428669" lon="8.547205"><ele>1135.2</ele></trkpt>
      <trkpt lat="44.428657" lon="8.547226"><ele>1135.4</ele></trkpt>
      <trkpt lat="44.428648" lon="8.547246"><ele>1135.4</ele></trkpt>
      <trkpt lat="44.428635" lon="8.547260"><ele>1135.6</ele></trkpt>
      <trkpt lat="44.428620" lon="8.547277"><ele>1135.8</ele></trkpt>
      <trkpt lat="44.428608" lon="8.547299"><ele>1136.0</ele></trkpt>
      <trkpt lat="44.428602" lon="8.547322"><ele>1136.0</ele></trkpt>
      <trkpt lat="44.428595" lon="8.547340"><ele>1136.2</ele></trkpt>
      <trkpt lat="44.428585" lon="8.547359"><ele>1136.4</ele></trkpt>
      <trkpt lat="44.428574" lon="8.547372"><ele>1136.6</ele></trkpt>
      <trkpt lat="44.428567" lon="8.547392"><ele>1136.8</ele></trkpt>
      <trkpt lat="44.428562" lon="8.547415"><ele>1137.0</ele></trkpt>
      <trkpt lat="44.428555" lon="8.547437"><ele>1137.2</ele></trkpt>
      <trkpt lat="44.428549" lon="8.547463"><ele>1137.4</ele></trkpt>
      <trkpt lat="44.428541" lon="8.547486"><ele>1137.6</ele></trkpt>
      <trkpt lat="44.428532" lon="8.547508"><ele>1137.8</ele></trkpt>
      <trkpt lat="44.428524" lon="8.547528"><ele>1138.0</ele></trkpt>
      <trkpt lat="44.428516" lon="8.547549"><ele>1138.2</ele></trkpt>
      <trkpt lat="44.428509" lon="8.547575"><ele>1138.2</ele></trkpt>
      <trkpt lat="44.428500" lon="8.547597"><ele>1138.4</ele></trkpt>
      <trkpt lat="44.428493" lon="8.547621"><ele>1138.4</ele></trkpt>
      <trkpt lat="44.428486" lon="8.547642"><ele>1138.6</ele></trkpt>
      <trkpt lat="44.428475" lon="8.547662"><ele>1138.8</ele></trkpt>
      <trkpt lat="44.428467" lon="8.547685"><ele>1139.0</ele></trkpt>
      <trkpt lat="44.428467" lon="8.547707"><ele>1139.2</ele></trkpt>
      <trkpt lat="44.428464" lon="8.547729"><ele>1139.4</ele></trkpt>
      <trkpt lat="44.428461" lon="8.547754"><ele>1139.6</ele></trkpt>
      <trkpt lat="44.428454" lon="8.547780"><ele>1139.8</ele></trkpt>
      <trkpt lat="44.428452" lon="8.547800"><ele>1140.0</ele></trkpt>
      <trkpt lat="44.428451" lon="8.547820"><ele>1140.2</ele></trkpt>
      <trkpt lat="44.428448" lon="8.547846"><ele>1140.4</ele></trkpt>
      <trkpt lat="44.428445" lon="8.547873"><ele>1140.4</ele></trkpt>
      <trkpt lat="44.428439" lon="8.547903"><ele>1140.6</ele></trkpt>
      <trkpt lat="44.428435" lon="8.547936"><ele>1140.8</ele></trkpt>
      <trkpt lat="44.428432" lon="8.547961"><ele>1140.8</ele></trkpt>
      <trkpt lat="44.428431" lon="8.547984"><ele>1141.0</ele></trkpt>
      <trkpt lat="44.428428" lon="8.548007"><ele>1141.0</ele></trkpt>
      <trkpt lat="44.428426" lon="8.548028"><ele>1141.2</ele></trkpt>
      <trkpt lat="44.428424" lon="8.548055"><ele>1141.2</ele></trkpt>
      <trkpt lat="44.428421" lon="8.548073"><ele>1141.4</ele></trkpt>
      <trkpt lat="44.428416" lon="8.548096"><ele>1141.4</ele></trkpt>
      <trkpt lat="44.428410" lon="8.548116"><ele>1141.6</ele></trkpt>
      <trkpt lat="44.428407" lon="8.548139"><ele>1141.6</ele></trkpt>
      <trkpt lat="44.428404" lon="8.548164"><ele>1141.6</ele></trkpt>
      <trkpt lat="44.428400" lon="8.548188"><ele>1141.8</ele></trkpt>
      <trkpt lat="44.428398" lon="8.548215"><ele>1141.8</ele></trkpt>
      <trkpt lat="44.428397" lon="8.548247"><ele>1142.0</ele></trkpt>
      <trkpt lat="44.428397" lon="8.548277"><ele>1142.0</ele></trkpt>
      <trkpt lat="44.428397" lon="8.548305"><ele>1142.2</ele></trkpt>
      <trkpt lat="44.428396" lon="8.548335"><ele>1142.4</ele></trkpt>
      <trkpt lat="44.428400" lon="8.548359"><ele>1142.4</ele></trkpt>
      <trkpt lat="44.428403" lon="8.548385"><ele>1142.6</ele></trkpt>
      <trkpt lat="44.428403" lon="8.548412"><ele>1142.8</ele></trkpt>
      <trkpt lat="44.428406" lon="8.548440"><ele>1143.0</ele></trkpt>
      <trkpt lat="44.428412" lon="8.548464"><ele>1143.2</ele></trkpt>
      <trkpt lat="44.428418" lon="8.548488"><ele>1143.6</ele></trkpt>
      <trkpt lat="44.428424" lon="8.548512"><ele>1143.8</ele></trkpt>
      <trkpt lat="44.428432" lon="8.548536"><ele>1144.0</ele></trkpt>
      <trkpt lat="44.428439" lon="8.548560"><ele>1144.2</ele></trkpt>
      <trkpt lat="44.428449" lon="8.548584"><ele>1144.4</ele></trkpt>
      <trkpt lat="44.428460" lon="8.548607"><ele>1144.4</ele></trkpt>
      <trkpt lat="44.428472" lon="8.548629"><ele>1144.6</ele></trkpt>
      <trkpt lat="44.428482" lon="8.548655"><ele>1144.6</ele></trkpt>
      <trkpt lat="44.428494" lon="8.548676"><ele>1144.8</ele></trkpt>
      <trkpt lat="44.428507" lon="8.548697"><ele>1144.8</ele></trkpt>
      <trkpt lat="44.428519" lon="8.548719"><ele>1145.0</ele></trkpt>
      <trkpt lat="44.428532" lon="8.548740"><ele>1145.0</ele></trkpt>
      <trkpt lat="44.428545" lon="8.548760"><ele>1145.2</ele></trkpt>
      <trkpt lat="44.428559" lon="8.548781"><ele>1145.2</ele></trkpt>
      <trkpt lat="44.428570" lon="8.548802"><ele>1145.4</ele></trkpt>
      <trkpt lat="44.428578" lon="8.548814"><ele>1145.6</ele></trkpt>
      <trkpt lat="44.428592" lon="8.548827"><ele>1145.6</ele></trkpt>
      <trkpt lat="44.428607" lon="8.548842"><ele>1145.8</ele></trkpt>
      <trkpt lat="44.428626" lon="8.548861"><ele>1145.8</ele></trkpt>
      <trkpt lat="44.428647" lon="8.548886"><ele>1146.0</ele></trkpt>
      <trkpt lat="44.428670" lon="8.548908"><ele>1146.0</ele></trkpt>
      <trkpt lat="44.428691" lon="8.548923"><ele>1146.2</ele></trkpt>
      <trkpt lat="44.428707" lon="8.548935"><ele>1146.2</ele></trkpt>
      <trkpt lat="44.428723" lon="8.548948"><ele>1146.4</ele></trkpt>
      <trkpt lat="44.428740" lon="8.548955"><ele>1146.4</ele></trkpt>
      <trkpt lat="44.428756" lon="8.548966"><ele>1146.6</ele></trkpt>
      <trkpt lat="44.428770" lon="8.548980"><ele>1146.8</ele></trkpt>
      <trkpt lat="44.428784" lon="8.548994"><ele>1147.0</ele></trkpt>
      <trkpt lat="44.428798" lon="8.549014"><ele>1147.2</ele></trkpt>
      <trkpt lat="44.428814" lon="8.549028"><ele>1147.2</ele></trkpt>
      <trkpt lat="44.428829" lon="8.549041"><ele>1147.4</ele></trkpt>
      <trkpt lat="44.428844" lon="8.549054"><ele>1147.6</ele></trkpt>
      <trkpt lat="44.428860" lon="8.549065"><ele>1147.8</ele></trkpt>
      <trkpt lat="44.428876" lon="8.549079"><ele>1148.0</ele></trkpt>
      <trkpt lat="44.428891" lon="8.549093"><ele>1148.2</ele></trkpt>
      <trkpt lat="44.428906" lon="8.549107"><ele>1148.4</ele></trkpt>
      <trkpt lat="44.428922" lon="8.549125"><ele>1148.4</ele></trkpt>
      <trkpt lat="44.428938" lon="8.549140"><ele>1148.6</ele></trkpt>
      <trkpt lat="44.428954" lon="8.549155"><ele>1148.8</ele></trkpt>
      <trkpt lat="44.428970" lon="8.549171"><ele>1149.0</ele></trkpt>
      <trkpt lat="44.428988" lon="8.549183"><ele>1149.2</ele></trkpt>
      <trkpt lat="44.429007" lon="8.549197"><ele>1149.4</ele></trkpt>
      <trkpt lat="44.429023" lon="8.549216"><ele>1149.8</ele></trkpt>
      <trkpt lat="44.429041" lon="8.549233"><ele>1149.8</ele></trkpt>
      <trkpt lat="44.429058" lon="8.549251"><ele>1150.0</ele></trkpt>
      <trkpt lat="44.429077" lon="8.549272"><ele>1150.2</ele></trkpt>
      <trkpt lat="44.429094" lon="8.549290"><ele>1150.4</ele></trkpt>
      <trkpt lat="44.429113" lon="8.549304"><ele>1150.6</ele></trkpt>
      <trkpt lat="44.429132" lon="8.549318"><ele>1150.8</ele></trkpt>
      <trkpt lat="44.429146" lon="8.549327"><ele>1150.8</ele></trkpt>
      <trkpt lat="44.429160" lon="8.549335"><ele>1151.0</ele></trkpt>
      <trkpt lat="44.429175" lon="8.549349"><ele>1151.0</ele></trkpt>
      <trkpt lat="44.429189" lon="8.549370"><ele>1151.2</ele></trkpt>
      <trkpt lat="44.429204" lon="8.549387"><ele>1151.4</ele></trkpt>
      <trkpt lat="44.429222" lon="8.549404"><ele>1151.6</ele></trkpt>
      <trkpt lat="44.429239" lon="8.549427"><ele>1151.8</ele></trkpt>
      <trkpt lat="44.429254" lon="8.549446"><ele>1152.0</ele></trkpt>
      <trkpt lat="44.429268" lon="8.549461"><ele>1152.0</ele></trkpt>
      <trkpt lat="44.429281" lon="8.549472"><ele>1152.2</ele></trkpt>
      <trkpt lat="44.429293" lon="8.549484"><ele>1152.4</ele></trkpt>
      <trkpt lat="44.429304" lon="8.549500"><ele>1152.6</ele></trkpt>
      <trkpt lat="44.429314" lon="8.549514"><ele>1152.8</ele></trkpt>
      <trkpt lat="44.429323" lon="8.549533"><ele>1153.0</ele></trkpt>
      <trkpt lat="44.429335" lon="8.549551"><ele>1153.2</ele></trkpt>
      <trkpt lat="44.429348" lon="8.549567"><ele>1153.4</ele></trkpt>
      <trkpt lat="44.429360" lon="8.549580"><ele>1153.6</ele></trkpt>
      <trkpt lat="44.429374" lon="8.549597"><ele>1153.6</ele></trkpt>
      <trkpt lat="44.429389" lon="8.549621"><ele>1153.8</ele></trkpt>
      <trkpt lat="44.429403" lon="8.549637"><ele>1154.0</ele></trkpt>
      <trkpt lat="44.429418" lon="8.549655"><ele>1154.2</ele></trkpt>
      <trkpt lat="44.429433" lon="8.549677"><ele>1154.4</ele></trkpt>
      <trkpt lat="44.429449" lon="8.549700"><ele>1154.4</ele></trkpt>
      <trkpt lat="44.429467" lon="8.549719"><ele>1154.6</ele></trkpt>
      <trkpt lat="44.429484" lon="8.549739"><ele>1154.8</ele></trkpt>
      <trkpt lat="44.429500" lon="8.549759"><ele>1155.0</ele></trkpt>
      <trkpt lat="44.429516" lon="8.549784"><ele>1155.2</ele></trkpt>
      <trkpt lat="44.429533" lon="8.549809"><ele>1155.2</ele></trkpt>
      <trkpt lat="44.429551" lon="8.549830"><ele>1155.4</ele></trkpt>
      <trkpt lat="44.429570" lon="8.549850"><ele>1155.6</ele></trkpt>
      <trkpt lat="44.429589" lon="8.549874"><ele>1155.8</ele></trkpt>
      <trkpt lat="44.429609" lon="8.549901"><ele>1156.0</ele></trkpt>
      <trkpt lat="44.429630" lon="8.549925"><ele>1156.2</ele></trkpt>
      <trkpt lat="44.429648" lon="8.549950"><ele>1156.4</ele></trkpt>
      <trkpt lat="44.429663" lon="8.549971"><ele>1156.6</ele></trkpt>
      <trkpt lat="44.429684" lon="8.549991"><ele>1156.8</ele></trkpt>
      <trkpt lat="44.429700" lon="8.550013"><ele>1157.2</ele></trkpt>
      <trkpt lat="44.429714" lon="8.550038"><ele>1157.4</ele></trkpt>
      <trkpt lat="44.429726" lon="8.550059"><ele>1157.6</ele></trkpt>
      <trkpt lat="44.429739" lon="8.550080"><ele>1157.8</ele></trkpt>
      <trkpt lat="44.429754" lon="8.550104"><ele>1158.0</ele></trkpt>
      <trkpt lat="44.429767" lon="8.550131"><ele>1158.0</ele></trkpt>
      <trkpt lat="44.429783" lon="8.550159"><ele>1158.2</ele></trkpt>
      <trkpt lat="44.429798" lon="8.550191"><ele>1158.2</ele></trkpt>
      <trkpt lat="44.429812" lon="8.550219"><ele>1158.2</ele></trkpt>
      <trkpt lat="44.429825" lon="8.550246"><ele>1158.4</ele></trkpt>
      <trkpt lat="44.429836" lon="8.550270"><ele>1158.4</ele></trkpt>
      <trkpt lat="44.429849" lon="8.550291"><ele>1158.6</ele></trkpt>
      <trkpt lat="44.429866" lon="8.550310"><ele>1158.8</ele></trkpt>
      <trkpt lat="44.429882" lon="8.550335"><ele>1159.0</ele></trkpt>
      <trkpt lat="44.429893" lon="8.550360"><ele>1159.2</ele></trkpt>
      <trkpt lat="44.429906" lon="8.550384"><ele>1159.4</ele></trkpt>
      <trkpt lat="44.429921" lon="8.550404"><ele>1159.4</ele></trkpt>
      <trkpt lat="44.429931" lon="8.550428"><ele>1159.6</ele></trkpt>
      <trkpt lat="44.429944" lon="8.550453"><ele>1159.8</ele></trkpt>
      <trkpt lat="44.429956" lon="8.550476"><ele>1160.0</ele></trkpt>
      <trkpt lat="44.429970" lon="8.550504"><ele>1160.0</ele></trkpt>
      <trkpt lat="44.429985" lon="8.550526"><ele>1160.2</ele></trkpt>
      <trkpt lat="44.430000" lon="8.550549"><ele>1160.4</ele></trkpt>
      <trkpt lat="44.430018" lon="8.550573"><ele>1160.6</ele></trkpt>
      <trkpt lat="44.430035" lon="8.550598"><ele>1160.8</ele></trkpt>
      <trkpt lat="44.430051" lon="8.550621"><ele>1161.0</ele></trkpt>
      <trkpt lat="44.430067" lon="8.550645"><ele>1161.2</ele></trkpt>
      <trkpt lat="44.430082" lon="8.550674"><ele>1161.4</ele></trkpt>
      <trkpt lat="44.430098" lon="8.550702"><ele>1161.8</ele></trkpt>
      <trkpt lat="44.430113" lon="8.550727"><ele>1162.0</ele></trkpt>
      <trkpt lat="44.430130" lon="8.550752"><ele>1162.2</ele></trkpt>
      <trkpt lat="44.430148" lon="8.550780"><ele>1162.4</ele></trkpt>
      <trkpt lat="44.430167" lon="8.550811"><ele>1162.6</ele></trkpt>
      <trkpt lat="44.430183" lon="8.550841"><ele>1162.8</ele></trkpt>
      <trkpt lat="44.430199" lon="8.550868"><ele>1163.0</ele></trkpt>
      <trkpt lat="44.430212" lon="8.550898"><ele>1163.2</ele></trkpt>
      <trkpt lat="44.430229" lon="8.550923"><ele>1163.6</ele></trkpt>
      <trkpt lat="44.430247" lon="8.550950"><ele>1163.8</ele></trkpt>
      <trkpt lat="44.430261" lon="8.550981"><ele>1164.0</ele></trkpt>
      <trkpt lat="44.430279" lon="8.551014"><ele>1164.2</ele></trkpt>
      <trkpt lat="44.430295" lon="8.551049"><ele>1164.6</ele></trkpt>
      <trkpt lat="44.430313" lon="8.551076"><ele>1164.6</ele></trkpt>
      <trkpt lat="44.430333" lon="8.551106"><ele>1164.8</ele></trkpt>
      <trkpt lat="44.430350" lon="8.551139"><ele>1165.0</ele></trkpt>
      <trkpt lat="44.430368" lon="8.551168"><ele>1165.2</ele></trkpt>
      <trkpt lat="44.430385" lon="8.551191"><ele>1165.4</ele></trkpt>
      <trkpt lat="44.430395" lon="8.551213"><ele>1165.6</ele></trkpt>
      <trkpt lat="44.430409" lon="8.551239"><ele>1165.8</ele></trkpt>
      <trkpt lat="44.430426" lon="8.551269"><ele>1166.0</ele></trkpt>
      <trkpt lat="44.430443" lon="8.551295"><ele>1166.2</ele></trkpt>
      <trkpt lat="44.430462" lon="8.551330"><ele>1166.4</ele></trkpt>
      <trkpt lat="44.430480" lon="8.551361"><ele>1166.6</ele></trkpt>
      <trkpt lat="44.430497" lon="8.551392"><ele>1166.8</ele></trkpt>
      <trkpt lat="44.430515" lon="8.551413"><ele>1166.8</ele></trkpt>
      <trkpt lat="44.430533" lon="8.551439"><ele>1167.0</ele></trkpt>
      <trkpt lat="44.430547" lon="8.551469"><ele>1167.2</ele></trkpt>
      <trkpt lat="44.430559" lon="8.551499"><ele>1167.4</ele></trkpt>
      <trkpt lat="44.430574" lon="8.551524"><ele>1167.6</ele></trkpt>
      <trkpt lat="44.430583" lon="8.551549"><ele>1167.6</ele></trkpt>
      <trkpt lat="44.430591" lon="8.551575"><ele>1167.8</ele></trkpt>
      <trkpt lat="44.430598" lon="8.551606"><ele>1168.0</ele></trkpt>
      <trkpt lat="44.430605" lon="8.551629"><ele>1168.2</ele></trkpt>
      <trkpt lat="44.430616" lon="8.551653"><ele>1168.4</ele></trkpt>
      <trkpt lat="44.430627" lon="8.551678"><ele>1168.4</ele></trkpt>
      <trkpt lat="44.430638" lon="8.551708"><ele>1168.6</ele></trkpt>
      <trkpt lat="44.430646" lon="8.551739"><ele>1168.8</ele></trkpt>
      <trkpt lat="44.430654" lon="8.551769"><ele>1169.0</ele></trkpt>
      <trkpt lat="44.430658" lon="8.551805"><ele>1169.2</ele></trkpt>
      <trkpt lat="44.430663" lon="8.551843"><ele>1169.4</ele></trkpt>
      <trkpt lat="44.430665" lon="8.551878"><ele>1169.6</ele></trkpt>
      <trkpt lat="44.430672" lon="8.551911"><ele>1169.8</ele></trkpt>
      <trkpt lat="44.430681" lon="8.551945"><ele>1170.0</ele></trkpt>
      <trkpt lat="44.430682" lon="8.551977"><ele>1170.2</ele></trkpt>
      <trkpt lat="44.430687" lon="8.552012"><ele>1170.4</ele></trkpt>
      <trkpt lat="44.430689" lon="8.552049"><ele>1170.4</ele></trkpt>
      <trkpt lat="44.430690" lon="8.552091"><ele>1170.6</ele></trkpt>
      <trkpt lat="44.430687" lon="8.552129"><ele>1170.8</ele></trkpt>
      <trkpt lat="44.430692" lon="8.552164"><ele>1170.8</ele></trkpt>
      <trkpt lat="44.430693" lon="8.552195"><ele>1171.0</ele></trkpt>
      <trkpt lat="44.430694" lon="8.552225"><ele>1171.2</ele></trkpt>
      <trkpt lat="44.430689" lon="8.552257"><ele>1171.4</ele></trkpt>
      <trkpt lat="44.430682" lon="8.552286"><ele>1171.4</ele></trkpt>
      <trkpt lat="44.430675" lon="8.552317"><ele>1171.6</ele></trkpt>
      <trkpt lat="44.430671" lon="8.552344"><ele>1171.8</ele></trkpt>
      <trkpt lat="44.430669" lon="8.552374"><ele>1172.0</ele></trkpt>
      <trkpt lat="44.430668" lon="8.552401"><ele>1172.2</ele></trkpt>
      <trkpt lat="44.430670" lon="8.552427"><ele>1172.4</ele></trkpt>
      <trkpt lat="44.430670" lon="8.552454"><ele>1172.6</ele></trkpt>
      <trkpt lat="44.430669" lon="8.552482"><ele>1172.8</ele></trkpt>
      <trkpt lat="44.430669" lon="8.552510"><ele>1173.0</ele></trkpt>
      <trkpt lat="44.430670" lon="8.552536"><ele>1173.2</ele></trkpt>
      <trkpt lat="44.430666" lon="8.552566"><ele>1173.4</ele></trkpt>
      <trkpt lat="44.430662" lon="8.552594"><ele>1173.6</ele></trkpt>
      <trkpt lat="44.430662" lon="8.552615"><ele>1173.8</ele></trkpt>
      <trkpt lat="44.430658" lon="8.552637"><ele>1174.0</ele></trkpt>
      <trkpt lat="44.430652" lon="8.552666"><ele>1174.2</ele></trkpt>
      <trkpt lat="44.430647" lon="8.552693"><ele>1174.4</ele></trkpt>
      <trkpt lat="44.430649" lon="8.552718"><ele>1174.4</ele></trkpt>
      <trkpt lat="44.430646" lon="8.552743"><ele>1174.6</ele></trkpt>
      <trkpt lat="44.430645" lon="8.552772"><ele>1174.8</ele></trkpt>
      <trkpt lat="44.430642" lon="8.552803"><ele>1175.0</ele></trkpt>
      <trkpt lat="44.430643" lon="8.552829"><ele>1175.0</ele></trkpt>
      <trkpt lat="44.430639" lon="8.552852"><ele>1175.2</ele></trkpt>
      <trkpt lat="44.430637" lon="8.552872"><ele>1175.4</ele></trkpt>
      <trkpt lat="44.430634" lon="8.552899"><ele>1175.6</ele></trkpt>
      <trkpt lat="44.430632" lon="8.552931"><ele>1175.8</ele></trkpt>
      <trkpt lat="44.430631" lon="8.552963"><ele>1176.0</ele></trkpt>
      <trkpt lat="44.430629" lon="8.552992"><ele>1176.0</ele></trkpt>
      <trkpt lat="44.430628" lon="8.553021"><ele>1176.2</ele></trkpt>
      <trkpt lat="44.430626" lon="8.553051"><ele>1176.4</ele></trkpt>
      <trkpt lat="44.430623" lon="8.553085"><ele>1176.4</ele></trkpt>
      <trkpt lat="44.430620" lon="8.553117"><ele>1176.6</ele></trkpt>
      <trkpt lat="44.430616" lon="8.553150"><ele>1176.8</ele></trkpt>
      <trkpt lat="44.430610" lon="8.553180"><ele>1176.8</ele></trkpt>
      <trkpt lat="44.430606" lon="8.553212"><ele>1177.0</ele></trkpt>
      <trkpt lat="44.430599" lon="8.553242"><ele>1177.2</ele></trkpt>
      <trkpt lat="44.430589" lon="8.553270"><ele>1177.2</ele></trkpt>
      <trkpt lat="44.430580" lon="8.553300"><ele>1177.4</ele></trkpt>
      <trkpt lat="44.430565" lon="8.553326"><ele>1177.6</ele></trkpt>
      <trkpt lat="44.430550" lon="8.553349"><ele>1177.8</ele></trkpt>
      <trkpt lat="44.430532" lon="8.553368"><ele>1178.0</ele></trkpt>
      <trkpt lat="44.430514" lon="8.553386"><ele>1178.2</ele></trkpt>
      <trkpt lat="44.430491" lon="8.553403"><ele>1178.4</ele></trkpt>
      <trkpt lat="44.430471" lon="8.553422"><ele>1178.6</ele></trkpt>
      <trkpt lat="44.430449" lon="8.553436"><ele>1178.6</ele></trkpt>
      <trkpt lat="44.430429" lon="8.553447"><ele>1178.8</ele></trkpt>
      <trkpt lat="44.430415" lon="8.553457"><ele>1179.0</ele></trkpt>
      <trkpt lat="44.430394" lon="8.553468"><ele>1179.2</ele></trkpt>
      <trkpt lat="44.430376" lon="8.553484"><ele>1179.4</ele></trkpt>
      <trkpt lat="44.430353" lon="8.553490"><ele>1179.6</ele></trkpt>
      <trkpt lat="44.430328" lon="8.553497"><ele>1179.8</ele></trkpt>
      <trkpt lat="44.430305" lon="8.553511"><ele>1180.0</ele></trkpt>
      <trkpt lat="44.430290" lon="8.553527"><ele>1180.2</ele></trkpt>
      <trkpt lat="44.430273" lon="8.553528"><ele>1180.4</ele></trkpt>
      <trkpt lat="44.430260" lon="8.553540"><ele>1180.6</ele></trkpt>
      <trkpt lat="44.430248" lon="8.553551"><ele>1180.8</ele></trkpt>
      <trkpt lat="44.430235" lon="8.553565"><ele>1181.0</ele></trkpt>
      <trkpt lat="44.430220" lon="8.553573"><ele>1181.2</ele></trkpt>
      <trkpt lat="44.430203" lon="8.553577"><ele>1181.2</ele></trkpt>
      <trkpt lat="44.430188" lon="8.553580"><ele>1181.4</ele></trkpt>
      <trkpt lat="44.430177" lon="8.553591"><ele>1181.4</ele></trkpt>
      <trkpt lat="44.430165" lon="8.553601"><ele>1181.6</ele></trkpt>
      <trkpt lat="44.430144" lon="8.553613"><ele>1181.6</ele></trkpt>
      <trkpt lat="44.430124" lon="8.553621"><ele>1181.8</ele></trkpt>
      <trkpt lat="44.430107" lon="8.553625"><ele>1182.0</ele></trkpt>
      <trkpt lat="44.430089" lon="8.553630"><ele>1182.0</ele></trkpt>
      <trkpt lat="44.430070" lon="8.553635"><ele>1182.2</ele></trkpt>
      <trkpt lat="44.430056" lon="8.553647"><ele>1182.4</ele></trkpt>
      <trkpt lat="44.430037" lon="8.553650"><ele>1182.6</ele></trkpt>
      <trkpt lat="44.430015" lon="8.553656"><ele>1182.6</ele></trkpt>
      <trkpt lat="44.429997" lon="8.553667"><ele>1182.8</ele></trkpt>
      <trkpt lat="44.429980" lon="8.553674"><ele>1183.0</ele></trkpt>
      <trkpt lat="44.429962" lon="8.553690"><ele>1183.2</ele></trkpt>
      <trkpt lat="44.429944" lon="8.553701"><ele>1183.4</ele></trkpt>
      <trkpt lat="44.429930" lon="8.553719"><ele>1183.6</ele></trkpt>
      <trkpt lat="44.429912" lon="8.553734"><ele>1183.6</ele></trkpt>
      <trkpt lat="44.429896" lon="8.553750"><ele>1183.8</ele></trkpt>
      <trkpt lat="44.429879" lon="8.553763"><ele>1184.0</ele></trkpt>
      <trkpt lat="44.429864" lon="8.553781"><ele>1184.2</ele></trkpt>
      <trkpt lat="44.429851" lon="8.553800"><ele>1184.4</ele></trkpt>
      <trkpt lat="44.429837" lon="8.553818"><ele>1184.4</ele></trkpt>
      <trkpt lat="44.429824" lon="8.553842"><ele>1184.6</ele></trkpt>
      <trkpt lat="44.429808" lon="8.553865"><ele>1184.8</ele></trkpt>
      <trkpt lat="44.429797" lon="8.553889"><ele>1185.0</ele></trkpt>
      <trkpt lat="44.429784" lon="8.553918"><ele>1185.2</ele></trkpt>
      <trkpt lat="44.429771" lon="8.553945"><ele>1185.4</ele></trkpt>
      <trkpt lat="44.429760" lon="8.553965"><ele>1185.4</ele></trkpt>
      <trkpt lat="44.429746" lon="8.553988"><ele>1185.6</ele></trkpt>
      <trkpt lat="44.429735" lon="8.554007"><ele>1185.8</ele></trkpt>
      <trkpt lat="44.429725" lon="8.554024"><ele>1186.0</ele></trkpt>
      <trkpt lat="44.429715" lon="8.554045"><ele>1186.0</ele></trkpt>
      <trkpt lat="44.429706" lon="8.554065"><ele>1186.2</ele></trkpt>
      <trkpt lat="44.429694" lon="8.554080"><ele>1186.2</ele></trkpt>
      <trkpt lat="44.429684" lon="8.554102"><ele>1186.4</ele></trkpt>
      <trkpt lat="44.429673" lon="8.554125"><ele>1186.6</ele></trkpt>
      <trkpt lat="44.429659" lon="8.554145"><ele>1186.6</ele></trkpt>
      <trkpt lat="44.429645" lon="8.554167"><ele>1186.8</ele></trkpt>
      <trkpt lat="44.429632" lon="8.554190"><ele>1187.0</ele></trkpt>
      <trkpt lat="44.429620" lon="8.554216"><ele>1187.0</ele></trkpt>
      <trkpt lat="44.429611" lon="8.554236"><ele>1187.2</ele></trkpt>
      <trkpt lat="44.429596" lon="8.554258"><ele>1187.2</ele></trkpt>
      <trkpt lat="44.429582" lon="8.554273"><ele>1187.4</ele></trkpt>
      <trkpt lat="44.429570" lon="8.554287"><ele>1187.6</ele></trkpt>
      <trkpt lat="44.429557" lon="8.554306"><ele>1187.6</ele></trkpt>
      <trkpt lat="44.429541" lon="8.554325"><ele>1187.8</ele></trkpt>
      <trkpt lat="44.429528" lon="8.554344"><ele>1188.0</ele></trkpt>
      <trkpt lat="44.429508" lon="8.554363"><ele>1188.2</ele></trkpt>
      <trkpt lat="44.429492" lon="8.554383"><ele>1188.2</ele></trkpt>
      <trkpt lat="44.429474" lon="8.554403"><ele>1188.4</ele></trkpt>
      <trkpt lat="44.429465" lon="8.554413"><ele>1188.4</ele></trkpt>
      <trkpt lat="44.429452" lon="8.554425"><ele>1188.6</ele></trkpt>
      <trkpt lat="44.429442" lon="8.554432"><ele>1188.8</ele></trkpt>
      <trkpt lat="44.429431" lon="8.554442"><ele>1189.0</ele></trkpt>
      <trkpt lat="44.429417" lon="8.554452"><ele>1189.0</ele></trkpt>
      <trkpt lat="44.429401" lon="8.554466"><ele>1189.2</ele></trkpt>
      <trkpt lat="44.429384" lon="8.554481"><ele>1189.4</ele></trkpt>
      <trkpt lat="44.429371" lon="8.554494"><ele>1189.6</ele></trkpt>
      <trkpt lat="44.429357" lon="8.554507"><ele>1189.6</ele></trkpt>
      <trkpt lat="44.429345" lon="8.554517"><ele>1189.8</ele></trkpt>
      <trkpt lat="44.429333" lon="8.554525"><ele>1190.0</ele></trkpt>
      <trkpt lat="44.429320" lon="8.554537"><ele>1190.0</ele></trkpt>
      <trkpt lat="44.429309" lon="8.554558"><ele>1190.2</ele></trkpt>
      <trkpt lat="44.429295" lon="8.554575"><ele>1190.4</ele></trkpt>
      <trkpt lat="44.429284" lon="8.554594"><ele>1190.6</ele></trkpt>
      <trkpt lat="44.429282" lon="8.554612"><ele>1190.8</ele></trkpt>
      <trkpt lat="44.429281" lon="8.554636"><ele>1191.0</ele></trkpt>
      <trkpt lat="44.429280" lon="8.554658"><ele>1191.2</ele></trkpt>
      <trkpt lat="44.429278" lon="8.554683"><ele>1191.4</ele></trkpt>
      <trkpt lat="44.429278" lon="8.554704"><ele>1191.6</ele></trkpt>
      <trkpt lat="44.429279" lon="8.554732"><ele>1191.6</ele></trkpt>
      <trkpt lat="44.429282" lon="8.554758"><ele>1191.8</ele></trkpt>
      <trkpt lat="44.429289" lon="8.554787"><ele>1192.0</ele></trkpt>
      <trkpt lat="44.429295" lon="8.554810"><ele>1192.2</ele></trkpt>
      <trkpt lat="44.429304" lon="8.554829"><ele>1192.2</ele></trkpt>
      <trkpt lat="44.429314" lon="8.554849"><ele>1192.4</ele></trkpt>
      <trkpt lat="44.429325" lon="8.554865"><ele>1192.4</ele></trkpt>
      <trkpt lat="44.429337" lon="8.554881"><ele>1192.6</ele></trkpt>
      <trkpt lat="44.429350" lon="8.554897"><ele>1192.8</ele></trkpt>
      <trkpt lat="44.429365" lon="8.554908"><ele>1193.0</ele></trkpt>
      <trkpt lat="44.429379" lon="8.554921"><ele>1193.2</ele></trkpt>
      <trkpt lat="44.429394" lon="8.554932"><ele>1193.4</ele></trkpt>
      <trkpt lat="44.429412" lon="8.554942"><ele>1193.6</ele></trkpt>
      <trkpt lat="44.429424" lon="8.554954"><ele>1193.6</ele></trkpt>
      <trkpt lat="44.429440" lon="8.554965"><ele>1193.8</ele></trkpt>
      <trkpt lat="44.429456" lon="8.554978"><ele>1194.0</ele></trkpt>
      <trkpt lat="44.429474" lon="8.554992"><ele>1194.0</ele></trkpt>
      <trkpt lat="44.429489" lon="8.555003"><ele>1194.2</ele></trkpt>
      <trkpt lat="44.429505" lon="8.555020"><ele>1194.2</ele></trkpt>
      <trkpt lat="44.429523" lon="8.555035"><ele>1194.4</ele></trkpt>
      <trkpt lat="44.429539" lon="8.555054"><ele>1194.6</ele></trkpt>
      <trkpt lat="44.429557" lon="8.555067"><ele>1194.8</ele></trkpt>
      <trkpt lat="44.429576" lon="8.555086"><ele>1195.0</ele></trkpt>
      <trkpt lat="44.429593" lon="8.555099"><ele>1195.0</ele></trkpt>
      <trkpt lat="44.429608" lon="8.555110"><ele>1195.2</ele></trkpt>
      <trkpt lat="44.429626" lon="8.555118"><ele>1195.2</ele></trkpt>
      <trkpt lat="44.429640" lon="8.555129"><ele>1195.4</ele></trkpt>
      <trkpt lat="44.429656" lon="8.555139"><ele>1195.4</ele></trkpt>
      <trkpt lat="44.429679" lon="8.555150"><ele>1195.6</ele></trkpt>
      <trkpt lat="44.429702" lon="8.555167"><ele>1195.8</ele></trkpt>
      <trkpt lat="44.429718" lon="8.555174"><ele>1196.0</ele></trkpt>
      <trkpt lat="44.429733" lon="8.555177"><ele>1196.2</ele></trkpt>
      <trkpt lat="44.429748" lon="8.555183"><ele>1196.6</ele></trkpt>
      <trkpt lat="44.429761" lon="8.555194"><ele>1196.8</ele></trkpt>
      <trkpt lat="44.429778" lon="8.555209"><ele>1197.0</ele></trkpt>
      <trkpt lat="44.429795" lon="8.555220"><ele>1197.2</ele></trkpt>
      <trkpt lat="44.429815" lon="8.555235"><ele>1197.4</ele></trkpt>
      <trkpt lat="44.429833" lon="8.555251"><ele>1197.6</ele></trkpt>
      <trkpt lat="44.429851" lon="8.555266"><ele>1197.8</ele></trkpt>
      <trkpt lat="44.429868" lon="8.555281"><ele>1198.0</ele></trkpt>
      <trkpt lat="44.429885" lon="8.555291"><ele>1198.0</ele></trkpt>
      <trkpt lat="44.429901" lon="8.555299"><ele>1198.2</ele></trkpt>
      <trkpt lat="44.429916" lon="8.555307"><ele>1198.4</ele></trkpt>
      <trkpt lat="44.429934" lon="8.555317"><ele>1198.6</ele></trkpt>
      <trkpt lat="44.429950" lon="8.555332"><ele>1198.8</ele></trkpt>
      <trkpt lat="44.429968" lon="8.555343"><ele>1199.0</ele></trkpt>
      <trkpt lat="44.429986" lon="8.555357"><ele>1199.2</ele></trkpt>
      <trkpt lat="44.430004" lon="8.555373"><ele>1199.4</ele></trkpt>
      <trkpt lat="44.430023" lon="8.555388"><ele>1199.6</ele></trkpt>
      <trkpt lat="44.430042" lon="8.555407"><ele>1199.8</ele></trkpt>
      <trkpt lat="44.430060" lon="8.555423"><ele>1200.0</ele></trkpt>
      <trkpt lat="44.430075" lon="8.555445"><ele>1200.2</ele></trkpt>
      <trkpt lat="44.430086" lon="8.555463"><ele>1200.4</ele></trkpt>
      <trkpt lat="44.430095" lon="8.555483"><ele>1200.4</ele></trkpt>
      <trkpt lat="44.430104" lon="8.555504"><ele>1200.4</ele></trkpt>
      <trkpt lat="44.430113" lon="8.555520"><ele>1200.6</ele></trkpt>
      <trkpt lat="44.430121" lon="8.555542"><ele>1200.8</ele></trkpt>
      <trkpt lat="44.430134" lon="8.555562"><ele>1201.0</ele></trkpt>
      <trkpt lat="44.430147" lon="8.555583"><ele>1201.2</ele></trkpt>
      <trkpt lat="44.430154" lon="8.555608"><ele>1201.4</ele></trkpt>
      <trkpt lat="44.430158" lon="8.555632"><ele>1201.6</ele></trkpt>
      <trkpt lat="44.430157" lon="8.555657"><ele>1201.8</ele></trkpt>
      <trkpt lat="44.430157" lon="8.555681"><ele>1201.8</ele></trkpt>
      <trkpt lat="44.430154" lon="8.555701"><ele>1202.0</ele></trkpt>
      <trkpt lat="44.430154" lon="8.555718"><ele>1202.2</ele></trkpt>
      <trkpt lat="44.430151" lon="8.555738"><ele>1202.2</ele></trkpt>
      <trkpt lat="44.430151" lon="8.555758"><ele>1202.4</ele></trkpt>
      <trkpt lat="44.430148" lon="8.555772"><ele>1202.6</ele></trkpt>
      <trkpt lat="44.430149" lon="8.555793"><ele>1202.8</ele></trkpt>
      <trkpt lat="44.430150" lon="8.555817"><ele>1203.0</ele></trkpt>
      <trkpt lat="44.430153" lon="8.555841"><ele>1203.2</ele></trkpt>
      <trkpt lat="44.430154" lon="8.555869"><ele>1203.4</ele></trkpt>
      <trkpt lat="44.430156" lon="8.555903"><ele>1203.4</ele></trkpt>
      <trkpt lat="44.430162" lon="8.555934"><ele>1203.6</ele></trkpt>
      <trkpt lat="44.430169" lon="8.555967"><ele>1203.8</ele></trkpt>
      <trkpt lat="44.430181" lon="8.556004"><ele>1203.8</ele></trkpt>
      <trkpt lat="44.430193" lon="8.556036"><ele>1204.0</ele></trkpt>
      <trkpt lat="44.430203" lon="8.556054"><ele>1204.2</ele></trkpt>
      <trkpt lat="44.430216" lon="8.556073"><ele>1204.2</ele></trkpt>
      <trkpt lat="44.430229" lon="8.556090"><ele>1204.4</ele></trkpt>
      <trkpt lat="44.430244" lon="8.556106"><ele>1204.6</ele></trkpt>
      <trkpt lat="44.430259" lon="8.556123"><ele>1204.6</ele></trkpt>
      <trkpt lat="44.430274" lon="8.556139"><ele>1204.8</ele></trkpt>
      <trkpt lat="44.430285" lon="8.556154"><ele>1205.0</ele></trkpt>
      <trkpt lat="44.430299" lon="8.556168"><ele>1205.2</ele></trkpt>
      <trkpt lat="44.430314" lon="8.556184"><ele>1205.2</ele></trkpt>
      <trkpt lat="44.430333" lon="8.556199"><ele>1205.4</ele></trkpt>
      <trkpt lat="44.430347" lon="8.556215"><ele>1205.4</ele></trkpt>
      <trkpt lat="44.430360" lon="8.556234"><ele>1205.6</ele></trkpt>
      <trkpt lat="44.430375" lon="8.556254"><ele>1205.8</ele></trkpt>
      <trkpt lat="44.430390" lon="8.556270"><ele>1206.0</ele></trkpt>
      <trkpt lat="44.430404" lon="8.556285"><ele>1206.2</ele></trkpt>
      <trkpt lat="44.430418" lon="8.556306"><ele>1206.6</ele></trkpt>
      <trkpt lat="44.430433" lon="8.556325"><ele>1206.8</ele></trkpt>
      <trkpt lat="44.430448" lon="8.556342"><ele>1206.8</ele></trkpt>
      <trkpt lat="44.430464" lon="8.556361"><ele>1207.0</ele></trkpt>
      <trkpt lat="44.430478" lon="8.556385"><ele>1207.0</ele></trkpt>
      <trkpt lat="44.430492" lon="8.556407"><ele>1207.2</ele></trkpt>
      <trkpt lat="44.430507" lon="8.556433"><ele>1207.2</ele></trkpt>
      <trkpt lat="44.430522" lon="8.556455"><ele>1207.4</ele></trkpt>
      <trkpt lat="44.430535" lon="8.556478"><ele>1207.8</ele></trkpt>
      <trkpt lat="44.430546" lon="8.556499"><ele>1208.0</ele></trkpt>
      <trkpt lat="44.430556" lon="8.556521"><ele>1208.2</ele></trkpt>
      <trkpt lat="44.430566" lon="8.556541"><ele>1208.4</ele></trkpt>
      <trkpt lat="44.430573" lon="8.556562"><ele>1208.6</ele></trkpt>
      <trkpt lat="44.430579" lon="8.556585"><ele>1208.8</ele></trkpt>
      <trkpt lat="44.430589" lon="8.556606"><ele>1209.2</ele></trkpt>
      <trkpt lat="44.430600" lon="8.556628"><ele>1209.4</ele></trkpt>
      <trkpt lat="44.430611" lon="8.556647"><ele>1209.6</ele></trkpt>
      <trkpt lat="44.430619" lon="8.556668"><ele>1209.6</ele></trkpt>
      <trkpt lat="44.430628" lon="8.556690"><ele>1209.8</ele></trkpt>
      <trkpt lat="44.430636" lon="8.556714"><ele>1210.0</ele></trkpt>
      <trkpt lat="44.430643" lon="8.556740"><ele>1210.2</ele></trkpt>
      <trkpt lat="44.430652" lon="8.556767"><ele>1210.4</ele></trkpt>
      <trkpt lat="44.430665" lon="8.556789"><ele>1210.4</ele></trkpt>
      <trkpt lat="44.430676" lon="8.556810"><ele>1210.6</ele></trkpt>
      <trkpt lat="44.430689" lon="8.556830"><ele>1210.8</ele></trkpt>
      <trkpt lat="44.430703" lon="8.556850"><ele>1210.8</ele></trkpt>
      <trkpt lat="44.430719" lon="8.556871"><ele>1210.8</ele></trkpt>
      <trkpt lat="44.430736" lon="8.556890"><ele>1210.8</ele></trkpt>
      <trkpt lat="44.430753" lon="8.556909"><ele>1211.0</ele></trkpt>
      <trkpt lat="44.430769" lon="8.556924"><ele>1211.0</ele></trkpt>
      <trkpt lat="44.430785" lon="8.556936"><ele>1211.2</ele></trkpt>
      <trkpt lat="44.430802" lon="8.556948"><ele>1211.6</ele></trkpt>
      <trkpt lat="44.430820" lon="8.556960"><ele>1211.8</ele></trkpt>
      <trkpt lat="44.430838" lon="8.556970"><ele>1212.0</ele></trkpt>
      <trkpt lat="44.430856" lon="8.556980"><ele>1212.2</ele></trkpt>
      <trkpt lat="44.430874" lon="8.556992"><ele>1212.4</ele></trkpt>
      <trkpt lat="44.430891" lon="8.557004"><ele>1212.6</ele></trkpt>
      <trkpt lat="44.430905" lon="8.557021"><ele>1212.8</ele></trkpt>
      <trkpt lat="44.430925" lon="8.557038"><ele>1213.0</ele></trkpt>
      <trkpt lat="44.430944" lon="8.557053"><ele>1213.2</ele></trkpt>
      <trkpt lat="44.430957" lon="8.557067"><ele>1213.4</ele></trkpt>
      <trkpt lat="44.430973" lon="8.557081"><ele>1213.6</ele></trkpt>
      <trkpt lat="44.430991" lon="8.557096"><ele>1213.8</ele></trkpt>
      <trkpt lat="44.431005" lon="8.557114"><ele>1214.0</ele></trkpt>
      <trkpt lat="44.431024" lon="8.557133"><ele>1214.0</ele></trkpt>
      <trkpt lat="44.431044" lon="8.557158"><ele>1214.2</ele></trkpt>
      <trkpt lat="44.431061" lon="8.557176"><ele>1214.2</ele></trkpt>
      <trkpt lat="44.431074" lon="8.557194"><ele>1214.4</ele></trkpt>
      <trkpt lat="44.431086" lon="8.557208"><ele>1214.4</ele></trkpt>
      <trkpt lat="44.431095" lon="8.557224"><ele>1214.8</ele></trkpt>
      <trkpt lat="44.431107" lon="8.557242"><ele>1215.0</ele></trkpt>
      <trkpt lat="44.431119" lon="8.557260"><ele>1215.2</ele></trkpt>
      <trkpt lat="44.431132" lon="8.557279"><ele>1215.4</ele></trkpt>
      <trkpt lat="44.431145" lon="8.557294"><ele>1215.6</ele></trkpt>
      <trkpt lat="44.431160" lon="8.557307"><ele>1216.0</ele></trkpt>
      <trkpt lat="44.431174" lon="8.557322"><ele>1216.2</ele></trkpt>
      <trkpt lat="44.431189" lon="8.557341"><ele>1216.4</ele></trkpt>
      <trkpt lat="44.431201" lon="8.557357"><ele>1216.8</ele></trkpt>
      <trkpt lat="44.431213" lon="8.557376"><ele>1217.0</ele></trkpt>
      <trkpt lat="44.431227" lon="8.557398"><ele>1217.2</ele></trkpt>
      <trkpt lat="44.431240" lon="8.557419"><ele>1217.4</ele></trkpt>
      <trkpt lat="44.431255" lon="8.557437"><ele>1217.6</ele></trkpt>
      <trkpt lat="44.431265" lon="8.557456"><ele>1217.8</ele></trkpt>
      <trkpt lat="44.431278" lon="8.557474"><ele>1218.0</ele></trkpt>
      <trkpt lat="44.431293" lon="8.557495"><ele>1218.2</ele></trkpt>
      <trkpt lat="44.431310" lon="8.557514"><ele>1218.4</ele></trkpt>
      <trkpt lat="44.431325" lon="8.557535"><ele>1218.4</ele></trkpt>
      <trkpt lat="44.431338" lon="8.557557"><ele>1218.4</ele></trkpt>
      <trkpt lat="44.431351" lon="8.557576"><ele>1218.6</ele></trkpt>
      <trkpt lat="44.431363" lon="8.557598"><ele>1218.6</ele></trkpt>
      <trkpt lat="44.431374" lon="8.557624"><ele>1218.8</ele></trkpt>
      <trkpt lat="44.431382" lon="8.557650"><ele>1219.0</ele></trkpt>
      <trkpt lat="44.431390" lon="8.557676"><ele>1219.2</ele></trkpt>
      <trkpt lat="44.431396" lon="8.557704"><ele>1219.4</ele></trkpt>
      <trkpt lat="44.431399" lon="8.557731"><ele>1219.6</ele></trkpt>
      <trkpt lat="44.431406" lon="8.557761"><ele>1219.8</ele></trkpt>
      <trkpt lat="44.431413" lon="8.557790"><ele>1220.0</ele></trkpt>
      <trkpt lat="44.431414" lon="8.557819"><ele>1220.2</ele></trkpt>
      <trkpt lat="44.431412" lon="8.557847"><ele>1220.2</ele></trkpt>
      <trkpt lat="44.431406" lon="8.557877"><ele>1220.6</ele></trkpt>
      <trkpt lat="44.431403" lon="8.557904"><ele>1220.8</ele></trkpt>
      <trkpt lat="44.431398" lon="8.557933"><ele>1221.0</ele></trkpt>
      <trkpt lat="44.431398" lon="8.557965"><ele>1221.2</ele></trkpt>
      <trkpt lat="44.431397" lon="8.557997"><ele>1221.4</ele></trkpt>
      <trkpt lat="44.431397" lon="8.558020"><ele>1221.4</ele></trkpt>
      <trkpt lat="44.431397" lon="8.558045"><ele>1221.6</ele></trkpt>
      <trkpt lat="44.431396" lon="8.558071"><ele>1221.8</ele></trkpt>
      <trkpt lat="44.431394" lon="8.558095"><ele>1222.0</ele></trkpt>
      <trkpt lat="44.431393" lon="8.558121"><ele>1222.0</ele></trkpt>
      <trkpt lat="44.431392" lon="8.558149"><ele>1222.2</ele></trkpt>
      <trkpt lat="44.431390" lon="8.558176"><ele>1222.2</ele></trkpt>
      <trkpt lat="44.431395" lon="8.558203"><ele>1222.4</ele></trkpt>
      <trkpt lat="44.431396" lon="8.558225"><ele>1222.6</ele></trkpt>
      <trkpt lat="44.431400" lon="8.558250"><ele>1222.8</ele></trkpt>
      <trkpt lat="44.431402" lon="8.558275"><ele>1223.0</ele></trkpt>
      <trkpt lat="44.431404" lon="8.558303"><ele>1223.2</ele></trkpt>
      <trkpt lat="44.431406" lon="8.558332"><ele>1223.4</ele></trkpt>
      <trkpt lat="44.431413" lon="8.558361"><ele>1223.6</ele></trkpt>
      <trkpt lat="44.431423" lon="8.558385"><ele>1223.8</ele></trkpt>
      <trkpt lat="44.431430" lon="8.558412"><ele>1224.0</ele></trkpt>
      <trkpt lat="44.431438" lon="8.558439"><ele>1224.2</ele></trkpt>
      <trkpt lat="44.431443" lon="8.558460"><ele>1224.4</ele></trkpt>
      <trkpt lat="44.431448" lon="8.558482"><ele>1224.6</ele></trkpt>
      <trkpt lat="44.431456" lon="8.558505"><ele>1224.8</ele></trkpt>
      <trkpt lat="44.431463" lon="8.558530"><ele>1224.8</ele></trkpt>
      <trkpt lat="44.431470" lon="8.558554"><ele>1225.0</ele></trkpt>
      <trkpt lat="44.431479" lon="8.558577"><ele>1225.2</ele></trkpt>
      <trkpt lat="44.431489" lon="8.558600"><ele>1225.2</ele></trkpt>
      <trkpt lat="44.431496" lon="8.558625"><ele>1225.2</ele></trkpt>
      <trkpt lat="44.431506" lon="8.558653"><ele>1225.4</ele></trkpt>
      <trkpt lat="44.431516" lon="8.558679"><ele>1225.6</ele></trkpt>
      <trkpt lat="44.431526" lon="8.558711"><ele>1225.6</ele></trkpt>
      <trkpt lat="44.431535" lon="8.558735"><ele>1226.0</ele></trkpt>
      <trkpt lat="44.431549" lon="8.558761"><ele>1226.2</ele></trkpt>
      <trkpt lat="44.431566" lon="8.558789"><ele>1226.4</ele></trkpt>
      <trkpt lat="44.431584" lon="8.558817"><ele>1226.4</ele></trkpt>
      <trkpt lat="44.431602" lon="8.558840"><ele>1226.4</ele></trkpt>
      <trkpt lat="44.431622" lon="8.558862"><ele>1226.6</ele></trkpt>
      <trkpt lat="44.431640" lon="8.558888"><ele>1226.8</ele></trkpt>
      <trkpt lat="44.431663" lon="8.558911"><ele>1226.8</ele></trkpt>
      <trkpt lat="44.431689" lon="8.558933"><ele>1226.8</ele></trkpt>
      <trkpt lat="44.431713" lon="8.558955"><ele>1227.0</ele></trkpt>
      <trkpt lat="44.431738" lon="8.558975"><ele>1227.0</ele></trkpt>
      <trkpt lat="44.431760" lon="8.558998"><ele>1227.0</ele></trkpt>
      <trkpt lat="44.431781" lon="8.559015"><ele>1227.0</ele></trkpt>
      <trkpt lat="44.431804" lon="8.559033"><ele>1227.2</ele></trkpt>
      <trkpt lat="44.431832" lon="8.559056"><ele>1227.4</ele></trkpt>
      <trkpt lat="44.431861" lon="8.559077"><ele>1227.4</ele></trkpt>
      <trkpt lat="44.431888" lon="8.559105"><ele>1227.6</ele></trkpt>
      <trkpt lat="44.431912" lon="8.559129"><ele>1227.8</ele></trkpt>
      <trkpt lat="44.431934" lon="8.559152"><ele>1228.0</ele></trkpt>
      <trkpt lat="44.431951" lon="8.559177"><ele>1228.0</ele></trkpt>
      <trkpt lat="44.431966" lon="8.559200"><ele>1228.2</ele></trkpt>
      <trkpt lat="44.431981" lon="8.559216"><ele>1228.4</ele></trkpt>
      <trkpt lat="44.431996" lon="8.559228"><ele>1228.4</ele></trkpt>
      <trkpt lat="44.432016" lon="8.559246"><ele>1228.6</ele></trkpt>
      <trkpt lat="44.432033" lon="8.559271"><ele>1228.6</ele></trkpt>
      <trkpt lat="44.432049" lon="8.559303"><ele>1228.8</ele></trkpt>
      <trkpt lat="44.432066" lon="8.559332"><ele>1228.8</ele></trkpt>
      <trkpt lat="44.432083" lon="8.559360"><ele>1229.0</ele></trkpt>
      <trkpt lat="44.432100" lon="8.559387"><ele>1229.0</ele></trkpt>
      <trkpt lat="44.432116" lon="8.559415"><ele>1229.2</ele></trkpt>
      <trkpt lat="44.432130" lon="8.559443"><ele>1229.4</ele></trkpt>
      <trkpt lat="44.432147" lon="8.559473"><ele>1229.6</ele></trkpt>
      <trkpt lat="44.432164" lon="8.559496"><ele>1229.8</ele></trkpt>
      <trkpt lat="44.432173" lon="8.559520"><ele>1230.0</ele></trkpt>
      <trkpt lat="44.432185" lon="8.559539"><ele>1230.2</ele></trkpt>
      <trkpt lat="44.432195" lon="8.559558"><ele>1230.4</ele></trkpt>
      <trkpt lat="44.432207" lon="8.559586"><ele>1230.4</ele></trkpt>
      <trkpt lat="44.432220" lon="8.559619"><ele>1230.6</ele></trkpt>
      <trkpt lat="44.432232" lon="8.559656"><ele>1230.6</ele></trkpt>
      <trkpt lat="44.432243" lon="8.559682"><ele>1230.8</ele></trkpt>
      <trkpt lat="44.432254" lon="8.559706"><ele>1230.8</ele></trkpt>
      <trkpt lat="44.432259" lon="8.559731"><ele>1231.0</ele></trkpt>
      <trkpt lat="44.432263" lon="8.559755"><ele>1231.2</ele></trkpt>
      <trkpt lat="44.432268" lon="8.559779"><ele>1231.4</ele></trkpt>
      <trkpt lat="44.432274" lon="8.559805"><ele>1231.4</ele></trkpt>
      <trkpt lat="44.432276" lon="8.559829"><ele>1231.6</ele></trkpt>
      <trkpt lat="44.432277" lon="8.559861"><ele>1231.8</ele></trkpt>
      <trkpt lat="44.432278" lon="8.559891"><ele>1231.8</ele></trkpt>
      <trkpt lat="44.432276" lon="8.559919"><ele>1232.0</ele></trkpt>
      <trkpt lat="44.432277" lon="8.559945"><ele>1232.2</ele></trkpt>
      <trkpt lat="44.432274" lon="8.559967"><ele>1232.2</ele></trkpt>
      <trkpt lat="44.432273" lon="8.559997"><ele>1232.4</ele></trkpt>
      <trkpt lat="44.432271" lon="8.560021"><ele>1232.6</ele></trkpt>
      <trkpt lat="44.432271" lon="8.560050"><ele>1232.8</ele></trkpt>
      <trkpt lat="44.432271" lon="8.560075"><ele>1233.0</ele></trkpt>
      <trkpt lat="44.432271" lon="8.560099"><ele>1233.0</ele></trkpt>
      <trkpt lat="44.432274" lon="8.560127"><ele>1233.2</ele></trkpt>
      <trkpt lat="44.432277" lon="8.560159"><ele>1233.4</ele></trkpt>
      <trkpt lat="44.432278" lon="8.560187"><ele>1233.6</ele></trkpt>
      <trkpt lat="44.432281" lon="8.560216"><ele>1234.0</ele></trkpt>
      <trkpt lat="44.432284" lon="8.560245"><ele>1234.2</ele></trkpt>
      <trkpt lat="44.432283" lon="8.560272"><ele>1234.4</ele></trkpt>
      <trkpt lat="44.432287" lon="8.560299"><ele>1234.6</ele></trkpt>
      <trkpt lat="44.432289" lon="8.560324"><ele>1234.6</ele></trkpt>
      <trkpt lat="44.432295" lon="8.560352"><ele>1234.8</ele></trkpt>
      <trkpt lat="44.432299" lon="8.560380"><ele>1235.0</ele></trkpt>
      <trkpt lat="44.432304" lon="8.560407"><ele>1235.2</ele></trkpt>
      <trkpt lat="44.432309" lon="8.560435"><ele>1235.4</ele></trkpt>
      <trkpt lat="44.432314" lon="8.560462"><ele>1235.6</ele></trkpt>
      <trkpt lat="44.432320" lon="8.560490"><ele>1235.6</ele></trkpt>
      <trkpt lat="44.432327" lon="8.560519"><ele>1235.8</ele></trkpt>
      <trkpt lat="44.432333" lon="8.560543"><ele>1236.0</ele></trkpt>
      <trkpt lat="44.432337" lon="8.560565"><ele>1236.2</ele></trkpt>
      <trkpt lat="44.432339" lon="8.560582"><ele>1236.4</ele></trkpt>
      <trkpt lat="44.432342" lon="8.560606"><ele>1236.4</ele></trkpt>
      <trkpt lat="44.432346" lon="8.560625"><ele>1236.8</ele></trkpt>
      <trkpt lat="44.432351" lon="8.560647"><ele>1237.0</ele></trkpt>
      <trkpt lat="44.432357" lon="8.560669"><ele>1237.2</ele></trkpt>
      <trkpt lat="44.432363" lon="8.560695"><ele>1237.4</ele></trkpt>
      <trkpt lat="44.432370" lon="8.560718"><ele>1237.6</ele></trkpt>
      <trkpt lat="44.432378" lon="8.560740"><ele>1237.8</ele></trkpt>
      <trkpt lat="44.432381" lon="8.560763"><ele>1238.0</ele></trkpt>
      <trkpt lat="44.432385" lon="8.560790"><ele>1238.2</ele></trkpt>
      <trkpt lat="44.432391" lon="8.560819"><ele>1238.4</ele></trkpt>
      <trkpt lat="44.432396" lon="8.560848"><ele>1238.6</ele></trkpt>
      <trkpt lat="44.432399" lon="8.560876"><ele>1238.6</ele></trkpt>
      <trkpt lat="44.432404" lon="8.560903"><ele>1238.8</ele></trkpt>
      <trkpt lat="44.432411" lon="8.560930"><ele>1239.0</ele></trkpt>
      <trkpt lat="44.432419" lon="8.560957"><ele>1239.2</ele></trkpt>
      <trkpt lat="44.432425" lon="8.560982"><ele>1239.2</ele></trkpt>
      <trkpt lat="44.432429" lon="8.561006"><ele>1239.4</ele></trkpt>
      <trkpt lat="44.432436" lon="8.561031"><ele>1239.6</ele></trkpt>
      <trkpt lat="44.432445" lon="8.561045"><ele>1239.8</ele></trkpt>
      <trkpt lat="44.432450" lon="8.561061"><ele>1240.0</ele></trkpt>
      <trkpt lat="44.432453" lon="8.561082"><ele>1240.2</ele></trkpt>
      <trkpt lat="44.432454" lon="8.561106"><ele>1240.2</ele></trkpt>
      <trkpt lat="44.432456" lon="8.561132"><ele>1240.4</ele></trkpt>
      <trkpt lat="44.432461" lon="8.561160"><ele>1240.6</ele></trkpt>
      <trkpt lat="44.432467" lon="8.561186"><ele>1240.8</ele></trkpt>
      <trkpt lat="44.432471" lon="8.561214"><ele>1240.8</ele></trkpt>
      <trkpt lat="44.432477" lon="8.561242"><ele>1241.0</ele></trkpt>
      <trkpt lat="44.432481" lon="8.561269"><ele>1241.2</ele></trkpt>
      <trkpt lat="44.432482" lon="8.561299"><ele>1241.2</ele></trkpt>
      <trkpt lat="44.432484" lon="8.561321"><ele>1241.4</ele></trkpt>
      <trkpt lat="44.432484" lon="8.561340"><ele>1241.6</ele></trkpt>
      <trkpt lat="44.432488" lon="8.561362"><ele>1241.8</ele></trkpt>
      <trkpt lat="44.432489" lon="8.561380"><ele>1242.0</ele></trkpt>
      <trkpt lat="44.432489" lon="8.561404"><ele>1242.2</ele></trkpt>
      <trkpt lat="44.432492" lon="8.561439"><ele>1242.4</ele></trkpt>
      <trkpt lat="44.432489" lon="8.561478"><ele>1242.6</ele></trkpt>
      <trkpt lat="44.432483" lon="8.561515"><ele>1242.8</ele></trkpt>
      <trkpt lat="44.432478" lon="8.561547"><ele>1243.0</ele></trkpt>
      <trkpt lat="44.432472" lon="8.561579"><ele>1243.2</ele></trkpt>
      <trkpt lat="44.432464" lon="8.561598"><ele>1243.4</ele></trkpt>
      <trkpt lat="44.432455" lon="8.561622"><ele>1243.4</ele></trkpt>
      <trkpt lat="44.432446" lon="8.561642"><ele>1243.6</ele></trkpt>
      <trkpt lat="44.432438" lon="8.561665"><ele>1243.8</ele></trkpt>
      <trkpt lat="44.432429" lon="8.561685"><ele>1244.0</ele></trkpt>
      <trkpt lat="44.432418" lon="8.561707"><ele>1244.0</ele></trkpt>
      <trkpt lat="44.432409" lon="8.561734"><ele>1244.2</ele></trkpt>
      <trkpt lat="44.432401" lon="8.561761"><ele>1244.4</ele></trkpt>
      <trkpt lat="44.432392" lon="8.561790"><ele>1244.6</ele></trkpt>
      <trkpt lat="44.432383" lon="8.561814"><ele>1244.8</ele></trkpt>
      <trkpt lat="44.432373" lon="8.561837"><ele>1245.0</ele></trkpt>
      <trkpt lat="44.432362" lon="8.561863"><ele>1245.2</ele></trkpt>
      <trkpt lat="44.432353" lon="8.561892"><ele>1245.4</ele></trkpt>
      <trkpt lat="44.432343" lon="8.561917"><ele>1245.4</ele></trkpt>
      <trkpt lat="44.432332" lon="8.561940"><ele>1245.6</ele></trkpt>
      <trkpt lat="44.432320" lon="8.561963"><ele>1245.8</ele></trkpt>
      <trkpt lat="44.432311" lon="8.561987"><ele>1246.0</ele></trkpt>
      <trkpt lat="44.432303" lon="8.562012"><ele>1246.0</ele></trkpt>
      <trkpt lat="44.432296" lon="8.562032"><ele>1246.2</ele></trkpt>
      <trkpt lat="44.432284" lon="8.562059"><ele>1246.4</ele></trkpt>
      <trkpt lat="44.432271" lon="8.562085"><ele>1246.4</ele></trkpt>
      <trkpt lat="44.432258" lon="8.562115"><ele>1246.6</ele></trkpt>
      <trkpt lat="44.432247" lon="8.562143"><ele>1246.8</ele></trkpt>
      <trkpt lat="44.432238" lon="8.562167"><ele>1246.8</ele></trkpt>
      <trkpt lat="44.432227" lon="8.562187"><ele>1247.0</ele></trkpt>
      <trkpt lat="44.432221" lon="8.562210"><ele>1247.2</ele></trkpt>
      <trkpt lat="44.432217" lon="8.562234"><ele>1247.4</ele></trkpt>
      <trkpt lat="44.432214" lon="8.562259"><ele>1247.6</ele></trkpt>
      <trkpt lat="44.432207" lon="8.562283"><ele>1247.8</ele></trkpt>
      <trkpt lat="44.432199" lon="8.562310"><ele>1248.0</ele></trkpt>
      <trkpt lat="44.432191" lon="8.562334"><ele>1248.2</ele></trkpt>
      <trkpt lat="44.432185" lon="8.562361"><ele>1248.4</ele></trkpt>
      <trkpt lat="44.432182" lon="8.562385"><ele>1248.6</ele></trkpt>
      <trkpt lat="44.432177" lon="8.562408"><ele>1248.8</ele></trkpt>
      <trkpt lat="44.432169" lon="8.562431"><ele>1248.8</ele></trkpt>
      <trkpt lat="44.432161" lon="8.562451"><ele>1249.0</ele></trkpt>
      <trkpt lat="44.432154" lon="8.562478"><ele>1249.2</ele></trkpt>
      <trkpt lat="44.432149" lon="8.562502"><ele>1249.2</ele></trkpt>
      <trkpt lat="44.432145" lon="8.562527"><ele>1249.4</ele></trkpt>
      <trkpt lat="44.432139" lon="8.562551"><ele>1249.4</ele></trkpt>
      <trkpt lat="44.432137" lon="8.562578"><ele>1249.6</ele></trkpt>
      <trkpt lat="44.432133" lon="8.562605"><ele>1249.8</ele></trkpt>
      <trkpt lat="44.432129" lon="8.562633"><ele>1250.0</ele></trkpt>
      <trkpt lat="44.432124" lon="8.562655"><ele>1250.2</ele></trkpt>
      <trkpt lat="44.432118" lon="8.562678"><ele>1250.6</ele></trkpt>
      <trkpt lat="44.432117" lon="8.562704"><ele>1250.8</ele></trkpt>
      <trkpt lat="44.432113" lon="8.562732"><ele>1251.2</ele></trkpt>
      <trkpt lat="44.432108" lon="8.562756"><ele>1251.4</ele></trkpt>
      <trkpt lat="44.432105" lon="8.562783"><ele>1251.6</ele></trkpt>
      <trkpt lat="44.432100" lon="8.562811"><ele>1251.8</ele></trkpt>
      <trkpt lat="44.432095" lon="8.562836"><ele>1252.0</ele></trkpt>
      <trkpt lat="44.432090" lon="8.562866"><ele>1252.0</ele></trkpt>
      <trkpt lat="44.432086" lon="8.562892"><ele>1252.2</ele></trkpt>
      <trkpt lat="44.432083" lon="8.562918"><ele>1252.2</ele></trkpt>
      <trkpt lat="44.432080" lon="8.562943"><ele>1252.4</ele></trkpt>
      <trkpt lat="44.432076" lon="8.562968"><ele>1252.6</ele></trkpt>
      <trkpt lat="44.432075" lon="8.562993"><ele>1252.8</ele></trkpt>
      <trkpt lat="44.432072" lon="8.563022"><ele>1253.0</ele></trkpt>
      <trkpt lat="44.432070" lon="8.563049"><ele>1253.2</ele></trkpt>
      <trkpt lat="44.432067" lon="8.563078"><ele>1253.6</ele></trkpt>
      <trkpt lat="44.432064" lon="8.563109"><ele>1253.8</ele></trkpt>
      <trkpt lat="44.432057" lon="8.563143"><ele>1254.0</ele></trkpt>
      <trkpt lat="44.432050" lon="8.563172"><ele>1254.2</ele></trkpt>
      <trkpt lat="44.432043" lon="8.563199"><ele>1254.4</ele></trkpt>
      <trkpt lat="44.432038" lon="8.563231"><ele>1254.6</ele></trkpt>
      <trkpt lat="44.432033" lon="8.563260"><ele>1254.6</ele></trkpt>
      <trkpt lat="44.432028" lon="8.563293"><ele>1254.8</ele></trkpt>
      <trkpt lat="44.432025" lon="8.563329"><ele>1255.0</ele></trkpt>
      <trkpt lat="44.432020" lon="8.563360"><ele>1255.2</ele></trkpt>
      <trkpt lat="44.432021" lon="8.563389"><ele>1255.4</ele></trkpt>
      <trkpt lat="44.432023" lon="8.563422"><ele>1255.6</ele></trkpt>
      <trkpt lat="44.432027" lon="8.563450"><ele>1255.8</ele></trkpt>
      <trkpt lat="44.432029" lon="8.563475"><ele>1256.2</ele></trkpt>
      <trkpt lat="44.432033" lon="8.563506"><ele>1256.2</ele></trkpt>
      <trkpt lat="44.432038" lon="8.563541"><ele>1256.4</ele></trkpt>
      <trkpt lat="44.432043" lon="8.563576"><ele>1256.6</ele></trkpt>
      <trkpt lat="44.432052" lon="8.563609"><ele>1256.8</ele></trkpt>
      <trkpt lat="44.432063" lon="8.563640"><ele>1256.8</ele></trkpt>
      <trkpt lat="44.432074" lon="8.563671"><ele>1257.0</ele></trkpt>
      <trkpt lat="44.432088" lon="8.563701"><ele>1257.0</ele></trkpt>
      <trkpt lat="44.432101" lon="8.563733"><ele>1257.2</ele></trkpt>
      <trkpt lat="44.432112" lon="8.563765"><ele>1257.4</ele></trkpt>
      <trkpt lat="44.432124" lon="8.563794"><ele>1257.8</ele></trkpt>
      <trkpt lat="44.432137" lon="8.563821"><ele>1258.0</ele></trkpt>
      <trkpt lat="44.432148" lon="8.563848"><ele>1258.2</ele></trkpt>
      <trkpt lat="44.432158" lon="8.563875"><ele>1258.4</ele></trkpt>
      <trkpt lat="44.432164" lon="8.563895"><ele>1258.6</ele></trkpt>
      <trkpt lat="44.432175" lon="8.563918"><ele>1258.8</ele></trkpt>
      <trkpt lat="44.432188" lon="8.563946"><ele>1258.8</ele></trkpt>
      <trkpt lat="44.432197" lon="8.563977"><ele>1259.2</ele></trkpt>
      <trkpt lat="44.432209" lon="8.564010"><ele>1259.4</ele></trkpt>
      <trkpt lat="44.432226" lon="8.564049"><ele>1259.6</ele></trkpt>
      <trkpt lat="44.432240" lon="8.564082"><ele>1259.8</ele></trkpt>
      <trkpt lat="44.432254" lon="8.564108"><ele>1260.0</ele></trkpt>
      <trkpt lat="44.432267" lon="8.564131"><ele>1260.2</ele></trkpt>
      <trkpt lat="44.432277" lon="8.564157"><ele>1260.4</ele></trkpt>
      <trkpt lat="44.432289" lon="8.564185"><ele>1260.6</ele></trkpt>
      <trkpt lat="44.432300" lon="8.564212"><ele>1260.8</ele></trkpt>
      <trkpt lat="44.432312" lon="8.564236"><ele>1261.0</ele></trkpt>
      <trkpt lat="44.432322" lon="8.564264"><ele>1261.2</ele></trkpt>
      <trkpt lat="44.432329" lon="8.564292"><ele>1261.4</ele></trkpt>
      <trkpt lat="44.432339" lon="8.564320"><ele>1261.6</ele></trkpt>
      <trkpt lat="44.432350" lon="8.564348"><ele>1261.8</ele></trkpt>
      <trkpt lat="44.432356" lon="8.564379"><ele>1262.0</ele></trkpt>
      <trkpt lat="44.432363" lon="8.564410"><ele>1262.4</ele></trkpt>
      <trkpt lat="44.432366" lon="8.564446"><ele>1262.6</ele></trkpt>
      <trkpt lat="44.432368" lon="8.564483"><ele>1262.8</ele></trkpt>
      <trkpt lat="44.432373" lon="8.564510"><ele>1263.0</ele></trkpt>
      <trkpt lat="44.432379" lon="8.564541"><ele>1263.2</ele></trkpt>
      <trkpt lat="44.432382" lon="8.564573"><ele>1263.2</ele></trkpt>
      <trkpt lat="44.432381" lon="8.564603"><ele>1263.4</ele></trkpt>
      <trkpt lat="44.432381" lon="8.564633"><ele>1263.6</ele></trkpt>
      <trkpt lat="44.432382" lon="8.564664"><ele>1263.8</ele></trkpt>
      <trkpt lat="44.432382" lon="8.564696"><ele>1263.8</ele></trkpt>
      <trkpt lat="44.432386" lon="8.564727"><ele>1264.0</ele></trkpt>
      <trkpt lat="44.432395" lon="8.564758"><ele>1264.2</ele></trkpt>
      <trkpt lat="44.432408" lon="8.564783"><ele>1264.2</ele></trkpt>
      <trkpt lat="44.432427" lon="8.564805"><ele>1264.2</ele></trkpt>
      <trkpt lat="44.432446" lon="8.564826"><ele>1264.4</ele></trkpt>
      <trkpt lat="44.432467" lon="8.564836"><ele>1264.6</ele></trkpt>
      <trkpt lat="44.432489" lon="8.564836"><ele>1264.8</ele></trkpt>
      <trkpt lat="44.432510" lon="8.564833"><ele>1265.2</ele></trkpt>
      <trkpt lat="44.432533" lon="8.564823"><ele>1265.6</ele></trkpt>
      <trkpt lat="44.432551" lon="8.564802"><ele>1265.8</ele></trkpt>
      <trkpt lat="44.432565" lon="8.564777"><ele>1266.2</ele></trkpt>
      <trkpt lat="44.432574" lon="8.564754"><ele>1266.4</ele></trkpt>
      <trkpt lat="44.432582" lon="8.564728"><ele>1266.8</ele></trkpt>
      <trkpt lat="44.432590" lon="8.564700"><ele>1267.0</ele></trkpt>
      <trkpt lat="44.432595" lon="8.564670"><ele>1267.2</ele></trkpt>
      <trkpt lat="44.432600" lon="8.564637"><ele>1267.4</ele></trkpt>
      <trkpt lat="44.432604" lon="8.564604"><ele>1267.4</ele></trkpt>
      <trkpt lat="44.432608" lon="8.564571"><ele>1267.6</ele></trkpt>
      <trkpt lat="44.432608" lon="8.564545"><ele>1267.6</ele></trkpt>
      <trkpt lat="44.432612" lon="8.564521"><ele>1267.8</ele></trkpt>
      <trkpt lat="44.432615" lon="8.564497"><ele>1268.0</ele></trkpt>
      <trkpt lat="44.432622" lon="8.564469"><ele>1268.2</ele></trkpt>
      <trkpt lat="44.432626" lon="8.564441"><ele>1268.4</ele></trkpt>
      <trkpt lat="44.432632" lon="8.564413"><ele>1268.6</ele></trkpt>
      <trkpt lat="44.432639" lon="8.564382"><ele>1268.8</ele></trkpt>
      <trkpt lat="44.432645" lon="8.564353"><ele>1269.0</ele></trkpt>
      <trkpt lat="44.432652" lon="8.564324"><ele>1269.4</ele></trkpt>
      <trkpt lat="44.432658" lon="8.564297"><ele>1269.6</ele></trkpt>
      <trkpt lat="44.432667" lon="8.564267"><ele>1269.8</ele></trkpt>
      <trkpt lat="44.432674" lon="8.564239"><ele>1270.0</ele></trkpt>
      <trkpt lat="44.432682" lon="8.564210"><ele>1270.2</ele></trkpt>
      <trkpt lat="44.432693" lon="8.564182"><ele>1270.4</ele></trkpt>
      <trkpt lat="44.432705" lon="8.564151"><ele>1270.6</ele></trkpt>
      <trkpt lat="44.432715" lon="8.564121"><ele>1270.8</ele></trkpt>
      <trkpt lat="44.432724" lon="8.564093"><ele>1271.0</ele></trkpt>
      <trkpt lat="44.432733" lon="8.564066"><ele>1271.2</ele></trkpt>
      <trkpt lat="44.432743" lon="8.564034"><ele>1271.4</ele></trkpt>
      <trkpt lat="44.432754" lon="8.564003"><ele>1271.4</ele></trkpt>
      <trkpt lat="44.432764" lon="8.563970"><ele>1271.6</ele></trkpt>
      <trkpt lat="44.432774" lon="8.563932"><ele>1271.8</ele></trkpt>
      <trkpt lat="44.432784" lon="8.563895"><ele>1271.8</ele></trkpt>
      <trkpt lat="44.432797" lon="8.563864"><ele>1272.0</ele></trkpt>
      <trkpt lat="44.432814" lon="8.563835"><ele>1272.2</ele></trkpt>
      <trkpt lat="44.432832" lon="8.563808"><ele>1272.2</ele></trkpt>
      <trkpt lat="44.432852" lon="8.563783"><ele>1272.4</ele></trkpt>
      <trkpt lat="44.432874" lon="8.563764"><ele>1272.4</ele></trkpt>
      <trkpt lat="44.432898" lon="8.563755"><ele>1272.4</ele></trkpt>
      <trkpt lat="44.432927" lon="8.563756"><ele>1272.4</ele></trkpt>
      <trkpt lat="44.432951" lon="8.563766"><ele>1272.6</ele></trkpt>
      <trkpt lat="44.432970" lon="8.563785"><ele>1272.8</ele></trkpt>
      <trkpt lat="44.432990" lon="8.563813"><ele>1273.0</ele></trkpt>
      <trkpt lat="44.433009" lon="8.563846"><ele>1273.4</ele></trkpt>
      <trkpt lat="44.433023" lon="8.563886"><ele>1273.6</ele></trkpt>
      <trkpt lat="44.433035" lon="8.563930"><ele>1273.8</ele></trkpt>
      <trkpt lat="44.433047" lon="8.563977"><ele>1274.0</ele></trkpt>
      <trkpt lat="44.433058" lon="8.564027"><ele>1274.0</ele></trkpt>
      <trkpt lat="44.433069" lon="8.564081"><ele>1274.0</ele></trkpt>
      <trkpt lat="44.433081" lon="8.564135"><ele>1274.2</ele></trkpt>
      <trkpt lat="44.433094" lon="8.564188"><ele>1274.0</ele></trkpt>
      <trkpt lat="44.433110" lon="8.564244"><ele>1274.0</ele></trkpt>
      <trkpt lat="44.433125" lon="8.564303"><ele>1274.0</ele></trkpt>
      <trkpt lat="44.433138" lon="8.564357"><ele>1274.0</ele></trkpt>
      <trkpt lat="44.433149" lon="8.564405"><ele>1274.0</ele></trkpt>
      <trkpt lat="44.433164" lon="8.564454"><ele>1274.0</ele></trkpt>
      <trkpt lat="44.433177" lon="8.564505"><ele>1274.2</ele></trkpt>
      <trkpt lat="44.433185" lon="8.564559"><ele>1274.2</ele></trkpt>
      <trkpt lat="44.433190" lon="8.564611"><ele>1274.2</ele></trkpt>
      <trkpt lat="44.433189" lon="8.564653"><ele>1274.4</ele></trkpt>
      <trkpt lat="44.433185" lon="8.564691"><ele>1274.4</ele></trkpt>
      <trkpt lat="44.433181" lon="8.564730"><ele>1274.6</ele></trkpt>
      <trkpt lat="44.433178" lon="8.564769"><ele>1274.8</ele></trkpt>
      <trkpt lat="44.433177" lon="8.564809"><ele>1274.8</ele></trkpt>
      <trkpt lat="44.433170" lon="8.564848"><ele>1275.0</ele></trkpt>
      <trkpt lat="44.433166" lon="8.564885"><ele>1275.0</ele></trkpt>
      <trkpt lat="44.433170" lon="8.564922"><ele>1275.2</ele></trkpt>
      <trkpt lat="44.433167" lon="8.564959"><ele>1275.2</ele></trkpt>
      <trkpt lat="44.433163" lon="8.565002"><ele>1275.6</ele></trkpt>
      <trkpt lat="44.433159" lon="8.565043"><ele>1275.8</ele></trkpt>
      <trkpt lat="44.433156" lon="8.565086"><ele>1276.0</ele></trkpt>
      <trkpt lat="44.433146" lon="8.565125"><ele>1276.0</ele></trkpt>
      <trkpt lat="44.433131" lon="8.565162"><ele>1276.0</ele></trkpt>
      <trkpt lat="44.433113" lon="8.565200"><ele>1276.2</ele></trkpt>
      <trkpt lat="44.433090" lon="8.565237"><ele>1276.2</ele></trkpt>
      <trkpt lat="44.433065" lon="8.565269"><ele>1276.2</ele></trkpt>
      <trkpt lat="44.433041" lon="8.565297"><ele>1276.4</ele></trkpt>
      <trkpt lat="44.433016" lon="8.565328"><ele>1276.4</ele></trkpt>
      <trkpt lat="44.432989" lon="8.565361"><ele>1276.6</ele></trkpt>
      <trkpt lat="44.432960" lon="8.565394"><ele>1276.6</ele></trkpt>
      <trkpt lat="44.432930" lon="8.565426"><ele>1276.8</ele></trkpt>
      <trkpt lat="44.432902" lon="8.565462"><ele>1276.8</ele></trkpt>
      <trkpt lat="44.432872" lon="8.565500"><ele>1277.0</ele></trkpt>
      <trkpt lat="44.432844" lon="8.565543"><ele>1277.0</ele></trkpt>
      <trkpt lat="44.432820" lon="8.565592"><ele>1277.2</ele></trkpt>
      <trkpt lat="44.432795" lon="8.565646"><ele>1277.2</ele></trkpt>
      <trkpt lat="44.432775" lon="8.565706"><ele>1277.4</ele></trkpt>
      <trkpt lat="44.432755" lon="8.565763"><ele>1277.4</ele></trkpt>
      <trkpt lat="44.432736" lon="8.565817"><ele>1277.6</ele></trkpt>
      <trkpt lat="44.432719" lon="8.565867"><ele>1277.6</ele></trkpt>
      <trkpt lat="44.432705" lon="8.565907"><ele>1277.6</ele></trkpt>
      <trkpt lat="44.432695" lon="8.565952"><ele>1277.8</ele></trkpt>
      <trkpt lat="44.432683" lon="8.565994"><ele>1277.8</ele></trkpt>
      <trkpt lat="44.432674" lon="8.566042"><ele>1278.0</ele></trkpt>
      <trkpt lat="44.432663" lon="8.566096"><ele>1278.0</ele></trkpt>
      <trkpt lat="44.432651" lon="8.566149"><ele>1278.0</ele></trkpt>
      <trkpt lat="44.432641" lon="8.566202"><ele>1278.0</ele></trkpt>
      <trkpt lat="44.432632" lon="8.566255"><ele>1278.2</ele></trkpt>
      <trkpt lat="44.432628" lon="8.566307"><ele>1278.2</ele></trkpt>
      <trkpt lat="44.432619" lon="8.566354"><ele>1278.4</ele></trkpt>
      <trkpt lat="44.432611" lon="8.566398"><ele>1278.4</ele></trkpt>
      <trkpt lat="44.432601" lon="8.566446"><ele>1278.6</ele></trkpt>
      <trkpt lat="44.432596" lon="8.566493"><ele>1278.4</ele></trkpt>
      <trkpt lat="44.432592" lon="8.566536"><ele>1278.4</ele></trkpt>
      <trkpt lat="44.432589" lon="8.566572"><ele>1278.2</ele></trkpt>
      <trkpt lat="44.432589" lon="8.566597"><ele>1278.2</ele></trkpt>
    </trkseg>
  </trk>
</gpx>
